{"type":"FeatureCollection", "features": [
{"type":"Feature","geometry":{"type":"Polygon","coordinates":[[[126.96671,37.5658],[126.97637,37.56948],[126.98647,37.56827],[127.01742,37.57014],[127.02342,37.57192],[127.02318,37.57805],[127.01872,37.57762],[127.01468,37.58225],[127.00886,37.58035],[127.00092,37.59227],[126.98905,37.59136],[126.97673,37.59794],[126.97847,37.60102],[126.98667,37.60403],[126.98653,37.61399],[126.98013,37.62788],[126.97526,37.63164],[126.95848,37.62937],[126.9489,37.62526],[126.95041,37.61075],[126.95408,37.60511],[126.95326,37.59861],[126.95805,37.59821],[126.95824,37.58112],[126.9536,37.57881],[126.96671,37.5658]]]},"properties":{"osm_id":2419946,"name":"종로구","sgg_code":"11110","mois_admin":"1111000000","admin_level":6,"code_source":"osm"}},
{"type":"Feature","geometry":{"type":"Polygon","coordinates":[[[126.96163,37.55908],[126.96244,37.55155],[126.96916,37.55564],[126.97637,37.55311],[126.98536,37.55373],[126.99522,37.54764],[127.00414,37.55039],[127.009,37.54398],[127.00927,37.54721],[127.01613,37.55263],[127.02676,37.56508],[127.02359,37.56523],[127.02342,37.57192],[127.01742,37.57014],[126.98647,37.56827],[126.97637,37.56948],[126.96671,37.5658],[126.96947,37.56197],[126.96163,37.55908]]]},"properties":{"osm_id":2419947,"name":"중구","sgg_code":"11140","mois_admin":"1114000000","admin_level":6,"code_source":"osm"}},
{"type":"Feature","geometry":{"type":"Polygon","coordinates":[[[126.94886,37.51967],[126.96513,37.51269],[126.97327,37.50712],[126.9808,37.50647],[126.98815,37.50965],[127.00838,37.52588],[127.01752,37.53498],[127.00961,37.53953],[127.009,37.54398],[127.00414,37.55039],[126.99522,37.54764],[126.98536,37.55373],[126.97637,37.55311],[126.96916,37.55564],[126.96244,37.55155],[126.95337,37.53751],[126.94458,37.53377],[126.94993,37.52655],[126.94886,37.51967]]]},"properties":{"osm_id":2419955,"name":"용산구","sgg_code":"11170","mois_admin":"1117000000","admin_level":6,"code_source":"osm"}},
{"type":"Feature","geometry":{"type":"Polygon","coordinates":[[[127.07225,37.56002],[127.05938,37.56228],[127.04849,37.56998],[127.03822,37.57302],[127.03036,37.56981],[127.02342,37.57192],[127.02359,37.56523],[127.02676,37.56508],[127.01613,37.55263],[127.00927,37.54721],[127.009,37.54398],[127.00961,37.53953],[127.01752,37.53498],[127.02595,37.53998],[127.05203,37.53255],[127.0572,37.53012],[127.07376,37.55943],[127.07225,37.56002]]]},"properties":{"osm_id":2419953,"name":"성동구","sgg_code":"11200","mois_admin":"1120000000","admin_level":6,"code_source":"osm"}},
{"type":"Feature","geometry":{"type":"Polygon","coordinates":[[[127.0572,37.53012],[127.06659,37.52488],[127.07948,37.52277],[127.08717,37.52508],[127.105,37.5379],[127.10951,37.54403],[127.11517,37.55648],[127.11312,37.56023],[127.10448,37.55564],[127.10124,37.56091],[127.10398,37.57116],[127.10096,37.57343],[127.09177,37.56955],[127.07842,37.57183],[127.07225,37.56002],[127.07376,37.55943],[127.0572,37.53012]]]},"properties":{"osm_id":2419945,"name":"광진구","sgg_code":"11215","mois_admin":"1121500000","admin_level":6,"code_source":"osm"}},
{"type":"Feature","geometry":{"type":"Polygon","coordinates":[[[127.02318,37.57805],[127.02342,37.57192],[127.03036,37.56981],[127.03822,37.57302],[127.04849,37.56998],[127.05938,37.56228],[127.07225,37.56002],[127.07842,37.57183],[127.07775,37.58006],[127.07117,37.58856],[127.06938,37.5959],[127.07238,37.60069],[127.07177,37.60683],[127.06229,37.60515],[127.05918,37.60103],[127.05047,37.60062],[127.04729,37.59617],[127.04299,37.59697],[127.02954,37.58268],[127.02318,37.57805]]]},"properties":{"osm_id":2419941,"name":"동대문구","sgg_code":"11230","mois_admin":"1123000000","admin_level":6,"code_source":"osm"}},
{"type":"Feature","geometry":{"type":"Polygon","coordinates":[[[127.07177,37.60683],[127.07238,37.60069],[127.06938,37.5959],[127.07117,37.58856],[127.07775,37.58006],[127.07842,37.57183],[127.09177,37.56955],[127.10096,37.57343],[127.10418,37.58122],[127.10843,37.58319],[127.11027,37.58889],[127.11606,37.59441],[127.11394,37.59932],[127.11821,37.60376],[127.11603,37.61938],[127.10573,37.62087],[127.0958,37.61742],[127.08878,37.6202],[127.07137,37.61524],[127.07177,37.60683]]]},"properties":{"osm_id":2419948,"name":"중랑구","sgg_code":"11260","mois_admin":"1126000000","admin_level":6,"code_source":"osm"}},
{"type":"Feature","geometry":{"type":"Polygon","coordinates":[[[127.04999,37.62441],[127.03721,37.61286],[127.03031,37.60912],[127.03003,37.61234],[127.02221,37.61132],[127.01082,37.61632],[127.00809,37.62407],[126.99996,37.62586],[126.99293,37.63249],[126.98452,37.63654],[126.97526,37.63164],[126.98013,37.62788],[126.98653,37.61399],[126.98667,37.60403],[126.97847,37.60102],[126.97673,37.59794],[126.98905,37.59136],[127.00092,37.59227],[127.00886,37.58035],[127.01468,37.58225],[127.01872,37.57762],[127.02318,37.57805],[127.02954,37.58268],[127.04299,37.59697],[127.04729,37.59617],[127.05047,37.60062],[127.05918,37.60103],[127.06229,37.60515],[127.07177,37.60683],[127.07137,37.61524],[127.06251,37.61431],[127.04999,37.62441]]]},"properties":{"osm_id":2419952,"name":"성북구","sgg_code":"11290","mois_admin":"1129000000","admin_level":6,"code_source":"osm"}},
{"type":"Feature","geometry":{"type":"Polygon","coordinates":[[[127.04172,37.6312],[127.03249,37.64191],[127.01257,37.65232],[127.01547,37.66614],[127.01858,37.66961],[127.00832,37.68484],[126.99583,37.68542],[126.99119,37.67928],[126.99421,37.66629],[126.97971,37.65619],[126.98399,37.64955],[126.98452,37.63654],[126.99293,37.63249],[126.99996,37.62586],[127.00809,37.62407],[127.01082,37.61632],[127.02221,37.61132],[127.03003,37.61234],[127.03031,37.60912],[127.03721,37.61286],[127.04999,37.62441],[127.04172,37.6312]]]},"properties":{"osm_id":2419943,"name":"강북구","sgg_code":"11305","mois_admin":"1130500000","admin_level":6,"code_source":"osm"}},
{"type":"Feature","geometry":{"type":"Polygon","coordinates":[[[127.05151,37.68594],[127.04836,37.69392],[127.04105,37.69528],[127.03242,37.69185],[127.02891,37.6999],[127.01546,37.70148],[127.00824,37.69211],[127.00832,37.68484],[127.01858,37.66961],[127.01547,37.66614],[127.01257,37.65232],[127.03249,37.64191],[127.04172,37.6312],[127.0465,37.64105],[127.05069,37.6449],[127.05426,37.64064],[127.0559,37.64545],[127.05378,37.65634],[127.04917,37.6675],[127.05151,37.68594]]]},"properties":{"osm_id":2419940,"name":"도봉구","sgg_code":"11320","mois_admin":"1132000000","admin_level":6,"code_source":"osm"}},
{"type":"Feature","geometry":{"type":"Polygon","coordinates":[[[127.10573,37.62087],[127.10531,37.62706],[127.11196,37.63253],[127.11109,37.64257],[127.1071,37.64494],[127.0928,37.64564],[127.09431,37.65374],[127.09147,37.6578],[127.09559,37.66813],[127.09483,37.67514],[127.09174,37.67861],[127.09637,37.68892],[127.08555,37.69061],[127.08107,37.69622],[127.07313,37.69384],[127.06347,37.69487],[127.05151,37.68594],[127.04917,37.6675],[127.05378,37.65634],[127.0559,37.64545],[127.05426,37.64064],[127.05069,37.6449],[127.0465,37.64105],[127.04172,37.6312],[127.04999,37.62441],[127.06251,37.61431],[127.07137,37.61524],[127.08878,37.6202],[127.0958,37.61742],[127.10573,37.62087]]]},"properties":{"osm_id":2419950,"name":"노원구","sgg_code":"11350","mois_admin":"1135000000","admin_level":6,"code_source":"osm"}},
{"type":"Feature","geometry":{"type":"Polygon","coordinates":[[[126.90208,37.576],[126.91317,37.58713],[126.916,37.58318],[126.92091,37.58302],[126.92776,37.58812],[126.92781,37.59166],[126.93351,37.59659],[126.94088,37.59878],[126.94212,37.60504],[126.95041,37.61075],[126.9489,37.62526],[126.95848,37.62937],[126.96338,37.63315],[126.95916,37.64229],[126.95721,37.65285],[126.94689,37.65897],[126.9399,37.65645],[126.93592,37.65092],[126.92889,37.65024],[126.92304,37.64597],[126.91404,37.64509],[126.91079,37.64773],[126.89836,37.65135],[126.9123,37.64426],[126.91115,37.63593],[126.90614,37.63321],[126.9091,37.62818],[126.90033,37.61119],[126.90185,37.59517],[126.89689,37.58864],[126.88652,37.58876],[126.88779,37.59425],[126.88203,37.59083],[126.88869,37.58474],[126.90208,37.576]]]},"properties":{"osm_id":2419942,"name":"은평구","sgg_code":"11380","mois_admin":"1138000000","admin_level":6,"code_source":"osm"}},
{"type":"Feature","geometry":{"type":"Polygon","coordinates":[[[126.96163,37.55908],[126.96947,37.56197],[126.96671,37.5658],[126.9536,37.57881],[126.95824,37.58112],[126.95805,37.59821],[126.95326,37.59861],[126.95408,37.60511],[126.95041,37.61075],[126.94212,37.60504],[126.94088,37.59878],[126.93351,37.59659],[126.92781,37.59166],[126.92776,37.58812],[126.92091,37.58302],[126.916,37.58318],[126.91317,37.58713],[126.90208,37.576],[126.90981,37.57083],[126.92828,37.56338],[126.92659,37.55885],[126.93686,37.5551],[126.94137,37.55654],[126.95913,37.55724],[126.96163,37.55908]]]},"properties":{"osm_id":2419951,"name":"서대문구","sgg_code":"11410","mois_admin":"1141000000","admin_level":6,"code_source":"osm"}},
{"type":"Feature","geometry":{"type":"Polygon","coordinates":[[[126.88046,37.55625],[126.89894,37.54801],[126.90484,37.54142],[126.93033,37.54136],[126.94458,37.53377],[126.95337,37.53751],[126.96244,37.55155],[126.96163,37.55908],[126.95913,37.55724],[126.94137,37.55654],[126.93686,37.5551],[126.92659,37.55885],[126.92828,37.56338],[126.90981,37.57083],[126.90208,37.576],[126.88869,37.58474],[126.88203,37.59083],[126.87793,37.58625],[126.87587,37.57909],[126.85363,37.5738],[126.85363,37.57179],[126.86624,37.563],[126.88046,37.55625]]]},"properties":{"osm_id":2419949,"name":"마포구","sgg_code":"11440","mois_admin":"1144000000","admin_level":6,"code_source":"osm"}},
{"type":"Feature","geometry":{"type":"Polygon","coordinates":[[[126.82205,37.54066],[126.82192,37.53483],[126.82815,37.52583],[126.8231,37.51622],[126.82406,37.51048],[126.83103,37.50803],[126.83525,37.50287],[126.84729,37.50948],[126.85833,37.50992],[126.86314,37.50532],[126.87358,37.50356],[126.87948,37.51778],[126.87861,37.52468],[126.88769,37.53037],[126.89013,37.53438],[126.88079,37.54809],[126.87243,37.54711],[126.86421,37.55115],[126.86212,37.54449],[126.86397,37.52979],[126.84049,37.52648],[126.82999,37.54166],[126.82976,37.54773],[126.82205,37.54066]]]},"properties":{"osm_id":2414780,"name":"양천구","sgg_code":"11470","mois_admin":"1147000000","admin_level":6,"code_source":"osm"}},
{"type":"Feature","geometry":{"type":"Polygon","coordinates":[[[126.76624,37.55432],[126.77168,37.54831],[126.78728,37.54609],[126.79401,37.54009],[126.7945,37.53573],[126.79944,37.53773],[126.80164,37.54252],[126.80721,37.54354],[126.81232,37.54076],[126.82205,37.54066],[126.82976,37.54773],[126.82999,37.54166],[126.84049,37.52648],[126.86397,37.52979],[126.86212,37.54449],[126.86421,37.55115],[126.87243,37.54711],[126.88079,37.54809],[126.87804,37.55172],[126.88046,37.55625],[126.86624,37.563],[126.85363,37.57179],[126.84758,37.57619],[126.81934,37.59281],[126.81755,37.59535],[126.80311,37.6046],[126.79535,37.59832],[126.80082,37.58785],[126.7937,37.58158],[126.79274,37.57695],[126.7843,37.57547],[126.77782,37.56373],[126.77176,37.5565],[126.76624,37.55432]]]},"properties":{"osm_id":2414775,"name":"강서구","sgg_code":"11500","mois_admin":"1150000000","admin_level":6,"code_source":"osm"}},
{"type":"Feature","geometry":{"type":"Polygon","coordinates":[[[126.83305,37.47725],[126.83465,37.47442],[126.84504,37.47425],[126.84684,37.48175],[126.85366,37.4826],[126.86982,37.49572],[126.8704,37.48954],[126.87679,37.48851],[126.87453,37.48532],[126.88136,37.48556],[126.88854,37.47991],[126.89895,37.47895],[126.90315,37.48497],[126.89683,37.48849],[126.89298,37.50212],[126.89354,37.50695],[126.88927,37.51227],[126.87948,37.51778],[126.87358,37.50356],[126.86314,37.50532],[126.85833,37.50992],[126.84729,37.50948],[126.83525,37.50287],[126.83103,37.50803],[126.82406,37.51048],[126.82154,37.50995],[126.82162,37.5021],[126.81416,37.49816],[126.81456,37.49317],[126.82269,37.49],[126.81899,37.48571],[126.82006,37.48182],[126.81466,37.47458],[126.8195,37.47636],[126.83305,37.47725]]]},"properties":{"osm_id":2414777,"name":"구로구","sgg_code":"11530","mois_admin":"1153000000","admin_level":6,"code_source":"osm"}},
{"type":"Feature","geometry":{"type":"Polygon","coordinates":[[[126.87453,37.48532],[126.87184,37.48525],[126.87801,37.47383],[126.88432,37.46647],[126.88275,37.46439],[126.88964,37.45232],[126.89398,37.45272],[126.89898,37.4387],[126.90297,37.43405],[126.90877,37.43367],[126.91411,37.44],[126.91855,37.44028],[126.92909,37.4502],[126.92223,37.45657],[126.91491,37.45726],[126.9144,37.46162],[126.90826,37.47271],[126.91188,37.47777],[126.90978,37.48095],[126.89895,37.47895],[126.88854,37.47991],[126.88136,37.48556],[126.87453,37.48532]]]},"properties":{"osm_id":2414776,"name":"금천구","sgg_code":"11545","mois_admin":"1154500000","admin_level":6,"code_source":"osm"}},
{"type":"Feature","geometry":{"type":"Polygon","coordinates":[[[126.94886,37.51967],[126.94993,37.52655],[126.94458,37.53377],[126.93033,37.54136],[126.90484,37.54142],[126.89894,37.54801],[126.88046,37.55625],[126.87804,37.55172],[126.88079,37.54809],[126.89013,37.53438],[126.88769,37.53037],[126.87861,37.52468],[126.87948,37.51778],[126.88927,37.51227],[126.89354,37.50695],[126.89298,37.50212],[126.89683,37.48849],[126.90315,37.48497],[126.9128,37.49644],[126.91903,37.4975],[126.92522,37.51225],[126.93164,37.51553],[126.94886,37.51967]]]},"properties":{"osm_id":2414781,"name":"영등포구","sgg_code":"11560","mois_admin":"1156000000","admin_level":6,"code_source":"osm"}},
{"type":"Feature","geometry":{"type":"Polygon","coordinates":[[[126.98174,37.47655],[126.9829,37.49694],[126.98523,37.49977],[126.9808,37.50647],[126.97327,37.50712],[126.96513,37.51269],[126.94886,37.51967],[126.93164,37.51553],[126.92522,37.51225],[126.91903,37.4975],[126.9128,37.49644],[126.90315,37.48497],[126.91662,37.48949],[126.92424,37.48996],[126.92741,37.49504],[126.93724,37.49186],[126.94705,37.49407],[126.95388,37.49104],[126.96106,37.49345],[126.96108,37.48353],[126.97085,37.47543],[126.98174,37.47655]]]},"properties":{"osm_id":2414774,"name":"동작구","sgg_code":"11590","mois_admin":"1159000000","admin_level":6,"code_source":"osm"}},
{"type":"Feature","geometry":{"type":"Polygon","coordinates":[[[126.89895,37.47895],[126.90978,37.48095],[126.91188,37.47777],[126.90826,37.47271],[126.9144,37.46162],[126.91491,37.45726],[126.92223,37.45657],[126.92909,37.4502],[126.93166,37.44541],[126.93829,37.44054],[126.93887,37.43538],[126.94818,37.439],[126.96367,37.441],[126.96398,37.44492],[126.97286,37.448],[126.98097,37.45314],[126.98233,37.45661],[126.98854,37.45795],[126.98815,37.46559],[126.98174,37.47655],[126.97085,37.47543],[126.96108,37.48353],[126.96106,37.49345],[126.95388,37.49104],[126.94705,37.49407],[126.93724,37.49186],[126.92741,37.49504],[126.92424,37.48996],[126.91662,37.48949],[126.90315,37.48497],[126.89895,37.47895]]]},"properties":{"osm_id":2414778,"name":"관악구","sgg_code":"11620","mois_admin":"1162000000","admin_level":6,"code_source":"osm"}},
{"type":"Feature","geometry":{"type":"Polygon","coordinates":[[[126.9808,37.50647],[126.98523,37.49977],[126.9829,37.49694],[126.98174,37.47655],[126.98815,37.46559],[126.98854,37.45795],[126.99655,37.46221],[126.99659,37.46687],[127.00312,37.46731],[127.01097,37.4554],[127.01515,37.4548],[127.0263,37.45799],[127.03118,37.46575],[127.03723,37.45597],[127.03564,37.45319],[127.03779,37.44367],[127.03595,37.43905],[127.04077,37.43837],[127.04753,37.43059],[127.05161,37.42871],[127.07066,37.43018],[127.07401,37.4372],[127.07161,37.44193],[127.08234,37.44118],[127.08847,37.44517],[127.08817,37.44899],[127.09645,37.45648],[127.09116,37.467],[127.08594,37.47039],[127.08452,37.47538],[127.07686,37.47503],[127.0637,37.46897],[127.05082,37.46687],[127.05097,37.47143],[127.04507,37.47713],[127.04149,37.48543],[127.034,37.48441],[127.02053,37.51268],[127.01774,37.52177],[127.00838,37.52588],[126.98815,37.50965],[126.9808,37.50647]]]},"properties":{"osm_id":2414779,"name":"서초구","sgg_code":"11650","mois_admin":"1165000000","admin_level":6,"code_source":"osm"}},
{"type":"Feature","geometry":{"type":"Polygon","coordinates":[[[127.12281,37.46701],[127.11224,37.48404],[127.10634,37.49142],[127.09922,37.49524],[127.07082,37.50313],[127.06932,37.50593],[127.06659,37.52488],[127.0572,37.53012],[127.05203,37.53255],[127.02595,37.53998],[127.01752,37.53498],[127.00838,37.52588],[127.01774,37.52177],[127.02053,37.51268],[127.034,37.48441],[127.04149,37.48543],[127.04507,37.47713],[127.05097,37.47143],[127.05082,37.46687],[127.0637,37.46897],[127.07686,37.47503],[127.08452,37.47538],[127.08594,37.47039],[127.09116,37.467],[127.09645,37.45648],[127.10398,37.46271],[127.11421,37.46121],[127.12281,37.46701]]]},"properties":{"osm_id":2410520,"name":"강남구","sgg_code":"11680","mois_admin":"1168000000","admin_level":6,"code_source":"osm"}},
{"type":"Feature","geometry":{"type":"Polygon","coordinates":[[[127.06659,37.52488],[127.06932,37.50593],[127.07082,37.50313],[127.09922,37.49524],[127.10634,37.49142],[127.11224,37.48404],[127.12281,37.46701],[127.13266,37.46823],[127.1326,37.47471],[127.14696,37.47385],[127.14867,37.48403],[127.15838,37.48957],[127.16113,37.50044],[127.1413,37.5054],[127.13994,37.50862],[127.14504,37.51691],[127.11909,37.52796],[127.12344,37.53864],[127.10951,37.54403],[127.105,37.5379],[127.08717,37.52508],[127.07948,37.52277],[127.06659,37.52488]]]},"properties":{"osm_id":2419954,"name":"송파구","sgg_code":"11710","mois_admin":"1171000000","admin_level":6,"code_source":"osm"}},
{"type":"Feature","geometry":{"type":"Polygon","coordinates":[[[127.11517,37.55648],[127.10951,37.54403],[127.12344,37.53864],[127.11909,37.52796],[127.14504,37.51691],[127.14579,37.52196],[127.15317,37.52913],[127.15354,37.53367],[127.16317,37.54498],[127.1828,37.54668],[127.18151,37.56227],[127.17614,37.5741],[127.17692,37.58084],[127.16821,37.57898],[127.14895,37.56843],[127.13767,37.56842],[127.12861,37.56616],[127.11734,37.55946],[127.11517,37.55648]]]},"properties":{"osm_id":2419944,"name":"강동구","sgg_code":"11740","mois_admin":"1174000000","admin_level":6,"code_source":"osm"}},
{"type":"Feature","geometry":{"type":"Polygon","coordinates":[[[129.02771,35.11562],[129.02749,35.10979],[129.02303,35.10919],[129.02158,35.10188],[129.02647,35.09538],[129.03713,35.09653],[129.03953,35.1032],[129.04462,35.10438],[129.0477,35.10942],[129.03776,35.11209],[129.03225,35.11623],[129.02771,35.11562]]]},"properties":{"osm_id":3987205,"name":"중구","sgg_code":"26110","mois_admin":"2611000000","admin_level":6,"code_source":"osm"}},
{"type":"Feature","geometry":{"type":"Polygon","coordinates":[[[128.99934,35.12262],[129.00321,35.11144],[129.0103,35.1057],[129.00987,35.09962],[129.01437,35.09318],[129.01077,35.07686],[129.00423,35.07985],[129.00548,35.0711],[129.01167,35.05243],[129.02243,35.06186],[129.02086,35.06901],[129.01699,35.07453],[129.02455,35.07609],[129.02707,35.08489],[129.02647,35.09538],[129.02158,35.10188],[129.02303,35.10919],[129.02749,35.10979],[129.02771,35.11562],[129.02495,35.11807],[129.02548,35.13467],[129.01664,35.13506],[129.01103,35.13797],[129.00548,35.14019],[129.00317,35.13462],[129.00397,35.12674],[128.99934,35.12262]]]},"properties":{"osm_id":4000722,"name":"서구","sgg_code":"26140","mois_admin":"2614000000","admin_level":6,"code_source":"osm"}},
{"type":"Feature","geometry":{"type":"Polygon","coordinates":[[[129.02771,35.11562],[129.03225,35.11623],[129.03776,35.11209],[129.0477,35.10942],[129.0525,35.11296],[129.04826,35.11562],[129.05532,35.11599],[129.04865,35.12073],[129.05269,35.12571],[129.05236,35.12055],[129.056,35.11804],[129.06639,35.12897],[129.06453,35.14144],[129.05178,35.14208],[129.04157,35.14579],[129.03466,35.13666],[129.02548,35.13467],[129.02495,35.11807],[129.02771,35.11562]]]},"properties":{"osm_id":3972401,"name":"동구","sgg_code":"26170","mois_admin":"2617000000","admin_level":6,"code_source":"osm"}},
{"type":"Feature","geometry":{"type":"Polygon","coordinates":[[[129.08049,35.07038],[129.09483,35.07648],[129.09581,35.08055],[129.0874,35.07756],[129.08423,35.07389],[129.0793,35.08476],[129.06833,35.09597],[129.05737,35.10077],[129.03149,35.09393],[129.03438,35.08503],[129.05708,35.07015],[129.06545,35.06792],[129.06466,35.06332],[129.07222,35.05873],[129.07529,35.06089],[129.08212,35.05483],[129.08301,35.05035],[129.0908,35.05066],[129.09633,35.05993],[129.08803,35.06268],[129.08476,35.06975],[129.08049,35.07038]]]},"properties":{"osm_id":3972384,"name":"영도구","sgg_code":"26200","mois_admin":"2620000000","admin_level":6,"code_source":"osm"}},
{"type":"Feature","geometry":{"type":"Polygon","coordinates":[[[129.02548,35.13467],[129.03466,35.13666],[129.04157,35.14579],[129.05178,35.14208],[129.06453,35.14144],[129.0631,35.14861],[129.07113,35.14821],[129.0797,35.15261],[129.08301,35.15841],[129.07823,35.16478],[129.08284,35.17098],[129.07206,35.17983],[129.07029,35.17582],[129.06289,35.1779],[129.0602,35.18408],[129.05111,35.18482],[129.04736,35.19412],[129.04381,35.19838],[129.04019,35.19939],[129.02568,35.19357],[129.02124,35.18761],[129.02138,35.18196],[129.0099,35.17252],[129.01276,35.16516],[129.01177,35.15836],[129.01548,35.15623],[129.01634,35.14164],[129.01103,35.13797],[129.01664,35.13506],[129.02548,35.13467]]]},"properties":{"osm_id":4114426,"name":"부산진구","sgg_code":"26230","mois_admin":"2623000000","admin_level":6,"code_source":"osm"}},
{"type":"Feature","geometry":{"type":"Polygon","coordinates":[[[129.11633,35.18426],[129.11495,35.18847],[129.11408,35.194],[129.11645,35.20116],[129.11025,35.20474],[129.1102,35.21006],[129.10637,35.2096],[129.09196,35.21655],[129.08469,35.21801],[129.08705,35.22169],[129.07676,35.22553],[129.06017,35.22588],[129.05169,35.21383],[129.05159,35.20955],[129.04381,35.19838],[129.04736,35.19412],[129.05238,35.19243],[129.07189,35.19528],[129.0781,35.19949],[129.08738,35.19405],[129.10806,35.19044],[129.11505,35.18268],[129.11633,35.18426]]]},"properties":{"osm_id":4110492,"name":"동래구","sgg_code":"26260","mois_admin":"2626000000","admin_level":6,"code_source":"osm"}},
{"type":"Feature","geometry":{"type":"Polygon","coordinates":[[[129.06453,35.14144],[129.06639,35.12897],[129.06538,35.12292],[129.07309,35.12217],[129.06759,35.10794],[129.07492,35.10361],[129.09032,35.10362],[129.09374,35.10734],[129.09517,35.0939],[129.0997,35.09122],[129.11299,35.10317],[129.1159,35.10013],[129.12285,35.09936],[129.12807,35.11077],[129.12904,35.11818],[129.12262,35.12681],[129.12061,35.13368],[129.11781,35.13212],[129.11161,35.13546],[129.10277,35.14227],[129.10196,35.15117],[129.09472,35.16108],[129.08301,35.15841],[129.0797,35.15261],[129.07113,35.14821],[129.0631,35.14861],[129.06453,35.14144]]]},"properties":{"osm_id":4068408,"name":"남구","sgg_code":"26290","mois_admin":"2629000000","admin_level":6,"code_source":"osm"}},
{"type":"Feature","geometry":{"type":"Polygon","coordinates":[[[128.9853,35.19892],[129.0015,35.18943],[129.00829,35.18756],[129.01554,35.18948],[129.02124,35.18761],[129.02568,35.19357],[129.04019,35.19939],[129.04381,35.19838],[129.05159,35.20955],[129.05169,35.21383],[129.06017,35.22588],[129.04525,35.22992],[129.05094,35.24111],[129.04613,35.24656],[129.04772,35.25677],[129.03687,35.25992],[129.04144,35.26341],[129.04244,35.26838],[129.04748,35.27448],[129.04067,35.27544],[129.02399,35.27679],[129.01284,35.27351],[129.01426,35.27095],[129.0011,35.23567],[128.99836,35.23203],[128.9928,35.20682],[128.9853,35.19892]]]},"properties":{"osm_id":4061473,"name":"북구","sgg_code":"26320","mois_admin":"2632000000","admin_level":6,"code_source":"osm"}},
{"type":"Feature","geometry":{"type":"MultiPolygon","coordinates":[[[[129.1102,35.21006],[129.11025,35.20474],[129.11645,35.20116],[129.11408,35.194],[129.12056,35.17589],[129.12768,35.16613],[129.14205,35.15857],[129.14241,35.1545],[129.15055,35.15184],[129.1549,35.15588],[129.17017,35.1589],[129.18142,35.15484],[129.18615,35.15906],[129.19422,35.16124],[129.19679,35.16488],[129.19759,35.17517],[129.20675,35.18161],[129.2054,35.18642],[129.20704,35.19682],[129.19624,35.19876],[129.1914,35.18995],[129.18451,35.18926],[129.18544,35.1974],[129.16999,35.20121],[129.15751,35.20562],[129.15666,35.20773],[129.16542,35.21523],[129.16915,35.22848],[129.1604,35.23567],[129.15545,35.23569],[129.15727,35.24105],[129.15199,35.24763],[129.14542,35.25031],[129.14159,35.2426],[129.13123,35.23087],[129.12194,35.22679],[129.11745,35.22065],[129.11987,35.21311],[129.1102,35.21006]]],[[[129.11633,35.18426],[129.11777,35.18125],[129.11495,35.18847],[129.11633,35.18426]]]]},"properties":{"osm_id":4062934,"name":"해운대구","sgg_code":"26350","mois_admin":"2635000000","admin_level":6,"code_source":"osm"}},
{"type":"Feature","geometry":{"type":"MultiPolygon","coordinates":[[[[128.95759,35.12673],[128.94751,35.12152],[128.93614,35.10949],[128.93264,35.09197],[128.93437,35.08521],[128.93926,35.08953],[128.94386,35.08818],[128.94869,35.1071],[128.95605,35.10686],[128.95517,35.09531],[128.95047,35.08352],[128.95068,35.07913],[128.9589,35.04832],[128.96781,35.04315],[128.96426,35.0352],[128.97333,35.04115],[128.97791,35.04089],[128.96953,35.04546],[128.97309,35.04924],[128.98226,35.04655],[128.98273,35.05144],[128.97363,35.05329],[128.97278,35.0568],[128.98453,35.05969],[128.98861,35.05756],[128.99247,35.04539],[128.99865,35.04443],[129.00136,35.0491],[128.99532,35.06336],[128.99493,35.07577],[128.99306,35.08389],[128.99905,35.08332],[129.00359,35.08618],[129.00423,35.07985],[129.01077,35.07686],[129.01437,35.09318],[129.00987,35.09962],[129.0103,35.1057],[129.00321,35.11144],[128.99934,35.12262],[128.98867,35.12372],[128.97968,35.11683],[128.96441,35.12124],[128.95606,35.1198],[128.95759,35.12673]]],[[[128.92826,35.05145],[128.92841,35.04848],[128.95219,35.04955],[128.95093,35.05126],[128.92826,35.05145]]],[[[128.9354,35.05609],[128.9483,35.05858],[128.93482,35.05901],[128.9354,35.05609]]]]},"properties":{"osm_id":4055199,"name":"사하구","sgg_code":"26380","mois_admin":"2638000000","admin_level":6,"code_source":"osm"}},
{"type":"Feature","geometry":{"type":"Polygon","coordinates":[[[129.04067,35.27544],[129.04748,35.27448],[129.04244,35.26838],[129.04144,35.26341],[129.03687,35.25992],[129.04772,35.25677],[129.04613,35.24656],[129.05094,35.24111],[129.04525,35.22992],[129.06017,35.22588],[129.07676,35.22553],[129.08705,35.22169],[129.08469,35.21801],[129.09196,35.21655],[129.10637,35.2096],[129.1102,35.21006],[129.11987,35.21311],[129.11745,35.22065],[129.12194,35.22679],[129.13123,35.23087],[129.14159,35.2426],[129.14542,35.25031],[129.13937,35.25418],[129.14107,35.26057],[129.12043,35.26049],[129.12105,35.2676],[129.12657,35.27728],[129.12509,35.279],[129.1285,35.28801],[129.13266,35.29134],[129.13169,35.2975],[129.11646,35.30191],[129.10959,35.30551],[129.10431,35.3067],[129.09672,35.30374],[129.08756,35.30259],[129.0756,35.29148],[129.07028,35.29528],[129.06019,35.2956],[129.0525,35.28922],[129.04883,35.27741],[129.04067,35.27544]]]},"properties":{"osm_id":4064527,"name":"금정구","sgg_code":"26410","mois_admin":"2641000000","admin_level":6,"code_source":"osm"}},
{"type":"Feature","geometry":{"type":"MultiPolygon","coordinates":[[[[128.95759,35.12673],[128.95935,35.13363],[128.96023,35.1509],[128.9626,35.1633],[128.9629,35.18324],[128.9692,35.18941],[128.9853,35.19892],[128.9928,35.20682],[128.99836,35.23203],[128.99302,35.23255],[128.98633,35.22736],[128.97205,35.22447],[128.95267,35.22611],[128.94121,35.22856],[128.92043,35.21394],[128.91259,35.22249],[128.90505,35.2201],[128.91203,35.21318],[128.90489,35.21531],[128.89672,35.2131],[128.88605,35.21432],[128.87896,35.20996],[128.87047,35.20171],[128.87626,35.19289],[128.87639,35.18782],[128.88145,35.18291],[128.88058,35.17167],[128.87354,35.17435],[128.87905,35.1693],[128.8822,35.16037],[128.87542,35.15851],[128.87693,35.15163],[128.87156,35.15118],[128.86525,35.15823],[128.86997,35.15837],[128.87306,35.16276],[128.87191,35.16707],[128.86251,35.16837],[128.84616,35.16419],[128.83315,35.15728],[128.82376,35.15634],[128.81564,35.16023],[128.79397,35.15739],[128.795,35.14981],[128.80238,35.14883],[128.8026,35.1424],[128.81586,35.13295],[128.82545,35.13121],[128.82857,35.12856],[128.83481,35.13062],[128.83783,35.12293],[128.83598,35.11911],[128.84289,35.11336],[128.8421,35.10716],[128.8357,35.10132],[128.82375,35.10193],[128.82186,35.0977],[128.83206,35.08839],[128.8352,35.08845],[128.83738,35.08327],[128.86827,35.08322],[128.87032,35.0808],[128.88416,35.07932],[128.88331,35.08229],[128.88781,35.09009],[128.88953,35.10926],[128.89764,35.12076],[128.90563,35.11806],[128.90067,35.11145],[128.89845,35.09527],[128.89527,35.08646],[128.89532,35.07897],[128.91107,35.07899],[128.91229,35.08642],[128.9252,35.09279],[128.9328,35.11015],[128.93614,35.10949],[128.94751,35.12152],[128.95759,35.12673]]],[[[128.83166,35.08757],[128.81824,35.08607],[128.81819,35.07763],[128.83238,35.07763],[128.83239,35.07133],[128.79375,35.06488],[128.79099,35.06167],[128.79099,35.05341],[128.79628,35.05338],[128.79947,35.04764],[128.80594,35.04733],[128.81274,35.03872],[128.81042,35.02951],[128.8154,35.02799],[128.81213,35.02339],[128.80491,35.02414],[128.81108,35.01924],[128.82395,35.01668],[128.82693,35.01086],[128.81975,35.00932],[128.82359,35.00727],[128.81938,35.00413],[128.82202,35.0015],[128.82186,34.99446],[128.83002,34.99477],[128.82978,34.98904],[128.83919,34.9979],[128.84106,35.00741],[128.8347,35.01068],[128.84479,35.03218],[128.84893,35.03421],[128.85083,35.04161],[128.85035,35.0506],[128.84575,35.05965],[128.8494,35.06226],[128.85864,35.06423],[128.85412,35.06916],[128.84229,35.06954],[128.83755,35.0748],[128.83682,35.06732],[128.8463,35.06368],[128.84778,35.06248],[128.84549,35.06096],[128.84593,35.05647],[128.83791,35.0536],[128.83266,35.05855],[128.83514,35.06264],[128.83529,35.08636],[128.83166,35.08757]]],[[[128.77067,35.01563],[128.77218,35.01013],[128.77637,35.01067],[128.77067,35.01563]]],[[[128.86976,35.06426],[128.88556,35.06558],[128.88569,35.06759],[128.87124,35.06935],[128.85791,35.06888],[128.86976,35.06426]]],[[[128.90631,35.05987],[128.90542,35.05813],[128.88983,35.06218],[128.88242,35.06262],[128.89169,35.05953],[128.91878,35.05533],[128.91976,35.06094],[128.9107,35.06349],[128.90631,35.05987]]]]},"properties":{"osm_id":3972378,"name":"강서구","sgg_code":"26440","mois_admin":"2644000000","admin_level":6,"code_source":"osm"}},
{"type":"Feature","geometry":{"type":"Polygon","coordinates":[[[129.11505,35.18268],[129.10806,35.19044],[129.08738,35.19405],[129.0781,35.19949],[129.07189,35.19528],[129.05238,35.19243],[129.04736,35.19412],[129.05111,35.18482],[129.0602,35.18408],[129.06289,35.1779],[129.07029,35.17582],[129.07206,35.17983],[129.08284,35.17098],[129.07823,35.16478],[129.08301,35.15841],[129.09472,35.16108],[129.09369,35.16628],[129.09714,35.17163],[129.09734,35.17958],[129.10352,35.18142],[129.10957,35.17622],[129.11505,35.18268]]]},"properties":{"osm_id":4112499,"name":"연제구","sgg_code":"26470","mois_admin":"2647000000","admin_level":6,"code_source":"osm"}},
{"type":"Feature","geometry":{"type":"Polygon","coordinates":[[[129.09472,35.16108],[129.10196,35.15117],[129.10277,35.14227],[129.11161,35.13546],[129.11775,35.13981],[129.11524,35.14644],[129.11849,35.15242],[129.13422,35.15461],[129.13511,35.15668],[129.12518,35.16607],[129.11874,35.17551],[129.11777,35.18125],[129.11633,35.18426],[129.11505,35.18268],[129.10957,35.17622],[129.10352,35.18142],[129.09734,35.17958],[129.09714,35.17163],[129.09369,35.16628],[129.09472,35.16108]]]},"properties":{"osm_id":4010740,"name":"수영구","sgg_code":"26500","mois_admin":"2650000000","admin_level":6,"code_source":"osm"}},
{"type":"Feature","geometry":{"type":"Polygon","coordinates":[[[128.95759,35.12673],[128.95606,35.1198],[128.96441,35.12124],[128.97968,35.11683],[128.98867,35.12372],[128.99934,35.12262],[129.00397,35.12674],[129.00317,35.13462],[129.00548,35.14019],[129.01103,35.13797],[129.01634,35.14164],[129.01548,35.15623],[129.01177,35.15836],[129.01276,35.16516],[129.0099,35.17252],[129.02138,35.18196],[129.02124,35.18761],[129.01554,35.18948],[129.00829,35.18756],[129.0015,35.18943],[128.9853,35.19892],[128.9692,35.18941],[128.9629,35.18324],[128.9626,35.1633],[128.96023,35.1509],[128.95935,35.13363],[128.95759,35.12673]]]},"properties":{"osm_id":4010399,"name":"사상구","sgg_code":"26530","mois_admin":"2653000000","admin_level":6,"code_source":"osm"}},
{"type":"Feature","geometry":{"type":"Polygon","coordinates":[[[129.14542,35.25031],[129.15199,35.24763],[129.15727,35.24105],[129.15545,35.23569],[129.1604,35.23567],[129.16915,35.22848],[129.16542,35.21523],[129.15666,35.20773],[129.15751,35.20562],[129.16999,35.20121],[129.18544,35.1974],[129.18451,35.18926],[129.1914,35.18995],[129.19624,35.19876],[129.20704,35.19682],[129.2054,35.18642],[129.20675,35.18161],[129.21252,35.18149],[129.21708,35.18726],[129.22012,35.18345],[129.22348,35.18698],[129.22579,35.19689],[129.22978,35.19702],[129.23033,35.2039],[129.22203,35.21281],[129.23083,35.22048],[129.23926,35.2212],[129.24063,35.22918],[129.2453,35.2305],[129.24309,35.23835],[129.24861,35.24034],[129.24738,35.24595],[129.25317,35.24599],[129.25213,35.26025],[129.23557,35.25809],[129.23602,35.26489],[129.24312,35.26452],[129.24569,35.27223],[129.25305,35.27127],[129.2567,35.28198],[129.26032,35.28322],[129.25722,35.28879],[129.26118,35.29658],[129.25788,35.30568],[129.26405,35.31824],[129.27091,35.32286],[129.28057,35.32654],[129.28824,35.32341],[129.28886,35.31867],[129.29924,35.31828],[129.30659,35.33085],[129.30312,35.33575],[129.28865,35.34021],[129.28076,35.34109],[129.28319,35.34338],[129.28389,35.35309],[129.28091,35.35621],[129.2837,35.36587],[129.27943,35.36622],[129.27754,35.37161],[129.26816,35.37948],[129.26565,35.38744],[129.26217,35.38513],[129.24294,35.38629],[129.23606,35.37929],[129.23098,35.38219],[129.21849,35.37881],[129.20838,35.38107],[129.20294,35.38788],[129.19487,35.3837],[129.19875,35.37562],[129.19802,35.36678],[129.19308,35.36044],[129.18832,35.35974],[129.18253,35.35381],[129.1754,35.35141],[129.16222,35.35656],[129.16181,35.35828],[129.13888,35.36619],[129.1312,35.36572],[129.12609,35.36853],[129.11833,35.36833],[129.12326,35.36324],[129.13424,35.35703],[129.13392,35.35019],[129.13028,35.34917],[129.12375,35.33753],[129.12547,35.33149],[129.11377,35.32006],[129.10959,35.30551],[129.11646,35.30191],[129.13169,35.2975],[129.13266,35.29134],[129.1285,35.28801],[129.12509,35.279],[129.12657,35.27728],[129.12105,35.2676],[129.12043,35.26049],[129.14107,35.26057],[129.13937,35.25418],[129.14542,35.25031]]]},"properties":{"osm_id":3972379,"name":"기장군","sgg_code":"26710","mois_admin":"2671000000","admin_level":6,"code_source":"osm"}},
{"type":"Feature","geometry":{"type":"Polygon","coordinates":[[[128.60822,35.85492],[128.60781,35.85927],[128.61423,35.86817],[128.61026,35.87469],[128.60614,35.87371],[128.58059,35.87897],[128.57559,35.87308],[128.57941,35.86995],[128.57421,35.86264],[128.57458,35.86001],[128.58288,35.85631],[128.59038,35.85699],[128.60822,35.85492]]]},"properties":{"osm_id":3966394,"name":"중구","sgg_code":"27110","mois_admin":"2711000000","admin_level":6,"code_source":"osm"}},
{"type":"Feature","geometry":{"type":"Polygon","coordinates":[[[128.61423,35.86817],[128.62904,35.86669],[128.6343,35.8717],[128.64911,35.87818],[128.66013,35.87659],[128.66714,35.87331],[128.67551,35.87388],[128.67847,35.8709],[128.68085,35.86108],[128.6878,35.85771],[128.69749,35.85645],[128.70788,35.85767],[128.71398,35.8614],[128.72595,35.85793],[128.73462,35.85139],[128.73899,35.85146],[128.74616,35.85626],[128.7518,35.85738],[128.75406,35.86227],[128.76054,35.86631],[128.76127,35.87424],[128.75736,35.87865],[128.7621,35.88548],[128.7577,35.89586],[128.75716,35.90489],[128.76038,35.9068],[128.75595,35.91558],[128.74688,35.91955],[128.73822,35.92827],[128.73991,35.93633],[128.74528,35.94363],[128.74054,35.95376],[128.73781,35.95537],[128.74426,35.96098],[128.74573,35.97383],[128.73922,35.9765],[128.73193,35.98553],[128.73502,35.99286],[128.72595,36.00437],[128.71871,36.0079],[128.70375,36.01054],[128.69558,36.01649],[128.68729,36.01392],[128.68242,36.01507],[128.66746,36.01409],[128.66464,36.01077],[128.65414,36.00973],[128.65096,36.00752],[128.64134,36.01033],[128.6317,36.00717],[128.61625,36.00691],[128.60999,35.9953],[128.60378,35.98882],[128.61349,35.98283],[128.61512,35.97842],[128.62046,35.97605],[128.61956,35.97042],[128.62685,35.9579],[128.62294,35.94739],[128.62689,35.94466],[128.62484,35.93647],[128.63053,35.92681],[128.63179,35.9125],[128.62797,35.90606],[128.62919,35.89629],[128.63218,35.89386],[128.62797,35.88951],[128.62211,35.89241],[128.61755,35.88932],[128.61167,35.88055],[128.60655,35.87656],[128.61026,35.87469],[128.61423,35.86817]]]},"properties":{"osm_id":3891544,"name":"동구","sgg_code":"27140","mois_admin":"2714000000","admin_level":6,"code_source":"osm"}},
{"type":"Feature","geometry":{"type":"Polygon","coordinates":[[[128.58059,35.87897],[128.58186,35.88511],[128.576,35.88759],[128.55527,35.89072],[128.55078,35.89537],[128.54124,35.89249],[128.536,35.88694],[128.53122,35.88547],[128.52649,35.88794],[128.52582,35.88545],[128.51728,35.88241],[128.5214,35.87174],[128.51985,35.86925],[128.52766,35.8651],[128.52746,35.86156],[128.5339,35.86183],[128.53331,35.85877],[128.54812,35.8543],[128.57421,35.86264],[128.57941,35.86995],[128.57559,35.87308],[128.58059,35.87897]]]},"properties":{"osm_id":3969938,"name":"서구","sgg_code":"27170","mois_admin":"2717000000","admin_level":6,"code_source":"osm"}},
{"type":"Feature","geometry":{"type":"Polygon","coordinates":[[[128.59189,35.81156],[128.60038,35.81481],[128.60777,35.82732],[128.60605,35.83245],[128.60822,35.85492],[128.59038,35.85699],[128.58288,35.85631],[128.57458,35.86001],[128.57342,35.85102],[128.56178,35.84319],[128.55541,35.83443],[128.56331,35.82411],[128.56908,35.82403],[128.57069,35.81865],[128.57643,35.81631],[128.58499,35.8068],[128.58814,35.80711],[128.59189,35.81156]]]},"properties":{"osm_id":3972089,"name":"남구","sgg_code":"27200","mois_admin":"2720000000","admin_level":6,"code_source":"osm"}},
{"type":"Feature","geometry":{"type":"Polygon","coordinates":[[[128.61026,35.87469],[128.60655,35.87656],[128.61167,35.88055],[128.61755,35.88932],[128.62211,35.89241],[128.62797,35.88951],[128.63218,35.89386],[128.62919,35.89629],[128.62797,35.90606],[128.63179,35.9125],[128.63053,35.92681],[128.62484,35.93647],[128.62689,35.94466],[128.62294,35.94739],[128.62685,35.9579],[128.61956,35.97042],[128.62046,35.97605],[128.61512,35.97842],[128.61349,35.98283],[128.60378,35.98882],[128.60252,35.98467],[128.59383,35.98236],[128.59016,35.97828],[128.58347,35.97647],[128.56991,35.97605],[128.56355,35.97119],[128.55633,35.97049],[128.5516,35.9602],[128.54611,35.9668],[128.54302,35.975],[128.52957,35.9805],[128.52708,35.9756],[128.53116,35.95965],[128.53444,35.95764],[128.53272,35.95214],[128.53524,35.93955],[128.53402,35.93263],[128.5292,35.92386],[128.52619,35.92268],[128.51635,35.91192],[128.51126,35.91093],[128.50596,35.90566],[128.50461,35.89143],[128.51208,35.89337],[128.52649,35.88794],[128.53122,35.88547],[128.536,35.88694],[128.54124,35.89249],[128.55078,35.89537],[128.55527,35.89072],[128.576,35.88759],[128.58186,35.88511],[128.58059,35.87897],[128.60614,35.87371],[128.61026,35.87469]]]},"properties":{"osm_id":3966426,"name":"북구","sgg_code":"27230","mois_admin":"2723000000","admin_level":6,"code_source":"osm"}},
{"type":"Feature","geometry":{"type":"Polygon","coordinates":[[[128.72595,35.85793],[128.71398,35.8614],[128.70788,35.85767],[128.69749,35.85645],[128.6878,35.85771],[128.68085,35.86108],[128.67847,35.8709],[128.67551,35.87388],[128.66714,35.87331],[128.66013,35.87659],[128.64911,35.87818],[128.6343,35.8717],[128.62904,35.86669],[128.61423,35.86817],[128.60781,35.85927],[128.60822,35.85492],[128.60605,35.83245],[128.60777,35.82732],[128.60038,35.81481],[128.59189,35.81156],[128.59893,35.80621],[128.60199,35.80689],[128.61738,35.80355],[128.62159,35.8066],[128.6291,35.80318],[128.65135,35.80279],[128.65347,35.79956],[128.6753,35.79528],[128.68275,35.79009],[128.69296,35.79684],[128.6976,35.79423],[128.70794,35.80046],[128.71103,35.80526],[128.71638,35.80601],[128.71311,35.81833],[128.70754,35.82341],[128.71457,35.83272],[128.72511,35.83644],[128.72595,35.85793]]]},"properties":{"osm_id":3959027,"name":"수성구","sgg_code":"27260","mois_admin":"2726000000","admin_level":6,"code_source":"osm"}},
{"type":"Feature","geometry":{"type":"Polygon","coordinates":[[[128.57421,35.86264],[128.54812,35.8543],[128.53331,35.85877],[128.5339,35.86183],[128.52746,35.86156],[128.52766,35.8651],[128.51985,35.86925],[128.50996,35.8694],[128.50814,35.86574],[128.50171,35.86348],[128.49376,35.86478],[128.48755,35.86814],[128.48088,35.86677],[128.47185,35.85359],[128.46854,35.83688],[128.48073,35.82512],[128.4801,35.81536],[128.49012,35.81972],[128.50028,35.81781],[128.50904,35.81232],[128.51528,35.81065],[128.50945,35.80811],[128.51493,35.80543],[128.51682,35.79893],[128.52785,35.79214],[128.52928,35.78805],[128.54607,35.7855],[128.55198,35.77911],[128.55494,35.77238],[128.56385,35.77379],[128.57049,35.77963],[128.57075,35.78555],[128.56727,35.79499],[128.56968,35.79731],[128.57841,35.79565],[128.58647,35.79955],[128.58814,35.80711],[128.58499,35.8068],[128.57643,35.81631],[128.57069,35.81865],[128.56908,35.82403],[128.56331,35.82411],[128.55541,35.83443],[128.56178,35.84319],[128.57342,35.85102],[128.57458,35.86001],[128.57421,35.86264]]]},"properties":{"osm_id":3970414,"name":"달서구","sgg_code":"27290","mois_admin":"2729000000","admin_level":6,"code_source":"osm"}},
{"type":"Feature","geometry":{"type":"MultiPolygon","coordinates":[[[[128.58814,35.80711],[128.58647,35.79955],[128.57841,35.79565],[128.56968,35.79731],[128.56727,35.79499],[128.57075,35.78555],[128.57049,35.77963],[128.56385,35.77379],[128.55494,35.77238],[128.55198,35.77911],[128.54607,35.7855],[128.52928,35.78805],[128.52785,35.79214],[128.51682,35.79893],[128.51493,35.80543],[128.50945,35.80811],[128.51528,35.81065],[128.50904,35.81232],[128.50028,35.81781],[128.49012,35.81972],[128.4801,35.81536],[128.47032,35.80847],[128.46542,35.8077],[128.44365,35.80821],[128.4377,35.81174],[128.4195,35.80749],[128.41109,35.79963],[128.40637,35.79273],[128.39753,35.7756],[128.38374,35.75863],[128.39344,35.74595],[128.42374,35.73007],[128.43386,35.72129],[128.43447,35.70714],[128.43195,35.70273],[128.41964,35.69466],[128.40897,35.69473],[128.39092,35.69967],[128.37753,35.70148],[128.36474,35.70636],[128.35651,35.70775],[128.35136,35.70329],[128.35221,35.69207],[128.35513,35.68398],[128.36329,35.67255],[128.36921,35.66669],[128.38846,35.65395],[128.39947,35.64238],[128.40048,35.63271],[128.38983,35.61774],[128.38036,35.61141],[128.37072,35.61116],[128.37272,35.60855],[128.38159,35.60677],[128.39939,35.61593],[128.41107,35.61537],[128.41676,35.62175],[128.42168,35.62005],[128.4319,35.62357],[128.43793,35.63129],[128.44611,35.63814],[128.4566,35.6374],[128.46113,35.6406],[128.46984,35.63632],[128.47762,35.64042],[128.48286,35.63575],[128.49785,35.63899],[128.50504,35.63899],[128.5107,35.64645],[128.5068,35.65017],[128.50907,35.67456],[128.5159,35.67571],[128.51873,35.67946],[128.52646,35.68238],[128.53197,35.68379],[128.53497,35.69444],[128.53254,35.69614],[128.53355,35.7044],[128.52809,35.71352],[128.54121,35.71908],[128.5544,35.72739],[128.56133,35.72946],[128.56413,35.73597],[128.57111,35.73341],[128.58009,35.73862],[128.58832,35.73255],[128.59411,35.73689],[128.59915,35.73583],[128.60962,35.73869],[128.61484,35.73576],[128.61528,35.73096],[128.6099,35.7261],[128.61723,35.71802],[128.61448,35.70939],[128.62006,35.70351],[128.63042,35.70703],[128.63836,35.70587],[128.64612,35.70804],[128.65771,35.71851],[128.66291,35.72113],[128.66626,35.71911],[128.68355,35.72115],[128.68299,35.72548],[128.6904,35.73004],[128.68904,35.73717],[128.69462,35.74376],[128.69282,35.74678],[128.69662,35.75609],[128.69129,35.76598],[128.68715,35.76865],[128.68674,35.77707],[128.68187,35.78388],[128.68275,35.79009],[128.6753,35.79528],[128.65347,35.79956],[128.65135,35.80279],[128.6291,35.80318],[128.62159,35.8066],[128.61738,35.80355],[128.60199,35.80689],[128.59893,35.80621],[128.59189,35.81156],[128.58814,35.80711]]],[[[128.38743,35.85288],[128.41155,35.85189],[128.41575,35.85031],[128.44897,35.84377],[128.46854,35.83688],[128.47185,35.85359],[128.48088,35.86677],[128.48755,35.86814],[128.49376,35.86478],[128.50171,35.86348],[128.50814,35.86574],[128.50996,35.8694],[128.51985,35.86925],[128.5214,35.87174],[128.51728,35.88241],[128.52582,35.88545],[128.52649,35.88794],[128.51208,35.89337],[128.50461,35.89143],[128.50107,35.88647],[128.4964,35.88898],[128.49413,35.89541],[128.48843,35.89779],[128.48468,35.89336],[128.47884,35.89816],[128.47429,35.89468],[128.4682,35.90031],[128.46528,35.90879],[128.47275,35.91554],[128.47283,35.92283],[128.47704,35.93507],[128.46588,35.93785],[128.45367,35.94311],[128.45059,35.93482],[128.44131,35.93561],[128.43907,35.93171],[128.42527,35.92882],[128.42302,35.92268],[128.4179,35.92172],[128.4167,35.91276],[128.40689,35.90071],[128.39839,35.90064],[128.3973,35.89211],[128.39146,35.88029],[128.39049,35.87429],[128.38406,35.86552],[128.38443,35.85365],[128.38743,35.85288]]]]},"properties":{"osm_id":3972253,"name":"달성군","sgg_code":"27710","mois_admin":"2771000000","admin_level":6,"code_source":"osm"}},
{"type":"Feature","geometry":{"type":"Polygon","coordinates":[[[128.5629,36.11101],[128.56516,36.10926],[128.56278,36.1004],[128.56761,36.09546],[128.56899,36.08835],[128.56377,36.07123],[128.56923,36.05817],[128.5834,36.06773],[128.58765,36.06367],[128.59452,36.06275],[128.59757,36.06688],[128.59806,36.07524],[128.61896,36.07696],[128.62768,36.08016],[128.63172,36.07644],[128.62782,36.06899],[128.63285,36.06693],[128.62846,36.05972],[128.62959,36.0523],[128.62633,36.04182],[128.62251,36.03815],[128.62134,36.02514],[128.63703,36.01669],[128.64134,36.01033],[128.65096,36.00752],[128.65414,36.00973],[128.66464,36.01077],[128.66746,36.01409],[128.68242,36.01507],[128.68729,36.01392],[128.69558,36.01649],[128.69958,36.02866],[128.69647,36.03487],[128.70301,36.0419],[128.70473,36.04677],[128.70365,36.05817],[128.71151,36.06652],[128.71365,36.07522],[128.72353,36.07328],[128.72916,36.08079],[128.72312,36.09043],[128.73588,36.09671],[128.73593,36.09934],[128.74363,36.10208],[128.74507,36.10832],[128.75133,36.1033],[128.75273,36.09074],[128.7647,36.10031],[128.77625,36.09544],[128.78773,36.08894],[128.78878,36.08568],[128.79811,36.08492],[128.80968,36.0883],[128.81873,36.09426],[128.82212,36.10035],[128.83234,36.10206],[128.83772,36.11297],[128.84274,36.11267],[128.85,36.11767],[128.85272,36.12663],[128.8503,36.1377],[128.85834,36.14451],[128.86723,36.14508],[128.87376,36.14251],[128.8907,36.14299],[128.89113,36.15462],[128.89943,36.162],[128.89385,36.16859],[128.89542,36.17297],[128.89113,36.17609],[128.89019,36.18217],[128.88377,36.18395],[128.88292,36.19895],[128.87585,36.19879],[128.87126,36.20507],[128.85871,36.20772],[128.84781,36.21475],[128.84271,36.21623],[128.83483,36.21448],[128.82611,36.21815],[128.81215,36.21036],[128.80436,36.21005],[128.80122,36.20603],[128.8039,36.20315],[128.79645,36.19055],[128.77458,36.19491],[128.7696,36.19371],[128.7579,36.20267],[128.75288,36.20287],[128.74981,36.19583],[128.74615,36.19429],[128.74079,36.1992],[128.73522,36.20047],[128.71913,36.1979],[128.71875,36.20013],[128.7053,36.19896],[128.69611,36.20202],[128.69985,36.20871],[128.69432,36.2141],[128.68977,36.21214],[128.68232,36.21523],[128.66905,36.20919],[128.66768,36.21489],[128.66011,36.22148],[128.65347,36.21719],[128.64871,36.21822],[128.63956,36.20772],[128.63522,36.20899],[128.63207,36.21671],[128.63628,36.22389],[128.63671,36.23303],[128.63292,36.23871],[128.63951,36.24115],[128.64126,36.24493],[128.63845,36.25193],[128.64028,36.25793],[128.62564,36.26627],[128.61675,36.26696],[128.61007,36.27104],[128.60173,36.26994],[128.59751,36.27166],[128.59462,36.27742],[128.5759,36.27979],[128.57185,36.27516],[128.55832,36.27399],[128.55151,36.27488],[128.54815,36.28874],[128.54305,36.29399],[128.53573,36.29574],[128.52939,36.29361],[128.52522,36.29985],[128.51785,36.30191],[128.51092,36.3005],[128.50802,36.30342],[128.49096,36.304],[128.47326,36.31196],[128.47096,36.32104],[128.4519,36.32701],[128.44526,36.31827],[128.43815,36.31419],[128.43879,36.30548],[128.43419,36.30572],[128.4279,36.29899],[128.41687,36.29893],[128.4105,36.28709],[128.41426,36.28241],[128.42688,36.27514],[128.42079,36.26749],[128.42103,36.26042],[128.41607,36.25777],[128.42023,36.2538],[128.41747,36.24576],[128.42399,36.24205],[128.42347,36.23762],[128.43504,36.23395],[128.43793,36.22258],[128.44104,36.21833],[128.45078,36.22171],[128.46771,36.2308],[128.47117,36.22879],[128.48028,36.23487],[128.48623,36.23117],[128.47949,36.22546],[128.48568,36.22434],[128.48913,36.21956],[128.48786,36.21472],[128.49354,36.20846],[128.49314,36.20037],[128.4988,36.19608],[128.50316,36.18465],[128.51375,36.19228],[128.5159,36.19969],[128.52264,36.2012],[128.53816,36.19343],[128.54899,36.17788],[128.5561,36.17752],[128.55081,36.16421],[128.54473,36.16589],[128.54008,36.16123],[128.54296,36.15412],[128.55049,36.15063],[128.54841,36.14054],[128.55321,36.13912],[128.54857,36.13135],[128.55354,36.1289],[128.55482,36.12178],[128.56356,36.11714],[128.5629,36.11101]]]},"properties":{"osm_id":7816959,"name":"군위군","sgg_code":"27720","mois_admin":"2772000000","admin_level":6,"code_source":"osm"}},
{"type":"Feature","geometry":{"type":"MultiPolygon","coordinates":[[[[126.62956,37.45157],[126.63038,37.45044],[126.63437,37.43211],[126.64453,37.43174],[126.64711,37.43464],[126.66019,37.43592],[126.66896,37.43212],[126.68555,37.43031],[126.68715,37.43345],[126.69795,37.43359],[126.69523,37.43871],[126.70273,37.43908],[126.70293,37.4432],[126.69326,37.44668],[126.69468,37.45883],[126.69727,37.46129],[126.69348,37.46567],[126.68679,37.46619],[126.68579,37.47158],[126.67437,37.47576],[126.65509,37.48407],[126.64986,37.46931],[126.64188,37.46929],[126.64404,37.46625],[126.63898,37.4634],[126.6295,37.45167],[126.62956,37.45157]]],[[[126.63359,37.43059],[126.63352,37.43206],[126.63212,37.43201],[126.63252,37.42999],[126.63359,37.43059]]]]},"properties":{"osm_id":2505207,"name":"미추홀구","sgg_code":"28177","mois_admin":"2817700000","admin_level":6,"code_source":"osm"}},
{"type":"Feature","geometry":{"type":"Polygon","coordinates":[[[126.70273,37.43908],[126.69523,37.43871],[126.69795,37.43359],[126.68715,37.43345],[126.68555,37.43031],[126.66896,37.43212],[126.66019,37.43592],[126.64711,37.43464],[126.64453,37.43174],[126.63437,37.43211],[126.63892,37.41617],[126.64488,37.40966],[126.63568,37.40874],[126.63318,37.41225],[126.63443,37.41909],[126.63284,37.42684],[126.60806,37.42679],[126.60099,37.41969],[126.5923,37.42283],[126.58965,37.42669],[126.5897,37.4194],[126.59558,37.41669],[126.60978,37.41623],[126.6099,37.3987],[126.60811,37.39761],[126.60992,37.38717],[126.61631,37.37916],[126.6545,37.35593],[126.65175,37.3532],[126.61383,37.37669],[126.61342,37.35498],[126.58302,37.35476],[126.58306,37.3472],[126.61476,37.34731],[126.61481,37.34308],[126.62272,37.34182],[126.65284,37.34183],[126.66298,37.34598],[126.65226,37.35294],[126.65485,37.35569],[126.66492,37.34982],[126.66761,37.35414],[126.67658,37.35299],[126.69735,37.3756],[126.69663,37.38403],[126.67474,37.3877],[126.6675,37.39081],[126.67869,37.40141],[126.6844,37.40386],[126.68758,37.41086],[126.69602,37.41683],[126.70534,37.42588],[126.70681,37.43325],[126.70273,37.43908]]]},"properties":{"osm_id":2505211,"name":"연수구","sgg_code":"28185","mois_admin":"2818500000","admin_level":6,"code_source":"osm"}},
{"type":"Feature","geometry":{"type":"Polygon","coordinates":[[[126.76771,37.47167],[126.75704,37.46911],[126.75273,37.46507],[126.7463,37.46445],[126.74163,37.46952],[126.73124,37.47263],[126.7222,37.47049],[126.71118,37.47966],[126.70805,37.46932],[126.7033,37.46784],[126.69454,37.47101],[126.68799,37.47114],[126.68579,37.47158],[126.68679,37.46619],[126.69348,37.46567],[126.69727,37.46129],[126.69468,37.45883],[126.69326,37.44668],[126.70293,37.4432],[126.70273,37.43908],[126.70681,37.43325],[126.70534,37.42588],[126.69602,37.41683],[126.68758,37.41086],[126.6844,37.40386],[126.67869,37.40141],[126.6675,37.39081],[126.67474,37.3877],[126.69663,37.38403],[126.71843,37.38115],[126.72673,37.38679],[126.73666,37.39661],[126.74126,37.39775],[126.7457,37.40068],[126.75259,37.40959],[126.75535,37.41737],[126.75333,37.42266],[126.75845,37.42655],[126.76886,37.42744],[126.7716,37.43155],[126.76816,37.44354],[126.77331,37.45057],[126.77882,37.45187],[126.7782,37.4718],[126.76771,37.47167]]]},"properties":{"osm_id":2505208,"name":"남동구","sgg_code":"28200","mois_admin":"2820000000","admin_level":6,"code_source":"osm"}},
{"type":"Feature","geometry":{"type":"Polygon","coordinates":[[[126.68799,37.47114],[126.69454,37.47101],[126.7033,37.46784],[126.70805,37.46932],[126.71118,37.47966],[126.7222,37.47049],[126.73124,37.47263],[126.74163,37.46952],[126.7463,37.46445],[126.75273,37.46507],[126.75704,37.46911],[126.76771,37.47167],[126.7603,37.47633],[126.75002,37.4854],[126.74229,37.48687],[126.7417,37.49518],[126.74391,37.50166],[126.7417,37.50894],[126.74566,37.51472],[126.75315,37.51677],[126.76034,37.51597],[126.76028,37.52412],[126.68989,37.52358],[126.68615,37.52175],[126.6833,37.51455],[126.69352,37.49754],[126.69224,37.49247],[126.69764,37.49016],[126.69925,37.48523],[126.69264,37.48538],[126.69101,37.47946],[126.68427,37.4736],[126.68799,37.47114]]]},"properties":{"osm_id":2503127,"name":"부평구","sgg_code":"28237","mois_admin":"2823700000","admin_level":6,"code_source":"osm"}},
{"type":"Feature","geometry":{"type":"Polygon","coordinates":[[[126.7937,37.58158],[126.78707,37.58554],[126.7842,37.58258],[126.77262,37.58511],[126.7674,37.58827],[126.7579,37.58527],[126.75173,37.57956],[126.74453,37.59154],[126.7362,37.59048],[126.72529,37.59203],[126.71813,37.58748],[126.71704,37.58019],[126.71365,37.57757],[126.70766,37.57983],[126.682,37.58374],[126.68253,37.57718],[126.70067,37.57187],[126.69854,37.56896],[126.70316,37.56496],[126.69949,37.5589],[126.71161,37.55284],[126.70538,37.54139],[126.69274,37.54127],[126.69152,37.53555],[126.68366,37.53551],[126.68989,37.52358],[126.76028,37.52412],[126.76003,37.53536],[126.76386,37.54287],[126.76624,37.55432],[126.77176,37.5565],[126.77782,37.56373],[126.7843,37.57547],[126.79274,37.57695],[126.7937,37.58158]]]},"properties":{"osm_id":2503128,"name":"계양구","sgg_code":"28245","mois_admin":"2824500000","admin_level":6,"code_source":"osm"}},
{"type":"Feature","geometry":{"type":"MultiPolygon","coordinates":[[[[125.97124,37.60718],[125.97913,37.60926],[125.97528,37.61157],[125.97124,37.60718]]],[[[126.22264,37.66264],[126.22312,37.65855],[126.23342,37.65942],[126.22595,37.66533],[126.22264,37.66264]]],[[[126.20457,37.66993],[126.19594,37.68199],[126.19579,37.6882],[126.17531,37.67727],[126.1676,37.67887],[126.15602,37.67248],[126.16859,37.6667],[126.1788,37.67043],[126.19061,37.66392],[126.19394,37.65881],[126.20819,37.65518],[126.20505,37.65909],[126.21129,37.6665],[126.20457,37.66993]]],[[[126.13565,37.6871],[126.13245,37.69232],[126.12637,37.69313],[126.1224,37.69032],[126.1267,37.68208],[126.13093,37.68383],[126.14342,37.68165],[126.14329,37.68577],[126.13565,37.6871]]],[[[126.25661,37.65219],[126.25106,37.65389],[126.2391,37.65213],[126.2329,37.656],[126.22495,37.65108],[126.23295,37.64009],[126.24344,37.63296],[126.26243,37.62629],[126.25419,37.63185],[126.25111,37.63795],[126.25661,37.65219]]],[[[126.37747,37.68357],[126.37495,37.68751],[126.36841,37.68991],[126.3677,37.69385],[126.36248,37.69592],[126.35012,37.69586],[126.33868,37.69921],[126.32775,37.70717],[126.32069,37.71037],[126.31737,37.71716],[126.3198,37.73559],[126.32922,37.74445],[126.32875,37.7496],[126.31772,37.75242],[126.303,37.74573],[126.29483,37.7455],[126.28871,37.74286],[126.28908,37.73544],[126.287,37.71303],[126.27913,37.70943],[126.27639,37.71179],[126.26929,37.71022],[126.28278,37.70243],[126.28657,37.69691],[126.29342,37.69269],[126.31397,37.68485],[126.32092,37.68038],[126.32409,37.67304],[126.32855,37.67002],[126.32784,37.66208],[126.32453,37.65929],[126.32761,37.65194],[126.33194,37.65203],[126.34222,37.64323],[126.34279,37.65063],[126.34802,37.65089],[126.35646,37.65546],[126.3613,37.66038],[126.37482,37.66766],[126.37911,37.68175],[126.37747,37.68357]]],[[[126.23005,37.73114],[126.22377,37.72264],[126.21897,37.7198],[126.23212,37.71599],[126.24916,37.71832],[126.23948,37.72207],[126.23562,37.73236],[126.23005,37.73114]]],[[[126.2635,37.72531],[126.27018,37.72557],[126.26511,37.73859],[126.25828,37.73356],[126.25773,37.72508],[126.2635,37.72531]]],[[[126.33129,37.79452],[126.33639,37.79785],[126.32405,37.8082],[126.31403,37.80228],[126.29781,37.80319],[126.27936,37.80907],[126.26408,37.81802],[126.258,37.81455],[126.24669,37.81445],[126.23997,37.81756],[126.22207,37.80404],[126.2243,37.80108],[126.21846,37.79509],[126.22271,37.79109],[126.21605,37.77791],[126.20419,37.77274],[126.20748,37.76805],[126.22093,37.75804],[126.23282,37.75077],[126.24826,37.76524],[126.25984,37.76406],[126.27154,37.76731],[126.29232,37.76419],[126.31716,37.77417],[126.32533,37.78621],[126.32984,37.78835],[126.33129,37.79452]]],[[[126.51878,37.59837],[126.51332,37.59319],[126.50336,37.59078],[126.51113,37.5816],[126.51615,37.57992],[126.52529,37.58552],[126.52513,37.58946],[126.51776,37.59343],[126.52361,37.59704],[126.51878,37.59837]]],[[[126.40806,37.64956],[126.4033,37.64315],[126.39479,37.63954],[126.39063,37.64121],[126.37649,37.63635],[126.36538,37.63495],[126.37289,37.63263],[126.37771,37.61663],[126.37039,37.61366],[126.38583,37.60789],[126.38585,37.60484],[126.40308,37.59423],[126.43779,37.5927],[126.44708,37.59459],[126.456,37.5933],[126.46183,37.58926],[126.46353,37.59539],[126.47797,37.59873],[126.47961,37.6054],[126.496,37.59809],[126.51052,37.59648],[126.51461,37.59991],[126.51547,37.60556],[126.52069,37.61079],[126.5341,37.61415],[126.53558,37.61767],[126.54385,37.6187],[126.54008,37.62435],[126.53532,37.62216],[126.53415,37.62875],[126.52856,37.639],[126.52695,37.64748],[126.52232,37.65255],[126.52617,37.65954],[126.53321,37.66031],[126.53204,37.66442],[126.52295,37.66668],[126.51863,37.67051],[126.5168,37.67867],[126.52217,37.699],[126.52515,37.70184],[126.51549,37.7094],[126.51279,37.71485],[126.51444,37.7269],[126.52505,37.73937],[126.52642,37.7473],[126.5208,37.75073],[126.51144,37.76257],[126.51255,37.77118],[126.50906,37.77405],[126.50678,37.78224],[126.50045,37.7857],[126.48901,37.78878],[126.46081,37.80543],[126.45089,37.81224],[126.44149,37.82206],[126.43678,37.82931],[126.42749,37.8316],[126.41687,37.82197],[126.4008,37.82324],[126.39403,37.82179],[126.38818,37.80684],[126.38316,37.80397],[126.37047,37.80106],[126.35059,37.78947],[126.3543,37.78514],[126.35467,37.76978],[126.35646,37.75798],[126.35383,37.74461],[126.35748,37.74096],[126.35258,37.73986],[126.35331,37.71765],[126.35145,37.71647],[126.35557,37.70607],[126.38541,37.69957],[126.39155,37.69304],[126.3877,37.69046],[126.39537,37.68161],[126.40344,37.67588],[126.41069,37.65273],[126.40806,37.64956]]]]},"properties":{"osm_id":2505205,"name":"강화군","sgg_code":"28710","mois_admin":"2871000000","admin_level":6,"code_source":"osm"}},
{"type":"Feature","geometry":{"type":"MultiPolygon","coordinates":[[[[125.70629,37.66356],[125.71678,37.6733],[125.71471,37.6814],[125.70559,37.68088],[125.69058,37.67673],[125.68071,37.68093],[125.67678,37.67935],[125.6836,37.67136],[125.68581,37.66554],[125.68134,37.66256],[125.68389,37.65248],[125.69231,37.65294],[125.70101,37.65839],[125.7033,37.65676],[125.70947,37.65451],[125.71152,37.65278],[125.71294,37.65573],[125.70778,37.65554],[125.70314,37.65707],[125.7026,37.65971],[125.70629,37.66356]]],[[[124.73862,37.76336],[124.73986,37.76624],[124.75275,37.77085],[124.76878,37.76822],[124.77184,37.77918],[124.75123,37.77764],[124.74415,37.77579],[124.74044,37.77206],[124.73343,37.77155],[124.73393,37.76649],[124.72726,37.76193],[124.73102,37.76059],[124.73862,37.76336]]],[[[124.71952,37.81862],[124.71455,37.83146],[124.71852,37.83612],[124.72874,37.83958],[124.72182,37.84667],[124.70812,37.84556],[124.70615,37.84962],[124.70031,37.84112],[124.69601,37.84139],[124.68719,37.83635],[124.68316,37.82821],[124.6763,37.82005],[124.66782,37.82242],[124.6631,37.82126],[124.67418,37.81472],[124.68313,37.81432],[124.68393,37.80583],[124.67925,37.80232],[124.68222,37.79894],[124.68969,37.8074],[124.69829,37.80897],[124.70144,37.80499],[124.71221,37.808],[124.71642,37.81144],[124.71952,37.81862]]],[[[124.73113,37.95218],[124.7356,37.95216],[124.73552,37.95655],[124.7298,37.95959],[124.73552,37.96228],[124.73963,37.95695],[124.74528,37.95745],[124.7465,37.96141],[124.74023,37.96161],[124.73277,37.96629],[124.73001,37.97805],[124.71847,37.98296],[124.70561,37.98464],[124.696,37.98284],[124.6942,37.97997],[124.68714,37.98114],[124.68435,37.98476],[124.68017,37.97979],[124.67072,37.98163],[124.66826,37.97798],[124.65932,37.97649],[124.63955,37.96907],[124.62264,37.97794],[124.61555,37.9779],[124.60999,37.97044],[124.61081,37.96306],[124.62555,37.95363],[124.62823,37.94226],[124.63767,37.92341],[124.65477,37.92152],[124.66549,37.92321],[124.67245,37.91986],[124.6754,37.92291],[124.68376,37.92057],[124.69044,37.91491],[124.69958,37.91938],[124.69846,37.92506],[124.70415,37.93042],[124.7029,37.93548],[124.70663,37.94228],[124.72297,37.95317],[124.73113,37.95218]]],[[[125.98927,37.03838],[125.98088,37.04003],[125.97906,37.03317],[125.98887,37.02502],[125.99427,37.02491],[125.99242,37.01961],[126.00091,37.01757],[126.01594,37.02708],[126.01016,37.02675],[126.00594,37.02323],[125.99396,37.02683],[125.99038,37.03076],[125.99406,37.03722],[125.98927,37.03838]]],[[[125.99354,37.06541],[125.99378,37.05783],[126.00021,37.05969],[125.99637,37.06607],[125.99354,37.06541]]],[[[126.01237,37.06615],[126.0176,37.06832],[126.02136,37.07812],[126.01649,37.0784],[126.01737,37.0734],[126.01237,37.06615]]],[[[125.95086,37.07578],[125.95454,37.08646],[125.96449,37.08155],[125.96696,37.0875],[125.95925,37.08924],[125.95624,37.09287],[125.94965,37.09327],[125.94681,37.08279],[125.9414,37.08156],[125.94236,37.07644],[125.9468,37.07716],[125.94711,37.06875],[125.95235,37.06765],[125.95086,37.07578]]],[[[126.0085,37.15228],[126.01244,37.14918],[126.01144,37.15517],[126.0085,37.15228]]],[[[125.96241,37.1828],[125.96728,37.18293],[125.97833,37.18744],[125.9829,37.18555],[125.98666,37.19413],[125.99701,37.19605],[125.98635,37.19837],[125.98684,37.20405],[125.98291,37.203],[125.98573,37.19448],[125.9754,37.19338],[125.97174,37.19505],[125.97321,37.18913],[125.96544,37.18819],[125.96241,37.1828]]],[[[125.71052,37.60535],[125.72011,37.60517],[125.72094,37.61349],[125.71331,37.61548],[125.707,37.61094],[125.71052,37.60535]]],[[[126.06703,37.08401],[126.07317,37.08332],[126.08642,37.09362],[126.09035,37.09956],[126.08063,37.10785],[126.07147,37.10441],[126.06721,37.10675],[126.06676,37.10186],[126.06084,37.09709],[126.06658,37.098],[126.06702,37.09317],[126.06238,37.08891],[126.06703,37.08401]]],[[[126.01793,37.12779],[126.02169,37.12355],[126.02445,37.13033],[126.02194,37.13271],[126.01793,37.12779]]],[[[126.10698,37.16551],[126.11291,37.17003],[126.10791,37.17213],[126.10834,37.17666],[126.11477,37.18004],[126.10484,37.17932],[126.10072,37.18641],[126.09524,37.18836],[126.0922,37.18261],[126.08528,37.17625],[126.093,37.17005],[126.09409,37.16673],[126.10698,37.16551]]],[[[126.09166,37.22396],[126.09687,37.23054],[126.10473,37.22683],[126.1012,37.22262],[126.10357,37.22003],[126.11117,37.22331],[126.1159,37.21622],[126.11037,37.21377],[126.11859,37.20975],[126.1255,37.21291],[126.13827,37.21208],[126.14864,37.21549],[126.14442,37.21882],[126.1445,37.22325],[126.14955,37.22534],[126.15363,37.22245],[126.15624,37.22818],[126.16515,37.23231],[126.15509,37.23574],[126.13874,37.24323],[126.13711,37.24685],[126.13046,37.24771],[126.12801,37.25196],[126.12045,37.24708],[126.11625,37.25125],[126.11966,37.25262],[126.1184,37.25815],[126.11162,37.25833],[126.10912,37.26594],[126.11015,37.27167],[126.10464,37.27432],[126.10025,37.27197],[126.10263,37.26827],[126.09665,37.25981],[126.09585,37.25352],[126.08959,37.24733],[126.08992,37.23856],[126.09293,37.23911],[126.09057,37.22769],[126.08543,37.22394],[126.09166,37.22396]]],[[[126.08731,37.27633],[126.09236,37.2755],[126.09797,37.2788],[126.08462,37.28867],[126.0757,37.28951],[126.0756,37.28446],[126.08584,37.2812],[126.08731,37.27633]]],[[[126.23494,37.17878],[126.24865,37.18282],[126.23806,37.18649],[126.22715,37.1874],[126.22542,37.18221],[126.21753,37.18427],[126.21612,37.18185],[126.22943,37.17794],[126.23494,37.17878]]],[[[126.13728,37.20014],[126.13648,37.19576],[126.14243,37.19976],[126.13728,37.20014]]],[[[126.18762,37.20186],[126.18876,37.20985],[126.18108,37.20916],[126.18022,37.2173],[126.17321,37.22143],[126.17026,37.22817],[126.15988,37.21815],[126.16281,37.21257],[126.17831,37.21083],[126.18176,37.19531],[126.18762,37.20186]]],[[[126.30534,37.13269],[126.30667,37.13732],[126.29885,37.13922],[126.30534,37.13269]]],[[[126.27239,37.14502],[126.27632,37.14115],[126.27807,37.14947],[126.27142,37.14939],[126.27239,37.14502]]],[[[126.29089,37.17324],[126.29574,37.16792],[126.30667,37.16277],[126.30572,37.15981],[126.31177,37.15849],[126.31502,37.16095],[126.32112,37.15838],[126.32524,37.16177],[126.3151,37.16717],[126.31393,37.1709],[126.30626,37.17055],[126.30275,37.17348],[126.29089,37.17324]]],[[[126.24782,37.17066],[126.25535,37.17122],[126.259,37.16784],[126.26475,37.16862],[126.27164,37.16441],[126.27278,37.15944],[126.28055,37.15742],[126.28388,37.16302],[126.27355,37.16484],[126.27171,37.17584],[126.26173,37.181],[126.25338,37.18132],[126.25412,37.1773],[126.24565,37.17779],[126.24386,37.17365],[126.24782,37.17066]]],[[[126.3206,37.25889],[126.31661,37.2629],[126.30438,37.26339],[126.30236,37.26592],[126.28924,37.26721],[126.28707,37.2723],[126.28354,37.27114],[126.28297,37.26445],[126.27855,37.26229],[126.28092,37.259],[126.28642,37.26032],[126.28968,37.25466],[126.29339,37.25634],[126.29658,37.25243],[126.30378,37.25324],[126.30998,37.24908],[126.31667,37.24803],[126.31921,37.24475],[126.32548,37.24821],[126.33071,37.24564],[126.34054,37.24944],[126.34897,37.25953],[126.34069,37.26345],[126.33493,37.2628],[126.33076,37.25535],[126.3206,37.25889]]],[[[126.32602,37.52491],[126.34001,37.52982],[126.34028,37.52612],[126.35242,37.52991],[126.36784,37.5305],[126.38157,37.52735],[126.38398,37.53843],[126.36789,37.53494],[126.35445,37.53483],[126.3462,37.53782],[126.33971,37.54451],[126.33735,37.55183],[126.32758,37.55109],[126.31594,37.55773],[126.30797,37.55998],[126.30953,37.55641],[126.31834,37.55019],[126.32257,37.54496],[126.32885,37.54184],[126.33029,37.53626],[126.32602,37.52491]]],[[[126.38409,37.24117],[126.39858,37.24127],[126.39239,37.24551],[126.39052,37.24177],[126.38409,37.24117]]],[[[126.5251,37.23762],[126.51802,37.2338],[126.51195,37.23332],[126.51315,37.22781],[126.52363,37.23676],[126.53391,37.23256],[126.53818,37.23513],[126.52927,37.24607],[126.52441,37.25813],[126.51743,37.25823],[126.51068,37.25414],[126.5156,37.24928],[126.52122,37.25018],[126.52576,37.24571],[126.5251,37.23762]]],[[[126.49639,37.25378],[126.50179,37.25803],[126.49653,37.26316],[126.49415,37.27307],[126.49754,37.27697],[126.48941,37.28363],[126.48166,37.28134],[126.47179,37.28458],[126.47031,37.28829],[126.46628,37.28392],[126.45541,37.2848],[126.45021,37.28024],[126.45407,37.27835],[126.44716,37.2717],[126.44518,37.27411],[126.43397,37.27427],[126.43636,37.26546],[126.42841,37.26257],[126.43132,37.2563],[126.43158,37.2339],[126.43532,37.23103],[126.45353,37.23107],[126.45862,37.22646],[126.46848,37.2325],[126.47232,37.23993],[126.48243,37.24199],[126.48248,37.24788],[126.47563,37.25201],[126.48245,37.25491],[126.48583,37.25244],[126.485,37.25885],[126.4922,37.25911],[126.49639,37.25378]]],[[[126.44185,37.53107],[126.43106,37.52516],[126.43071,37.51554],[126.43935,37.51437],[126.446,37.51986],[126.45925,37.51679],[126.46361,37.51141],[126.47047,37.5221],[126.46685,37.5286],[126.4734,37.52855],[126.47249,37.53723],[126.46596,37.53892],[126.46052,37.54441],[126.45692,37.54436],[126.45494,37.53809],[126.44185,37.53107]]],[[[126.4055,37.52852],[126.41189,37.5273],[126.41276,37.54023],[126.40394,37.5355],[126.40152,37.53101],[126.4055,37.52852]]],[[[126.42873,37.52852],[126.43205,37.5326],[126.43446,37.54258],[126.42625,37.54837],[126.42226,37.54191],[126.42313,37.5373],[126.41627,37.52298],[126.42822,37.52375],[126.42873,37.52852]]]]},"properties":{"osm_id":2505209,"name":"옹진군","sgg_code":"28720","mois_admin":"2872000000","admin_level":6,"code_source":"osm"}},
{"type":"Feature","geometry":{"type":"Polygon","coordinates":[[[126.9096,35.14933],[126.92444,35.13348],[126.92973,35.12634],[126.92423,35.12469],[126.9192,35.11734],[126.91194,35.1151],[126.91404,35.1064],[126.92113,35.09692],[126.9194,35.09171],[126.92449,35.0876],[126.93213,35.07454],[126.95003,35.07272],[126.95981,35.07946],[126.95809,35.08255],[126.96734,35.08972],[126.97964,35.09182],[126.98882,35.09569],[126.98639,35.10569],[126.98917,35.1097],[126.99967,35.11307],[127.00425,35.12109],[126.9927,35.1227],[126.98423,35.13615],[126.979,35.13779],[126.96779,35.13708],[126.96291,35.14041],[126.95356,35.14228],[126.95521,35.15221],[126.9457,35.15561],[126.93887,35.16178],[126.93074,35.16022],[126.92838,35.16241],[126.91636,35.16546],[126.91247,35.15582],[126.90721,35.15146],[126.9096,35.14933]]]},"properties":{"osm_id":4162635,"name":"동구","sgg_code":"29110","mois_admin":"2911000000","admin_level":6,"code_source":"osm"}},
{"type":"Feature","geometry":{"type":"Polygon","coordinates":[[[126.83874,35.17844],[126.83736,35.17078],[126.82515,35.16585],[126.8254,35.15352],[126.82838,35.15041],[126.8297,35.14147],[126.81941,35.13338],[126.8223,35.12663],[126.81594,35.11691],[126.80994,35.11671],[126.8094,35.11234],[126.80281,35.11142],[126.80626,35.10529],[126.80049,35.09944],[126.80196,35.09434],[126.80701,35.09461],[126.81108,35.09095],[126.81636,35.09367],[126.82002,35.09091],[126.83158,35.098],[126.83658,35.09862],[126.84773,35.10577],[126.87056,35.11018],[126.86803,35.11306],[126.8744,35.11995],[126.88335,35.11601],[126.88769,35.11697],[126.88732,35.1344],[126.88316,35.13834],[126.88832,35.14278],[126.88543,35.14656],[126.89753,35.15254],[126.90535,35.14829],[126.9096,35.14933],[126.90721,35.15146],[126.89825,35.15842],[126.88786,35.1621],[126.88417,35.16972],[126.86035,35.17227],[126.84288,35.1762],[126.83874,35.17844]]]},"properties":{"osm_id":7348759,"name":"서구","sgg_code":"29140","mois_admin":"2914000000","admin_level":6,"code_source":"osm"}},
{"type":"Feature","geometry":{"type":"Polygon","coordinates":[[[126.80196,35.09434],[126.78436,35.07356],[126.77305,35.06909],[126.76674,35.06567],[126.7574,35.06858],[126.75316,35.06477],[126.75749,35.05958],[126.75071,35.0522],[126.76387,35.05428],[126.77607,35.05279],[126.78158,35.05385],[126.79521,35.06122],[126.80532,35.05256],[126.8187,35.05263],[126.82274,35.06029],[126.84385,35.06534],[126.84857,35.07244],[126.85567,35.07799],[126.86016,35.07883],[126.8654,35.07553],[126.8743,35.0756],[126.88548,35.08171],[126.89166,35.07855],[126.89466,35.08066],[126.90582,35.08206],[126.91223,35.08894],[126.9194,35.09171],[126.92113,35.09692],[126.91404,35.1064],[126.91194,35.1151],[126.9192,35.11734],[126.92423,35.12469],[126.92973,35.12634],[126.92444,35.13348],[126.9096,35.14933],[126.90535,35.14829],[126.89753,35.15254],[126.88543,35.14656],[126.88832,35.14278],[126.88316,35.13834],[126.88732,35.1344],[126.88769,35.11697],[126.88335,35.11601],[126.8744,35.11995],[126.86803,35.11306],[126.87056,35.11018],[126.84773,35.10577],[126.83658,35.09862],[126.83158,35.098],[126.82002,35.09091],[126.81636,35.09367],[126.81108,35.09095],[126.80701,35.09461],[126.80196,35.09434]]]},"properties":{"osm_id":7348741,"name":"남구","sgg_code":"29155","mois_admin":"2915500000","admin_level":6,"code_source":"osm"}},
{"type":"Feature","geometry":{"type":"Polygon","coordinates":[[[126.83507,35.22877],[126.83817,35.22393],[126.84471,35.2259],[126.84622,35.22198],[126.85305,35.22194],[126.85704,35.21748],[126.85311,35.21363],[126.85533,35.2014],[126.85221,35.19707],[126.85845,35.19489],[126.86041,35.1857],[126.85875,35.18319],[126.84714,35.17957],[126.84139,35.18185],[126.83874,35.17844],[126.84288,35.1762],[126.86035,35.17227],[126.88417,35.16972],[126.88786,35.1621],[126.89825,35.15842],[126.90721,35.15146],[126.91247,35.15582],[126.91636,35.16546],[126.92838,35.16241],[126.93074,35.16022],[126.93887,35.16178],[126.9457,35.15561],[126.95521,35.15221],[126.95356,35.14228],[126.96291,35.14041],[126.96779,35.13708],[126.979,35.13779],[126.98423,35.13615],[126.9927,35.1227],[127.00425,35.12109],[127.01061,35.12432],[127.00872,35.13376],[127.00968,35.14962],[127.00848,35.15515],[127.01136,35.16617],[127.01685,35.16534],[127.0233,35.16974],[127.01575,35.17564],[127.01344,35.18045],[126.99999,35.18885],[126.9911,35.18637],[126.98856,35.18847],[126.98281,35.18454],[126.97861,35.187],[126.97219,35.18507],[126.97174,35.1799],[126.95805,35.1925],[126.96642,35.20054],[126.96573,35.20355],[126.95764,35.20678],[126.94891,35.21835],[126.95114,35.22417],[126.94436,35.23034],[126.93984,35.23754],[126.93217,35.24078],[126.93346,35.24674],[126.92931,35.25235],[126.92247,35.25277],[126.91472,35.2588],[126.90357,35.25789],[126.88909,35.24639],[126.87884,35.24832],[126.87957,35.25151],[126.87372,35.2499],[126.86831,35.24492],[126.86319,35.24556],[126.86108,35.24149],[126.84495,35.23468],[126.83507,35.22877]]]},"properties":{"osm_id":7348583,"name":"북구","sgg_code":"29170","mois_admin":"2917000000","admin_level":6,"code_source":"osm"}},
{"type":"Feature","geometry":{"type":"Polygon","coordinates":[[[126.80196,35.09434],[126.80049,35.09944],[126.80626,35.10529],[126.80281,35.11142],[126.8094,35.11234],[126.80994,35.11671],[126.81594,35.11691],[126.8223,35.12663],[126.81941,35.13338],[126.8297,35.14147],[126.82838,35.15041],[126.8254,35.15352],[126.82515,35.16585],[126.83736,35.17078],[126.83874,35.17844],[126.84139,35.18185],[126.84714,35.17957],[126.85875,35.18319],[126.86041,35.1857],[126.85845,35.19489],[126.85221,35.19707],[126.85533,35.2014],[126.85311,35.21363],[126.85704,35.21748],[126.85305,35.22194],[126.84622,35.22198],[126.84471,35.2259],[126.83817,35.22393],[126.83507,35.22877],[126.82535,35.23193],[126.82395,35.22579],[126.8157,35.2247],[126.80526,35.21843],[126.80439,35.22131],[126.79505,35.21987],[126.78954,35.2239],[126.78014,35.22569],[126.77536,35.23057],[126.75743,35.23366],[126.75421,35.23626],[126.75565,35.24332],[126.76077,35.24726],[126.76359,35.25647],[126.75994,35.25888],[126.74969,35.25587],[126.74174,35.25082],[126.73722,35.25289],[126.72992,35.24335],[126.7291,35.23731],[126.72563,35.23491],[126.71851,35.2218],[126.7208,35.21881],[126.71766,35.21235],[126.71076,35.21227],[126.70256,35.20757],[126.68711,35.21522],[126.68451,35.20982],[126.67763,35.20259],[126.67682,35.19096],[126.6679,35.19288],[126.65325,35.19245],[126.66368,35.18222],[126.67043,35.16952],[126.65397,35.1642],[126.65356,35.15301],[126.64756,35.14404],[126.65332,35.14396],[126.65495,35.13701],[126.65166,35.12041],[126.6552,35.11486],[126.6626,35.11472],[126.66863,35.11175],[126.66844,35.1051],[126.67632,35.105],[126.68373,35.10774],[126.68334,35.11174],[126.6899,35.11127],[126.69783,35.10761],[126.70201,35.11272],[126.70823,35.1097],[126.7164,35.11043],[126.72008,35.10836],[126.7303,35.10773],[126.73253,35.11261],[126.73495,35.10848],[126.74844,35.10203],[126.75388,35.0918],[126.7618,35.09053],[126.76476,35.07812],[126.77305,35.06909],[126.78436,35.07356],[126.80196,35.09434]]]},"properties":{"osm_id":7348758,"name":"광산구","sgg_code":"29200","mois_admin":"2920000000","admin_level":6,"code_source":"osm"}},
{"type":"Feature","geometry":{"type":"Polygon","coordinates":[[[127.41497,36.34072],[127.42163,36.33725],[127.43609,36.32145],[127.44184,36.31145],[127.44504,36.31132],[127.45529,36.30127],[127.45743,36.29472],[127.44073,36.2959],[127.4337,36.2917],[127.42839,36.29242],[127.42769,36.28862],[127.43479,36.28153],[127.43323,36.27626],[127.4394,36.27109],[127.4292,36.2605],[127.42759,36.25451],[127.4337,36.25437],[127.44127,36.24474],[127.44297,36.23847],[127.43899,36.23731],[127.43739,36.23148],[127.43107,36.22734],[127.42485,36.22908],[127.42659,36.21837],[127.42562,36.21077],[127.42229,36.20818],[127.42937,36.20538],[127.43345,36.19838],[127.443,36.19407],[127.45579,36.20112],[127.45334,36.20656],[127.46012,36.21265],[127.46872,36.21478],[127.46748,36.22136],[127.47799,36.22679],[127.47802,36.22965],[127.48988,36.2337],[127.49275,36.23806],[127.49267,36.24457],[127.48788,36.25033],[127.48997,36.25805],[127.48647,36.25935],[127.48862,36.27289],[127.4989,36.28229],[127.49113,36.29682],[127.49581,36.29898],[127.49943,36.30555],[127.49449,36.31167],[127.49938,36.31526],[127.49865,36.31886],[127.50362,36.32647],[127.50127,36.33985],[127.52041,36.35122],[127.52479,36.36131],[127.5241,36.36632],[127.52749,36.36988],[127.52522,36.37527],[127.52513,36.38671],[127.53331,36.3935],[127.53798,36.39486],[127.54087,36.40102],[127.53313,36.39975],[127.52651,36.41116],[127.51246,36.41453],[127.51185,36.40875],[127.50199,36.40864],[127.49186,36.43058],[127.49553,36.43954],[127.48972,36.44104],[127.4827,36.43243],[127.47686,36.42019],[127.46495,36.40695],[127.45762,36.4026],[127.45384,36.39497],[127.45478,36.38904],[127.45129,36.37976],[127.46372,36.36168],[127.46676,36.36006],[127.46395,36.35095],[127.45451,36.35447],[127.44156,36.3523],[127.43876,36.35896],[127.43071,36.35911],[127.42518,36.34921],[127.4196,36.34836],[127.4207,36.34454],[127.41324,36.3442],[127.41497,36.34072]]]},"properties":{"osm_id":3889016,"name":"동구","sgg_code":"30110","mois_admin":"3011000000","admin_level":6,"code_source":"osm"}},
{"type":"Feature","geometry":{"type":"Polygon","coordinates":[[[127.42229,36.20818],[127.42562,36.21077],[127.42659,36.21837],[127.42485,36.22908],[127.43107,36.22734],[127.43739,36.23148],[127.43899,36.23731],[127.44297,36.23847],[127.44127,36.24474],[127.4337,36.25437],[127.42759,36.25451],[127.4292,36.2605],[127.4394,36.27109],[127.43323,36.27626],[127.43479,36.28153],[127.42769,36.28862],[127.42839,36.29242],[127.4337,36.2917],[127.44073,36.2959],[127.45743,36.29472],[127.45529,36.30127],[127.44504,36.31132],[127.44184,36.31145],[127.43609,36.32145],[127.42163,36.33725],[127.41497,36.34072],[127.40929,36.34758],[127.40331,36.34897],[127.40109,36.33736],[127.39178,36.32959],[127.38556,36.32138],[127.38679,36.31302],[127.3818,36.30615],[127.38315,36.29828],[127.37835,36.29263],[127.37267,36.29319],[127.36763,36.28514],[127.37246,36.27217],[127.378,36.27141],[127.39041,36.26383],[127.38634,36.25109],[127.39081,36.24057],[127.38763,36.23448],[127.39948,36.23323],[127.40467,36.22226],[127.41088,36.21669],[127.408,36.21294],[127.41944,36.20716],[127.42229,36.20818]]]},"properties":{"osm_id":3889109,"name":"중구","sgg_code":"30140","mois_admin":"3014000000","admin_level":6,"code_source":"osm"}},
{"type":"Feature","geometry":{"type":"Polygon","coordinates":[[[127.37246,36.27217],[127.36763,36.28514],[127.37267,36.29319],[127.37835,36.29263],[127.38315,36.29828],[127.3818,36.30615],[127.38679,36.31302],[127.38556,36.32138],[127.39178,36.32959],[127.40109,36.33736],[127.40331,36.34897],[127.40342,36.35781],[127.3955,36.36614],[127.39554,36.37301],[127.37842,36.37257],[127.36279,36.36336],[127.35061,36.35339],[127.35032,36.34806],[127.35518,36.33215],[127.33814,36.3322],[127.33595,36.33015],[127.33658,36.32209],[127.33984,36.3147],[127.3333,36.31052],[127.33256,36.30185],[127.32225,36.29726],[127.31937,36.28822],[127.31527,36.28892],[127.31332,36.28243],[127.3085,36.27698],[127.30991,36.27224],[127.30087,36.27014],[127.29155,36.26448],[127.28515,36.26089],[127.27985,36.25298],[127.27993,36.24521],[127.28202,36.23573],[127.2879,36.23412],[127.29277,36.22937],[127.29464,36.22299],[127.30356,36.22202],[127.30275,36.22687],[127.31564,36.22098],[127.32167,36.21379],[127.3233,36.20301],[127.33244,36.20155],[127.33146,36.18423],[127.33502,36.18356],[127.34055,36.18915],[127.34364,36.19733],[127.34716,36.19759],[127.34669,36.2029],[127.35321,36.21208],[127.35746,36.2126],[127.36072,36.21883],[127.36433,36.21907],[127.36008,36.22683],[127.36343,36.23242],[127.36104,36.23462],[127.36673,36.24192],[127.36467,36.2494],[127.35987,36.25521],[127.36047,36.26286],[127.3635,36.26971],[127.37246,36.27217]]]},"properties":{"osm_id":3890427,"name":"서구","sgg_code":"30170","mois_admin":"3017000000","admin_level":6,"code_source":"osm"}},
{"type":"Feature","geometry":{"type":"Polygon","coordinates":[[[127.29155,36.26448],[127.30087,36.27014],[127.30991,36.27224],[127.3085,36.27698],[127.31332,36.28243],[127.31527,36.28892],[127.31937,36.28822],[127.32225,36.29726],[127.33256,36.30185],[127.3333,36.31052],[127.33984,36.3147],[127.33658,36.32209],[127.33595,36.33015],[127.33814,36.3322],[127.35518,36.33215],[127.35032,36.34806],[127.35061,36.35339],[127.36279,36.36336],[127.37842,36.37257],[127.39554,36.37301],[127.40713,36.37672],[127.41183,36.38292],[127.4117,36.39526],[127.41419,36.40586],[127.41872,36.41409],[127.41426,36.42239],[127.40605,36.42729],[127.38814,36.44152],[127.38782,36.44534],[127.40219,36.45667],[127.40156,36.47229],[127.4043,36.48302],[127.39576,36.49159],[127.38529,36.49999],[127.3795,36.49888],[127.3741,36.49243],[127.36656,36.48942],[127.3611,36.49121],[127.3581,36.48253],[127.36389,36.47522],[127.35607,36.46402],[127.35862,36.4559],[127.3558,36.45027],[127.34426,36.44315],[127.34016,36.43616],[127.34101,36.43097],[127.32631,36.42212],[127.3217,36.4237],[127.31637,36.4205],[127.3103,36.42488],[127.29647,36.42326],[127.29108,36.41616],[127.28212,36.4146],[127.27848,36.39719],[127.27887,36.37948],[127.28097,36.37495],[127.27747,36.36523],[127.2708,36.36179],[127.27224,36.3541],[127.27793,36.34907],[127.27561,36.34476],[127.2672,36.33885],[127.26814,36.33163],[127.25992,36.32743],[127.2579,36.31803],[127.25911,36.2959],[127.25482,36.29723],[127.24632,36.29091],[127.24999,36.28324],[127.25751,36.27715],[127.26623,36.2741],[127.27429,36.26846],[127.28305,36.26473],[127.29155,36.26448]]]},"properties":{"osm_id":3890428,"name":"유성구","sgg_code":"30200","mois_admin":"3020000000","admin_level":6,"code_source":"osm"}},
{"type":"Feature","geometry":{"type":"Polygon","coordinates":[[[127.49553,36.43954],[127.50353,36.44911],[127.50113,36.45574],[127.48568,36.45312],[127.47771,36.45878],[127.48423,36.47196],[127.48383,36.47752],[127.47882,36.47714],[127.4687,36.47189],[127.46319,36.45705],[127.45462,36.44994],[127.442,36.45112],[127.43574,36.45719],[127.4304,36.45754],[127.41023,36.45443],[127.40219,36.45667],[127.38782,36.44534],[127.38814,36.44152],[127.40605,36.42729],[127.41426,36.42239],[127.41872,36.41409],[127.41419,36.40586],[127.4117,36.39526],[127.41183,36.38292],[127.40713,36.37672],[127.39554,36.37301],[127.3955,36.36614],[127.40342,36.35781],[127.40331,36.34897],[127.40929,36.34758],[127.41497,36.34072],[127.41324,36.3442],[127.4207,36.34454],[127.4196,36.34836],[127.42518,36.34921],[127.43071,36.35911],[127.43876,36.35896],[127.44156,36.3523],[127.45451,36.35447],[127.46395,36.35095],[127.46676,36.36006],[127.46372,36.36168],[127.45129,36.37976],[127.45478,36.38904],[127.45384,36.39497],[127.45762,36.4026],[127.46495,36.40695],[127.47686,36.42019],[127.4827,36.43243],[127.48972,36.44104],[127.49553,36.43954]]]},"properties":{"osm_id":3888601,"name":"대덕구","sgg_code":"30230","mois_admin":"3023000000","admin_level":6,"code_source":"osm"}},
{"type":"Feature","geometry":{"type":"Polygon","coordinates":[[[127.39576,36.49159],[127.40983,36.49532],[127.40788,36.50015],[127.40904,36.50975],[127.40375,36.51738],[127.39764,36.52058],[127.40149,36.52365],[127.4086,36.52369],[127.40501,36.53731],[127.40182,36.54124],[127.39233,36.54001],[127.38388,36.54153],[127.38319,36.54786],[127.37271,36.55996],[127.37798,36.56294],[127.37204,36.56362],[127.37755,36.56783],[127.36826,36.5662],[127.36048,36.56228],[127.351,36.56221],[127.34713,36.56445],[127.33702,36.56284],[127.33655,36.56999],[127.32535,36.58012],[127.32006,36.58261],[127.30703,36.58305],[127.30186,36.58075],[127.29967,36.58639],[127.30442,36.59101],[127.30655,36.59984],[127.30159,36.6093],[127.2963,36.62424],[127.29201,36.62504],[127.29056,36.63689],[127.27948,36.6335],[127.27565,36.6398],[127.28278,36.64229],[127.28916,36.65932],[127.30101,36.66205],[127.30485,36.66809],[127.30763,36.68202],[127.30183,36.68574],[127.29666,36.68577],[127.28529,36.69067],[127.27771,36.69135],[127.27348,36.69527],[127.26523,36.6922],[127.25792,36.69222],[127.25122,36.69701],[127.24805,36.69505],[127.24437,36.70109],[127.23705,36.70441],[127.2364,36.70745],[127.22862,36.7082],[127.22364,36.71166],[127.22363,36.71572],[127.21814,36.71559],[127.20481,36.72088],[127.20314,36.72646],[127.1953,36.72857],[127.18766,36.72797],[127.18339,36.7305],[127.17496,36.72907],[127.16856,36.73317],[127.16073,36.72707],[127.15055,36.72829],[127.14511,36.71752],[127.14093,36.71685],[127.12799,36.70797],[127.13438,36.70679],[127.14383,36.689],[127.16035,36.69273],[127.16366,36.6812],[127.16345,36.67623],[127.15856,36.67303],[127.15436,36.66442],[127.15904,36.66135],[127.16057,36.65612],[127.15429,36.65245],[127.15314,36.64521],[127.15756,36.63917],[127.15629,36.6317],[127.16011,36.62407],[127.15499,36.62421],[127.15043,36.61975],[127.15599,36.61515],[127.15588,36.60601],[127.16272,36.60438],[127.17073,36.59917],[127.17269,36.59552],[127.17839,36.59689],[127.18432,36.5912],[127.19135,36.59394],[127.18926,36.58684],[127.19447,36.58066],[127.2004,36.58257],[127.20754,36.57765],[127.2031,36.56744],[127.19379,36.56481],[127.18611,36.55232],[127.19183,36.54603],[127.18504,36.54366],[127.17878,36.54552],[127.17424,36.54219],[127.17267,36.53614],[127.18207,36.52077],[127.17353,36.51491],[127.16999,36.50904],[127.17856,36.50258],[127.17324,36.49744],[127.17683,36.49248],[127.18831,36.49262],[127.19468,36.48959],[127.19482,36.48439],[127.19048,36.47947],[127.19475,36.46876],[127.20328,36.46498],[127.20308,36.45427],[127.1984,36.45221],[127.20134,36.44912],[127.19893,36.43988],[127.20712,36.43615],[127.21771,36.43374],[127.22511,36.42665],[127.22564,36.42229],[127.23193,36.41991],[127.24366,36.41884],[127.24315,36.41546],[127.25058,36.40684],[127.25791,36.40823],[127.25981,36.41552],[127.26549,36.41717],[127.27569,36.41395],[127.28212,36.4146],[127.29108,36.41616],[127.29647,36.42326],[127.3103,36.42488],[127.31637,36.4205],[127.3217,36.4237],[127.32631,36.42212],[127.34101,36.43097],[127.34016,36.43616],[127.34426,36.44315],[127.3558,36.45027],[127.35862,36.4559],[127.35607,36.46402],[127.36389,36.47522],[127.3581,36.48253],[127.3611,36.49121],[127.36656,36.48942],[127.3741,36.49243],[127.3795,36.49888],[127.38529,36.49999],[127.39576,36.49159]]]},"properties":{"osm_id":2349795,"name":"세종특별자치시","sgg_code":"36110","mois_admin":"3611000000","admin_level":4,"code_source":"osm"}},
{"type":"Feature","geometry":{"type":"Polygon","coordinates":[[[126.92735,37.27873],[126.92701,37.27135],[126.93066,37.26084],[126.93528,37.25708],[126.94654,37.25743],[126.95,37.25562],[126.95605,37.24655],[126.95775,37.23975],[126.96726,37.23559],[126.9728,37.2287],[126.98613,37.23409],[126.99756,37.22912],[127.02267,37.22501],[127.02324,37.23086],[127.02974,37.23249],[127.03794,37.23891],[127.04389,37.23873],[127.04606,37.23282],[127.05357,37.23367],[127.06701,37.24014],[127.06975,37.24619],[127.08007,37.24759],[127.08469,37.25657],[127.081,37.25846],[127.08624,37.2649],[127.08557,37.2707],[127.07748,37.26601],[127.06412,37.26932],[127.06888,37.27864],[127.07581,37.28279],[127.08932,37.28685],[127.08987,37.29834],[127.08578,37.29855],[127.07905,37.29304],[127.06038,37.29661],[127.06105,37.3089],[127.05748,37.31556],[127.05079,37.31579],[127.03897,37.32124],[127.03767,37.32754],[127.03128,37.33863],[127.03324,37.34442],[127.01803,37.35098],[127.01289,37.34764],[127.00897,37.33885],[127.00006,37.33851],[126.98948,37.3323],[126.98911,37.32989],[126.98081,37.32663],[126.9713,37.3317],[126.96678,37.32316],[126.96681,37.30986],[126.96166,37.30228],[126.95434,37.3031],[126.95088,37.30044],[126.94296,37.3004],[126.93295,37.30307],[126.93235,37.30085],[126.93944,37.29511],[126.93307,37.29166],[126.92907,37.28592],[126.92735,37.27873]]]},"properties":{"osm_id":2409182,"name":"수원시","sgg_code":"41110","mois_admin":"4111000000","admin_level":6,"code_source":"osm"}},
{"type":"Feature","geometry":{"type":"Polygon","coordinates":[[[127.18098,37.47333],[127.16896,37.46881],[127.163,37.47154],[127.14696,37.47385],[127.1326,37.47471],[127.13266,37.46823],[127.12281,37.46701],[127.11421,37.46121],[127.10398,37.46271],[127.09645,37.45648],[127.08817,37.44899],[127.08847,37.44517],[127.08234,37.44118],[127.07161,37.44193],[127.07401,37.4372],[127.07066,37.43018],[127.05161,37.42871],[127.04753,37.43059],[127.04247,37.42797],[127.04411,37.42207],[127.04216,37.41562],[127.04684,37.41337],[127.04234,37.40773],[127.04375,37.40426],[127.03772,37.40108],[127.03865,37.39003],[127.03392,37.38869],[127.03078,37.37922],[127.0275,37.379],[127.0278,37.37229],[127.04618,37.36836],[127.05301,37.3609],[127.06363,37.36032],[127.0734,37.35569],[127.07583,37.35025],[127.08668,37.35129],[127.1105,37.33441],[127.11678,37.33344],[127.12277,37.33702],[127.13634,37.33964],[127.13662,37.34486],[127.13248,37.3491],[127.13501,37.35833],[127.15019,37.36135],[127.16087,37.37386],[127.16169,37.37971],[127.16891,37.38145],[127.17681,37.38725],[127.16839,37.39249],[127.16836,37.39491],[127.17715,37.40902],[127.17696,37.41465],[127.18489,37.41535],[127.19137,37.42206],[127.19523,37.43103],[127.19366,37.43916],[127.19596,37.44388],[127.19394,37.45287],[127.18938,37.45835],[127.18477,37.45881],[127.18156,37.46436],[127.18098,37.47333]]]},"properties":{"osm_id":2409180,"name":"성남시","sgg_code":"41130","mois_admin":"4113000000","admin_level":6,"code_source":"osm"}},
{"type":"Feature","geometry":{"type":"Polygon","coordinates":[[[127.01546,37.70148],[127.02891,37.6999],[127.03242,37.69185],[127.04105,37.69528],[127.04836,37.69392],[127.05151,37.68594],[127.06347,37.69487],[127.07313,37.69384],[127.08107,37.69622],[127.08428,37.70195],[127.09658,37.70226],[127.10907,37.70861],[127.11254,37.71773],[127.12335,37.72209],[127.12594,37.72769],[127.12375,37.73903],[127.12872,37.74808],[127.13641,37.74958],[127.14253,37.74794],[127.14656,37.75004],[127.14634,37.75537],[127.13963,37.76409],[127.13381,37.76218],[127.12577,37.76399],[127.12918,37.76718],[127.12478,37.77336],[127.11607,37.7728],[127.11519,37.77697],[127.10443,37.77965],[127.09117,37.77618],[127.06962,37.76514],[127.06098,37.7622],[127.05114,37.76114],[127.04131,37.7668],[127.03341,37.76836],[127.0279,37.76661],[127.01769,37.76866],[127.00837,37.76244],[127.00161,37.76141],[127.00245,37.75515],[127.0062,37.7504],[127.00214,37.74054],[127.01228,37.72608],[127.01051,37.72188],[127.0124,37.71314],[127.0186,37.70532],[127.01546,37.70148]]]},"properties":{"osm_id":2409183,"name":"의정부시","sgg_code":"41150","mois_admin":"4115000000","admin_level":6,"code_source":"osm"}},
{"type":"Feature","geometry":{"type":"Polygon","coordinates":[[[126.98246,37.4006],[126.97566,37.40658],[126.97307,37.4159],[126.96356,37.4193],[126.96093,37.42588],[126.96546,37.43933],[126.96367,37.441],[126.94818,37.439],[126.93887,37.43538],[126.93829,37.44054],[126.93166,37.44541],[126.92909,37.4502],[126.91855,37.44028],[126.91411,37.44],[126.90877,37.43367],[126.90297,37.43405],[126.89898,37.4387],[126.89806,37.43152],[126.89381,37.42035],[126.88768,37.41085],[126.87838,37.40926],[126.87136,37.41283],[126.87044,37.40704],[126.87788,37.40536],[126.87731,37.40201],[126.87696,37.39361],[126.88234,37.3763],[126.8911,37.37502],[126.89245,37.36708],[126.89729,37.35802],[126.90457,37.35699],[126.91049,37.36567],[126.91425,37.37508],[126.91771,37.37685],[126.93244,37.37767],[126.94007,37.37585],[126.94096,37.37931],[126.94668,37.37565],[126.9471,37.36997],[126.9522,37.36595],[126.95703,37.36589],[126.96215,37.3616],[126.96508,37.37176],[126.97273,37.38113],[126.97263,37.38673],[126.98187,37.39413],[126.98246,37.4006]]]},"properties":{"osm_id":2409161,"name":"안양시","sgg_code":"41170","mois_admin":"4117000000","admin_level":6,"code_source":"osm"}},
{"type":"Feature","geometry":{"type":"Polygon","coordinates":[[[126.82608,37.45934],[126.83292,37.46576],[126.83305,37.47725],[126.8195,37.47636],[126.81466,37.47458],[126.82006,37.48182],[126.81899,37.48571],[126.82269,37.49],[126.81456,37.49317],[126.81416,37.49816],[126.82162,37.5021],[126.82154,37.50995],[126.82406,37.51048],[126.8231,37.51622],[126.82815,37.52583],[126.82192,37.53483],[126.82205,37.54066],[126.81232,37.54076],[126.80721,37.54354],[126.80164,37.54252],[126.79944,37.53773],[126.7945,37.53573],[126.79401,37.54009],[126.78728,37.54609],[126.77168,37.54831],[126.76624,37.55432],[126.76386,37.54287],[126.76003,37.53536],[126.76028,37.52412],[126.76034,37.51597],[126.75315,37.51677],[126.74566,37.51472],[126.7417,37.50894],[126.74391,37.50166],[126.7417,37.49518],[126.74229,37.48687],[126.75002,37.4854],[126.7603,37.47633],[126.76771,37.47167],[126.7782,37.4718],[126.78426,37.47232],[126.78929,37.46555],[126.79485,37.46568],[126.81232,37.4591],[126.82608,37.45934]]]},"properties":{"osm_id":2409162,"name":"부천시","sgg_code":"41190","mois_admin":"4119000000","admin_level":6,"code_source":"osm"}},
{"type":"Feature","geometry":{"type":"Polygon","coordinates":[[[126.82608,37.45934],[126.83458,37.4598],[126.83827,37.4573],[126.83809,37.43687],[126.84472,37.42145],[126.84616,37.41286],[126.85297,37.40831],[126.8551,37.40345],[126.86205,37.40151],[126.87731,37.40201],[126.87788,37.40536],[126.87044,37.40704],[126.87136,37.41283],[126.87838,37.40926],[126.88768,37.41085],[126.89381,37.42035],[126.89806,37.43152],[126.89898,37.4387],[126.89398,37.45272],[126.88964,37.45232],[126.88275,37.46439],[126.88432,37.46647],[126.87801,37.47383],[126.87184,37.48525],[126.87453,37.48532],[126.87679,37.48851],[126.8704,37.48954],[126.86982,37.49572],[126.85366,37.4826],[126.84684,37.48175],[126.84504,37.47425],[126.83465,37.47442],[126.83305,37.47725],[126.83292,37.46576],[126.82608,37.45934]]]},"properties":{"osm_id":2409171,"name":"광명시","sgg_code":"41210","mois_admin":"4121000000","admin_level":6,"code_source":"osm"}},
{"type":"Feature","geometry":{"type":"Polygon","coordinates":[[[127.03523,37.13606],[127.01759,37.12993],[127.00148,37.12689],[126.99737,37.11582],[126.9963,37.1077],[126.99983,37.09104],[126.99194,37.08511],[126.99542,37.07007],[126.98438,37.07178],[126.9753,37.07081],[126.96908,37.07307],[126.96412,37.06772],[126.94913,37.06885],[126.94855,37.06149],[126.94015,37.06081],[126.93173,37.06244],[126.92831,37.06812],[126.91996,37.06511],[126.90593,37.06947],[126.90521,37.07369],[126.90115,37.07021],[126.89153,37.06711],[126.88385,37.06671],[126.87882,37.05452],[126.86992,37.0431],[126.8605,37.02882],[126.85239,37.01984],[126.84267,37.01401],[126.81566,37.01308],[126.79752,37.0142],[126.78705,37.01295],[126.77904,37.0076],[126.78959,36.9946],[126.79458,36.99745],[126.80947,36.99595],[126.8042,36.99025],[126.8089,36.98873],[126.81211,36.9951],[126.82355,36.99137],[126.82061,36.98551],[126.82358,36.98407],[126.84955,36.94651],[126.86544,36.93938],[126.86727,36.93345],[126.83785,36.92896],[126.83589,36.92981],[126.83222,36.94155],[126.84044,36.94378],[126.83419,36.94982],[126.82912,36.94752],[126.8307,36.94493],[126.83934,36.91726],[126.84694,36.90964],[126.85699,36.90822],[126.90507,36.91548],[126.9092,36.90365],[126.92097,36.90794],[126.94011,36.91693],[126.97445,36.92661],[126.98455,36.93362],[126.99544,36.93545],[127.01591,36.93446],[127.03205,36.92844],[127.03802,36.93251],[127.0509,36.9347],[127.06082,36.93954],[127.07223,36.93969],[127.07582,36.94029],[127.086,36.94783],[127.09443,36.94765],[127.1007,36.95273],[127.09595,36.95568],[127.10225,36.965],[127.1068,36.96594],[127.11237,36.97316],[127.12021,36.97035],[127.12531,36.97592],[127.14114,36.97974],[127.13641,36.98476],[127.13138,36.98559],[127.13566,36.99328],[127.14457,36.99718],[127.15399,36.99769],[127.15118,37.00486],[127.14499,37.00925],[127.1452,37.01676],[127.15244,37.02167],[127.15235,37.02838],[127.14381,37.03268],[127.12637,37.03361],[127.12221,37.03514],[127.1168,37.02707],[127.10556,37.03518],[127.10982,37.04089],[127.11932,37.04615],[127.12756,37.05303],[127.13014,37.05824],[127.12498,37.06472],[127.11894,37.06204],[127.11503,37.06472],[127.10358,37.06619],[127.10362,37.07589],[127.12091,37.07616],[127.12631,37.08156],[127.12373,37.09031],[127.11251,37.11365],[127.10973,37.11743],[127.10894,37.12651],[127.11486,37.1298],[127.12072,37.12921],[127.1206,37.13925],[127.12282,37.1447],[127.11372,37.14459],[127.10631,37.1418],[127.10369,37.14347],[127.09759,37.13673],[127.08703,37.13749],[127.09069,37.13033],[127.08886,37.12741],[127.07122,37.12558],[127.06644,37.12713],[127.06496,37.13193],[127.05545,37.13339],[127.04568,37.12636],[127.03523,37.13606]]]},"properties":{"osm_id":2409179,"name":"평택시","sgg_code":"41220","mois_admin":"4122000000","admin_level":6,"code_source":"osm"}},
{"type":"Feature","geometry":{"type":"Polygon","coordinates":[[[127.09165,37.97142],[127.08544,37.97521],[127.07686,37.97666],[127.06843,37.9752],[127.06444,37.97863],[127.0538,37.98065],[127.04507,37.97295],[127.04551,37.96966],[127.03995,37.95789],[127.02914,37.95586],[127.02783,37.94357],[127.01691,37.93663],[127.01454,37.93054],[127.00998,37.92821],[127.01317,37.91852],[127.00775,37.91608],[127.01157,37.90362],[127.03754,37.89544],[127.04485,37.89559],[127.04773,37.88493],[127.0592,37.86903],[127.0741,37.87268],[127.09213,37.87146],[127.10729,37.86252],[127.10893,37.8586],[127.11159,37.86495],[127.12317,37.86698],[127.12845,37.87407],[127.14699,37.87651],[127.1495,37.88512],[127.1553,37.8956],[127.14946,37.89817],[127.14641,37.90293],[127.14677,37.91089],[127.13292,37.91593],[127.12018,37.91788],[127.11967,37.92177],[127.11152,37.93178],[127.10817,37.93887],[127.09589,37.9436],[127.09843,37.95599],[127.09217,37.95932],[127.09409,37.96807],[127.09165,37.97142]]]},"properties":{"osm_id":2409163,"name":"동두천시","sgg_code":"41250","mois_admin":"4125000000","admin_level":6,"code_source":"osm"}},
{"type":"Feature","geometry":{"type":"MultiPolygon","coordinates":[[[[126.63289,37.30877],[126.62863,37.31793],[126.60618,37.31259],[126.60525,37.3092],[126.57781,37.29305],[126.56458,37.27828],[126.55536,37.27698],[126.55772,37.2808],[126.53859,37.28619],[126.53906,37.28273],[126.54836,37.28005],[126.55111,37.2735],[126.55875,37.26642],[126.55937,37.25764],[126.56342,37.2564],[126.56014,37.24853],[126.5612,37.24197],[126.56735,37.23701],[126.55852,37.2361],[126.5539,37.23339],[126.54303,37.23417],[126.54091,37.22897],[126.54673,37.22111],[126.54971,37.2235],[126.55706,37.21802],[126.55321,37.21436],[126.54331,37.21437],[126.54429,37.20585],[126.5397,37.20699],[126.53381,37.19921],[126.53725,37.19789],[126.54224,37.20535],[126.5497,37.20553],[126.55742,37.20151],[126.56218,37.19438],[126.56916,37.19923],[126.56944,37.20673],[126.57595,37.21671],[126.5766,37.22199],[126.5867,37.22065],[126.58927,37.21392],[126.6006,37.21696],[126.60221,37.21444],[126.61395,37.20779],[126.61126,37.21908],[126.60194,37.22431],[126.59151,37.23397],[126.60029,37.22823],[126.60242,37.23036],[126.61034,37.22941],[126.6109,37.23397],[126.61896,37.22958],[126.62105,37.2359],[126.62642,37.21906],[126.63745,37.21665],[126.64675,37.21106],[126.64178,37.20434],[126.64272,37.18968],[126.64977,37.1915],[126.65557,37.2046],[126.65774,37.2254],[126.64326,37.24674],[126.64161,37.25583],[126.64865,37.26849],[126.64822,37.27245],[126.64275,37.27875],[126.62912,37.28807],[126.62597,37.29485],[126.63289,37.30877]]],[[[126.93024,37.30714],[126.91676,37.30504],[126.91561,37.31553],[126.90778,37.32172],[126.89161,37.31967],[126.88816,37.31775],[126.88341,37.32085],[126.87767,37.31942],[126.87348,37.3233],[126.87366,37.32914],[126.88538,37.33821],[126.88834,37.34929],[126.89729,37.35802],[126.89245,37.36708],[126.8911,37.37502],[126.88234,37.3763],[126.86531,37.36198],[126.85445,37.36031],[126.84829,37.36492],[126.83131,37.36186],[126.82378,37.36558],[126.81607,37.35534],[126.81404,37.3575],[126.80501,37.35356],[126.7951,37.35518],[126.79011,37.35114],[126.793,37.34362],[126.78449,37.33685],[126.78332,37.34046],[126.76493,37.34246],[126.74971,37.33338],[126.74657,37.32475],[126.73856,37.32968],[126.71174,37.30256],[126.73469,37.29761],[126.74246,37.29682],[126.76209,37.29178],[126.78391,37.29097],[126.80493,37.29487],[126.81215,37.29464],[126.82425,37.28706],[126.82716,37.27869],[126.83669,37.27685],[126.84086,37.2684],[126.8465,37.26553],[126.85733,37.2734],[126.86393,37.27232],[126.86108,37.27855],[126.86308,37.28114],[126.87375,37.27985],[126.87943,37.28529],[126.88961,37.28179],[126.89299,37.2864],[126.90069,37.29131],[126.91297,37.2915],[126.91766,37.28522],[126.92735,37.27873],[126.92907,37.28592],[126.93307,37.29166],[126.93944,37.29511],[126.93235,37.30085],[126.93295,37.30307],[126.93024,37.30714]]],[[[126.45546,37.09026],[126.46181,37.08814],[126.45824,37.09313],[126.45546,37.09026]]],[[[126.44879,37.09572],[126.4543,37.09729],[126.44958,37.1033],[126.44879,37.09572]]],[[[126.38785,37.10254],[126.39219,37.09917],[126.39521,37.1023],[126.3927,37.11271],[126.38557,37.11655],[126.3804,37.11425],[126.37986,37.10575],[126.38785,37.10254]]]]},"properties":{"osm_id":2409159,"name":"안산시","sgg_code":"41270","mois_admin":"4127000000","admin_level":6,"code_source":"osm"}},
{"type":"Feature","geometry":{"type":"Polygon","coordinates":[[[126.88203,37.59083],[126.88779,37.59425],[126.88652,37.58876],[126.89689,37.58864],[126.90185,37.59517],[126.90033,37.61119],[126.9091,37.62818],[126.90614,37.63321],[126.91115,37.63593],[126.9123,37.64426],[126.89836,37.65135],[126.91079,37.64773],[126.91404,37.64509],[126.92304,37.64597],[126.92889,37.65024],[126.93592,37.65092],[126.9399,37.65645],[126.94689,37.65897],[126.95721,37.65285],[126.95916,37.64229],[126.96338,37.63315],[126.95848,37.62937],[126.97526,37.63164],[126.98452,37.63654],[126.98399,37.64955],[126.97971,37.65619],[126.99421,37.66629],[126.99119,37.67928],[126.98065,37.6856],[126.97295,37.68603],[126.96499,37.69204],[126.95408,37.69287],[126.95105,37.68813],[126.94538,37.68598],[126.9426,37.68042],[126.94223,37.67212],[126.92034,37.67168],[126.91103,37.66868],[126.9077,37.67033],[126.913,37.67608],[126.91423,37.6852],[126.92231,37.70021],[126.92527,37.70862],[126.92069,37.71381],[126.92491,37.71978],[126.92204,37.73178],[126.93065,37.73607],[126.92917,37.74851],[126.92295,37.74702],[126.90951,37.747],[126.90096,37.7372],[126.90275,37.7287],[126.88647,37.72483],[126.87305,37.72682],[126.87179,37.73016],[126.85628,37.73544],[126.84139,37.73126],[126.83937,37.72865],[126.83164,37.72895],[126.81432,37.72344],[126.80052,37.73078],[126.79846,37.73703],[126.79393,37.73457],[126.79386,37.72611],[126.77817,37.71598],[126.77444,37.71141],[126.7734,37.70386],[126.76793,37.70692],[126.75974,37.70305],[126.75571,37.70529],[126.7502,37.70302],[126.7402,37.70648],[126.7383,37.70435],[126.72499,37.70455],[126.72091,37.70165],[126.70079,37.69692],[126.68996,37.68863],[126.68242,37.69631],[126.67062,37.70098],[126.66979,37.69171],[126.67273,37.67796],[126.67809,37.67149],[126.69201,37.6641],[126.73631,37.64303],[126.74605,37.63522],[126.75515,37.63189],[126.77101,37.62379],[126.80311,37.6046],[126.81755,37.59535],[126.81934,37.59281],[126.84758,37.57619],[126.85363,37.57179],[126.85363,37.5738],[126.87587,37.57909],[126.87793,37.58625],[126.88203,37.59083]]]},"properties":{"osm_id":2409166,"name":"고양시","sgg_code":"41280","mois_admin":"4128000000","admin_level":6,"code_source":"osm"}},
{"type":"Feature","geometry":{"type":"Polygon","coordinates":[[[126.98246,37.4006],[126.98513,37.40623],[126.99198,37.4077],[126.99962,37.40456],[127.01332,37.41373],[127.02751,37.41172],[127.04216,37.41562],[127.04411,37.42207],[127.04247,37.42797],[127.04753,37.43059],[127.04077,37.43837],[127.03595,37.43905],[127.03779,37.44367],[127.03564,37.45319],[127.03723,37.45597],[127.03118,37.46575],[127.0263,37.45799],[127.01515,37.4548],[127.01097,37.4554],[127.00312,37.46731],[126.99659,37.46687],[126.99655,37.46221],[126.98854,37.45795],[126.98233,37.45661],[126.98097,37.45314],[126.97286,37.448],[126.96398,37.44492],[126.96367,37.441],[126.96546,37.43933],[126.96093,37.42588],[126.96356,37.4193],[126.97307,37.4159],[126.97566,37.40658],[126.98246,37.4006]]]},"properties":{"osm_id":2409169,"name":"과천시","sgg_code":"41290","mois_admin":"4129000000","admin_level":6,"code_source":"osm"}},
{"type":"Feature","geometry":{"type":"Polygon","coordinates":[[[127.10573,37.62087],[127.11603,37.61938],[127.11821,37.60376],[127.11394,37.59932],[127.11606,37.59441],[127.11027,37.58889],[127.10843,37.58319],[127.10418,37.58122],[127.10096,37.57343],[127.10398,37.57116],[127.10124,37.56091],[127.10448,37.55564],[127.11312,37.56023],[127.11517,37.55648],[127.11734,37.55946],[127.12861,37.56616],[127.13767,37.56842],[127.14895,37.56843],[127.16821,37.57898],[127.17149,37.58193],[127.16224,37.58467],[127.16091,37.58826],[127.16819,37.59056],[127.1684,37.59369],[127.15402,37.59708],[127.15124,37.59975],[127.14582,37.6126],[127.14296,37.6255],[127.14909,37.63355],[127.14964,37.63892],[127.14623,37.64407],[127.14083,37.64603],[127.1309,37.64092],[127.11556,37.64381],[127.11109,37.64257],[127.11196,37.63253],[127.10531,37.62706],[127.10573,37.62087]]]},"properties":{"osm_id":2409168,"name":"구리시","sgg_code":"41310","mois_admin":"4131000000","admin_level":6,"code_source":"osm"}},
{"type":"Feature","geometry":{"type":"Polygon","coordinates":[[[127.14634,37.75537],[127.14656,37.75004],[127.14253,37.74794],[127.13641,37.74958],[127.12872,37.74808],[127.12375,37.73903],[127.12594,37.72769],[127.12335,37.72209],[127.11254,37.71773],[127.10907,37.70861],[127.09658,37.70226],[127.08428,37.70195],[127.08107,37.69622],[127.08555,37.69061],[127.09637,37.68892],[127.09174,37.67861],[127.09483,37.67514],[127.09559,37.66813],[127.09147,37.6578],[127.09431,37.65374],[127.0928,37.64564],[127.1071,37.64494],[127.11109,37.64257],[127.11556,37.64381],[127.1309,37.64092],[127.14083,37.64603],[127.14623,37.64407],[127.14964,37.63892],[127.14909,37.63355],[127.14296,37.6255],[127.14582,37.6126],[127.15124,37.59975],[127.15402,37.59708],[127.1684,37.59369],[127.16819,37.59056],[127.16091,37.58826],[127.16224,37.58467],[127.17149,37.58193],[127.18339,37.5916],[127.19649,37.59126],[127.20215,37.5892],[127.2135,37.57675],[127.21982,37.57375],[127.22006,37.56677],[127.23228,37.55991],[127.23756,37.54685],[127.26443,37.53243],[127.2814,37.52522],[127.28562,37.51458],[127.28705,37.5072],[127.29484,37.50568],[127.30216,37.50864],[127.30677,37.51472],[127.30676,37.51951],[127.30594,37.52751],[127.30885,37.54436],[127.31915,37.55564],[127.32971,37.57216],[127.34174,37.59311],[127.34663,37.61841],[127.35509,37.63126],[127.36582,37.64045],[127.36984,37.64598],[127.37708,37.66131],[127.37952,37.67326],[127.37468,37.6816],[127.36672,37.6898],[127.3727,37.6918],[127.36085,37.69459],[127.35326,37.70398],[127.35525,37.72373],[127.34481,37.72761],[127.33902,37.74178],[127.33124,37.75015],[127.33432,37.75268],[127.31852,37.76728],[127.31019,37.76832],[127.30274,37.77337],[127.29262,37.77619],[127.27448,37.77415],[127.26632,37.78029],[127.25987,37.76847],[127.23716,37.76291],[127.22902,37.75482],[127.22453,37.75333],[127.21371,37.76064],[127.21016,37.76825],[127.20659,37.76334],[127.20269,37.765],[127.19626,37.76161],[127.18478,37.76476],[127.177,37.75774],[127.17229,37.75724],[127.17163,37.75051],[127.16427,37.74697],[127.1546,37.75011],[127.14634,37.75537]]]},"properties":{"osm_id":2409175,"name":"남양주시","sgg_code":"41360","mois_admin":"4136000000","admin_level":6,"code_source":"osm"}},
{"type":"Feature","geometry":{"type":"Polygon","coordinates":[[[127.10369,37.14347],[127.09978,37.14708],[127.09815,37.15573],[127.0933,37.15955],[127.07617,37.16214],[127.07133,37.16828],[127.07117,37.18401],[127.06521,37.18636],[127.06444,37.19907],[127.04657,37.19602],[127.03708,37.19981],[127.02815,37.2002],[127.01219,37.19268],[127.0019,37.18197],[127.00478,37.18057],[126.99508,37.17532],[127.00668,37.16802],[127.01654,37.16781],[127.02779,37.16315],[127.03076,37.15634],[127.02849,37.14778],[127.03523,37.13606],[127.04568,37.12636],[127.05545,37.13339],[127.06496,37.13193],[127.06644,37.12713],[127.07122,37.12558],[127.08886,37.12741],[127.09069,37.13033],[127.08703,37.13749],[127.09759,37.13673],[127.10369,37.14347]]]},"properties":{"osm_id":2409176,"name":"오산시","sgg_code":"41370","mois_admin":"4137000000","admin_level":6,"code_source":"osm"}},
{"type":"Feature","geometry":{"type":"Polygon","coordinates":[[[126.7782,37.4718],[126.77882,37.45187],[126.77331,37.45057],[126.76816,37.44354],[126.7716,37.43155],[126.76886,37.42744],[126.75845,37.42655],[126.75333,37.42266],[126.75535,37.41737],[126.75259,37.40959],[126.7457,37.40068],[126.74126,37.39775],[126.73396,37.38936],[126.74086,37.38705],[126.74128,37.38289],[126.72968,37.38565],[126.70074,37.35486],[126.70322,37.35134],[126.69343,37.34822],[126.68852,37.34883],[126.68574,37.34114],[126.6913,37.33922],[126.68763,37.33442],[126.62863,37.31793],[126.63289,37.30877],[126.71174,37.30256],[126.73856,37.32968],[126.74657,37.32475],[126.74971,37.33338],[126.76493,37.34246],[126.78332,37.34046],[126.78449,37.33685],[126.793,37.34362],[126.79011,37.35114],[126.7951,37.35518],[126.80501,37.35356],[126.81404,37.3575],[126.81607,37.35534],[126.82378,37.36558],[126.83131,37.36186],[126.84829,37.36492],[126.85445,37.36031],[126.86531,37.36198],[126.88234,37.3763],[126.87696,37.39361],[126.87731,37.40201],[126.86205,37.40151],[126.8551,37.40345],[126.85297,37.40831],[126.84616,37.41286],[126.84472,37.42145],[126.83809,37.43687],[126.83827,37.4573],[126.83458,37.4598],[126.82608,37.45934],[126.81232,37.4591],[126.79485,37.46568],[126.78929,37.46555],[126.78426,37.47232],[126.7782,37.4718]]]},"properties":{"osm_id":2409181,"name":"시흥시","sgg_code":"41390","mois_admin":"4139000000","admin_level":6,"code_source":"osm"}},
{"type":"Feature","geometry":{"type":"Polygon","coordinates":[[[126.89729,37.35802],[126.88834,37.34929],[126.88538,37.33821],[126.87366,37.32914],[126.87348,37.3233],[126.87767,37.31942],[126.88341,37.32085],[126.88816,37.31775],[126.89161,37.31967],[126.90778,37.32172],[126.91561,37.31553],[126.91676,37.30504],[126.93024,37.30714],[126.93296,37.30833],[126.92924,37.31672],[126.93785,37.32292],[126.94534,37.3203],[126.94758,37.32645],[126.94843,37.34024],[126.95306,37.34087],[126.9615,37.34965],[126.96215,37.3616],[126.95703,37.36589],[126.9522,37.36595],[126.9471,37.36997],[126.94668,37.37565],[126.94096,37.37931],[126.94007,37.37585],[126.93244,37.37767],[126.91771,37.37685],[126.91425,37.37508],[126.91049,37.36567],[126.90457,37.35699],[126.89729,37.35802]]]},"properties":{"osm_id":2409167,"name":"군포시","sgg_code":"41410","mois_admin":"4141000000","admin_level":6,"code_source":"osm"}},
{"type":"Feature","geometry":{"type":"Polygon","coordinates":[[[127.01803,37.35098],[127.0162,37.35753],[127.02374,37.36363],[127.0278,37.37229],[127.0275,37.379],[127.03078,37.37922],[127.03392,37.38869],[127.03865,37.39003],[127.03772,37.40108],[127.04375,37.40426],[127.04234,37.40773],[127.04684,37.41337],[127.04216,37.41562],[127.02751,37.41172],[127.01332,37.41373],[126.99962,37.40456],[126.99198,37.4077],[126.98513,37.40623],[126.98246,37.4006],[126.98187,37.39413],[126.97263,37.38673],[126.97273,37.38113],[126.96508,37.37176],[126.96215,37.3616],[126.9615,37.34965],[126.95306,37.34087],[126.94843,37.34024],[126.94758,37.32645],[126.94534,37.3203],[126.93785,37.32292],[126.92924,37.31672],[126.93296,37.30833],[126.93024,37.30714],[126.93295,37.30307],[126.94296,37.3004],[126.95088,37.30044],[126.95434,37.3031],[126.96166,37.30228],[126.96681,37.30986],[126.96678,37.32316],[126.9713,37.3317],[126.98081,37.32663],[126.98911,37.32989],[126.98948,37.3323],[127.00006,37.33851],[127.00897,37.33885],[127.01289,37.34764],[127.01803,37.35098]]]},"properties":{"osm_id":2409184,"name":"의왕시","sgg_code":"41430","mois_admin":"4143000000","admin_level":6,"code_source":"osm"}},
{"type":"Feature","geometry":{"type":"Polygon","coordinates":[[[127.18098,37.47333],[127.17539,37.47674],[127.1757,37.48535],[127.18839,37.48038],[127.19843,37.4796],[127.20022,37.48344],[127.20668,37.48035],[127.21554,37.48228],[127.22839,37.47747],[127.24458,37.47657],[127.24695,37.48094],[127.24485,37.48548],[127.25258,37.485],[127.25857,37.48983],[127.25323,37.50325],[127.25437,37.50626],[127.26865,37.50646],[127.27616,37.50844],[127.2803,37.5133],[127.28562,37.51458],[127.2814,37.52522],[127.26443,37.53243],[127.23756,37.54685],[127.23228,37.55991],[127.22006,37.56677],[127.21982,37.57375],[127.2135,37.57675],[127.20215,37.5892],[127.19649,37.59126],[127.18339,37.5916],[127.17149,37.58193],[127.16821,37.57898],[127.17692,37.58084],[127.17614,37.5741],[127.18151,37.56227],[127.1828,37.54668],[127.16317,37.54498],[127.15354,37.53367],[127.15317,37.52913],[127.14579,37.52196],[127.14504,37.51691],[127.13994,37.50862],[127.1413,37.5054],[127.16113,37.50044],[127.15838,37.48957],[127.14867,37.48403],[127.14696,37.47385],[127.163,37.47154],[127.16896,37.46881],[127.18098,37.47333]]]},"properties":{"osm_id":2409172,"name":"하남시","sgg_code":"41450","mois_admin":"4145000000","admin_level":6,"code_source":"osm"}},
{"type":"Feature","geometry":{"type":"Polygon","coordinates":[[[127.12282,37.1447],[127.1206,37.13925],[127.12072,37.12921],[127.11486,37.1298],[127.10894,37.12651],[127.10973,37.11743],[127.11251,37.11365],[127.12373,37.09031],[127.13578,37.0917],[127.14249,37.08774],[127.14487,37.09101],[127.16166,37.0894],[127.1661,37.08629],[127.17633,37.08771],[127.18595,37.08364],[127.19502,37.08929],[127.19748,37.09627],[127.20948,37.10584],[127.20832,37.11106],[127.22522,37.11349],[127.23361,37.11747],[127.23577,37.12141],[127.25014,37.12272],[127.25284,37.12811],[127.25049,37.13415],[127.25382,37.13801],[127.25069,37.1454],[127.25536,37.15129],[127.26372,37.15589],[127.26885,37.15431],[127.26791,37.14936],[127.27357,37.1432],[127.27425,37.13366],[127.287,37.13235],[127.29303,37.1233],[127.2974,37.11997],[127.29941,37.11177],[127.31059,37.10531],[127.31578,37.10871],[127.32647,37.11936],[127.33008,37.11856],[127.33362,37.11198],[127.33981,37.10995],[127.34477,37.10332],[127.35179,37.10045],[127.35906,37.10759],[127.37312,37.10586],[127.3769,37.10117],[127.38077,37.10583],[127.39049,37.1079],[127.39691,37.10119],[127.39886,37.09539],[127.40546,37.09429],[127.4153,37.08893],[127.41604,37.09603],[127.4241,37.10002],[127.42104,37.10651],[127.42504,37.11327],[127.41652,37.11464],[127.41229,37.11921],[127.42085,37.12609],[127.42678,37.13729],[127.42745,37.1468],[127.42418,37.15163],[127.41663,37.15145],[127.41194,37.15495],[127.41032,37.16744],[127.41386,37.17334],[127.40999,37.18387],[127.40159,37.17995],[127.38417,37.18201],[127.37216,37.18581],[127.37853,37.19523],[127.36916,37.20484],[127.36123,37.20023],[127.3474,37.20453],[127.34161,37.20821],[127.3374,37.21722],[127.33003,37.22205],[127.33364,37.22745],[127.33485,37.23868],[127.33122,37.24255],[127.33241,37.2482],[127.3387,37.25294],[127.33505,37.25724],[127.34047,37.26202],[127.33869,37.27055],[127.33031,37.27021],[127.32248,37.27404],[127.31095,37.27344],[127.30374,37.27061],[127.30256,37.26688],[127.29653,37.26527],[127.29207,37.27164],[127.28168,37.26864],[127.27599,37.2734],[127.28173,37.27781],[127.27758,37.28974],[127.28155,37.29761],[127.27728,37.30885],[127.28301,37.31587],[127.2798,37.33135],[127.28297,37.3363],[127.28296,37.34548],[127.27545,37.34316],[127.26503,37.34268],[127.26167,37.34806],[127.25221,37.35121],[127.24691,37.35565],[127.24102,37.3535],[127.23806,37.36042],[127.22861,37.3589],[127.22496,37.35525],[127.2167,37.35465],[127.22363,37.34613],[127.21998,37.34692],[127.21681,37.34067],[127.20831,37.33088],[127.20147,37.32861],[127.19744,37.33354],[127.19818,37.34112],[127.19162,37.34724],[127.17876,37.34322],[127.17732,37.34447],[127.16206,37.34332],[127.14186,37.33631],[127.13634,37.33964],[127.12277,37.33702],[127.11678,37.33344],[127.1105,37.33441],[127.08668,37.35129],[127.07583,37.35025],[127.0734,37.35569],[127.06363,37.36032],[127.05301,37.3609],[127.04618,37.36836],[127.0278,37.37229],[127.02374,37.36363],[127.0162,37.35753],[127.01803,37.35098],[127.03324,37.34442],[127.03128,37.33863],[127.03767,37.32754],[127.03897,37.32124],[127.05079,37.31579],[127.05748,37.31556],[127.06105,37.3089],[127.06038,37.29661],[127.07905,37.29304],[127.08578,37.29855],[127.08987,37.29834],[127.08932,37.28685],[127.07581,37.28279],[127.06888,37.27864],[127.06412,37.26932],[127.07748,37.26601],[127.08557,37.2707],[127.08624,37.2649],[127.081,37.25846],[127.08469,37.25657],[127.08007,37.24759],[127.06975,37.24619],[127.06701,37.24014],[127.06969,37.22858],[127.07258,37.2291],[127.07958,37.2218],[127.08879,37.21619],[127.10395,37.21973],[127.11738,37.22002],[127.13785,37.21564],[127.14977,37.21977],[127.15126,37.21424],[127.15718,37.20729],[127.15181,37.19919],[127.16209,37.19068],[127.15876,37.1832],[127.16051,37.18042],[127.14759,37.1695],[127.13371,37.16941],[127.13389,37.16496],[127.12886,37.16211],[127.13078,37.15139],[127.128,37.14529],[127.12282,37.1447]]]},"properties":{"osm_id":2409189,"name":"용인시","sgg_code":"41460","mois_admin":"4146000000","admin_level":6,"code_source":"osm"}},
{"type":"Feature","geometry":{"type":"Polygon","coordinates":[[[126.67062,37.70098],[126.68242,37.69631],[126.68996,37.68863],[126.70079,37.69692],[126.72091,37.70165],[126.72499,37.70455],[126.7383,37.70435],[126.7402,37.70648],[126.7502,37.70302],[126.75571,37.70529],[126.75974,37.70305],[126.76793,37.70692],[126.7734,37.70386],[126.77444,37.71141],[126.77817,37.71598],[126.79386,37.72611],[126.79393,37.73457],[126.79846,37.73703],[126.80052,37.73078],[126.81432,37.72344],[126.83164,37.72895],[126.83937,37.72865],[126.84139,37.73126],[126.85628,37.73544],[126.87179,37.73016],[126.87305,37.72682],[126.88647,37.72483],[126.90275,37.7287],[126.90096,37.7372],[126.90951,37.747],[126.92295,37.74702],[126.92917,37.74851],[126.93164,37.75435],[126.92815,37.75721],[126.93567,37.77613],[126.93794,37.78687],[126.93186,37.78885],[126.92633,37.78546],[126.91895,37.79012],[126.90387,37.79101],[126.905,37.80056],[126.91216,37.80622],[126.90866,37.81073],[126.90981,37.81673],[126.90471,37.81931],[126.90235,37.8265],[126.91119,37.8284],[126.91314,37.84072],[126.92505,37.84124],[126.927,37.83768],[126.93638,37.8408],[126.93372,37.84595],[126.94608,37.86784],[126.94513,37.88786],[126.94818,37.8947],[126.94591,37.90107],[126.95386,37.90958],[126.949,37.91742],[126.95561,37.92156],[126.96032,37.91935],[126.96423,37.92778],[126.96486,37.93821],[126.97284,37.94218],[126.97714,37.94598],[126.97748,37.95152],[126.98856,37.95638],[126.99124,37.96765],[127.00127,37.96795],[127.00293,37.97335],[127.01011,37.97479],[127.01251,37.98444],[127.01713,37.98603],[127.01602,37.99226],[127.00046,37.99641],[126.98922,38.00784],[126.98945,38.01022],[126.97233,38.00712],[126.9598,37.99588],[126.9532,37.98749],[126.93646,37.98054],[126.91312,37.98825],[126.90535,37.99412],[126.89359,37.9945],[126.89099,37.98915],[126.89458,37.96823],[126.88259,37.96658],[126.87253,37.97047],[126.85599,37.98664],[126.8496,37.9871],[126.84097,37.98148],[126.83855,37.97419],[126.83729,37.96222],[126.83136,37.9631],[126.82098,37.95763],[126.8184,37.96372],[126.806,37.97215],[126.81042,37.97389],[126.80025,37.98757],[126.80066,37.99257],[126.79573,37.9964],[126.79262,37.99811],[126.78747,37.99108],[126.77924,37.98894],[126.76378,37.979],[126.75618,37.97263],[126.7448,37.97259],[126.73793,37.9666],[126.7234,37.95721],[126.70474,37.95258],[126.69475,37.95546],[126.69226,37.95872],[126.67849,37.95493],[126.67053,37.95795],[126.66844,37.93164],[126.67945,37.91779],[126.68337,37.91737],[126.68673,37.91075],[126.68202,37.8976],[126.68294,37.87374],[126.68483,37.86952],[126.68042,37.86095],[126.689,37.84823],[126.69125,37.8394],[126.67458,37.83344],[126.66637,37.82228],[126.66314,37.80373],[126.66549,37.79685],[126.66262,37.78072],[126.66469,37.76939],[126.67507,37.75307],[126.6803,37.73163],[126.67824,37.7174],[126.67062,37.70098]]]},"properties":{"osm_id":2409177,"name":"파주시","sgg_code":"41480","mois_admin":"4148000000","admin_level":6,"code_source":"osm"}},
{"type":"Feature","geometry":{"type":"Polygon","coordinates":[[[127.62826,37.15478],[127.633,37.16198],[127.62678,37.16603],[127.6195,37.16257],[127.61515,37.16398],[127.61144,37.17453],[127.59926,37.18312],[127.59568,37.18989],[127.58912,37.18758],[127.57831,37.18934],[127.57249,37.18453],[127.57764,37.17722],[127.57083,37.17018],[127.5638,37.1785],[127.55906,37.18077],[127.55281,37.17533],[127.5366,37.17348],[127.52681,37.17358],[127.52375,37.17984],[127.51764,37.18473],[127.53129,37.19993],[127.53155,37.20544],[127.52868,37.22212],[127.52603,37.22761],[127.52555,37.23992],[127.536,37.2452],[127.53805,37.25294],[127.53252,37.25741],[127.52886,37.27413],[127.53432,37.28951],[127.54234,37.29427],[127.54622,37.30136],[127.54597,37.3111],[127.54272,37.31311],[127.52838,37.31617],[127.52527,37.32406],[127.52885,37.32717],[127.52131,37.32959],[127.51392,37.33912],[127.50182,37.33823],[127.48962,37.3427],[127.48757,37.34732],[127.4705,37.3617],[127.44865,37.35259],[127.4425,37.35836],[127.43511,37.35427],[127.43374,37.35039],[127.42598,37.34406],[127.42106,37.34256],[127.41545,37.33399],[127.4073,37.33119],[127.40509,37.32731],[127.40006,37.32741],[127.39234,37.3206],[127.38706,37.31877],[127.37595,37.32065],[127.36986,37.31518],[127.36333,37.31593],[127.36409,37.30765],[127.35781,37.30584],[127.35438,37.30146],[127.35692,37.29433],[127.34808,37.29012],[127.34298,37.29117],[127.34003,37.28805],[127.34905,37.27678],[127.33869,37.27055],[127.34047,37.26202],[127.33505,37.25724],[127.3387,37.25294],[127.33241,37.2482],[127.33122,37.24255],[127.33485,37.23868],[127.33364,37.22745],[127.33003,37.22205],[127.3374,37.21722],[127.34161,37.20821],[127.3474,37.20453],[127.36123,37.20023],[127.36916,37.20484],[127.37853,37.19523],[127.37216,37.18581],[127.38417,37.18201],[127.40159,37.17995],[127.40999,37.18387],[127.41386,37.17334],[127.41032,37.16744],[127.41194,37.15495],[127.41663,37.15145],[127.42418,37.15163],[127.42745,37.1468],[127.43264,37.14892],[127.44226,37.14821],[127.44988,37.14314],[127.45461,37.13316],[127.45846,37.13033],[127.47169,37.12946],[127.492,37.12297],[127.49686,37.12445],[127.50374,37.10953],[127.50771,37.10567],[127.51355,37.10569],[127.51569,37.10136],[127.51176,37.09839],[127.51608,37.08835],[127.51326,37.07917],[127.51481,37.07623],[127.51133,37.0702],[127.50692,37.0696],[127.50883,37.06447],[127.4983,37.05744],[127.487,37.05437],[127.49605,37.04869],[127.50919,37.04949],[127.51632,37.05954],[127.52115,37.05685],[127.53093,37.05578],[127.53388,37.05278],[127.55036,37.04541],[127.5569,37.04384],[127.56141,37.04869],[127.5695,37.04828],[127.56611,37.06298],[127.57921,37.07548],[127.58847,37.07298],[127.59515,37.074],[127.60415,37.0686],[127.59097,37.08787],[127.60046,37.08821],[127.60449,37.08626],[127.61334,37.08668],[127.63181,37.09648],[127.63517,37.10367],[127.63533,37.11524],[127.62913,37.13237],[127.63021,37.13536],[127.62826,37.15478]]]},"properties":{"osm_id":2409174,"name":"이천시","sgg_code":"41500","mois_admin":"4150000000","admin_level":6,"code_source":"osm"}},
{"type":"Feature","geometry":{"type":"Polygon","coordinates":[[[127.42745,37.1468],[127.42678,37.13729],[127.42085,37.12609],[127.41229,37.11921],[127.41652,37.11464],[127.42504,37.11327],[127.42104,37.10651],[127.4241,37.10002],[127.41604,37.09603],[127.4153,37.08893],[127.40546,37.09429],[127.39886,37.09539],[127.39691,37.10119],[127.39049,37.1079],[127.38077,37.10583],[127.3769,37.10117],[127.37312,37.10586],[127.35906,37.10759],[127.35179,37.10045],[127.34477,37.10332],[127.33981,37.10995],[127.33362,37.11198],[127.33008,37.11856],[127.32647,37.11936],[127.31578,37.10871],[127.31059,37.10531],[127.29941,37.11177],[127.2974,37.11997],[127.29303,37.1233],[127.287,37.13235],[127.27425,37.13366],[127.27357,37.1432],[127.26791,37.14936],[127.26885,37.15431],[127.26372,37.15589],[127.25536,37.15129],[127.25069,37.1454],[127.25382,37.13801],[127.25049,37.13415],[127.25284,37.12811],[127.25014,37.12272],[127.23577,37.12141],[127.23361,37.11747],[127.22522,37.11349],[127.20832,37.11106],[127.20948,37.10584],[127.19748,37.09627],[127.19502,37.08929],[127.18595,37.08364],[127.17633,37.08771],[127.1661,37.08629],[127.16166,37.0894],[127.14487,37.09101],[127.14249,37.08774],[127.13578,37.0917],[127.12373,37.09031],[127.12631,37.08156],[127.12091,37.07616],[127.10362,37.07589],[127.10358,37.06619],[127.11503,37.06472],[127.11894,37.06204],[127.12498,37.06472],[127.13014,37.05824],[127.12756,37.05303],[127.11932,37.04615],[127.10982,37.04089],[127.10556,37.03518],[127.1168,37.02707],[127.12221,37.03514],[127.12637,37.03361],[127.14381,37.03268],[127.15235,37.02838],[127.15244,37.02167],[127.1452,37.01676],[127.14499,37.00925],[127.15118,37.00486],[127.15399,36.99769],[127.14457,36.99718],[127.13566,36.99328],[127.13138,36.98559],[127.13641,36.98476],[127.14114,36.97974],[127.12531,36.97592],[127.12021,36.97035],[127.12966,36.96642],[127.14366,36.97105],[127.1592,36.96974],[127.15582,36.9643],[127.16553,36.96166],[127.1782,36.96252],[127.17907,36.95781],[127.19075,36.95249],[127.20129,36.952],[127.20687,36.94613],[127.20573,36.94202],[127.21125,36.93856],[127.20986,36.93123],[127.21949,36.93036],[127.22865,36.92441],[127.23635,36.92372],[127.24405,36.9176],[127.25313,36.92244],[127.25861,36.91587],[127.27305,36.91401],[127.27457,36.90868],[127.27884,36.90625],[127.27916,36.90041],[127.28932,36.89419],[127.2978,36.90297],[127.30246,36.91114],[127.30065,36.9189],[127.29497,36.93067],[127.30899,36.92939],[127.31621,36.93472],[127.32681,36.93594],[127.34316,36.94432],[127.34326,36.94826],[127.34963,36.95279],[127.354,36.95267],[127.35761,36.94769],[127.3673,36.9503],[127.37566,36.94866],[127.37872,36.9579],[127.38482,36.95962],[127.38727,36.96446],[127.39803,36.96486],[127.40153,36.96768],[127.39432,36.97698],[127.38609,36.98141],[127.39421,36.99838],[127.39979,36.99986],[127.40684,36.99832],[127.41391,36.99947],[127.42035,37.00376],[127.42882,37.00219],[127.43619,37.00537],[127.44061,37.01191],[127.44709,37.01089],[127.44833,37.01654],[127.45371,37.02125],[127.45837,37.02047],[127.45974,37.02506],[127.45635,37.03114],[127.45964,37.03564],[127.45685,37.04217],[127.46832,37.05055],[127.46856,37.05387],[127.487,37.05437],[127.4983,37.05744],[127.50883,37.06447],[127.50692,37.0696],[127.51133,37.0702],[127.51481,37.07623],[127.51326,37.07917],[127.51608,37.08835],[127.51176,37.09839],[127.51569,37.10136],[127.51355,37.10569],[127.50771,37.10567],[127.50374,37.10953],[127.49686,37.12445],[127.492,37.12297],[127.47169,37.12946],[127.45846,37.13033],[127.45461,37.13316],[127.44988,37.14314],[127.44226,37.14821],[127.43264,37.14892],[127.42745,37.1468]]]},"properties":{"osm_id":2409160,"name":"안성시","sgg_code":"41550","mois_admin":"4155000000","admin_level":6,"code_source":"osm"}},
{"type":"Feature","geometry":{"type":"MultiPolygon","coordinates":[[[[126.66262,37.78072],[126.65217,37.78096],[126.6376,37.78377],[126.62524,37.78214],[126.61613,37.77751],[126.60862,37.76811],[126.60348,37.76529],[126.58166,37.76196],[126.57515,37.7626],[126.56655,37.76898],[126.56112,37.76503],[126.55792,37.76753],[126.53619,37.7716],[126.52437,37.76858],[126.5182,37.76249],[126.53028,37.75018],[126.52926,37.73992],[126.52455,37.72919],[126.52143,37.71426],[126.53159,37.70248],[126.53396,37.68796],[126.52688,37.67371],[126.54031,37.66825],[126.54391,37.66286],[126.53665,37.65554],[126.53153,37.65506],[126.53953,37.64132],[126.54732,37.63424],[126.55535,37.61496],[126.55489,37.60822],[126.56078,37.60069],[126.57592,37.58694],[126.60302,37.59863],[126.614,37.60634],[126.61649,37.60335],[126.62533,37.60288],[126.62924,37.61154],[126.63796,37.62379],[126.63725,37.62782],[126.6468,37.62813],[126.65116,37.63802],[126.65923,37.63863],[126.67262,37.63394],[126.68368,37.6253],[126.69865,37.61744],[126.70554,37.61175],[126.704,37.60277],[126.70829,37.60493],[126.71547,37.6039],[126.71617,37.59961],[126.72529,37.59203],[126.7362,37.59048],[126.74453,37.59154],[126.75173,37.57956],[126.7579,37.58527],[126.7674,37.58827],[126.77262,37.58511],[126.7842,37.58258],[126.78707,37.58554],[126.7937,37.58158],[126.80082,37.58785],[126.79535,37.59832],[126.80311,37.6046],[126.77101,37.62379],[126.75515,37.63189],[126.74605,37.63522],[126.73631,37.64303],[126.69201,37.6641],[126.67809,37.67149],[126.67273,37.67796],[126.66979,37.69171],[126.67062,37.70098],[126.67824,37.7174],[126.6803,37.73163],[126.67507,37.75307],[126.66469,37.76939],[126.66262,37.78072]]],[[[126.53092,37.77893],[126.53906,37.77487],[126.5357,37.77892],[126.53092,37.77893]]]]},"properties":{"osm_id":2409165,"name":"김포시","sgg_code":"41570","mois_admin":"4157000000","admin_level":6,"code_source":"osm"}},
{"type":"Feature","geometry":{"type":"MultiPolygon","coordinates":[[[[126.63289,37.30877],[126.62597,37.29485],[126.62912,37.28807],[126.64275,37.27875],[126.64822,37.27245],[126.64865,37.26849],[126.64161,37.25583],[126.64326,37.24674],[126.65774,37.2254],[126.65557,37.2046],[126.64977,37.1915],[126.65552,37.19052],[126.64977,37.18529],[126.65329,37.1826],[126.65836,37.18999],[126.66593,37.19214],[126.66521,37.18287],[126.66005,37.17651],[126.65424,37.17452],[126.64981,37.17577],[126.64158,37.17702],[126.63943,37.17702],[126.63743,37.17671],[126.63086,37.17483],[126.62192,37.17869],[126.61642,37.17273],[126.61856,37.15753],[126.6281,37.16853],[126.63003,37.17335],[126.63197,37.17466],[126.63585,37.17584],[126.63726,37.17655],[126.63938,37.17693],[126.64427,37.17651],[126.65009,37.17559],[126.65464,37.17433],[126.66086,37.16398],[126.65974,37.16064],[126.64965,37.15491],[126.65389,37.15348],[126.66416,37.15693],[126.66968,37.15602],[126.68253,37.16052],[126.69127,37.15718],[126.6947,37.15226],[126.68269,37.14835],[126.67944,37.14072],[126.67388,37.13714],[126.6817,37.12912],[126.68467,37.11914],[126.68092,37.11736],[126.6844,37.11168],[126.75641,37.0553],[126.74875,37.04883],[126.74526,37.03663],[126.75159,37.02981],[126.78873,37.02987],[126.79467,37.02644],[126.79752,37.0142],[126.81566,37.01308],[126.84267,37.01401],[126.85239,37.01984],[126.8605,37.02882],[126.86992,37.0431],[126.87882,37.05452],[126.88385,37.06671],[126.89153,37.06711],[126.90115,37.07021],[126.90521,37.07369],[126.90593,37.06947],[126.91996,37.06511],[126.92831,37.06812],[126.93173,37.06244],[126.94015,37.06081],[126.94855,37.06149],[126.94913,37.06885],[126.96412,37.06772],[126.96908,37.07307],[126.9753,37.07081],[126.98438,37.07178],[126.99542,37.07007],[126.99194,37.08511],[126.99983,37.09104],[126.9963,37.1077],[126.99737,37.11582],[127.00148,37.12689],[127.01759,37.12993],[127.03523,37.13606],[127.02849,37.14778],[127.03076,37.15634],[127.02779,37.16315],[127.01654,37.16781],[127.00668,37.16802],[126.99508,37.17532],[127.00478,37.18057],[127.0019,37.18197],[127.01219,37.19268],[127.02815,37.2002],[127.03708,37.19981],[127.04657,37.19602],[127.06444,37.19907],[127.06521,37.18636],[127.07117,37.18401],[127.07133,37.16828],[127.07617,37.16214],[127.0933,37.15955],[127.09815,37.15573],[127.09978,37.14708],[127.10369,37.14347],[127.10631,37.1418],[127.11372,37.14459],[127.12282,37.1447],[127.128,37.14529],[127.13078,37.15139],[127.12886,37.16211],[127.13389,37.16496],[127.13371,37.16941],[127.14759,37.1695],[127.16051,37.18042],[127.15876,37.1832],[127.16209,37.19068],[127.15181,37.19919],[127.15718,37.20729],[127.15126,37.21424],[127.14977,37.21977],[127.13785,37.21564],[127.11738,37.22002],[127.10395,37.21973],[127.08879,37.21619],[127.07958,37.2218],[127.07258,37.2291],[127.06969,37.22858],[127.06701,37.24014],[127.05357,37.23367],[127.04606,37.23282],[127.04389,37.23873],[127.03794,37.23891],[127.02974,37.23249],[127.02324,37.23086],[127.02267,37.22501],[126.99756,37.22912],[126.98613,37.23409],[126.9728,37.2287],[126.96726,37.23559],[126.95775,37.23975],[126.95605,37.24655],[126.95,37.25562],[126.94654,37.25743],[126.93528,37.25708],[126.93066,37.26084],[126.92701,37.27135],[126.92735,37.27873],[126.91766,37.28522],[126.91297,37.2915],[126.90069,37.29131],[126.89299,37.2864],[126.88961,37.28179],[126.87943,37.28529],[126.87375,37.27985],[126.86308,37.28114],[126.86108,37.27855],[126.86393,37.27232],[126.85733,37.2734],[126.8465,37.26553],[126.84086,37.2684],[126.83669,37.27685],[126.82716,37.27869],[126.82425,37.28706],[126.81215,37.29464],[126.80493,37.29487],[126.78391,37.29097],[126.76209,37.29178],[126.74246,37.29682],[126.73469,37.29761],[126.71174,37.30256],[126.63289,37.30877]]],[[[126.55127,37.05809],[126.55964,37.06172],[126.55664,37.06462],[126.55127,37.05809]]],[[[126.53783,37.09625],[126.5418,37.10283],[126.54092,37.11216],[126.5379,37.11104],[126.53783,37.09625]]]]},"properties":{"osm_id":2409173,"name":"화성시","sgg_code":"41590","mois_admin":"4159000000","admin_level":6,"code_source":"osm"}},
{"type":"Feature","geometry":{"type":"Polygon","coordinates":[[[127.13634,37.33964],[127.14186,37.33631],[127.16206,37.34332],[127.17732,37.34447],[127.17876,37.34322],[127.19162,37.34724],[127.19818,37.34112],[127.19744,37.33354],[127.20147,37.32861],[127.20831,37.33088],[127.21681,37.34067],[127.21998,37.34692],[127.22363,37.34613],[127.2167,37.35465],[127.22496,37.35525],[127.22861,37.3589],[127.23806,37.36042],[127.24102,37.3535],[127.24691,37.35565],[127.25221,37.35121],[127.26167,37.34806],[127.26503,37.34268],[127.27545,37.34316],[127.28296,37.34548],[127.28297,37.3363],[127.2798,37.33135],[127.28301,37.31587],[127.27728,37.30885],[127.28155,37.29761],[127.27758,37.28974],[127.28173,37.27781],[127.27599,37.2734],[127.28168,37.26864],[127.29207,37.27164],[127.29653,37.26527],[127.30256,37.26688],[127.30374,37.27061],[127.31095,37.27344],[127.32248,37.27404],[127.33031,37.27021],[127.33869,37.27055],[127.34905,37.27678],[127.34003,37.28805],[127.34298,37.29117],[127.34808,37.29012],[127.35692,37.29433],[127.35438,37.30146],[127.35781,37.30584],[127.36409,37.30765],[127.36333,37.31593],[127.36986,37.31518],[127.37595,37.32065],[127.38706,37.31877],[127.39234,37.3206],[127.40006,37.32741],[127.40509,37.32731],[127.4073,37.33119],[127.41545,37.33399],[127.42106,37.34256],[127.42598,37.34406],[127.43374,37.35039],[127.43511,37.35427],[127.4425,37.35836],[127.4439,37.36377],[127.44465,37.38566],[127.44235,37.3874],[127.42013,37.38688],[127.41477,37.39374],[127.41119,37.40668],[127.39889,37.41427],[127.40039,37.42139],[127.39077,37.42808],[127.38407,37.43492],[127.38175,37.44367],[127.37238,37.44499],[127.37246,37.45187],[127.36783,37.4566],[127.38544,37.46],[127.38877,37.47586],[127.38038,37.49004],[127.38665,37.49726],[127.37919,37.50659],[127.37262,37.51997],[127.36397,37.53067],[127.34961,37.53587],[127.34043,37.53474],[127.32642,37.53567],[127.31497,37.52852],[127.30893,37.52713],[127.30676,37.51951],[127.30677,37.51472],[127.30216,37.50864],[127.29484,37.50568],[127.28705,37.5072],[127.28562,37.51458],[127.2803,37.5133],[127.27616,37.50844],[127.26865,37.50646],[127.25437,37.50626],[127.25323,37.50325],[127.25857,37.48983],[127.25258,37.485],[127.24485,37.48548],[127.24695,37.48094],[127.24458,37.47657],[127.22839,37.47747],[127.21554,37.48228],[127.20668,37.48035],[127.20022,37.48344],[127.19843,37.4796],[127.18839,37.48038],[127.1757,37.48535],[127.17539,37.47674],[127.18098,37.47333],[127.18156,37.46436],[127.18477,37.45881],[127.18938,37.45835],[127.19394,37.45287],[127.19596,37.44388],[127.19366,37.43916],[127.19523,37.43103],[127.19137,37.42206],[127.18489,37.41535],[127.17696,37.41465],[127.17715,37.40902],[127.16836,37.39491],[127.16839,37.39249],[127.17681,37.38725],[127.16891,37.38145],[127.16169,37.37971],[127.16087,37.37386],[127.15019,37.36135],[127.13501,37.35833],[127.13248,37.3491],[127.13662,37.34486],[127.13634,37.33964]]]},"properties":{"osm_id":2409170,"name":"광주시","sgg_code":"41610","mois_admin":"4161000000","admin_level":6,"code_source":"osm"}},
{"type":"Feature","geometry":{"type":"Polygon","coordinates":[[[127.01546,37.70148],[127.0186,37.70532],[127.0124,37.71314],[127.01051,37.72188],[127.01228,37.72608],[127.00214,37.74054],[127.0062,37.7504],[127.00245,37.75515],[127.00161,37.76141],[127.00837,37.76244],[127.01769,37.76866],[127.0279,37.76661],[127.03341,37.76836],[127.04131,37.7668],[127.05114,37.76114],[127.06098,37.7622],[127.06962,37.76514],[127.09117,37.77618],[127.10443,37.77965],[127.11298,37.788],[127.11749,37.79609],[127.1186,37.80832],[127.12236,37.81193],[127.12033,37.8169],[127.12199,37.82787],[127.1173,37.8343],[127.11467,37.85054],[127.10893,37.8586],[127.10729,37.86252],[127.09213,37.87146],[127.0741,37.87268],[127.0592,37.86903],[127.04773,37.88493],[127.04485,37.89559],[127.03754,37.89544],[127.01157,37.90362],[127.00775,37.91608],[127.01317,37.91852],[127.00998,37.92821],[126.99973,37.93616],[126.99715,37.93383],[126.98636,37.93852],[126.9805,37.9375],[126.97284,37.94218],[126.96486,37.93821],[126.96423,37.92778],[126.96032,37.91935],[126.95561,37.92156],[126.949,37.91742],[126.95386,37.90958],[126.94591,37.90107],[126.94818,37.8947],[126.94513,37.88786],[126.94608,37.86784],[126.93372,37.84595],[126.93638,37.8408],[126.927,37.83768],[126.92505,37.84124],[126.91314,37.84072],[126.91119,37.8284],[126.90235,37.8265],[126.90471,37.81931],[126.90981,37.81673],[126.90866,37.81073],[126.91216,37.80622],[126.905,37.80056],[126.90387,37.79101],[126.91895,37.79012],[126.92633,37.78546],[126.93186,37.78885],[126.93794,37.78687],[126.93567,37.77613],[126.92815,37.75721],[126.93164,37.75435],[126.92917,37.74851],[126.93065,37.73607],[126.92204,37.73178],[126.92491,37.71978],[126.92069,37.71381],[126.92527,37.70862],[126.92231,37.70021],[126.91423,37.6852],[126.913,37.67608],[126.9077,37.67033],[126.91103,37.66868],[126.92034,37.67168],[126.94223,37.67212],[126.9426,37.68042],[126.94538,37.68598],[126.95105,37.68813],[126.95408,37.69287],[126.96499,37.69204],[126.97295,37.68603],[126.98065,37.6856],[126.99119,37.67928],[126.99583,37.68542],[127.00832,37.68484],[127.00824,37.69211],[127.01546,37.70148]]]},"properties":{"osm_id":2409185,"name":"양주시","sgg_code":"41630","mois_admin":"4163000000","admin_level":6,"code_source":"osm"}},
{"type":"Feature","geometry":{"type":"Polygon","coordinates":[[[127.26632,37.78029],[127.27259,37.78962],[127.27062,37.79361],[127.27839,37.80414],[127.27913,37.81564],[127.27444,37.825],[127.27605,37.83621],[127.27889,37.84244],[127.28629,37.848],[127.28037,37.85413],[127.28505,37.86037],[127.28691,37.86835],[127.29233,37.87478],[127.29406,37.86923],[127.30541,37.86874],[127.31197,37.86596],[127.32231,37.87089],[127.32367,37.88783],[127.32857,37.89371],[127.32747,37.90425],[127.33021,37.90945],[127.32737,37.91236],[127.33042,37.91684],[127.32799,37.92171],[127.33255,37.92667],[127.33835,37.92346],[127.34576,37.92696],[127.35022,37.9222],[127.35804,37.92265],[127.36561,37.92641],[127.37485,37.93694],[127.38424,37.94337],[127.38478,37.94707],[127.37635,37.95324],[127.37895,37.95596],[127.37697,37.96374],[127.38178,37.96793],[127.38499,37.97551],[127.38376,37.98105],[127.38968,37.98251],[127.39893,37.98903],[127.40609,37.99068],[127.41497,38.0004],[127.41806,38.01479],[127.42373,38.02004],[127.42706,38.02694],[127.42558,38.03336],[127.43101,38.03472],[127.43764,38.04029],[127.44578,38.05112],[127.44458,38.05726],[127.44674,38.07122],[127.44448,38.07478],[127.44708,38.08073],[127.4448,38.08798],[127.44517,38.09747],[127.44045,38.10883],[127.4343,38.11063],[127.43053,38.11537],[127.42174,38.10618],[127.41341,38.10201],[127.40552,38.10295],[127.40345,38.11296],[127.38389,38.1146],[127.37861,38.11843],[127.36594,38.10693],[127.34813,38.10483],[127.33927,38.10077],[127.33762,38.09007],[127.32872,38.09438],[127.32067,38.09468],[127.31627,38.09864],[127.30982,38.11803],[127.29255,38.11415],[127.28275,38.11649],[127.28057,38.12514],[127.27581,38.12418],[127.27591,38.1389],[127.28195,38.14374],[127.28641,38.15264],[127.28401,38.15735],[127.28857,38.16456],[127.289,38.16946],[127.29619,38.17248],[127.29774,38.17628],[127.2885,38.1768],[127.28392,38.18259],[127.27011,38.18207],[127.26464,38.17801],[127.26435,38.17158],[127.26011,38.17038],[127.25616,38.16302],[127.23709,38.15439],[127.23396,38.14564],[127.22381,38.14703],[127.22227,38.1376],[127.21246,38.14351],[127.19895,38.15582],[127.1889,38.16243],[127.18586,38.17388],[127.18901,38.18108],[127.18922,38.18832],[127.18055,38.18613],[127.17497,38.18006],[127.17327,38.16922],[127.17713,38.14896],[127.17327,38.14164],[127.17583,38.1286],[127.17338,38.12011],[127.18086,38.11843],[127.1843,38.09139],[127.19192,38.08397],[127.18974,38.07627],[127.18926,38.0647],[127.18293,38.06393],[127.17312,38.06626],[127.16505,38.06139],[127.15803,38.06347],[127.14975,38.0577],[127.14677,38.06014],[127.14794,38.06886],[127.14374,38.07338],[127.13867,38.0704],[127.13804,38.0659],[127.1262,38.05941],[127.11721,38.06095],[127.11331,38.04855],[127.11736,38.04418],[127.11511,38.03946],[127.1262,38.03675],[127.134,38.03899],[127.13774,38.03698],[127.1352,38.03012],[127.14037,38.01998],[127.14661,38.01324],[127.14749,37.99588],[127.13215,37.98743],[127.13084,37.98431],[127.12087,37.97884],[127.11784,37.98499],[127.11211,37.98856],[127.10112,37.98942],[127.0903,37.98236],[127.09307,37.9752],[127.09165,37.97142],[127.09409,37.96807],[127.09217,37.95932],[127.09843,37.95599],[127.09589,37.9436],[127.10817,37.93887],[127.11152,37.93178],[127.11967,37.92177],[127.12018,37.91788],[127.13292,37.91593],[127.14677,37.91089],[127.14641,37.90293],[127.14946,37.89817],[127.1553,37.8956],[127.1495,37.88512],[127.14699,37.87651],[127.12845,37.87407],[127.12317,37.86698],[127.11159,37.86495],[127.10893,37.8586],[127.11467,37.85054],[127.1173,37.8343],[127.12199,37.82787],[127.12033,37.8169],[127.12236,37.81193],[127.1186,37.80832],[127.11749,37.79609],[127.11298,37.788],[127.10443,37.77965],[127.11519,37.77697],[127.11607,37.7728],[127.12478,37.77336],[127.12918,37.76718],[127.12577,37.76399],[127.13381,37.76218],[127.13963,37.76409],[127.14634,37.75537],[127.1546,37.75011],[127.16427,37.74697],[127.17163,37.75051],[127.17229,37.75724],[127.177,37.75774],[127.18478,37.76476],[127.19626,37.76161],[127.20269,37.765],[127.20659,37.76334],[127.21016,37.76825],[127.21371,37.76064],[127.22453,37.75333],[127.22902,37.75482],[127.23716,37.76291],[127.25987,37.76847],[127.26632,37.78029]]]},"properties":{"osm_id":2409178,"name":"포천시","sgg_code":"41650","mois_admin":"4165000000","admin_level":6,"code_source":"osm"}},
{"type":"Feature","geometry":{"type":"Polygon","coordinates":[[[127.74612,37.21378],[127.74853,37.21759],[127.74616,37.22687],[127.74669,37.23935],[127.74859,37.24617],[127.75449,37.25224],[127.76066,37.26901],[127.75908,37.27705],[127.75004,37.29196],[127.75066,37.29798],[127.75461,37.29774],[127.76207,37.30214],[127.7682,37.30149],[127.7686,37.30834],[127.75978,37.3301],[127.76297,37.33443],[127.75798,37.34577],[127.76076,37.35264],[127.75966,37.36698],[127.74023,37.37074],[127.73151,37.37566],[127.72462,37.37157],[127.71598,37.36998],[127.71048,37.37213],[127.70804,37.36956],[127.70185,37.37303],[127.70577,37.38294],[127.70385,37.39258],[127.71511,37.39881],[127.71388,37.40491],[127.70821,37.41066],[127.69897,37.40762],[127.69661,37.40415],[127.68588,37.39909],[127.68719,37.41184],[127.66782,37.41191],[127.65796,37.41683],[127.65334,37.40845],[127.64732,37.40464],[127.63511,37.41337],[127.62656,37.41309],[127.62106,37.40852],[127.61696,37.41441],[127.60099,37.42064],[127.58712,37.42064],[127.58468,37.41378],[127.58285,37.41697],[127.5728,37.41175],[127.56552,37.41342],[127.56046,37.41763],[127.55504,37.41704],[127.55063,37.41144],[127.54318,37.40955],[127.53641,37.41165],[127.53048,37.42714],[127.52259,37.43537],[127.50767,37.43954],[127.49763,37.43285],[127.48516,37.4323],[127.47971,37.42398],[127.47172,37.42276],[127.44311,37.43421],[127.42793,37.43656],[127.42374,37.43941],[127.41485,37.43245],[127.40967,37.43127],[127.40039,37.42139],[127.39889,37.41427],[127.41119,37.40668],[127.41477,37.39374],[127.42013,37.38688],[127.44235,37.3874],[127.44465,37.38566],[127.4439,37.36377],[127.4425,37.35836],[127.44865,37.35259],[127.4705,37.3617],[127.48757,37.34732],[127.48962,37.3427],[127.50182,37.33823],[127.51392,37.33912],[127.52131,37.32959],[127.52885,37.32717],[127.52527,37.32406],[127.52838,37.31617],[127.54272,37.31311],[127.54597,37.3111],[127.54622,37.30136],[127.54234,37.29427],[127.53432,37.28951],[127.52886,37.27413],[127.53252,37.25741],[127.53805,37.25294],[127.536,37.2452],[127.52555,37.23992],[127.52603,37.22761],[127.52868,37.22212],[127.53155,37.20544],[127.53129,37.19993],[127.51764,37.18473],[127.52375,37.17984],[127.52681,37.17358],[127.5366,37.17348],[127.55281,37.17533],[127.55906,37.18077],[127.5638,37.1785],[127.57083,37.17018],[127.57764,37.17722],[127.57249,37.18453],[127.57831,37.18934],[127.58912,37.18758],[127.59568,37.18989],[127.59926,37.18312],[127.61144,37.17453],[127.61515,37.16398],[127.6195,37.16257],[127.62678,37.16603],[127.633,37.16198],[127.62826,37.15478],[127.64809,37.15061],[127.65637,37.14488],[127.65994,37.13992],[127.67021,37.13611],[127.68859,37.13554],[127.69548,37.14042],[127.6945,37.14883],[127.70427,37.15765],[127.70485,37.16752],[127.71764,37.18383],[127.72641,37.18254],[127.72835,37.19179],[127.7325,37.1958],[127.7324,37.20159],[127.73674,37.21019],[127.74612,37.21378]]]},"properties":{"osm_id":2409187,"name":"여주시","sgg_code":"41670","mois_admin":"4167000000","admin_level":6,"code_source":"osm"}},
{"type":"Feature","geometry":{"type":"Polygon","coordinates":[[[126.79573,37.9964],[126.80066,37.99257],[126.80025,37.98757],[126.81042,37.97389],[126.806,37.97215],[126.8184,37.96372],[126.82098,37.95763],[126.83136,37.9631],[126.83729,37.96222],[126.83855,37.97419],[126.84097,37.98148],[126.8496,37.9871],[126.85599,37.98664],[126.87253,37.97047],[126.88259,37.96658],[126.89458,37.96823],[126.89099,37.98915],[126.89359,37.9945],[126.90535,37.99412],[126.91312,37.98825],[126.93646,37.98054],[126.9532,37.98749],[126.9598,37.99588],[126.97233,38.00712],[126.98945,38.01022],[126.98922,38.00784],[127.00046,37.99641],[127.01602,37.99226],[127.01713,37.98603],[127.01251,37.98444],[127.01011,37.97479],[127.00293,37.97335],[127.00127,37.96795],[126.99124,37.96765],[126.98856,37.95638],[126.97748,37.95152],[126.97714,37.94598],[126.97284,37.94218],[126.9805,37.9375],[126.98636,37.93852],[126.99715,37.93383],[126.99973,37.93616],[127.00998,37.92821],[127.01454,37.93054],[127.01691,37.93663],[127.02783,37.94357],[127.02914,37.95586],[127.03995,37.95789],[127.04551,37.96966],[127.04507,37.97295],[127.0538,37.98065],[127.06444,37.97863],[127.06843,37.9752],[127.07686,37.97666],[127.08544,37.97521],[127.09165,37.97142],[127.09307,37.9752],[127.0903,37.98236],[127.10112,37.98942],[127.11211,37.98856],[127.11784,37.98499],[127.12087,37.97884],[127.13084,37.98431],[127.13215,37.98743],[127.14749,37.99588],[127.14661,38.01324],[127.14037,38.01998],[127.1352,38.03012],[127.13774,38.03698],[127.134,38.03899],[127.1262,38.03675],[127.11511,38.03946],[127.11736,38.04418],[127.11331,38.04855],[127.11721,38.06095],[127.1262,38.05941],[127.13804,38.0659],[127.13867,38.0704],[127.14374,38.07338],[127.14794,38.06886],[127.14677,38.06014],[127.14975,38.0577],[127.15803,38.06347],[127.16505,38.06139],[127.17312,38.06626],[127.18293,38.06393],[127.18926,38.0647],[127.18974,38.07627],[127.19192,38.08397],[127.1843,38.09139],[127.18086,38.11843],[127.17338,38.12011],[127.17583,38.1286],[127.17327,38.14164],[127.17713,38.14896],[127.17327,38.16922],[127.17497,38.18006],[127.18055,38.18613],[127.16962,38.19812],[127.17513,38.20548],[127.17117,38.21349],[127.16027,38.2199],[127.16329,38.23848],[127.14892,38.24234],[127.14323,38.23768],[127.13508,38.2365],[127.13509,38.23413],[127.12305,38.2328],[127.11442,38.23635],[127.1099,38.24184],[127.11157,38.24739],[127.10891,38.25611],[127.11181,38.26717],[127.10983,38.27168],[127.10168,38.27339],[127.10454,38.27943],[127.09594,38.281],[127.09493,38.27868],[127.07737,38.27726],[127.07744,38.27226],[127.06774,38.26365],[127.04105,38.25988],[127.03215,38.24908],[127.02868,38.24272],[127.02091,38.23719],[127.01543,38.23696],[127.01275,38.22944],[127.00278,38.22298],[126.99616,38.21596],[126.98799,38.21541],[126.97491,38.20474],[126.97136,38.1962],[126.96586,38.19632],[126.9626,38.19092],[126.96968,38.18529],[126.96469,38.16905],[126.95549,38.1628],[126.94999,38.1626],[126.94733,38.15897],[126.96858,38.14753],[126.97003,38.14371],[126.96427,38.13502],[126.95803,38.13222],[126.94951,38.13444],[126.94001,38.13355],[126.93461,38.12535],[126.92644,38.12584],[126.92246,38.11945],[126.91391,38.11955],[126.90757,38.11404],[126.90031,38.10275],[126.88686,38.10175],[126.88202,38.10384],[126.87709,38.10016],[126.86792,38.08196],[126.87099,38.07827],[126.86769,38.06938],[126.86227,38.06709],[126.85885,38.05965],[126.86174,38.05461],[126.85783,38.04973],[126.85699,38.03976],[126.8425,38.03432],[126.82489,38.0163],[126.82139,38.00415],[126.81204,37.99927],[126.80125,37.99856],[126.79573,37.9964]]]},"properties":{"osm_id":2409188,"name":"연천군","sgg_code":"41800","mois_admin":"4180000000","admin_level":6,"code_source":"osm"}},
{"type":"Feature","geometry":{"type":"Polygon","coordinates":[[[127.26632,37.78029],[127.27448,37.77415],[127.29262,37.77619],[127.30274,37.77337],[127.31019,37.76832],[127.31852,37.76728],[127.33432,37.75268],[127.33124,37.75015],[127.33902,37.74178],[127.34481,37.72761],[127.35525,37.72373],[127.35326,37.70398],[127.36085,37.69459],[127.3727,37.6918],[127.36672,37.6898],[127.37468,37.6816],[127.37952,37.67326],[127.37708,37.66131],[127.36984,37.64598],[127.37976,37.65139],[127.39956,37.65091],[127.40794,37.65968],[127.4239,37.66479],[127.42813,37.67104],[127.44022,37.66148],[127.43498,37.65374],[127.43821,37.64828],[127.44414,37.6478],[127.4499,37.64386],[127.46255,37.62472],[127.46909,37.62445],[127.47145,37.62037],[127.47354,37.60807],[127.47267,37.59604],[127.46953,37.59086],[127.4738,37.57786],[127.49841,37.57171],[127.51236,37.57759],[127.52056,37.58574],[127.53784,37.58464],[127.55276,37.58581],[127.5607,37.58291],[127.562,37.58699],[127.55939,37.59473],[127.56218,37.60413],[127.56994,37.60869],[127.57047,37.61394],[127.56,37.62314],[127.55946,37.62849],[127.54826,37.63321],[127.54725,37.63771],[127.53794,37.64148],[127.53565,37.65069],[127.54385,37.65173],[127.54622,37.65786],[127.55282,37.66153],[127.54905,37.66861],[127.55064,37.68704],[127.55863,37.70604],[127.55804,37.71391],[127.56186,37.72007],[127.55991,37.72858],[127.55123,37.72756],[127.54927,37.72393],[127.54017,37.71946],[127.52962,37.72642],[127.5247,37.72647],[127.51342,37.71759],[127.50951,37.71693],[127.50615,37.72415],[127.50711,37.73136],[127.51687,37.74027],[127.53408,37.7486],[127.54209,37.75466],[127.54499,37.76363],[127.54092,37.77088],[127.52226,37.78895],[127.52305,37.79617],[127.53719,37.81057],[127.53494,37.81771],[127.52564,37.82287],[127.52562,37.83292],[127.52944,37.83972],[127.54046,37.84655],[127.54965,37.84654],[127.55022,37.85166],[127.55853,37.85645],[127.56324,37.85588],[127.5686,37.86697],[127.57789,37.87401],[127.58462,37.87629],[127.60321,37.8742],[127.6091,37.88352],[127.6074,37.88966],[127.61705,37.906],[127.61658,37.9119],[127.61205,37.92406],[127.61658,37.92827],[127.61267,37.94048],[127.60374,37.94449],[127.60244,37.955],[127.58472,37.96175],[127.57934,37.96114],[127.57133,37.964],[127.56189,37.96277],[127.54738,37.96646],[127.54421,37.96958],[127.54717,37.97828],[127.54031,38.00116],[127.53109,38.00239],[127.51237,38.00021],[127.50392,37.99795],[127.4974,38.00371],[127.48152,38.00623],[127.47156,38.00645],[127.45753,38.01699],[127.45102,38.03809],[127.45291,38.04719],[127.44578,38.05112],[127.43764,38.04029],[127.43101,38.03472],[127.42558,38.03336],[127.42706,38.02694],[127.42373,38.02004],[127.41806,38.01479],[127.41497,38.0004],[127.40609,37.99068],[127.39893,37.98903],[127.38968,37.98251],[127.38376,37.98105],[127.38499,37.97551],[127.38178,37.96793],[127.37697,37.96374],[127.37895,37.95596],[127.37635,37.95324],[127.38478,37.94707],[127.38424,37.94337],[127.37485,37.93694],[127.36561,37.92641],[127.35804,37.92265],[127.35022,37.9222],[127.34576,37.92696],[127.33835,37.92346],[127.33255,37.92667],[127.32799,37.92171],[127.33042,37.91684],[127.32737,37.91236],[127.33021,37.90945],[127.32747,37.90425],[127.32857,37.89371],[127.32367,37.88783],[127.32231,37.87089],[127.31197,37.86596],[127.30541,37.86874],[127.29406,37.86923],[127.29233,37.87478],[127.28691,37.86835],[127.28505,37.86037],[127.28037,37.85413],[127.28629,37.848],[127.27889,37.84244],[127.27605,37.83621],[127.27444,37.825],[127.27913,37.81564],[127.27839,37.80414],[127.27062,37.79361],[127.27259,37.78962],[127.26632,37.78029]]]},"properties":{"osm_id":2409164,"name":"가평군","sgg_code":"41820","mois_admin":"4182000000","admin_level":6,"code_source":"osm"}},
{"type":"Feature","geometry":{"type":"Polygon","coordinates":[[[127.30676,37.51951],[127.30893,37.52713],[127.31497,37.52852],[127.32642,37.53567],[127.34043,37.53474],[127.34961,37.53587],[127.36397,37.53067],[127.37262,37.51997],[127.37919,37.50659],[127.38665,37.49726],[127.38038,37.49004],[127.38877,37.47586],[127.38544,37.46],[127.36783,37.4566],[127.37246,37.45187],[127.37238,37.44499],[127.38175,37.44367],[127.38407,37.43492],[127.39077,37.42808],[127.40039,37.42139],[127.40967,37.43127],[127.41485,37.43245],[127.42374,37.43941],[127.42793,37.43656],[127.44311,37.43421],[127.47172,37.42276],[127.47971,37.42398],[127.48516,37.4323],[127.49763,37.43285],[127.50767,37.43954],[127.52259,37.43537],[127.53048,37.42714],[127.53641,37.41165],[127.54318,37.40955],[127.55063,37.41144],[127.55504,37.41704],[127.56046,37.41763],[127.56552,37.41342],[127.5728,37.41175],[127.58285,37.41697],[127.58468,37.41378],[127.58712,37.42064],[127.60099,37.42064],[127.61696,37.41441],[127.62106,37.40852],[127.62656,37.41309],[127.63511,37.41337],[127.64732,37.40464],[127.65334,37.40845],[127.65796,37.41683],[127.66782,37.41191],[127.68719,37.41184],[127.68588,37.39909],[127.69661,37.40415],[127.69897,37.40762],[127.70821,37.41066],[127.71388,37.40491],[127.71511,37.39881],[127.70385,37.39258],[127.70577,37.38294],[127.70185,37.37303],[127.70804,37.36956],[127.71048,37.37213],[127.71598,37.36998],[127.72462,37.37157],[127.73151,37.37566],[127.74023,37.37074],[127.75966,37.36698],[127.76287,37.36998],[127.77894,37.37077],[127.77579,37.37896],[127.77862,37.38575],[127.78409,37.38883],[127.78168,37.39304],[127.78783,37.40113],[127.79218,37.41845],[127.79502,37.42498],[127.804,37.4291],[127.80041,37.43863],[127.79839,37.44259],[127.79938,37.45177],[127.79647,37.46372],[127.79943,37.46556],[127.79979,37.47238],[127.78958,37.4748],[127.78217,37.48168],[127.78019,37.48865],[127.77469,37.49175],[127.76019,37.49222],[127.75991,37.50331],[127.76466,37.50266],[127.77485,37.50666],[127.78112,37.51306],[127.7837,37.51214],[127.78879,37.51855],[127.7964,37.52311],[127.79634,37.52858],[127.80647,37.53117],[127.81006,37.53806],[127.82204,37.53845],[127.82827,37.53664],[127.83363,37.53921],[127.84202,37.5389],[127.84603,37.54447],[127.8481,37.55226],[127.83951,37.55922],[127.83232,37.56157],[127.82704,37.56061],[127.81413,37.56415],[127.80909,37.57377],[127.80408,37.57931],[127.7929,37.58529],[127.79008,37.58061],[127.78444,37.57812],[127.76657,37.58267],[127.76128,37.58759],[127.75798,37.58681],[127.75411,37.59206],[127.7447,37.58788],[127.72682,37.58906],[127.72313,37.59063],[127.70789,37.58635],[127.69743,37.59185],[127.70084,37.59612],[127.69168,37.60134],[127.66473,37.62024],[127.66171,37.62432],[127.65339,37.62231],[127.64985,37.62415],[127.64699,37.63274],[127.63943,37.63264],[127.62644,37.64308],[127.6218,37.64283],[127.6155,37.64703],[127.60219,37.65154],[127.60031,37.64786],[127.58326,37.64013],[127.58065,37.6334],[127.57142,37.632],[127.56468,37.63316],[127.55946,37.62849],[127.56,37.62314],[127.57047,37.61394],[127.56994,37.60869],[127.56218,37.60413],[127.55939,37.59473],[127.562,37.58699],[127.5607,37.58291],[127.55276,37.58581],[127.53784,37.58464],[127.52056,37.58574],[127.51236,37.57759],[127.49841,37.57171],[127.4738,37.57786],[127.46953,37.59086],[127.47267,37.59604],[127.47354,37.60807],[127.47145,37.62037],[127.46909,37.62445],[127.46255,37.62472],[127.4499,37.64386],[127.44414,37.6478],[127.43821,37.64828],[127.43498,37.65374],[127.44022,37.66148],[127.42813,37.67104],[127.4239,37.66479],[127.40794,37.65968],[127.39956,37.65091],[127.37976,37.65139],[127.36984,37.64598],[127.36582,37.64045],[127.35509,37.63126],[127.34663,37.61841],[127.34174,37.59311],[127.32971,37.57216],[127.31915,37.55564],[127.30885,37.54436],[127.30594,37.52751],[127.30676,37.51951]]]},"properties":{"osm_id":2409186,"name":"양평군","sgg_code":"41830","mois_admin":"4183000000","admin_level":6,"code_source":"osm"}},
{"type":"Feature","geometry":{"type":"Polygon","coordinates":[[[127.40219,36.45667],[127.41023,36.45443],[127.4304,36.45754],[127.43574,36.45719],[127.442,36.45112],[127.45462,36.44994],[127.46319,36.45705],[127.4687,36.47189],[127.47882,36.47714],[127.48383,36.47752],[127.48423,36.47196],[127.47771,36.45878],[127.48568,36.45312],[127.50113,36.45574],[127.50353,36.44911],[127.49553,36.43954],[127.49186,36.43058],[127.50199,36.40864],[127.51185,36.40875],[127.51246,36.41453],[127.5151,36.42428],[127.52027,36.4352],[127.52601,36.43942],[127.54528,36.44486],[127.54641,36.45041],[127.55304,36.4571],[127.55514,36.46621],[127.56649,36.48347],[127.57649,36.49039],[127.57212,36.49323],[127.56987,36.50343],[127.57374,36.50882],[127.57284,36.51773],[127.56906,36.5211],[127.56524,36.53052],[127.57094,36.53572],[127.57996,36.53731],[127.58092,36.54207],[127.59112,36.54343],[127.59433,36.54626],[127.60299,36.54773],[127.61251,36.5518],[127.61598,36.56104],[127.61147,36.56999],[127.61723,36.57737],[127.63053,36.58664],[127.63081,36.5933],[127.63566,36.60009],[127.64646,36.60652],[127.65201,36.60496],[127.65528,36.60025],[127.66504,36.60242],[127.67007,36.59795],[127.67895,36.59583],[127.68118,36.59192],[127.68784,36.59178],[127.69463,36.5884],[127.70295,36.59178],[127.71568,36.60224],[127.72878,36.60228],[127.7372,36.59976],[127.73712,36.59264],[127.7414,36.59141],[127.7455,36.58552],[127.75528,36.59001],[127.76917,36.59358],[127.76949,36.60399],[127.76463,36.61305],[127.75234,36.62154],[127.73477,36.63965],[127.72585,36.64468],[127.72337,36.6513],[127.71268,36.65033],[127.70936,36.65404],[127.71229,36.6572],[127.71028,36.66277],[127.71323,36.66834],[127.72539,36.67581],[127.72715,36.68251],[127.71289,36.69028],[127.71373,36.69522],[127.7022,36.70378],[127.70279,36.70884],[127.69032,36.71389],[127.68605,36.72066],[127.67955,36.71708],[127.67141,36.72267],[127.6645,36.72999],[127.66173,36.72246],[127.66311,36.71603],[127.65511,36.70461],[127.64787,36.70121],[127.63434,36.70873],[127.62297,36.70492],[127.61777,36.70746],[127.61863,36.71645],[127.61544,36.71873],[127.61396,36.72612],[127.60957,36.73017],[127.61058,36.73536],[127.60431,36.74542],[127.59564,36.74472],[127.59026,36.74856],[127.58739,36.75503],[127.58881,36.76234],[127.57499,36.76741],[127.56875,36.77152],[127.5648,36.78026],[127.53284,36.77105],[127.51859,36.76934],[127.50929,36.76684],[127.51027,36.77301],[127.50498,36.77948],[127.49711,36.78001],[127.49045,36.7738],[127.48353,36.77621],[127.47041,36.76882],[127.46039,36.76991],[127.45844,36.76579],[127.45095,36.761],[127.44866,36.75501],[127.45094,36.74942],[127.44372,36.74873],[127.43808,36.7533],[127.42711,36.75081],[127.42694,36.7576],[127.4197,36.75766],[127.41051,36.75636],[127.41136,36.75361],[127.4057,36.74976],[127.40501,36.74508],[127.39712,36.74714],[127.38862,36.75383],[127.38707,36.75864],[127.37343,36.7576],[127.36828,36.76062],[127.35763,36.75911],[127.35592,36.75567],[127.34836,36.75251],[127.33618,36.75278],[127.33257,36.74728],[127.33772,36.74453],[127.33806,36.73999],[127.3439,36.73518],[127.34032,36.73103],[127.33206,36.73077],[127.32599,36.7336],[127.31809,36.72467],[127.30856,36.72073],[127.30608,36.70836],[127.30808,36.70477],[127.29724,36.69776],[127.29211,36.69739],[127.28529,36.69067],[127.29666,36.68577],[127.30183,36.68574],[127.30763,36.68202],[127.30485,36.66809],[127.30101,36.66205],[127.28916,36.65932],[127.28278,36.64229],[127.27565,36.6398],[127.27948,36.6335],[127.29056,36.63689],[127.29201,36.62504],[127.2963,36.62424],[127.30159,36.6093],[127.30655,36.59984],[127.30442,36.59101],[127.29967,36.58639],[127.30186,36.58075],[127.30703,36.58305],[127.32006,36.58261],[127.32535,36.58012],[127.33655,36.56999],[127.33702,36.56284],[127.34713,36.56445],[127.351,36.56221],[127.36048,36.56228],[127.36826,36.5662],[127.37755,36.56783],[127.37204,36.56362],[127.37798,36.56294],[127.37271,36.55996],[127.38319,36.54786],[127.38388,36.54153],[127.39233,36.54001],[127.40182,36.54124],[127.40501,36.53731],[127.4086,36.52369],[127.40149,36.52365],[127.39764,36.52058],[127.40375,36.51738],[127.40904,36.50975],[127.40788,36.50015],[127.40983,36.49532],[127.39576,36.49159],[127.4043,36.48302],[127.40156,36.47229],[127.40219,36.45667]]]},"properties":{"osm_id":2541043,"name":"청주시","sgg_code":"43110","mois_admin":"4311000000","admin_level":6,"code_source":"osm"}},
{"type":"Feature","geometry":{"type":"Polygon","coordinates":[[[127.74612,37.21378],[127.73674,37.21019],[127.7324,37.20159],[127.7325,37.1958],[127.72835,37.19179],[127.72641,37.18254],[127.71764,37.18383],[127.70485,37.16752],[127.70427,37.15765],[127.6945,37.14883],[127.69548,37.14042],[127.70961,37.13569],[127.71202,37.12778],[127.72214,37.12081],[127.72051,37.11071],[127.71266,37.10636],[127.70092,37.10299],[127.69801,37.09822],[127.69934,37.09163],[127.69218,37.08133],[127.6866,37.08095],[127.68282,37.0763],[127.68922,37.0665],[127.69125,37.05344],[127.68545,37.04701],[127.6763,37.04461],[127.67151,37.04045],[127.6714,37.03467],[127.66358,37.03045],[127.66437,37.02305],[127.65736,37.01818],[127.65613,37.01341],[127.66552,37.00307],[127.65505,37.00139],[127.65085,36.98343],[127.66223,36.9774],[127.67053,36.97865],[127.66691,36.98672],[127.68632,36.98589],[127.68662,36.98147],[127.69471,36.97783],[127.69449,36.97497],[127.70378,36.97201],[127.70585,36.96579],[127.71626,36.95841],[127.72685,36.95906],[127.73343,36.95353],[127.73928,36.95238],[127.75296,36.95795],[127.76384,36.94633],[127.76087,36.94509],[127.77563,36.93334],[127.78436,36.93771],[127.78803,36.93719],[127.79339,36.94071],[127.79494,36.94591],[127.80067,36.94755],[127.8066,36.94595],[127.80716,36.94159],[127.82022,36.94145],[127.83294,36.93985],[127.83181,36.93538],[127.83538,36.92995],[127.843,36.92771],[127.84209,36.91777],[127.83811,36.91422],[127.84606,36.90925],[127.85244,36.90928],[127.85833,36.90492],[127.86399,36.89623],[127.88151,36.89585],[127.88304,36.89016],[127.89184,36.8914],[127.90101,36.89676],[127.90359,36.88794],[127.9137,36.88567],[127.91748,36.8811],[127.9229,36.88228],[127.93038,36.88797],[127.94595,36.8881],[127.95189,36.88473],[127.94514,36.87491],[127.95668,36.86843],[127.96342,36.86123],[127.96937,36.85935],[127.9669,36.85095],[127.97434,36.84208],[127.97716,36.83614],[127.97159,36.82806],[127.976,36.82371],[127.98185,36.82343],[127.9824,36.81601],[127.99259,36.81267],[127.99779,36.81294],[128.01158,36.80679],[128.02113,36.81028],[128.02404,36.82599],[128.03638,36.82461],[128.04223,36.8206],[128.04725,36.82223],[128.05923,36.81638],[128.06736,36.81677],[128.07716,36.81098],[128.08537,36.8042],[128.08383,36.7993],[128.0935,36.79678],[128.09296,36.80286],[128.10585,36.80595],[128.10982,36.82132],[128.12893,36.8248],[128.13398,36.82844],[128.13357,36.8328],[128.12216,36.83386],[128.11071,36.83016],[128.09474,36.83533],[128.09143,36.84918],[128.08713,36.85153],[128.06881,36.8453],[128.06269,36.83812],[128.05813,36.84378],[128.03684,36.85174],[128.03558,36.85503],[128.04254,36.86111],[128.04552,36.8705],[128.05094,36.87219],[128.05543,36.88256],[128.06631,36.89387],[128.06626,36.90943],[128.07225,36.91101],[128.07113,36.91507],[128.0625,36.91997],[128.05818,36.93218],[128.04643,36.93677],[128.04271,36.94027],[128.04035,36.95439],[128.0483,36.95569],[128.05799,36.96014],[128.06442,36.95798],[128.07512,36.95003],[128.08486,36.94774],[128.0866,36.95097],[128.08647,36.96634],[128.09118,36.98217],[128.08971,36.98954],[128.08494,36.99043],[128.08442,36.99493],[128.07893,36.99632],[128.07651,37.00541],[128.08635,37.01084],[128.08886,37.01795],[128.08557,37.02],[128.09044,37.02332],[128.08614,37.0282],[128.0888,37.03137],[128.08346,37.03895],[128.08449,37.04443],[128.0807,37.04842],[128.08579,37.06571],[128.08206,37.07079],[128.08526,37.07605],[128.07912,37.08232],[128.0691,37.08641],[128.06067,37.08674],[128.05894,37.08946],[128.06323,37.09597],[128.05269,37.09696],[128.04553,37.10481],[128.04849,37.10791],[128.04613,37.11509],[128.03965,37.11248],[128.02442,37.11553],[128.01991,37.1179],[128.01206,37.10764],[128.01313,37.09816],[128.00152,37.10044],[127.99918,37.10822],[127.9854,37.11244],[127.98596,37.13155],[127.9826,37.13119],[127.97746,37.14104],[127.97097,37.14178],[127.97115,37.15068],[127.96832,37.1562],[127.95958,37.16066],[127.94265,37.16188],[127.92633,37.16553],[127.92384,37.16363],[127.91504,37.16888],[127.90863,37.16712],[127.90346,37.16005],[127.90164,37.1518],[127.89889,37.1498],[127.89543,37.15609],[127.88641,37.16109],[127.87205,37.16434],[127.86231,37.1618],[127.86176,37.15644],[127.85177,37.15965],[127.85032,37.15391],[127.83649,37.15177],[127.83009,37.15509],[127.82359,37.15376],[127.81905,37.14825],[127.80755,37.14742],[127.80204,37.14446],[127.79508,37.14615],[127.78943,37.14375],[127.76466,37.16002],[127.75558,37.17222],[127.75189,37.18226],[127.74802,37.20156],[127.7441,37.20955],[127.74612,37.21378]]]},"properties":{"osm_id":2538331,"name":"충주시","sgg_code":"43130","mois_admin":"4313000000","admin_level":6,"code_source":"osm"}},
{"type":"Feature","geometry":{"type":"Polygon","coordinates":[[[128.29831,37.13418],[128.29267,37.1393],[128.28469,37.14315],[128.27993,37.14246],[128.27329,37.14763],[128.27059,37.15423],[128.26444,37.16042],[128.27038,37.16177],[128.27072,37.16636],[128.28111,37.1734],[128.28968,37.17015],[128.29807,37.17166],[128.29562,37.18329],[128.30264,37.18662],[128.30766,37.186],[128.31299,37.19114],[128.31339,37.19678],[128.32176,37.19555],[128.32639,37.19729],[128.3334,37.21579],[128.32606,37.21724],[128.31404,37.22269],[128.30794,37.21711],[128.28818,37.21507],[128.28395,37.21018],[128.27286,37.20986],[128.2684,37.20792],[128.25979,37.21641],[128.25798,37.22124],[128.25093,37.22958],[128.24431,37.22654],[128.23742,37.22932],[128.2285,37.22803],[128.22012,37.24019],[128.21478,37.24184],[128.21465,37.24607],[128.2078,37.24882],[128.20118,37.24897],[128.19317,37.24524],[128.17362,37.23101],[128.17307,37.21906],[128.16404,37.21331],[128.15467,37.21567],[128.15086,37.22074],[128.14232,37.22434],[128.14204,37.2286],[128.13348,37.22973],[128.12536,37.23459],[128.1208,37.2273],[128.12236,37.2252],[128.11551,37.22027],[128.1115,37.20767],[128.10505,37.20377],[128.07754,37.1937],[128.06356,37.19282],[128.06047,37.19409],[128.04981,37.18958],[128.0372,37.18928],[128.03222,37.19388],[128.0283,37.20232],[128.03308,37.21081],[128.03875,37.21604],[128.03213,37.2238],[128.02301,37.22563],[128.01921,37.2444],[128.00797,37.25212],[127.99973,37.25446],[127.99423,37.25357],[127.98546,37.25814],[127.96974,37.2557],[127.96455,37.25101],[127.95268,37.24792],[127.94519,37.24056],[127.93888,37.24074],[127.92662,37.2316],[127.92158,37.22505],[127.9271,37.22015],[127.93247,37.20699],[127.93092,37.20113],[127.93626,37.18877],[127.9326,37.18237],[127.93363,37.1758],[127.9273,37.16978],[127.92633,37.16553],[127.94265,37.16188],[127.95958,37.16066],[127.96832,37.1562],[127.97115,37.15068],[127.97097,37.14178],[127.97746,37.14104],[127.9826,37.13119],[127.98596,37.13155],[127.9854,37.11244],[127.99918,37.10822],[128.00152,37.10044],[128.01313,37.09816],[128.01206,37.10764],[128.01991,37.1179],[128.02442,37.11553],[128.03965,37.11248],[128.04613,37.11509],[128.04849,37.10791],[128.04553,37.10481],[128.05269,37.09696],[128.06323,37.09597],[128.05894,37.08946],[128.06067,37.08674],[128.0691,37.08641],[128.07912,37.08232],[128.08526,37.07605],[128.08206,37.07079],[128.08579,37.06571],[128.0807,37.04842],[128.08449,37.04443],[128.08346,37.03895],[128.0888,37.03137],[128.08614,37.0282],[128.09044,37.02332],[128.08557,37.02],[128.08886,37.01795],[128.08635,37.01084],[128.07651,37.00541],[128.07893,36.99632],[128.08442,36.99493],[128.08494,36.99043],[128.08971,36.98954],[128.09118,36.98217],[128.08647,36.96634],[128.0866,36.95097],[128.08486,36.94774],[128.07512,36.95003],[128.06442,36.95798],[128.05799,36.96014],[128.0483,36.95569],[128.04035,36.95439],[128.04271,36.94027],[128.04643,36.93677],[128.05818,36.93218],[128.0625,36.91997],[128.07113,36.91507],[128.07225,36.91101],[128.06626,36.90943],[128.06631,36.89387],[128.05543,36.88256],[128.05094,36.87219],[128.04552,36.8705],[128.04254,36.86111],[128.03558,36.85503],[128.03684,36.85174],[128.05813,36.84378],[128.06269,36.83812],[128.06881,36.8453],[128.08713,36.85153],[128.09143,36.84918],[128.09474,36.83533],[128.11071,36.83016],[128.12216,36.83386],[128.13357,36.8328],[128.14106,36.83348],[128.14984,36.82758],[128.15143,36.82324],[128.16263,36.82099],[128.17132,36.8221],[128.1848,36.81663],[128.19368,36.81712],[128.20717,36.81242],[128.21621,36.81246],[128.21732,36.81828],[128.21451,36.83485],[128.21112,36.84117],[128.21254,36.84973],[128.23013,36.84537],[128.23702,36.84535],[128.23871,36.85018],[128.23423,36.85599],[128.23466,36.86283],[128.2395,36.8651],[128.24183,36.87233],[128.24251,36.87802],[128.25092,36.88472],[128.2438,36.89097],[128.24626,36.90432],[128.24189,36.91205],[128.23672,36.91661],[128.23668,36.934],[128.24732,36.93924],[128.26353,36.94949],[128.25966,36.95485],[128.26659,36.96078],[128.26001,36.96846],[128.25989,36.97576],[128.25584,36.9865],[128.25851,36.99333],[128.25391,36.99748],[128.2576,37.00015],[128.25383,37.00924],[128.24838,37.01324],[128.2439,37.02108],[128.23849,37.02509],[128.22805,37.02448],[128.22505,37.02721],[128.22443,37.03431],[128.21712,37.03739],[128.22083,37.042],[128.22103,37.05004],[128.21784,37.05434],[128.22497,37.05872],[128.22537,37.06234],[128.23681,37.06542],[128.23941,37.0736],[128.24679,37.07692],[128.24925,37.07511],[128.25714,37.08279],[128.26139,37.08204],[128.26692,37.08743],[128.26233,37.09029],[128.25961,37.09913],[128.25637,37.10024],[128.26694,37.10864],[128.27304,37.11703],[128.2776,37.11581],[128.27778,37.11077],[128.29394,37.09806],[128.30383,37.10033],[128.30837,37.11451],[128.30419,37.11731],[128.30374,37.12829],[128.29831,37.13418]]]},"properties":{"osm_id":2538334,"name":"제천시","sgg_code":"43150","mois_admin":"4315000000","admin_level":6,"code_source":"osm"}},
{"type":"Feature","geometry":{"type":"Polygon","coordinates":[[[127.8797,36.37162],[127.88439,36.37971],[127.87919,36.38346],[127.87559,36.39094],[127.86618,36.3923],[127.86435,36.40331],[127.87245,36.40515],[127.87584,36.41427],[127.88267,36.42161],[127.88276,36.42469],[127.87485,36.42929],[127.87336,36.44257],[127.88233,36.46126],[127.87848,36.46708],[127.88223,36.4761],[127.87618,36.48314],[127.87841,36.48934],[127.88918,36.49377],[127.89785,36.49929],[127.90606,36.50806],[127.90227,36.51315],[127.90061,36.525],[127.90187,36.52809],[127.89164,36.53071],[127.8829,36.53548],[127.87698,36.53566],[127.87082,36.54293],[127.87337,36.55667],[127.86788,36.56332],[127.85286,36.57168],[127.84445,36.5696],[127.83613,36.57051],[127.83036,36.57419],[127.82452,36.5707],[127.81689,36.57725],[127.80478,36.58147],[127.80037,36.58538],[127.79642,36.59491],[127.7985,36.60208],[127.79181,36.61033],[127.78626,36.61377],[127.78143,36.60875],[127.76949,36.60399],[127.76917,36.59358],[127.75528,36.59001],[127.7455,36.58552],[127.7414,36.59141],[127.73712,36.59264],[127.7372,36.59976],[127.72878,36.60228],[127.71568,36.60224],[127.70295,36.59178],[127.69463,36.5884],[127.68784,36.59178],[127.68118,36.59192],[127.67895,36.59583],[127.67007,36.59795],[127.66504,36.60242],[127.65528,36.60025],[127.65201,36.60496],[127.64646,36.60652],[127.63566,36.60009],[127.63081,36.5933],[127.63053,36.58664],[127.61723,36.57737],[127.61147,36.56999],[127.61598,36.56104],[127.61251,36.5518],[127.60299,36.54773],[127.59433,36.54626],[127.59112,36.54343],[127.58092,36.54207],[127.57996,36.53731],[127.57094,36.53572],[127.56524,36.53052],[127.56906,36.5211],[127.57284,36.51773],[127.57374,36.50882],[127.56987,36.50343],[127.57212,36.49323],[127.57649,36.49039],[127.56649,36.48347],[127.55514,36.46621],[127.55304,36.4571],[127.54641,36.45041],[127.54528,36.44486],[127.52601,36.43942],[127.52027,36.4352],[127.5151,36.42428],[127.51246,36.41453],[127.52651,36.41116],[127.53313,36.39975],[127.54087,36.40102],[127.54593,36.40613],[127.55087,36.40677],[127.55415,36.40322],[127.55386,36.39477],[127.55758,36.39363],[127.56812,36.39968],[127.58078,36.40893],[127.58368,36.41858],[127.59117,36.41174],[127.59687,36.41075],[127.60404,36.40394],[127.61334,36.40413],[127.61659,36.40859],[127.61735,36.41744],[127.62885,36.42997],[127.62751,36.43414],[127.63183,36.4398],[127.63913,36.43594],[127.64486,36.44521],[127.65767,36.43798],[127.6654,36.44527],[127.67628,36.43715],[127.68038,36.43633],[127.67853,36.42709],[127.68026,36.42003],[127.70012,36.41349],[127.71046,36.41326],[127.70794,36.40627],[127.71436,36.40203],[127.72147,36.39412],[127.73116,36.38981],[127.73265,36.39343],[127.74277,36.38691],[127.7624,36.39377],[127.76564,36.39001],[127.77453,36.38715],[127.78339,36.38691],[127.7908,36.38917],[127.79436,36.38459],[127.80136,36.38248],[127.8189,36.38131],[127.82307,36.37982],[127.83255,36.36925],[127.83727,36.37306],[127.85321,36.37099],[127.85836,36.3741],[127.87028,36.37366],[127.8797,36.37162]]]},"properties":{"osm_id":2541037,"name":"보은군","sgg_code":"43720","mois_admin":"4372000000","admin_level":6,"code_source":"osm"}},
{"type":"Feature","geometry":{"type":"Polygon","coordinates":[[[127.8797,36.37162],[127.87028,36.37366],[127.85836,36.3741],[127.85321,36.37099],[127.83727,36.37306],[127.83255,36.36925],[127.82307,36.37982],[127.8189,36.38131],[127.80136,36.38248],[127.79436,36.38459],[127.7908,36.38917],[127.78339,36.38691],[127.77453,36.38715],[127.76564,36.39001],[127.7624,36.39377],[127.74277,36.38691],[127.73265,36.39343],[127.73116,36.38981],[127.72147,36.39412],[127.71436,36.40203],[127.70794,36.40627],[127.71046,36.41326],[127.70012,36.41349],[127.68026,36.42003],[127.67853,36.42709],[127.68038,36.43633],[127.67628,36.43715],[127.6654,36.44527],[127.65767,36.43798],[127.64486,36.44521],[127.63913,36.43594],[127.63183,36.4398],[127.62751,36.43414],[127.62885,36.42997],[127.61735,36.41744],[127.61659,36.40859],[127.61334,36.40413],[127.60404,36.40394],[127.59687,36.41075],[127.59117,36.41174],[127.58368,36.41858],[127.58078,36.40893],[127.56812,36.39968],[127.55758,36.39363],[127.55386,36.39477],[127.55415,36.40322],[127.55087,36.40677],[127.54593,36.40613],[127.54087,36.40102],[127.53798,36.39486],[127.53331,36.3935],[127.52513,36.38671],[127.52522,36.37527],[127.52749,36.36988],[127.5241,36.36632],[127.52479,36.36131],[127.52041,36.35122],[127.50127,36.33985],[127.50362,36.32647],[127.49865,36.31886],[127.49938,36.31526],[127.49449,36.31167],[127.49943,36.30555],[127.49581,36.29898],[127.49113,36.29682],[127.4989,36.28229],[127.48862,36.27289],[127.48647,36.25935],[127.48997,36.25805],[127.48788,36.25033],[127.49267,36.24457],[127.49275,36.23806],[127.5025,36.23778],[127.51203,36.24097],[127.51646,36.24029],[127.53299,36.25126],[127.53796,36.24306],[127.54981,36.23853],[127.545,36.22764],[127.54586,36.22513],[127.5616,36.22874],[127.56505,36.22832],[127.5708,36.23337],[127.57972,36.23316],[127.5853,36.23019],[127.58719,36.22472],[127.59066,36.22544],[127.59328,36.21987],[127.59869,36.21665],[127.59655,36.21256],[127.59985,36.20456],[127.59268,36.19525],[127.59792,36.18434],[127.60826,36.1855],[127.62404,36.18079],[127.62725,36.17776],[127.63444,36.18141],[127.64522,36.17098],[127.6521,36.17147],[127.65476,36.1772],[127.65024,36.18522],[127.65448,36.19181],[127.65422,36.19804],[127.64961,36.20365],[127.6495,36.21205],[127.65168,36.21441],[127.65059,36.22503],[127.65607,36.22901],[127.66334,36.22361],[127.67253,36.22229],[127.67841,36.22471],[127.68579,36.23543],[127.69171,36.23927],[127.69241,36.24971],[127.69682,36.25123],[127.70171,36.26125],[127.71464,36.26318],[127.71319,36.26764],[127.72068,36.26619],[127.73306,36.27502],[127.74146,36.27123],[127.7545,36.26861],[127.75997,36.27035],[127.76392,36.28429],[127.76908,36.28526],[127.77013,36.29011],[127.77596,36.29178],[127.78004,36.28949],[127.79443,36.29054],[127.79514,36.2979],[127.80153,36.30029],[127.80135,36.30413],[127.80795,36.30957],[127.81416,36.30816],[127.81898,36.31012],[127.82071,36.30519],[127.82506,36.3101],[127.83438,36.31104],[127.8452,36.31684],[127.85096,36.3212],[127.85203,36.33067],[127.86781,36.33722],[127.87356,36.34517],[127.87923,36.34482],[127.88511,36.34897],[127.88592,36.3546],[127.891,36.35663],[127.88652,36.36314],[127.88511,36.37005],[127.8797,36.37162]]]},"properties":{"osm_id":2541039,"name":"옥천군","sgg_code":"43730","mois_admin":"4373000000","admin_level":6,"code_source":"osm"}},
{"type":"Feature","geometry":{"type":"Polygon","coordinates":[[[127.6383,36.06794],[127.6435,36.06739],[127.64809,36.06313],[127.64905,36.05799],[127.65444,36.05662],[127.65942,36.03963],[127.66441,36.03751],[127.67274,36.04163],[127.66917,36.05115],[127.68555,36.06219],[127.69074,36.05803],[127.69461,36.05898],[127.69646,36.0411],[127.70362,36.03441],[127.71669,36.0349],[127.72006,36.03051],[127.71754,36.02239],[127.71258,36.01886],[127.72523,36.01476],[127.73026,36.02148],[127.72759,36.03012],[127.73185,36.03262],[127.73709,36.03026],[127.73967,36.02529],[127.7462,36.02925],[127.75538,36.02415],[127.76189,36.02522],[127.76307,36.02174],[127.75727,36.01763],[127.76317,36.01259],[127.76998,36.01266],[127.78345,36.01644],[127.78756,36.01435],[127.79081,36.0188],[127.80108,36.02659],[127.8055,36.02596],[127.81979,36.0298],[127.8304,36.03523],[127.85281,36.03911],[127.85566,36.03293],[127.8606,36.03146],[127.86774,36.02377],[127.87677,36.02251],[127.88402,36.02835],[127.88504,36.036],[127.90361,36.0393],[127.90427,36.04377],[127.91667,36.05512],[127.92589,36.05363],[127.93178,36.05026],[127.94661,36.05706],[127.95444,36.06733],[127.96092,36.06886],[127.96159,36.08298],[127.95757,36.09093],[127.95781,36.0952],[127.96841,36.10738],[127.9668,36.11869],[127.98175,36.1247],[127.98855,36.13254],[127.98748,36.14761],[127.99705,36.15534],[127.99024,36.15952],[127.99012,36.16582],[127.98346,36.17005],[127.98471,36.17703],[127.9756,36.18812],[127.97602,36.19247],[127.9859,36.20041],[127.99289,36.20018],[127.9988,36.20706],[128.00982,36.20938],[128.02577,36.2059],[128.03813,36.19442],[128.05205,36.20082],[128.05893,36.20104],[128.05055,36.20617],[128.05025,36.21587],[128.0421,36.21731],[128.03905,36.22214],[128.03899,36.22946],[128.03308,36.2338],[128.03012,36.24048],[128.0353,36.24353],[128.0395,36.25123],[128.0449,36.25351],[128.04779,36.25748],[128.03732,36.25981],[128.02703,36.26512],[128.02607,36.26815],[128.01528,36.26834],[128.0086,36.27227],[128.00044,36.26665],[127.99341,36.26689],[127.99096,36.26348],[127.98131,36.2635],[127.9768,36.259],[127.97856,36.25429],[127.96824,36.25049],[127.96036,36.25241],[127.95483,36.25717],[127.94827,36.25755],[127.94714,36.26729],[127.93772,36.26919],[127.93397,36.27583],[127.92525,36.27955],[127.91331,36.28182],[127.90707,36.28607],[127.90502,36.30242],[127.89187,36.29209],[127.88747,36.27834],[127.88434,36.27379],[127.86966,36.27725],[127.85653,36.27708],[127.85185,36.27396],[127.84958,36.28931],[127.84575,36.29628],[127.84744,36.3002],[127.8413,36.30934],[127.8452,36.31684],[127.83438,36.31104],[127.82506,36.3101],[127.82071,36.30519],[127.81898,36.31012],[127.81416,36.30816],[127.80795,36.30957],[127.80135,36.30413],[127.80153,36.30029],[127.79514,36.2979],[127.79443,36.29054],[127.78004,36.28949],[127.77596,36.29178],[127.77013,36.29011],[127.76908,36.28526],[127.76392,36.28429],[127.75997,36.27035],[127.7545,36.26861],[127.74146,36.27123],[127.73306,36.27502],[127.72068,36.26619],[127.71319,36.26764],[127.71464,36.26318],[127.70171,36.26125],[127.69682,36.25123],[127.69241,36.24971],[127.69171,36.23927],[127.68579,36.23543],[127.67841,36.22471],[127.67253,36.22229],[127.66334,36.22361],[127.65607,36.22901],[127.65059,36.22503],[127.65168,36.21441],[127.6495,36.21205],[127.64961,36.20365],[127.65422,36.19804],[127.65448,36.19181],[127.65024,36.18522],[127.65476,36.1772],[127.6521,36.17147],[127.64522,36.17098],[127.63444,36.18141],[127.62725,36.17776],[127.62404,36.18079],[127.60826,36.1855],[127.59792,36.18434],[127.59341,36.17748],[127.60135,36.16913],[127.60212,36.16061],[127.5938,36.15118],[127.59036,36.14328],[127.59028,36.13292],[127.59551,36.12561],[127.60641,36.11715],[127.61011,36.11881],[127.61354,36.11184],[127.61981,36.10896],[127.61723,36.10383],[127.61804,36.09395],[127.62435,36.09052],[127.63251,36.08212],[127.63418,36.07338],[127.6383,36.06794]]]},"properties":{"osm_id":2541040,"name":"영동군","sgg_code":"43740","mois_admin":"4374000000","admin_level":6,"code_source":"osm"}},
{"type":"Feature","geometry":{"type":"Polygon","coordinates":[[[127.5648,36.78026],[127.56875,36.77152],[127.57499,36.76741],[127.58881,36.76234],[127.58739,36.75503],[127.59026,36.74856],[127.59564,36.74472],[127.60431,36.74542],[127.61058,36.73536],[127.60957,36.73017],[127.61396,36.72612],[127.61544,36.71873],[127.61863,36.71645],[127.61777,36.70746],[127.62297,36.70492],[127.63434,36.70873],[127.64787,36.70121],[127.65511,36.70461],[127.66311,36.71603],[127.66173,36.72246],[127.6645,36.72999],[127.65427,36.73517],[127.65,36.73266],[127.63967,36.73196],[127.63893,36.73814],[127.63355,36.75187],[127.62367,36.76075],[127.62931,36.77346],[127.62083,36.77859],[127.62094,36.78787],[127.62548,36.78932],[127.62702,36.79425],[127.63471,36.7935],[127.64162,36.79995],[127.63401,36.8073],[127.63499,36.81284],[127.6301,36.81624],[127.63101,36.83051],[127.63918,36.84358],[127.63754,36.84695],[127.62639,36.84253],[127.62376,36.8356],[127.61642,36.83383],[127.6134,36.83646],[127.6115,36.84778],[127.61748,36.85771],[127.61373,36.85839],[127.60321,36.85188],[127.59653,36.85159],[127.59122,36.85782],[127.58575,36.85959],[127.57848,36.85773],[127.57828,36.85376],[127.57153,36.85006],[127.57281,36.84123],[127.56868,36.83854],[127.56923,36.82998],[127.57923,36.82822],[127.57371,36.8214],[127.56314,36.81802],[127.56054,36.81966],[127.55003,36.81286],[127.54483,36.81351],[127.53733,36.80859],[127.54814,36.79835],[127.55507,36.79926],[127.5648,36.78026]]]},"properties":{"osm_id":2539139,"name":"증평군","sgg_code":"43745","mois_admin":"4374500000","admin_level":6,"code_source":"osm"}},
{"type":"Feature","geometry":{"type":"Polygon","coordinates":[[[127.28932,36.89419],[127.30394,36.88524],[127.30788,36.88539],[127.31129,36.87049],[127.30578,36.86335],[127.31273,36.85747],[127.3193,36.85906],[127.32813,36.85816],[127.33649,36.85469],[127.33666,36.84507],[127.3341,36.83236],[127.34637,36.82931],[127.35605,36.82865],[127.35715,36.82356],[127.36661,36.81697],[127.38149,36.81408],[127.40081,36.79909],[127.40171,36.79514],[127.39731,36.79115],[127.3955,36.78248],[127.39982,36.78086],[127.4019,36.77571],[127.41295,36.77322],[127.4197,36.75766],[127.42694,36.7576],[127.42711,36.75081],[127.43808,36.7533],[127.44372,36.74873],[127.45094,36.74942],[127.44866,36.75501],[127.45095,36.761],[127.45844,36.76579],[127.46039,36.76991],[127.47041,36.76882],[127.48353,36.77621],[127.49045,36.7738],[127.49711,36.78001],[127.50498,36.77948],[127.51027,36.77301],[127.50929,36.76684],[127.51859,36.76934],[127.53284,36.77105],[127.5648,36.78026],[127.55507,36.79926],[127.54814,36.79835],[127.53733,36.80859],[127.54483,36.81351],[127.55003,36.81286],[127.56054,36.81966],[127.56314,36.81802],[127.57371,36.8214],[127.57923,36.82822],[127.56923,36.82998],[127.56868,36.83854],[127.57281,36.84123],[127.57153,36.85006],[127.57828,36.85376],[127.57554,36.85839],[127.57791,36.86654],[127.58511,36.87018],[127.58504,36.87459],[127.57776,36.87978],[127.57229,36.8774],[127.571,36.88257],[127.56142,36.88281],[127.55565,36.88616],[127.55185,36.89392],[127.555,36.89933],[127.5463,36.90101],[127.54404,36.90523],[127.53568,36.91105],[127.52724,36.91087],[127.5194,36.92288],[127.51318,36.92601],[127.51133,36.93094],[127.49963,36.93213],[127.49281,36.93876],[127.48614,36.93868],[127.48126,36.9338],[127.47064,36.93603],[127.46664,36.93909],[127.46349,36.94842],[127.4491,36.94806],[127.44535,36.95876],[127.44838,36.96323],[127.45491,36.96066],[127.45711,36.96557],[127.45399,36.97395],[127.44872,36.98014],[127.44755,37.00067],[127.45008,37.00382],[127.44709,37.01089],[127.44061,37.01191],[127.43619,37.00537],[127.42882,37.00219],[127.42035,37.00376],[127.41391,36.99947],[127.40684,36.99832],[127.39979,36.99986],[127.39421,36.99838],[127.38609,36.98141],[127.39432,36.97698],[127.40153,36.96768],[127.39803,36.96486],[127.38727,36.96446],[127.38482,36.95962],[127.37872,36.9579],[127.37566,36.94866],[127.3673,36.9503],[127.35761,36.94769],[127.354,36.95267],[127.34963,36.95279],[127.34326,36.94826],[127.34316,36.94432],[127.32681,36.93594],[127.31621,36.93472],[127.30899,36.92939],[127.29497,36.93067],[127.30065,36.9189],[127.30246,36.91114],[127.2978,36.90297],[127.28932,36.89419]]]},"properties":{"osm_id":2538513,"name":"진천군","sgg_code":"43750","mois_admin":"4375000000","admin_level":6,"code_source":"osm"}},
{"type":"Feature","geometry":{"type":"Polygon","coordinates":[[[127.6645,36.72999],[127.67141,36.72267],[127.67955,36.71708],[127.68605,36.72066],[127.69032,36.71389],[127.70279,36.70884],[127.7022,36.70378],[127.71373,36.69522],[127.71289,36.69028],[127.72715,36.68251],[127.72539,36.67581],[127.71323,36.66834],[127.71028,36.66277],[127.71229,36.6572],[127.70936,36.65404],[127.71268,36.65033],[127.72337,36.6513],[127.72585,36.64468],[127.73477,36.63965],[127.75234,36.62154],[127.76463,36.61305],[127.76949,36.60399],[127.78143,36.60875],[127.78626,36.61377],[127.79181,36.61033],[127.7985,36.60208],[127.80198,36.60185],[127.81299,36.60768],[127.81857,36.6083],[127.821,36.61331],[127.82994,36.61262],[127.8407,36.60829],[127.84911,36.61282],[127.8583,36.61353],[127.85573,36.61758],[127.84981,36.61958],[127.84784,36.62494],[127.85056,36.63125],[127.84675,36.63399],[127.86197,36.6361],[127.86353,36.6407],[127.87013,36.64552],[127.87394,36.65505],[127.87994,36.65676],[127.88199,36.64642],[127.88878,36.63935],[127.88724,36.63447],[127.88935,36.62866],[127.8973,36.62627],[127.90859,36.62593],[127.91138,36.61532],[127.9188,36.60868],[127.91996,36.60112],[127.92486,36.60406],[127.92409,36.61545],[127.93238,36.61874],[127.9314,36.62411],[127.93596,36.633],[127.93381,36.63608],[127.93573,36.64418],[127.939,36.64599],[127.93908,36.65275],[127.93164,36.6554],[127.93221,36.66452],[127.92957,36.66877],[127.91771,36.66785],[127.91297,36.67767],[127.89167,36.68244],[127.88762,36.67863],[127.88001,36.67871],[127.87429,36.68196],[127.88207,36.68357],[127.8816,36.68774],[127.88858,36.69186],[127.89785,36.69325],[127.91872,36.69224],[127.92892,36.69084],[127.93159,36.69442],[127.93086,36.70136],[127.93357,36.70649],[127.94648,36.70621],[127.94953,36.70805],[127.94918,36.71988],[127.95361,36.72268],[127.95697,36.73559],[127.97072,36.73091],[127.97315,36.7262],[127.98025,36.72008],[127.98685,36.71755],[128.00194,36.71726],[128.00651,36.72545],[128.01484,36.73019],[128.01939,36.7237],[128.02578,36.71906],[128.03191,36.71878],[128.04969,36.70776],[128.0587,36.70895],[128.07038,36.7077],[128.07272,36.71189],[128.06799,36.72223],[128.05556,36.73042],[128.05072,36.73671],[128.03232,36.74758],[128.03237,36.75517],[128.0448,36.77105],[128.04831,36.78322],[128.05498,36.79266],[128.05613,36.79842],[128.05408,36.80561],[128.05923,36.81638],[128.04725,36.82223],[128.04223,36.8206],[128.03638,36.82461],[128.02404,36.82599],[128.02113,36.81028],[128.01158,36.80679],[127.99779,36.81294],[127.99259,36.81267],[127.9824,36.81601],[127.98185,36.82343],[127.976,36.82371],[127.97159,36.82806],[127.97716,36.83614],[127.97434,36.84208],[127.9669,36.85095],[127.96937,36.85935],[127.96342,36.86123],[127.95668,36.86843],[127.94514,36.87491],[127.95189,36.88473],[127.94595,36.8881],[127.93038,36.88797],[127.9229,36.88228],[127.91748,36.8811],[127.9137,36.88567],[127.90359,36.88794],[127.90101,36.89676],[127.89184,36.8914],[127.88304,36.89016],[127.88151,36.89585],[127.86399,36.89623],[127.85833,36.90492],[127.85244,36.90928],[127.84606,36.90925],[127.83811,36.91422],[127.84209,36.91777],[127.843,36.92771],[127.83538,36.92995],[127.83181,36.93538],[127.83294,36.93985],[127.82022,36.94145],[127.80716,36.94159],[127.8066,36.94595],[127.80067,36.94755],[127.79494,36.94591],[127.79339,36.94071],[127.78803,36.93719],[127.78855,36.92621],[127.78145,36.92416],[127.78674,36.91582],[127.79316,36.91687],[127.79793,36.90942],[127.79847,36.90275],[127.79043,36.90682],[127.78487,36.90588],[127.79211,36.90115],[127.78712,36.89449],[127.78935,36.88554],[127.78774,36.88063],[127.77079,36.87756],[127.76667,36.87477],[127.76247,36.87749],[127.7586,36.87384],[127.75054,36.87332],[127.74543,36.87803],[127.73038,36.87852],[127.72522,36.88007],[127.71624,36.87716],[127.70856,36.87838],[127.70773,36.87593],[127.69397,36.88005],[127.68977,36.87155],[127.68588,36.86849],[127.68716,36.86249],[127.67784,36.85095],[127.66139,36.85979],[127.6524,36.86087],[127.64444,36.85796],[127.63754,36.84695],[127.63918,36.84358],[127.63101,36.83051],[127.6301,36.81624],[127.63499,36.81284],[127.63401,36.8073],[127.64162,36.79995],[127.63471,36.7935],[127.62702,36.79425],[127.62548,36.78932],[127.62094,36.78787],[127.62083,36.77859],[127.62931,36.77346],[127.62367,36.76075],[127.63355,36.75187],[127.63893,36.73814],[127.63967,36.73196],[127.65,36.73266],[127.65427,36.73517],[127.6645,36.72999]]]},"properties":{"osm_id":2539138,"name":"괴산군","sgg_code":"43760","mois_admin":"4376000000","admin_level":6,"code_source":"osm"}},
{"type":"Feature","geometry":{"type":"Polygon","coordinates":[[[127.78803,36.93719],[127.78436,36.93771],[127.77563,36.93334],[127.76087,36.94509],[127.76384,36.94633],[127.75296,36.95795],[127.73928,36.95238],[127.73343,36.95353],[127.72685,36.95906],[127.71626,36.95841],[127.70585,36.96579],[127.70378,36.97201],[127.69449,36.97497],[127.69471,36.97783],[127.68662,36.98147],[127.68632,36.98589],[127.66691,36.98672],[127.67053,36.97865],[127.66223,36.9774],[127.65085,36.98343],[127.65505,37.00139],[127.66552,37.00307],[127.65613,37.01341],[127.65736,37.01818],[127.66437,37.02305],[127.66358,37.03045],[127.6714,37.03467],[127.67151,37.04045],[127.6763,37.04461],[127.68545,37.04701],[127.69125,37.05344],[127.68922,37.0665],[127.68282,37.0763],[127.6866,37.08095],[127.69218,37.08133],[127.69934,37.09163],[127.69801,37.09822],[127.70092,37.10299],[127.71266,37.10636],[127.72051,37.11071],[127.72214,37.12081],[127.71202,37.12778],[127.70961,37.13569],[127.69548,37.14042],[127.68859,37.13554],[127.67021,37.13611],[127.65994,37.13992],[127.65637,37.14488],[127.64809,37.15061],[127.62826,37.15478],[127.63021,37.13536],[127.62913,37.13237],[127.63533,37.11524],[127.63517,37.10367],[127.63181,37.09648],[127.61334,37.08668],[127.60449,37.08626],[127.60046,37.08821],[127.59097,37.08787],[127.60415,37.0686],[127.59515,37.074],[127.58847,37.07298],[127.57921,37.07548],[127.56611,37.06298],[127.5695,37.04828],[127.56141,37.04869],[127.5569,37.04384],[127.55036,37.04541],[127.53388,37.05278],[127.53093,37.05578],[127.52115,37.05685],[127.51632,37.05954],[127.50919,37.04949],[127.49605,37.04869],[127.487,37.05437],[127.46856,37.05387],[127.46832,37.05055],[127.45685,37.04217],[127.45964,37.03564],[127.45635,37.03114],[127.45974,37.02506],[127.45837,37.02047],[127.45371,37.02125],[127.44833,37.01654],[127.44709,37.01089],[127.45008,37.00382],[127.44755,37.00067],[127.44872,36.98014],[127.45399,36.97395],[127.45711,36.96557],[127.45491,36.96066],[127.44838,36.96323],[127.44535,36.95876],[127.4491,36.94806],[127.46349,36.94842],[127.46664,36.93909],[127.47064,36.93603],[127.48126,36.9338],[127.48614,36.93868],[127.49281,36.93876],[127.49963,36.93213],[127.51133,36.93094],[127.51318,36.92601],[127.5194,36.92288],[127.52724,36.91087],[127.53568,36.91105],[127.54404,36.90523],[127.5463,36.90101],[127.555,36.89933],[127.55185,36.89392],[127.55565,36.88616],[127.56142,36.88281],[127.571,36.88257],[127.57229,36.8774],[127.57776,36.87978],[127.58504,36.87459],[127.58511,36.87018],[127.57791,36.86654],[127.57554,36.85839],[127.57828,36.85376],[127.57848,36.85773],[127.58575,36.85959],[127.59122,36.85782],[127.59653,36.85159],[127.60321,36.85188],[127.61373,36.85839],[127.61748,36.85771],[127.6115,36.84778],[127.6134,36.83646],[127.61642,36.83383],[127.62376,36.8356],[127.62639,36.84253],[127.63754,36.84695],[127.64444,36.85796],[127.6524,36.86087],[127.66139,36.85979],[127.67784,36.85095],[127.68716,36.86249],[127.68588,36.86849],[127.68977,36.87155],[127.69397,36.88005],[127.70773,36.87593],[127.70856,36.87838],[127.71624,36.87716],[127.72522,36.88007],[127.73038,36.87852],[127.74543,36.87803],[127.75054,36.87332],[127.7586,36.87384],[127.76247,36.87749],[127.76667,36.87477],[127.77079,36.87756],[127.78774,36.88063],[127.78935,36.88554],[127.78712,36.89449],[127.79211,36.90115],[127.78487,36.90588],[127.79043,36.90682],[127.79847,36.90275],[127.79793,36.90942],[127.79316,36.91687],[127.78674,36.91582],[127.78145,36.92416],[127.78855,36.92621],[127.78803,36.93719]]]},"properties":{"osm_id":2538333,"name":"음성군","sgg_code":"43770","mois_admin":"4377000000","admin_level":6,"code_source":"osm"}},
{"type":"Feature","geometry":{"type":"Polygon","coordinates":[[[128.3684,36.80208],[128.38126,36.81388],[128.39436,36.81487],[128.39963,36.81287],[128.42048,36.81151],[128.43205,36.82407],[128.43411,36.83414],[128.4415,36.8376],[128.44672,36.84328],[128.44848,36.85015],[128.44666,36.85337],[128.44913,36.86287],[128.43843,36.87327],[128.42397,36.87653],[128.42816,36.88477],[128.42679,36.88924],[128.43616,36.89708],[128.44016,36.90287],[128.44517,36.91741],[128.44159,36.92735],[128.4604,36.93401],[128.46278,36.94738],[128.47705,36.95744],[128.4849,36.95747],[128.48602,36.96193],[128.50673,36.97008],[128.50642,36.97319],[128.51461,36.97758],[128.51547,36.98682],[128.52968,36.99081],[128.53553,36.99023],[128.54421,36.99257],[128.55473,36.99829],[128.55594,37.0057],[128.56292,37.00789],[128.57034,37.014],[128.57261,37.02197],[128.56693,37.026],[128.56564,37.03152],[128.56929,37.03488],[128.57773,37.03557],[128.58353,37.04373],[128.59683,37.04177],[128.60713,37.04385],[128.60844,37.05281],[128.62171,37.04908],[128.62283,37.04534],[128.63292,37.0405],[128.63935,37.054],[128.6521,37.06544],[128.64267,37.07076],[128.62821,37.07516],[128.62828,37.08133],[128.62264,37.0874],[128.6061,37.07671],[128.60069,37.07955],[128.60162,37.08306],[128.5931,37.07839],[128.58173,37.08167],[128.57441,37.08132],[128.57051,37.08649],[128.5617,37.09024],[128.54975,37.08619],[128.53683,37.09014],[128.53414,37.09811],[128.51391,37.10511],[128.51076,37.11395],[128.50667,37.11544],[128.49658,37.12576],[128.491,37.12382],[128.47781,37.11015],[128.45805,37.11028],[128.45084,37.11236],[128.4448,37.10627],[128.43614,37.11199],[128.43012,37.10367],[128.42306,37.10325],[128.41847,37.11981],[128.41104,37.12213],[128.40729,37.12638],[128.396,37.12859],[128.40366,37.13962],[128.40087,37.14688],[128.39637,37.14857],[128.3928,37.1548],[128.38435,37.15812],[128.37816,37.15174],[128.36535,37.15764],[128.35972,37.15022],[128.3508,37.15757],[128.3355,37.15725],[128.33067,37.15034],[128.32784,37.15301],[128.32444,37.14796],[128.31672,37.14756],[128.30948,37.14315],[128.30636,37.13753],[128.29831,37.13418],[128.30374,37.12829],[128.30419,37.11731],[128.30837,37.11451],[128.30383,37.10033],[128.29394,37.09806],[128.27778,37.11077],[128.2776,37.11581],[128.27304,37.11703],[128.26694,37.10864],[128.25637,37.10024],[128.25961,37.09913],[128.26233,37.09029],[128.26692,37.08743],[128.26139,37.08204],[128.25714,37.08279],[128.24925,37.07511],[128.24679,37.07692],[128.23941,37.0736],[128.23681,37.06542],[128.22537,37.06234],[128.22497,37.05872],[128.21784,37.05434],[128.22103,37.05004],[128.22083,37.042],[128.21712,37.03739],[128.22443,37.03431],[128.22505,37.02721],[128.22805,37.02448],[128.23849,37.02509],[128.2439,37.02108],[128.24838,37.01324],[128.25383,37.00924],[128.2576,37.00015],[128.25391,36.99748],[128.25851,36.99333],[128.25584,36.9865],[128.25989,36.97576],[128.26001,36.96846],[128.26659,36.96078],[128.25966,36.95485],[128.26353,36.94949],[128.24732,36.93924],[128.23668,36.934],[128.23672,36.91661],[128.24189,36.91205],[128.24626,36.90432],[128.2438,36.89097],[128.25092,36.88472],[128.24251,36.87802],[128.24183,36.87233],[128.25196,36.86702],[128.26527,36.86398],[128.26831,36.86054],[128.28243,36.8564],[128.28656,36.84503],[128.29562,36.83534],[128.306,36.82886],[128.30893,36.829],[128.31575,36.82276],[128.31612,36.81686],[128.32085,36.81564],[128.33489,36.81688],[128.35277,36.80995],[128.35544,36.8042],[128.36305,36.80072],[128.3684,36.80208]]]},"properties":{"osm_id":2538332,"name":"단양군","sgg_code":"43800","mois_admin":"4380000000","admin_level":6,"code_source":"osm"}},
{"type":"Feature","geometry":{"type":"Polygon","coordinates":[[[127.07223,36.93969],[127.07933,36.93368],[127.08191,36.92834],[127.08915,36.92136],[127.09364,36.9136],[127.09339,36.90915],[127.08736,36.90725],[127.08475,36.90193],[127.08868,36.90062],[127.09309,36.89348],[127.08812,36.88987],[127.09105,36.88184],[127.08678,36.87741],[127.08847,36.86591],[127.09097,36.86077],[127.0993,36.86197],[127.10726,36.86002],[127.1105,36.85403],[127.102,36.84257],[127.0996,36.83713],[127.10528,36.8384],[127.10104,36.83168],[127.10215,36.82512],[127.09751,36.81586],[127.09856,36.8085],[127.0958,36.79746],[127.09962,36.7928],[127.10411,36.79966],[127.11081,36.79677],[127.1125,36.78288],[127.11747,36.78056],[127.11915,36.77602],[127.11801,36.76343],[127.10929,36.75917],[127.10239,36.75866],[127.09244,36.76104],[127.09829,36.75544],[127.09478,36.75036],[127.0873,36.74981],[127.08908,36.74076],[127.0821,36.73489],[127.08047,36.72986],[127.0844,36.72456],[127.08004,36.72086],[127.07778,36.71032],[127.07259,36.70853],[127.06467,36.70964],[127.0495,36.7039],[127.04104,36.69748],[127.03858,36.6932],[127.02756,36.68757],[127.01598,36.67165],[127.01583,36.66622],[127.00961,36.65602],[127.02043,36.64997],[127.02514,36.6557],[127.04073,36.6535],[127.0433,36.65158],[127.05329,36.65168],[127.06084,36.64506],[127.06946,36.64484],[127.07326,36.6417],[127.08789,36.6421],[127.09331,36.6535],[127.10111,36.65472],[127.10931,36.65872],[127.12735,36.65344],[127.13098,36.64575],[127.14022,36.64303],[127.14053,36.63679],[127.14507,36.63186],[127.15043,36.61975],[127.15499,36.62421],[127.16011,36.62407],[127.15629,36.6317],[127.15756,36.63917],[127.15314,36.64521],[127.15429,36.65245],[127.16057,36.65612],[127.15904,36.66135],[127.15436,36.66442],[127.15856,36.67303],[127.16345,36.67623],[127.16366,36.6812],[127.16035,36.69273],[127.14383,36.689],[127.13438,36.70679],[127.12799,36.70797],[127.14093,36.71685],[127.14511,36.71752],[127.15055,36.72829],[127.16073,36.72707],[127.16856,36.73317],[127.17496,36.72907],[127.18339,36.7305],[127.18766,36.72797],[127.1953,36.72857],[127.20314,36.72646],[127.20481,36.72088],[127.21814,36.71559],[127.22363,36.71572],[127.22364,36.71166],[127.22862,36.7082],[127.2364,36.70745],[127.23705,36.70441],[127.24437,36.70109],[127.24805,36.69505],[127.25122,36.69701],[127.25792,36.69222],[127.26523,36.6922],[127.27348,36.69527],[127.27771,36.69135],[127.28529,36.69067],[127.29211,36.69739],[127.29724,36.69776],[127.30808,36.70477],[127.30608,36.70836],[127.30856,36.72073],[127.31809,36.72467],[127.32599,36.7336],[127.33206,36.73077],[127.34032,36.73103],[127.3439,36.73518],[127.33806,36.73999],[127.33772,36.74453],[127.33257,36.74728],[127.33618,36.75278],[127.34836,36.75251],[127.35592,36.75567],[127.35763,36.75911],[127.36828,36.76062],[127.37343,36.7576],[127.38707,36.75864],[127.38862,36.75383],[127.39712,36.74714],[127.40501,36.74508],[127.4057,36.74976],[127.41136,36.75361],[127.41051,36.75636],[127.4197,36.75766],[127.41295,36.77322],[127.4019,36.77571],[127.39982,36.78086],[127.3955,36.78248],[127.39731,36.79115],[127.40171,36.79514],[127.40081,36.79909],[127.38149,36.81408],[127.36661,36.81697],[127.35715,36.82356],[127.35605,36.82865],[127.34637,36.82931],[127.3341,36.83236],[127.33666,36.84507],[127.33649,36.85469],[127.32813,36.85816],[127.3193,36.85906],[127.31273,36.85747],[127.30578,36.86335],[127.31129,36.87049],[127.30788,36.88539],[127.30394,36.88524],[127.28932,36.89419],[127.27916,36.90041],[127.27884,36.90625],[127.27457,36.90868],[127.27305,36.91401],[127.25861,36.91587],[127.25313,36.92244],[127.24405,36.9176],[127.23635,36.92372],[127.22865,36.92441],[127.21949,36.93036],[127.20986,36.93123],[127.21125,36.93856],[127.20573,36.94202],[127.20687,36.94613],[127.20129,36.952],[127.19075,36.95249],[127.17907,36.95781],[127.1782,36.96252],[127.16553,36.96166],[127.15582,36.9643],[127.1592,36.96974],[127.14366,36.97105],[127.12966,36.96642],[127.12021,36.97035],[127.11237,36.97316],[127.1068,36.96594],[127.10225,36.965],[127.09595,36.95568],[127.1007,36.95273],[127.09443,36.94765],[127.086,36.94783],[127.07582,36.94029],[127.07223,36.93969]]]},"properties":{"osm_id":2474718,"name":"천안시","sgg_code":"44130","mois_admin":"4413000000","admin_level":6,"code_source":"osm"}},
{"type":"Feature","geometry":{"type":"Polygon","coordinates":[[[127.28212,36.4146],[127.27569,36.41395],[127.26549,36.41717],[127.25981,36.41552],[127.25791,36.40823],[127.25058,36.40684],[127.24315,36.41546],[127.24366,36.41884],[127.23193,36.41991],[127.22564,36.42229],[127.22511,36.42665],[127.21771,36.43374],[127.20712,36.43615],[127.19893,36.43988],[127.20134,36.44912],[127.1984,36.45221],[127.20308,36.45427],[127.20328,36.46498],[127.19475,36.46876],[127.19048,36.47947],[127.19482,36.48439],[127.19468,36.48959],[127.18831,36.49262],[127.17683,36.49248],[127.17324,36.49744],[127.17856,36.50258],[127.16999,36.50904],[127.17353,36.51491],[127.18207,36.52077],[127.17267,36.53614],[127.17424,36.54219],[127.17878,36.54552],[127.18504,36.54366],[127.19183,36.54603],[127.18611,36.55232],[127.19379,36.56481],[127.2031,36.56744],[127.20754,36.57765],[127.2004,36.58257],[127.19447,36.58066],[127.18926,36.58684],[127.19135,36.59394],[127.18432,36.5912],[127.17839,36.59689],[127.17269,36.59552],[127.17073,36.59917],[127.16272,36.60438],[127.15588,36.60601],[127.15599,36.61515],[127.15043,36.61975],[127.14507,36.63186],[127.14053,36.63679],[127.14022,36.64303],[127.13098,36.64575],[127.12735,36.65344],[127.10931,36.65872],[127.10111,36.65472],[127.09331,36.6535],[127.08789,36.6421],[127.07326,36.6417],[127.06946,36.64484],[127.06084,36.64506],[127.05329,36.65168],[127.0433,36.65158],[127.04073,36.6535],[127.02514,36.6557],[127.02043,36.64997],[127.00961,36.65602],[127.00259,36.65119],[126.99266,36.6487],[126.97885,36.65329],[126.9781,36.66117],[126.96898,36.67371],[126.96779,36.67943],[126.95755,36.67201],[126.95714,36.66553],[126.95968,36.65548],[126.95416,36.65223],[126.95537,36.64594],[126.94827,36.64072],[126.94386,36.63267],[126.94539,36.62816],[126.93578,36.6219],[126.9373,36.6153],[126.93042,36.60837],[126.93206,36.60287],[126.92799,36.6006],[126.93097,36.59175],[126.92547,36.58776],[126.92006,36.57801],[126.91136,36.57295],[126.90981,36.56629],[126.89942,36.55894],[126.89966,36.54956],[126.88987,36.54128],[126.88849,36.53389],[126.89377,36.52662],[126.88424,36.51164],[126.88593,36.50794],[126.89402,36.50215],[126.89226,36.48663],[126.89458,36.47852],[126.89943,36.47551],[126.90531,36.46765],[126.9123,36.46537],[126.91599,36.45515],[126.92089,36.45325],[126.93007,36.45391],[126.94093,36.46064],[126.95651,36.46709],[126.96346,36.46388],[126.96677,36.46749],[126.97459,36.46698],[126.9803,36.4636],[126.9948,36.46146],[127.00124,36.45585],[127.00245,36.45096],[127.00734,36.45182],[127.01003,36.44609],[127.00696,36.43856],[127.01995,36.43863],[127.01799,36.43532],[127.02328,36.42348],[127.0153,36.418],[127.03171,36.40056],[127.00991,36.38491],[127.00094,36.38066],[126.98925,36.37112],[126.98745,36.34583],[126.98504,36.34068],[126.97547,36.33416],[126.98512,36.33586],[126.98974,36.33338],[126.98994,36.32811],[126.99629,36.32688],[126.99281,36.31751],[126.98633,36.30964],[126.98792,36.30333],[126.99406,36.29652],[127.00174,36.29458],[127.01427,36.29441],[127.0156,36.28977],[127.02388,36.28472],[127.02736,36.28023],[127.03637,36.27912],[127.03963,36.28092],[127.05289,36.27642],[127.06705,36.27515],[127.06782,36.2929],[127.07876,36.29484],[127.08579,36.31506],[127.0896,36.31601],[127.10713,36.33597],[127.10725,36.33894],[127.11529,36.32816],[127.12152,36.31647],[127.13057,36.319],[127.1313,36.31589],[127.141,36.30683],[127.14182,36.30296],[127.15855,36.31374],[127.15956,36.31959],[127.18428,36.32928],[127.19615,36.33217],[127.19645,36.3345],[127.20578,36.34337],[127.20417,36.34599],[127.21404,36.35013],[127.22151,36.35035],[127.24024,36.3469],[127.24269,36.33832],[127.25367,36.33696],[127.25544,36.32956],[127.25992,36.32743],[127.26814,36.33163],[127.2672,36.33885],[127.27561,36.34476],[127.27793,36.34907],[127.27224,36.3541],[127.2708,36.36179],[127.27747,36.36523],[127.28097,36.37495],[127.27887,36.37948],[127.27848,36.39719],[127.28212,36.4146]]]},"properties":{"osm_id":7578884,"name":"공주시","sgg_code":"44150","mois_admin":"4415000000","admin_level":6,"code_source":"osm"}},
{"type":"Feature","geometry":{"type":"MultiPolygon","coordinates":[[[[126.67422,36.46215],[126.6658,36.46269],[126.65876,36.46017],[126.65274,36.46663],[126.63917,36.46466],[126.63576,36.4667],[126.63216,36.47582],[126.62368,36.47695],[126.61478,36.48476],[126.60392,36.47524],[126.59845,36.47885],[126.60159,36.48863],[126.59822,36.49225],[126.5933,36.50629],[126.5872,36.50657],[126.5727,36.50198],[126.56678,36.50225],[126.56558,36.50745],[126.5468,36.50652],[126.53935,36.50912],[126.53171,36.51449],[126.53013,36.51878],[126.52207,36.52147],[126.51268,36.52099],[126.50093,36.52755],[126.48311,36.5138],[126.48301,36.50692],[126.4796,36.4885],[126.48115,36.47765],[126.49009,36.46834],[126.48648,36.46655],[126.48905,36.45997],[126.48649,36.45353],[126.49246,36.44831],[126.49911,36.44572],[126.49645,36.43392],[126.50031,36.43236],[126.51829,36.44353],[126.52549,36.44688],[126.5317,36.44101],[126.52216,36.44066],[126.50973,36.43221],[126.50599,36.42749],[126.4952,36.42564],[126.50033,36.42181],[126.49761,36.41947],[126.49177,36.42139],[126.48651,36.40381],[126.48316,36.39678],[126.48396,36.39238],[126.47954,36.385],[126.48492,36.38176],[126.49949,36.38254],[126.50346,36.37922],[126.50927,36.38104],[126.5164,36.37468],[126.54609,36.35483],[126.56272,36.35277],[126.55172,36.34742],[126.54423,36.33932],[126.52062,36.33547],[126.51503,36.32753],[126.50483,36.32872],[126.50416,36.32276],[126.51492,36.30742],[126.51788,36.30115],[126.52845,36.29674],[126.54801,36.26646],[126.54737,36.26181],[126.54017,36.26074],[126.53474,36.24307],[126.52946,36.23895],[126.5309,36.22294],[126.53676,36.21106],[126.53855,36.19953],[126.53402,36.19847],[126.52486,36.18694],[126.53774,36.18801],[126.56108,36.19185],[126.57336,36.18295],[126.57769,36.17738],[126.58773,36.17422],[126.60061,36.17429],[126.61005,36.17138],[126.61838,36.17308],[126.62876,36.17225],[126.63086,36.17422],[126.64095,36.17488],[126.65739,36.18022],[126.65812,36.17724],[126.66867,36.17564],[126.68142,36.18146],[126.68502,36.18732],[126.69438,36.19047],[126.69966,36.20179],[126.71627,36.21831],[126.71588,36.22835],[126.72129,36.235],[126.73468,36.23725],[126.73901,36.24787],[126.7379,36.25521],[126.72897,36.25656],[126.72099,36.25396],[126.72077,36.25895],[126.70498,36.26628],[126.69846,36.26698],[126.69627,36.28375],[126.68901,36.28936],[126.69438,36.29776],[126.69348,36.30181],[126.68138,36.31229],[126.68614,36.33331],[126.69734,36.33604],[126.70455,36.34956],[126.70275,36.3609],[126.70953,36.36974],[126.72515,36.37361],[126.72112,36.37997],[126.71185,36.38799],[126.71519,36.39255],[126.71056,36.39648],[126.70511,36.40586],[126.69206,36.41123],[126.6929,36.42025],[126.68981,36.42548],[126.69189,36.4291],[126.68522,36.43573],[126.68833,36.44756],[126.67944,36.45022],[126.67422,36.46215]]],[[[125.95902,36.23464],[125.95762,36.22989],[125.96548,36.22725],[125.97045,36.23614],[125.96587,36.23936],[125.96167,36.23248],[125.95902,36.23464]]],[[[126.05359,36.20237],[126.05388,36.19862],[126.0594,36.19906],[126.05692,36.20571],[126.04933,36.20539],[126.05359,36.20237]]],[[[126.03149,36.21355],[126.03494,36.21006],[126.03809,36.21428],[126.03055,36.21628],[126.03595,36.21932],[126.02286,36.22445],[126.02514,36.21865],[126.03149,36.21355]]],[[[126.07771,36.21962],[126.07781,36.22612],[126.08549,36.22446],[126.09631,36.22615],[126.08895,36.23491],[126.08522,36.23084],[126.07569,36.23459],[126.07449,36.22801],[126.06764,36.22377],[126.07771,36.21962]]],[[[126.05534,36.23843],[126.0614,36.24011],[126.05092,36.24188],[126.05534,36.23843]]],[[[126.1972,36.28668],[126.19318,36.28281],[126.20115,36.28315],[126.1972,36.28668]]],[[[126.28003,36.24948],[126.28327,36.24591],[126.28549,36.25001],[126.28003,36.24948]]],[[[126.26044,36.2687],[126.26406,36.26511],[126.27156,36.28025],[126.26108,36.27618],[126.26044,36.2687]]],[[[126.25643,36.28712],[126.26432,36.29214],[126.2645,36.29739],[126.26979,36.30169],[126.25971,36.30412],[126.25641,36.30097],[126.25943,36.2982],[126.25654,36.29382],[126.25116,36.29442],[126.25643,36.28712]]],[[[126.34682,36.30986],[126.35647,36.30936],[126.35111,36.31223],[126.34682,36.30986]]],[[[126.34913,36.34238],[126.34556,36.34086],[126.34065,36.33339],[126.34284,36.32695],[126.34708,36.33074],[126.35731,36.32664],[126.37014,36.33579],[126.36235,36.33991],[126.36075,36.34917],[126.3641,36.35129],[126.35232,36.35509],[126.34913,36.34238]]],[[[126.3626,36.37845],[126.36769,36.37827],[126.36707,36.38709],[126.37093,36.39005],[126.36302,36.39322],[126.3626,36.37845]]],[[[126.33273,36.38739],[126.33803,36.38439],[126.33872,36.39223],[126.34311,36.39657],[126.35587,36.39954],[126.35127,36.40491],[126.3433,36.40036],[126.33919,36.40296],[126.33288,36.39884],[126.3354,36.39698],[126.33084,36.39148],[126.33273,36.38739]]],[[[126.40648,36.3769],[126.39654,36.37914],[126.39865,36.38152],[126.38529,36.38016],[126.38383,36.3678],[126.39079,36.36542],[126.39443,36.36756],[126.42174,36.36247],[126.42682,36.3626],[126.44191,36.35832],[126.44346,36.35564],[126.45855,36.3544],[126.45967,36.36203],[126.45286,36.36066],[126.44529,36.36498],[126.43585,36.3651],[126.43103,36.36928],[126.43893,36.37237],[126.43884,36.37535],[126.43126,36.37792],[126.43315,36.38458],[126.42082,36.38517],[126.41333,36.38164],[126.41771,36.37234],[126.41012,36.37184],[126.40648,36.3769]]],[[[126.44725,36.37869],[126.45544,36.37982],[126.44882,36.38305],[126.44481,36.39012],[126.43901,36.38713],[126.43952,36.37978],[126.44725,36.37869]]]]},"properties":{"osm_id":7618926,"name":"보령시","sgg_code":"44180","mois_admin":"4418000000","admin_level":6,"code_source":"osm"}},
{"type":"Feature","geometry":{"type":"Polygon","coordinates":[[[127.07223,36.93969],[127.06082,36.93954],[127.0509,36.9347],[127.03802,36.93251],[127.03205,36.92844],[127.01591,36.93446],[126.99544,36.93545],[126.98455,36.93362],[126.97445,36.92661],[126.94011,36.91693],[126.92097,36.90794],[126.9092,36.90365],[126.91128,36.89427],[126.90342,36.88814],[126.88402,36.88703],[126.86963,36.88301],[126.86344,36.87973],[126.84609,36.88409],[126.84394,36.87689],[126.83604,36.836],[126.83946,36.82756],[126.84921,36.81596],[126.85685,36.80394],[126.85866,36.79496],[126.85454,36.78925],[126.84183,36.78871],[126.83574,36.7867],[126.83325,36.7823],[126.83155,36.77132],[126.829,36.76864],[126.82796,36.7645],[126.83988,36.75015],[126.84628,36.7484],[126.84527,36.74362],[126.84921,36.74259],[126.85205,36.74828],[126.85876,36.74693],[126.85951,36.73865],[126.86372,36.73203],[126.87151,36.728],[126.88638,36.73126],[126.8927,36.72459],[126.89786,36.72336],[126.899,36.71688],[126.90495,36.70987],[126.90213,36.70223],[126.91757,36.70335],[126.92172,36.70066],[126.92851,36.7044],[126.93364,36.70194],[126.94208,36.70159],[126.94989,36.70377],[126.95449,36.69913],[126.96258,36.69696],[126.96955,36.69071],[126.96779,36.67943],[126.96898,36.67371],[126.9781,36.66117],[126.97885,36.65329],[126.99266,36.6487],[127.00259,36.65119],[127.00961,36.65602],[127.01583,36.66622],[127.01598,36.67165],[127.02756,36.68757],[127.03858,36.6932],[127.04104,36.69748],[127.0495,36.7039],[127.06467,36.70964],[127.07259,36.70853],[127.07778,36.71032],[127.08004,36.72086],[127.0844,36.72456],[127.08047,36.72986],[127.0821,36.73489],[127.08908,36.74076],[127.0873,36.74981],[127.09478,36.75036],[127.09829,36.75544],[127.09244,36.76104],[127.10239,36.75866],[127.10929,36.75917],[127.11801,36.76343],[127.11915,36.77602],[127.11747,36.78056],[127.1125,36.78288],[127.11081,36.79677],[127.10411,36.79966],[127.09962,36.7928],[127.0958,36.79746],[127.09856,36.8085],[127.09751,36.81586],[127.10215,36.82512],[127.10104,36.83168],[127.10528,36.8384],[127.0996,36.83713],[127.102,36.84257],[127.1105,36.85403],[127.10726,36.86002],[127.0993,36.86197],[127.09097,36.86077],[127.08847,36.86591],[127.08678,36.87741],[127.09105,36.88184],[127.08812,36.88987],[127.09309,36.89348],[127.08868,36.90062],[127.08475,36.90193],[127.08736,36.90725],[127.09339,36.90915],[127.09364,36.9136],[127.08915,36.92136],[127.08191,36.92834],[127.07933,36.93368],[127.07223,36.93969]]]},"properties":{"osm_id":2546883,"name":"아산시","sgg_code":"44200","mois_admin":"4420000000","admin_level":6,"code_source":"osm"}},
{"type":"Feature","geometry":{"type":"MultiPolygon","coordinates":[[[[126.65358,36.77462],[126.64955,36.77989],[126.64478,36.79358],[126.63579,36.80513],[126.63095,36.80729],[126.63164,36.81209],[126.62637,36.81438],[126.61741,36.81238],[126.60684,36.81702],[126.60075,36.81718],[126.59791,36.8204],[126.59867,36.83039],[126.58863,36.83653],[126.57442,36.82496],[126.56651,36.82869],[126.55514,36.82448],[126.53537,36.82763],[126.5261,36.82666],[126.52315,36.83466],[126.51837,36.8354],[126.51542,36.84314],[126.51032,36.84722],[126.51467,36.85145],[126.5097,36.85595],[126.50914,36.86997],[126.49839,36.87094],[126.48363,36.87558],[126.47483,36.88037],[126.47308,36.89024],[126.47822,36.9093],[126.48823,36.93195],[126.491,36.943],[126.47927,36.97374],[126.46781,36.99962],[126.4628,37.00305],[126.45402,36.99904],[126.45025,37.00606],[126.43645,37.00802],[126.43764,37.01044],[126.42585,37.01512],[126.40984,37.01428],[126.40631,37.01839],[126.39806,37.017],[126.39792,37.0118],[126.36097,37.00647],[126.35902,37.01217],[126.35248,37.00469],[126.33211,36.99642],[126.32915,36.99997],[126.32663,36.99609],[126.33137,36.98492],[126.33842,36.98575],[126.3537,36.98153],[126.36167,36.98287],[126.36531,36.97874],[126.37055,36.98253],[126.3802,36.98143],[126.3771,36.97325],[126.38653,36.97354],[126.38653,36.96745],[126.37709,36.9685],[126.37051,36.96019],[126.36278,36.96878],[126.35114,36.96863],[126.34342,36.96681],[126.3369,36.96884],[126.33376,36.96458],[126.33556,36.96004],[126.34914,36.96181],[126.35048,36.95259],[126.35863,36.95292],[126.36191,36.94981],[126.35667,36.94127],[126.35993,36.93886],[126.36825,36.94704],[126.3809,36.94579],[126.38119,36.93816],[126.39164,36.92945],[126.39605,36.93548],[126.40532,36.93245],[126.40864,36.93604],[126.41604,36.93133],[126.41955,36.93635],[126.42124,36.92724],[126.41421,36.91932],[126.40507,36.91926],[126.4125,36.91263],[126.4092,36.90848],[126.41683,36.90646],[126.42728,36.90685],[126.43253,36.90087],[126.42971,36.89827],[126.42222,36.89976],[126.41471,36.89386],[126.40511,36.89761],[126.40563,36.8915],[126.39614,36.89278],[126.39639,36.88994],[126.39499,36.88742],[126.39264,36.88886],[126.39097,36.88955],[126.38687,36.88969],[126.38689,36.89207],[126.38103,36.89244],[126.38214,36.88878],[126.38594,36.88964],[126.38989,36.8893],[126.39131,36.88938],[126.39579,36.88689],[126.39727,36.88633],[126.39981,36.88386],[126.39864,36.88098],[126.38597,36.88058],[126.37636,36.88218],[126.37475,36.87928],[126.36438,36.87662],[126.37198,36.86807],[126.37049,36.85755],[126.36619,36.85622],[126.36352,36.85082],[126.35608,36.8489],[126.35989,36.83973],[126.36597,36.83404],[126.36449,36.83088],[126.35433,36.83291],[126.35057,36.84114],[126.34191,36.8486],[126.34748,36.86124],[126.3387,36.85974],[126.33261,36.86332],[126.32457,36.85505],[126.32497,36.84776],[126.3185,36.84106],[126.32866,36.83385],[126.32504,36.83101],[126.33064,36.8222],[126.33808,36.8177],[126.33477,36.81492],[126.35159,36.79641],[126.35501,36.7889],[126.34837,36.77809],[126.35057,36.76746],[126.34334,36.74664],[126.33722,36.74379],[126.34217,36.74218],[126.34655,36.72853],[126.34734,36.71252],[126.34619,36.71059],[126.3488,36.67456],[126.36039,36.62498],[126.36624,36.62699],[126.37299,36.62603],[126.38572,36.6195],[126.3996,36.61877],[126.41474,36.61477],[126.4162,36.60944],[126.41091,36.60513],[126.42459,36.60587],[126.44077,36.60046],[126.45274,36.61534],[126.45301,36.62576],[126.49728,36.63125],[126.50565,36.63484],[126.51138,36.63067],[126.53429,36.64591],[126.54119,36.64473],[126.5456,36.64019],[126.5616,36.6445],[126.56559,36.64966],[126.57083,36.64862],[126.5796,36.65485],[126.58144,36.66431],[126.58897,36.66349],[126.59396,36.66787],[126.59915,36.67891],[126.59644,36.68519],[126.60029,36.69086],[126.60004,36.6969],[126.60458,36.69845],[126.60966,36.70459],[126.60241,36.71955],[126.61014,36.72877],[126.61048,36.73373],[126.62516,36.73314],[126.62923,36.74043],[126.63496,36.74329],[126.63249,36.75728],[126.6352,36.75876],[126.64267,36.75286],[126.65331,36.75487],[126.64756,36.76144],[126.65043,36.76512],[126.649,36.76988],[126.65358,36.77462]]],[[[126.33755,36.90226],[126.34462,36.90115],[126.34647,36.90426],[126.33765,36.90992],[126.33877,36.91283],[126.32764,36.91393],[126.33165,36.91096],[126.33343,36.9041],[126.33755,36.90226]]],[[[126.37232,36.9195],[126.3734,36.9168],[126.38669,36.91965],[126.38778,36.92406],[126.37757,36.92913],[126.37082,36.92693],[126.37232,36.9195]]]]},"properties":{"osm_id":7502370,"name":"서산시","sgg_code":"44210","mois_admin":"4421000000","admin_level":6,"code_source":"osm"}},
{"type":"Feature","geometry":{"type":"Polygon","coordinates":[[[127.06705,36.27515],[127.06958,36.27088],[127.06691,36.26049],[127.06331,36.25613],[127.05522,36.25443],[127.05212,36.25129],[127.04019,36.24596],[127.03975,36.2416],[127.02641,36.22868],[127.02592,36.22076],[127.01422,36.21117],[127.00686,36.21025],[127.00128,36.21606],[126.99506,36.21471],[126.99143,36.20994],[126.98426,36.20775],[126.98803,36.20282],[126.98465,36.20165],[126.98429,36.19238],[126.99967,36.17783],[127.008,36.16287],[126.99847,36.15705],[127.00298,36.14951],[127.00475,36.14333],[127.01084,36.14341],[127.01679,36.13897],[127.01668,36.13538],[127.03971,36.13789],[127.04364,36.14629],[127.04476,36.13446],[127.05012,36.13416],[127.05611,36.12678],[127.06301,36.12522],[127.06106,36.11719],[127.05725,36.11604],[127.05781,36.10705],[127.06105,36.10548],[127.06045,36.09391],[127.07627,36.08443],[127.09038,36.0718],[127.10203,36.07578],[127.11812,36.06712],[127.12205,36.06303],[127.13106,36.06577],[127.13414,36.07033],[127.13383,36.08185],[127.13774,36.08642],[127.14566,36.09041],[127.15145,36.08994],[127.15279,36.08577],[127.15881,36.08341],[127.17014,36.0859],[127.18061,36.09475],[127.18803,36.09184],[127.19469,36.0858],[127.20167,36.08765],[127.20508,36.10035],[127.21213,36.10056],[127.22045,36.09717],[127.22607,36.09908],[127.23508,36.09377],[127.24194,36.08559],[127.24962,36.08214],[127.25688,36.0876],[127.24684,36.09459],[127.24617,36.10386],[127.25107,36.10959],[127.25636,36.10917],[127.25966,36.11285],[127.26357,36.10875],[127.27447,36.10643],[127.28451,36.11222],[127.29386,36.11222],[127.29667,36.1222],[127.30647,36.12528],[127.31482,36.1186],[127.32257,36.12543],[127.32354,36.1301],[127.32314,36.1451],[127.31839,36.15398],[127.3187,36.16193],[127.32172,36.16886],[127.3191,36.17295],[127.32484,36.17305],[127.33146,36.18423],[127.33244,36.20155],[127.3233,36.20301],[127.32167,36.21379],[127.31564,36.22098],[127.30275,36.22687],[127.30356,36.22202],[127.29464,36.22299],[127.29277,36.22937],[127.2879,36.23412],[127.28202,36.23573],[127.27993,36.24521],[127.26654,36.24256],[127.26369,36.23739],[127.25794,36.2342],[127.24631,36.23157],[127.23897,36.23579],[127.24022,36.2432],[127.23786,36.24458],[127.23741,36.25467],[127.22812,36.25436],[127.22147,36.26189],[127.21134,36.25755],[127.20941,36.25274],[127.20185,36.25087],[127.20052,36.25725],[127.19653,36.26014],[127.19981,36.27012],[127.19778,36.27888],[127.20305,36.28846],[127.20138,36.29406],[127.20572,36.3016],[127.20224,36.31786],[127.20275,36.32356],[127.19861,36.32697],[127.19645,36.3345],[127.19615,36.33217],[127.18428,36.32928],[127.15956,36.31959],[127.15855,36.31374],[127.14182,36.30296],[127.141,36.30683],[127.1313,36.31589],[127.13057,36.319],[127.12152,36.31647],[127.11529,36.32816],[127.10725,36.33894],[127.10713,36.33597],[127.0896,36.31601],[127.08579,36.31506],[127.07876,36.29484],[127.06782,36.2929],[127.06705,36.27515]]]},"properties":{"osm_id":7580853,"name":"논산시","sgg_code":"44230","mois_admin":"4423000000","admin_level":6,"code_source":"osm"}},
{"type":"Feature","geometry":{"type":"Polygon","coordinates":[[[127.27993,36.24521],[127.27985,36.25298],[127.28515,36.26089],[127.29155,36.26448],[127.28305,36.26473],[127.27429,36.26846],[127.26623,36.2741],[127.25751,36.27715],[127.24999,36.28324],[127.24632,36.29091],[127.25482,36.29723],[127.25911,36.2959],[127.2579,36.31803],[127.25992,36.32743],[127.25544,36.32956],[127.25367,36.33696],[127.24269,36.33832],[127.24024,36.3469],[127.22151,36.35035],[127.21404,36.35013],[127.20417,36.34599],[127.20578,36.34337],[127.19645,36.3345],[127.19861,36.32697],[127.20275,36.32356],[127.20224,36.31786],[127.20572,36.3016],[127.20138,36.29406],[127.20305,36.28846],[127.19778,36.27888],[127.19981,36.27012],[127.19653,36.26014],[127.20052,36.25725],[127.20185,36.25087],[127.20941,36.25274],[127.21134,36.25755],[127.22147,36.26189],[127.22812,36.25436],[127.23741,36.25467],[127.23786,36.24458],[127.24022,36.2432],[127.23897,36.23579],[127.24631,36.23157],[127.25794,36.2342],[127.26369,36.23739],[127.26654,36.24256],[127.27993,36.24521]]]},"properties":{"osm_id":7580846,"name":"계룡시","sgg_code":"44250","mois_admin":"4425000000","admin_level":6,"code_source":"osm"}},
{"type":"Feature","geometry":{"type":"MultiPolygon","coordinates":[[[[126.82912,36.94752],[126.83419,36.94982],[126.8243,36.96472],[126.82099,36.95906],[126.82912,36.94752]]],[[[126.829,36.76864],[126.83155,36.77132],[126.83325,36.7823],[126.83574,36.7867],[126.84183,36.78871],[126.85454,36.78925],[126.85866,36.79496],[126.85685,36.80394],[126.84921,36.81596],[126.83946,36.82756],[126.83604,36.836],[126.84394,36.87689],[126.84609,36.88409],[126.82909,36.88839],[126.82199,36.89238],[126.81698,36.89893],[126.81288,36.92339],[126.80623,36.93075],[126.80229,36.92441],[126.79221,36.93582],[126.79448,36.94228],[126.77974,36.96682],[126.78264,36.97526],[126.75004,36.98712],[126.74054,36.98533],[126.71813,36.99238],[126.70483,36.99935],[126.70073,36.9975],[126.69449,37.00004],[126.68454,36.99825],[126.64771,36.99938],[126.6357,37.00094],[126.62662,37.00407],[126.58009,37.02413],[126.56188,37.0294],[126.55917,37.03488],[126.54617,37.03423],[126.52849,37.04337],[126.5262,37.05193],[126.51832,37.05715],[126.5189,37.05923],[126.49823,37.06492],[126.49492,37.05962],[126.48917,37.05929],[126.47314,37.03447],[126.47108,37.02851],[126.46028,37.02025],[126.47012,37.00904],[126.4628,37.00305],[126.46781,36.99962],[126.47927,36.97374],[126.491,36.943],[126.48823,36.93195],[126.47822,36.9093],[126.47308,36.89024],[126.47483,36.88037],[126.48363,36.87558],[126.49839,36.87094],[126.50914,36.86997],[126.5097,36.85595],[126.51467,36.85145],[126.51032,36.84722],[126.51542,36.84314],[126.51837,36.8354],[126.52315,36.83466],[126.5261,36.82666],[126.53537,36.82763],[126.55514,36.82448],[126.56651,36.82869],[126.57442,36.82496],[126.58863,36.83653],[126.59867,36.83039],[126.59791,36.8204],[126.60075,36.81718],[126.60684,36.81702],[126.61741,36.81238],[126.62637,36.81438],[126.63164,36.81209],[126.63095,36.80729],[126.63579,36.80513],[126.64478,36.79358],[126.64955,36.77989],[126.65358,36.77462],[126.66485,36.77083],[126.6691,36.78052],[126.6802,36.78369],[126.68257,36.78161],[126.69434,36.78493],[126.69763,36.79453],[126.69508,36.79899],[126.70211,36.80275],[126.71031,36.80392],[126.72506,36.79848],[126.73406,36.78955],[126.73765,36.78024],[126.74285,36.77811],[126.74652,36.76707],[126.75911,36.76336],[126.76004,36.7592],[126.7718,36.74791],[126.78386,36.75979],[126.79105,36.76129],[126.79512,36.76678],[126.805,36.77363],[126.81286,36.77221],[126.81808,36.77581],[126.829,36.76864]]],[[[126.45079,37.03541],[126.45374,37.04144],[126.44088,37.03857],[126.44585,37.03449],[126.45079,37.03541]]],[[[126.42171,37.04982],[126.42305,37.04344],[126.42847,37.04046],[126.43328,37.0435],[126.43825,37.04247],[126.44399,37.04506],[126.44978,37.04396],[126.44949,37.04927],[126.44538,37.05148],[126.45152,37.05363],[126.44116,37.06252],[126.43541,37.05727],[126.42787,37.05984],[126.42813,37.06409],[126.41942,37.06405],[126.41737,37.05942],[126.42241,37.05493],[126.42171,37.04982]]],[[[126.81199,36.94359],[126.80866,36.94902],[126.80452,36.9466],[126.80586,36.94131],[126.81199,36.94359]]]]},"properties":{"osm_id":2546884,"name":"당진시","sgg_code":"44270","mois_admin":"4427000000","admin_level":6,"code_source":"osm"}},
{"type":"Feature","geometry":{"type":"Polygon","coordinates":[[[127.42229,36.20818],[127.41944,36.20716],[127.408,36.21294],[127.41088,36.21669],[127.40467,36.22226],[127.39948,36.23323],[127.38763,36.23448],[127.39081,36.24057],[127.38634,36.25109],[127.39041,36.26383],[127.378,36.27141],[127.37246,36.27217],[127.3635,36.26971],[127.36047,36.26286],[127.35987,36.25521],[127.36467,36.2494],[127.36673,36.24192],[127.36104,36.23462],[127.36343,36.23242],[127.36008,36.22683],[127.36433,36.21907],[127.36072,36.21883],[127.35746,36.2126],[127.35321,36.21208],[127.34669,36.2029],[127.34716,36.19759],[127.34364,36.19733],[127.34055,36.18915],[127.33502,36.18356],[127.33146,36.18423],[127.32484,36.17305],[127.3191,36.17295],[127.32172,36.16886],[127.3187,36.16193],[127.31839,36.15398],[127.32314,36.1451],[127.32354,36.1301],[127.33761,36.13074],[127.34476,36.11819],[127.3509,36.11624],[127.35527,36.10876],[127.3508,36.10512],[127.34792,36.09834],[127.35122,36.0938],[127.36022,36.08883],[127.35687,36.08161],[127.36194,36.07554],[127.35929,36.0703],[127.36395,36.06794],[127.36065,36.05539],[127.37353,36.04352],[127.37472,36.0345],[127.37927,36.03033],[127.37764,36.02277],[127.39185,36.01703],[127.40122,36.00874],[127.40732,36.01422],[127.41341,36.01516],[127.41959,36.0227],[127.43456,36.0295],[127.43676,36.02301],[127.43536,36.01357],[127.43724,36.00933],[127.44359,36.00806],[127.44812,35.99892],[127.44861,35.99315],[127.45675,35.98328],[127.46393,35.98394],[127.46837,35.98809],[127.47457,35.9815],[127.48773,35.97826],[127.49441,35.98618],[127.49934,35.98738],[127.50671,35.97961],[127.51411,35.98337],[127.52442,35.98508],[127.53666,35.99645],[127.53216,36.00752],[127.5387,36.01055],[127.5361,36.02107],[127.53884,36.02588],[127.53688,36.03259],[127.532,36.03457],[127.53142,36.04084],[127.54098,36.03812],[127.54778,36.03821],[127.5522,36.03277],[127.55886,36.03339],[127.56776,36.03047],[127.57453,36.0233],[127.58256,36.02723],[127.59124,36.02515],[127.60011,36.01178],[127.60645,36.01193],[127.60423,36.00729],[127.60901,36.00042],[127.60566,35.99146],[127.6075,35.9878],[127.61682,35.98904],[127.6191,36.00797],[127.6169,36.01856],[127.60975,36.02353],[127.61256,36.02651],[127.62492,36.0245],[127.62999,36.03281],[127.63523,36.02941],[127.63528,36.02516],[127.64113,36.01875],[127.65112,36.01684],[127.65798,36.01992],[127.65844,36.0236],[127.64223,36.02842],[127.63909,36.034],[127.63145,36.03598],[127.62854,36.04204],[127.62084,36.03969],[127.61863,36.0496],[127.62055,36.06421],[127.62392,36.06727],[127.6383,36.06794],[127.63418,36.07338],[127.63251,36.08212],[127.62435,36.09052],[127.61804,36.09395],[127.61723,36.10383],[127.61981,36.10896],[127.61354,36.11184],[127.61011,36.11881],[127.60641,36.11715],[127.59551,36.12561],[127.59028,36.13292],[127.59036,36.14328],[127.5938,36.15118],[127.60212,36.16061],[127.60135,36.16913],[127.59341,36.17748],[127.59792,36.18434],[127.59268,36.19525],[127.59985,36.20456],[127.59655,36.21256],[127.59869,36.21665],[127.59328,36.21987],[127.59066,36.22544],[127.58719,36.22472],[127.5853,36.23019],[127.57972,36.23316],[127.5708,36.23337],[127.56505,36.22832],[127.5616,36.22874],[127.54586,36.22513],[127.545,36.22764],[127.54981,36.23853],[127.53796,36.24306],[127.53299,36.25126],[127.51646,36.24029],[127.51203,36.24097],[127.5025,36.23778],[127.49275,36.23806],[127.48988,36.2337],[127.47802,36.22965],[127.47799,36.22679],[127.46748,36.22136],[127.46872,36.21478],[127.46012,36.21265],[127.45334,36.20656],[127.45579,36.20112],[127.443,36.19407],[127.43345,36.19838],[127.42937,36.20538],[127.42229,36.20818]]]},"properties":{"osm_id":2538512,"name":"금산군","sgg_code":"44710","mois_admin":"4471000000","admin_level":6,"code_source":"osm"}},
{"type":"Feature","geometry":{"type":"Polygon","coordinates":[[[126.8712,36.07225],[126.87359,36.08683],[126.87381,36.11044],[126.87748,36.11714],[126.88221,36.13129],[126.8897,36.13962],[126.9008,36.1424],[126.91109,36.13657],[126.91969,36.1363],[126.93081,36.14225],[126.93892,36.15077],[126.95663,36.15657],[126.96303,36.15628],[126.97719,36.14852],[126.99803,36.14685],[127.00298,36.14951],[126.99847,36.15705],[127.008,36.16287],[126.99967,36.17783],[126.98429,36.19238],[126.98465,36.20165],[126.98803,36.20282],[126.98426,36.20775],[126.99143,36.20994],[126.99506,36.21471],[127.00128,36.21606],[127.00686,36.21025],[127.01422,36.21117],[127.02592,36.22076],[127.02641,36.22868],[127.03975,36.2416],[127.04019,36.24596],[127.05212,36.25129],[127.05522,36.25443],[127.06331,36.25613],[127.06691,36.26049],[127.06958,36.27088],[127.06705,36.27515],[127.05289,36.27642],[127.03963,36.28092],[127.03637,36.27912],[127.02736,36.28023],[127.02388,36.28472],[127.0156,36.28977],[127.01427,36.29441],[127.00174,36.29458],[126.99406,36.29652],[126.98792,36.30333],[126.98633,36.30964],[126.99281,36.31751],[126.99629,36.32688],[126.98994,36.32811],[126.98974,36.33338],[126.98512,36.33586],[126.97547,36.33416],[126.95882,36.33179],[126.95468,36.32555],[126.92644,36.3157],[126.9155,36.32033],[126.91408,36.32586],[126.90303,36.32716],[126.89844,36.33119],[126.89228,36.32526],[126.8751,36.3232],[126.86261,36.32341],[126.85634,36.33022],[126.85999,36.33625],[126.85885,36.34341],[126.85377,36.34619],[126.84823,36.35535],[126.84055,36.35708],[126.84475,36.36345],[126.83453,36.36454],[126.83196,36.37707],[126.83635,36.37778],[126.84284,36.37346],[126.85029,36.38528],[126.84868,36.38676],[126.83894,36.38329],[126.82924,36.38469],[126.82289,36.38127],[126.81821,36.37548],[126.8086,36.37684],[126.80283,36.36722],[126.80328,36.36352],[126.79573,36.35723],[126.79487,36.35208],[126.78606,36.35638],[126.76175,36.35256],[126.75194,36.35538],[126.74877,36.36456],[126.74432,36.36204],[126.73935,36.36446],[126.73998,36.37015],[126.73519,36.37704],[126.72515,36.37361],[126.70953,36.36974],[126.70275,36.3609],[126.70455,36.34956],[126.69734,36.33604],[126.68614,36.33331],[126.68138,36.31229],[126.69348,36.30181],[126.69438,36.29776],[126.68901,36.28936],[126.69627,36.28375],[126.69846,36.26698],[126.70498,36.26628],[126.72077,36.25895],[126.72099,36.25396],[126.72897,36.25656],[126.7379,36.25521],[126.73901,36.24787],[126.73468,36.23725],[126.72129,36.235],[126.71588,36.22835],[126.71627,36.21831],[126.69966,36.20179],[126.69438,36.19047],[126.69985,36.18003],[126.7104,36.17585],[126.72096,36.17508],[126.72713,36.17667],[126.73445,36.18206],[126.74052,36.18318],[126.74681,36.18089],[126.76383,36.18348],[126.76698,36.18197],[126.78004,36.18407],[126.7926,36.18057],[126.79726,36.16981],[126.79283,36.17011],[126.79513,36.15116],[126.7915,36.14265],[126.79335,36.13727],[126.80106,36.14105],[126.80562,36.13852],[126.81956,36.13492],[126.82402,36.12657],[126.83999,36.11617],[126.84045,36.10547],[126.83754,36.10508],[126.83713,36.09832],[126.84166,36.08018],[126.8487,36.07469],[126.85224,36.07632],[126.85773,36.07259],[126.86202,36.07505],[126.8712,36.07225]]]},"properties":{"osm_id":7578882,"name":"부여군","sgg_code":"44760","mois_admin":"4476000000","admin_level":6,"code_source":"osm"}},
{"type":"Feature","geometry":{"type":"MultiPolygon","coordinates":[[[[126.69438,36.19047],[126.68502,36.18732],[126.68142,36.18146],[126.66867,36.17564],[126.65812,36.17724],[126.65739,36.18022],[126.64095,36.17488],[126.63086,36.17422],[126.62876,36.17225],[126.61838,36.17308],[126.61005,36.17138],[126.60061,36.17429],[126.58773,36.17422],[126.57769,36.17738],[126.57336,36.18295],[126.56108,36.19185],[126.53774,36.18801],[126.52486,36.18694],[126.52373,36.18202],[126.52861,36.17463],[126.52334,36.16377],[126.51825,36.15918],[126.5062,36.15945],[126.50084,36.15637],[126.49946,36.15951],[126.49291,36.15928],[126.49287,36.13615],[126.50403,36.12932],[126.50109,36.14084],[126.50967,36.15103],[126.52004,36.1522],[126.53819,36.14817],[126.54972,36.14094],[126.55512,36.13513],[126.55559,36.12903],[126.56303,36.13448],[126.56796,36.13498],[126.57001,36.14066],[126.58182,36.13255],[126.59155,36.12833],[126.59872,36.12007],[126.6031,36.11034],[126.60467,36.1112],[126.61281,36.09541],[126.61671,36.10203],[126.63105,36.09992],[126.63085,36.0917],[126.63941,36.09093],[126.64466,36.0937],[126.6433,36.08737],[126.63199,36.08141],[126.62433,36.08442],[126.62005,36.07692],[126.62763,36.08035],[126.63249,36.0729],[126.63289,36.05614],[126.64372,36.0562],[126.65047,36.04656],[126.65795,36.04491],[126.66873,36.0312],[126.65926,36.02914],[126.66293,36.02651],[126.6639,36.01464],[126.66117,36.00934],[126.66811,36.00465],[126.67701,36.00898],[126.70262,36.0065],[126.72672,36.0003],[126.73656,36.01013],[126.73978,36.01922],[126.74351,36.01777],[126.74805,36.02575],[126.76166,36.02602],[126.76971,36.02964],[126.80277,36.03352],[126.80832,36.03574],[126.8211,36.04992],[126.84054,36.05296],[126.86505,36.06071],[126.87082,36.0674],[126.8712,36.07225],[126.86202,36.07505],[126.85773,36.07259],[126.85224,36.07632],[126.8487,36.07469],[126.84166,36.08018],[126.83713,36.09832],[126.83754,36.10508],[126.84045,36.10547],[126.83999,36.11617],[126.82402,36.12657],[126.81956,36.13492],[126.80562,36.13852],[126.80106,36.14105],[126.79335,36.13727],[126.7915,36.14265],[126.79513,36.15116],[126.79283,36.17011],[126.79726,36.16981],[126.7926,36.18057],[126.78004,36.18407],[126.76698,36.18197],[126.76383,36.18348],[126.74681,36.18089],[126.74052,36.18318],[126.73445,36.18206],[126.72713,36.17667],[126.72096,36.17508],[126.7104,36.17585],[126.69985,36.18003],[126.69438,36.19047]]],[[[126.60265,35.99803],[126.5992,35.99097],[126.60507,35.99227],[126.60265,35.99803]]]]},"properties":{"osm_id":7619551,"name":"서천군","sgg_code":"44770","mois_admin":"4477000000","admin_level":6,"code_source":"osm"}},
{"type":"Feature","geometry":{"type":"Polygon","coordinates":[[[126.77322,36.53433],[126.76851,36.52706],[126.76976,36.51946],[126.76486,36.51189],[126.75543,36.50334],[126.74999,36.50333],[126.74358,36.48969],[126.74425,36.48472],[126.73608,36.47237],[126.73105,36.47869],[126.71901,36.48169],[126.70837,36.47801],[126.70199,36.4784],[126.69091,36.46984],[126.6838,36.46783],[126.67422,36.46215],[126.67944,36.45022],[126.68833,36.44756],[126.68522,36.43573],[126.69189,36.4291],[126.68981,36.42548],[126.6929,36.42025],[126.69206,36.41123],[126.70511,36.40586],[126.71056,36.39648],[126.71519,36.39255],[126.71185,36.38799],[126.72112,36.37997],[126.72515,36.37361],[126.73519,36.37704],[126.73998,36.37015],[126.73935,36.36446],[126.74432,36.36204],[126.74877,36.36456],[126.75194,36.35538],[126.76175,36.35256],[126.78606,36.35638],[126.79487,36.35208],[126.79573,36.35723],[126.80328,36.36352],[126.80283,36.36722],[126.8086,36.37684],[126.81821,36.37548],[126.82289,36.38127],[126.82924,36.38469],[126.83894,36.38329],[126.84868,36.38676],[126.85029,36.38528],[126.84284,36.37346],[126.83635,36.37778],[126.83196,36.37707],[126.83453,36.36454],[126.84475,36.36345],[126.84055,36.35708],[126.84823,36.35535],[126.85377,36.34619],[126.85885,36.34341],[126.85999,36.33625],[126.85634,36.33022],[126.86261,36.32341],[126.8751,36.3232],[126.89228,36.32526],[126.89844,36.33119],[126.90303,36.32716],[126.91408,36.32586],[126.9155,36.32033],[126.92644,36.3157],[126.95468,36.32555],[126.95882,36.33179],[126.97547,36.33416],[126.98504,36.34068],[126.98745,36.34583],[126.98925,36.37112],[127.00094,36.38066],[127.00991,36.38491],[127.03171,36.40056],[127.0153,36.418],[127.02328,36.42348],[127.01799,36.43532],[127.01995,36.43863],[127.00696,36.43856],[127.01003,36.44609],[127.00734,36.45182],[127.00245,36.45096],[127.00124,36.45585],[126.9948,36.46146],[126.9803,36.4636],[126.97459,36.46698],[126.96677,36.46749],[126.96346,36.46388],[126.95651,36.46709],[126.94093,36.46064],[126.93007,36.45391],[126.92089,36.45325],[126.91599,36.45515],[126.9123,36.46537],[126.90531,36.46765],[126.89943,36.47551],[126.89458,36.47852],[126.89226,36.48663],[126.89402,36.50215],[126.88593,36.50794],[126.88424,36.51164],[126.89377,36.52662],[126.88849,36.53389],[126.88987,36.54128],[126.89966,36.54956],[126.89942,36.55894],[126.89346,36.55898],[126.8788,36.56556],[126.87219,36.56981],[126.85795,36.56914],[126.85357,36.57163],[126.84588,36.56948],[126.84086,36.56304],[126.83996,36.55726],[126.83089,36.54735],[126.82971,36.53678],[126.82514,36.52877],[126.81235,36.53119],[126.80519,36.52659],[126.79726,36.53122],[126.7849,36.53485],[126.78072,36.53211],[126.77322,36.53433]]]},"properties":{"osm_id":7619553,"name":"청양군","sgg_code":"44790","mois_admin":"4479000000","admin_level":6,"code_source":"osm"}},
{"type":"Feature","geometry":{"type":"Polygon","coordinates":[[[126.58897,36.66349],[126.58144,36.66431],[126.5796,36.65485],[126.57083,36.64862],[126.56559,36.64966],[126.5616,36.6445],[126.5456,36.64019],[126.54119,36.64473],[126.53429,36.64591],[126.51138,36.63067],[126.50565,36.63484],[126.49728,36.63125],[126.45301,36.62576],[126.45274,36.61534],[126.44077,36.60046],[126.45646,36.59521],[126.45807,36.58786],[126.46299,36.58554],[126.4631,36.57674],[126.47157,36.55947],[126.46424,36.54836],[126.46931,36.53916],[126.4776,36.53663],[126.48817,36.5265],[126.4823,36.51844],[126.48311,36.5138],[126.50093,36.52755],[126.51268,36.52099],[126.52207,36.52147],[126.53013,36.51878],[126.53171,36.51449],[126.53935,36.50912],[126.5468,36.50652],[126.56558,36.50745],[126.56678,36.50225],[126.5727,36.50198],[126.5872,36.50657],[126.5933,36.50629],[126.59822,36.49225],[126.60159,36.48863],[126.59845,36.47885],[126.60392,36.47524],[126.61478,36.48476],[126.62368,36.47695],[126.63216,36.47582],[126.63576,36.4667],[126.63917,36.46466],[126.65274,36.46663],[126.65876,36.46017],[126.6658,36.46269],[126.67422,36.46215],[126.6838,36.46783],[126.69091,36.46984],[126.70199,36.4784],[126.70837,36.47801],[126.71901,36.48169],[126.73105,36.47869],[126.73608,36.47237],[126.74425,36.48472],[126.74358,36.48969],[126.74999,36.50333],[126.75543,36.50334],[126.76486,36.51189],[126.76976,36.51946],[126.76851,36.52706],[126.77322,36.53433],[126.76585,36.53542],[126.75911,36.52739],[126.75419,36.52836],[126.7411,36.53706],[126.73713,36.5515],[126.74834,36.5575],[126.74975,36.56531],[126.74698,36.57543],[126.7485,36.58051],[126.75574,36.58483],[126.76341,36.5866],[126.77242,36.59406],[126.76955,36.60194],[126.7725,36.60704],[126.77038,36.61711],[126.76032,36.61868],[126.75603,36.62358],[126.75868,36.62665],[126.75721,36.63232],[126.7498,36.63531],[126.75185,36.64568],[126.74794,36.64815],[126.73689,36.64808],[126.7364,36.65575],[126.74223,36.66247],[126.74544,36.67069],[126.73619,36.67267],[126.72755,36.66843],[126.70862,36.67249],[126.70478,36.6668],[126.70761,36.66295],[126.69824,36.66325],[126.68891,36.65942],[126.68129,36.66153],[126.65942,36.65673],[126.65199,36.64981],[126.63888,36.64806],[126.62818,36.64957],[126.61889,36.63802],[126.6252,36.6293],[126.62663,36.61391],[126.62484,36.60965],[126.61587,36.61742],[126.61546,36.62352],[126.60625,36.62531],[126.6022,36.61894],[126.59675,36.62153],[126.58641,36.61777],[126.58548,36.62626],[126.59038,36.6457],[126.59581,36.65275],[126.58897,36.66349]]]},"properties":{"osm_id":7619555,"name":"홍성군","sgg_code":"44800","mois_admin":"4480000000","admin_level":6,"code_source":"osm"}},
{"type":"Feature","geometry":{"type":"Polygon","coordinates":[[[126.96779,36.67943],[126.96955,36.69071],[126.96258,36.69696],[126.95449,36.69913],[126.94989,36.70377],[126.94208,36.70159],[126.93364,36.70194],[126.92851,36.7044],[126.92172,36.70066],[126.91757,36.70335],[126.90213,36.70223],[126.90495,36.70987],[126.899,36.71688],[126.89786,36.72336],[126.8927,36.72459],[126.88638,36.73126],[126.87151,36.728],[126.86372,36.73203],[126.85951,36.73865],[126.85876,36.74693],[126.85205,36.74828],[126.84921,36.74259],[126.84527,36.74362],[126.84628,36.7484],[126.83988,36.75015],[126.82796,36.7645],[126.829,36.76864],[126.81808,36.77581],[126.81286,36.77221],[126.805,36.77363],[126.79512,36.76678],[126.79105,36.76129],[126.78386,36.75979],[126.7718,36.74791],[126.76004,36.7592],[126.75911,36.76336],[126.74652,36.76707],[126.74285,36.77811],[126.73765,36.78024],[126.73406,36.78955],[126.72506,36.79848],[126.71031,36.80392],[126.70211,36.80275],[126.69508,36.79899],[126.69763,36.79453],[126.69434,36.78493],[126.68257,36.78161],[126.6802,36.78369],[126.6691,36.78052],[126.66485,36.77083],[126.65358,36.77462],[126.649,36.76988],[126.65043,36.76512],[126.64756,36.76144],[126.65331,36.75487],[126.64267,36.75286],[126.6352,36.75876],[126.63249,36.75728],[126.63496,36.74329],[126.62923,36.74043],[126.62516,36.73314],[126.61048,36.73373],[126.61014,36.72877],[126.60241,36.71955],[126.60966,36.70459],[126.60458,36.69845],[126.60004,36.6969],[126.60029,36.69086],[126.59644,36.68519],[126.59915,36.67891],[126.59396,36.66787],[126.58897,36.66349],[126.59581,36.65275],[126.59038,36.6457],[126.58548,36.62626],[126.58641,36.61777],[126.59675,36.62153],[126.6022,36.61894],[126.60625,36.62531],[126.61546,36.62352],[126.61587,36.61742],[126.62484,36.60965],[126.62663,36.61391],[126.6252,36.6293],[126.61889,36.63802],[126.62818,36.64957],[126.63888,36.64806],[126.65199,36.64981],[126.65942,36.65673],[126.68129,36.66153],[126.68891,36.65942],[126.69824,36.66325],[126.70761,36.66295],[126.70478,36.6668],[126.70862,36.67249],[126.72755,36.66843],[126.73619,36.67267],[126.74544,36.67069],[126.74223,36.66247],[126.7364,36.65575],[126.73689,36.64808],[126.74794,36.64815],[126.75185,36.64568],[126.7498,36.63531],[126.75721,36.63232],[126.75868,36.62665],[126.75603,36.62358],[126.76032,36.61868],[126.77038,36.61711],[126.7725,36.60704],[126.76955,36.60194],[126.77242,36.59406],[126.76341,36.5866],[126.75574,36.58483],[126.7485,36.58051],[126.74698,36.57543],[126.74975,36.56531],[126.74834,36.5575],[126.73713,36.5515],[126.7411,36.53706],[126.75419,36.52836],[126.75911,36.52739],[126.76585,36.53542],[126.77322,36.53433],[126.78072,36.53211],[126.7849,36.53485],[126.79726,36.53122],[126.80519,36.52659],[126.81235,36.53119],[126.82514,36.52877],[126.82971,36.53678],[126.83089,36.54735],[126.83996,36.55726],[126.84086,36.56304],[126.84588,36.56948],[126.85357,36.57163],[126.85795,36.56914],[126.87219,36.56981],[126.8788,36.56556],[126.89346,36.55898],[126.89942,36.55894],[126.90981,36.56629],[126.91136,36.57295],[126.92006,36.57801],[126.92547,36.58776],[126.93097,36.59175],[126.92799,36.6006],[126.93206,36.60287],[126.93042,36.60837],[126.9373,36.6153],[126.93578,36.6219],[126.94539,36.62816],[126.94386,36.63267],[126.94827,36.64072],[126.95537,36.64594],[126.95416,36.65223],[126.95968,36.65548],[126.95714,36.66553],[126.95755,36.67201],[126.96779,36.67943]]]},"properties":{"osm_id":7578859,"name":"예산군","sgg_code":"44810","mois_admin":"4481000000","admin_level":6,"code_source":"osm"}},
{"type":"Feature","geometry":{"type":"MultiPolygon","coordinates":[[[[126.36039,36.62498],[126.3488,36.67456],[126.34619,36.71059],[126.34734,36.71252],[126.34655,36.72853],[126.34217,36.74218],[126.33722,36.74379],[126.34334,36.74664],[126.35057,36.76746],[126.34837,36.77809],[126.35501,36.7889],[126.35159,36.79641],[126.33477,36.81492],[126.32806,36.81354],[126.32248,36.81962],[126.31858,36.8142],[126.31146,36.81296],[126.30679,36.8152],[126.295,36.80617],[126.29738,36.80328],[126.29323,36.79819],[126.2871,36.7995],[126.28603,36.80619],[126.28864,36.81337],[126.28059,36.81776],[126.28374,36.8255],[126.2939,36.82418],[126.30418,36.83012],[126.31558,36.83268],[126.31724,36.8374],[126.29358,36.84303],[126.29573,36.85262],[126.30387,36.85747],[126.30397,36.86688],[126.30768,36.8668],[126.31197,36.87312],[126.31316,36.88353],[126.318,36.88708],[126.32611,36.88531],[126.33088,36.8923],[126.32648,36.89038],[126.31933,36.89197],[126.32095,36.89571],[126.31889,36.90512],[126.31314,36.90535],[126.30867,36.91319],[126.30269,36.91624],[126.30109,36.92239],[126.30967,36.92957],[126.30493,36.93535],[126.30181,36.94412],[126.30744,36.94729],[126.30975,36.95459],[126.30543,36.96191],[126.29219,36.96219],[126.29667,36.96605],[126.30583,36.96678],[126.30533,36.97899],[126.30008,36.97713],[126.2972,36.97105],[126.28599,36.96949],[126.28482,36.96311],[126.28745,36.95453],[126.29059,36.95232],[126.28865,36.94602],[126.29139,36.94322],[126.28928,36.93576],[126.29386,36.92963],[126.29168,36.92122],[126.284,36.90896],[126.28871,36.89912],[126.28109,36.89983],[126.27661,36.89759],[126.24734,36.90939],[126.25063,36.91351],[126.23436,36.90752],[126.21865,36.9047],[126.21188,36.89889],[126.20469,36.90109],[126.19746,36.88767],[126.19239,36.8857],[126.18754,36.88868],[126.17697,36.88417],[126.1862,36.88255],[126.1911,36.87679],[126.18778,36.86836],[126.1922,36.86334],[126.19138,36.85766],[126.19569,36.85961],[126.1962,36.85158],[126.18829,36.8406],[126.17762,36.83423],[126.18467,36.83049],[126.18866,36.8248],[126.18198,36.81999],[126.18611,36.8144],[126.17209,36.81163],[126.17103,36.82454],[126.16635,36.83051],[126.1701,36.84148],[126.16176,36.84105],[126.16236,36.84614],[126.15729,36.84766],[126.1538,36.83785],[126.14596,36.83835],[126.15985,36.82545],[126.155,36.81624],[126.14371,36.80864],[126.14881,36.80671],[126.14911,36.79993],[126.14485,36.7898],[126.13917,36.78426],[126.13072,36.78531],[126.13555,36.7764],[126.13149,36.77418],[126.12039,36.77346],[126.11633,36.76585],[126.12178,36.76482],[126.12415,36.75641],[126.12243,36.75274],[126.1324,36.75137],[126.12838,36.74741],[126.13444,36.74106],[126.126,36.73197],[126.12604,36.72695],[126.12166,36.72621],[126.12714,36.71823],[126.1208,36.71379],[126.12139,36.70763],[126.1295,36.7162],[126.13484,36.71809],[126.14263,36.72503],[126.14324,36.72888],[126.14919,36.72906],[126.15182,36.73997],[126.14733,36.74779],[126.14082,36.75409],[126.15592,36.75663],[126.16427,36.75603],[126.1723,36.75782],[126.17517,36.75437],[126.18501,36.75333],[126.18656,36.74847],[126.18354,36.74546],[126.18919,36.74469],[126.19652,36.73823],[126.20596,36.7365],[126.21155,36.7409],[126.21188,36.73452],[126.20334,36.72625],[126.20208,36.72119],[126.21508,36.72715],[126.22253,36.72237],[126.2232,36.71782],[126.21772,36.71085],[126.20734,36.7052],[126.19888,36.70532],[126.18534,36.71073],[126.1829,36.71411],[126.1673,36.71722],[126.1599,36.71065],[126.1604,36.70598],[126.15067,36.70508],[126.14659,36.70234],[126.15035,36.6952],[126.15562,36.67713],[126.15994,36.67853],[126.1837,36.67797],[126.18842,36.67518],[126.19658,36.67455],[126.20065,36.68281],[126.1983,36.68426],[126.20893,36.68805],[126.20843,36.69244],[126.21456,36.69429],[126.23185,36.69575],[126.23078,36.70031],[126.23837,36.70239],[126.23473,36.70655],[126.23502,36.71812],[126.25784,36.71775],[126.26957,36.72989],[126.2758,36.73131],[126.2798,36.72875],[126.27084,36.72706],[126.27366,36.72083],[126.27108,36.71446],[126.27317,36.70351],[126.26269,36.69695],[126.26223,36.68475],[126.26623,36.68404],[126.2649,36.67917],[126.26667,36.6715],[126.28043,36.67414],[126.28945,36.66657],[126.29686,36.6563],[126.30132,36.63893],[126.30072,36.62562],[126.29798,36.62049],[126.28765,36.61798],[126.28937,36.59908],[126.28354,36.59433],[126.28896,36.59065],[126.29293,36.58326],[126.30291,36.58895],[126.30306,36.59352],[126.31049,36.59405],[126.31249,36.58901],[126.31987,36.59443],[126.32087,36.60179],[126.32362,36.60123],[126.33566,36.61163],[126.33529,36.61851],[126.34017,36.61576],[126.35383,36.61869],[126.36039,36.62498]]],[[[125.57851,36.61352],[125.57423,36.62174],[125.57184,36.61691],[125.57851,36.61352]]],[[[125.69746,36.63808],[125.69155,36.64569],[125.68807,36.64255],[125.69746,36.63808]]],[[[125.71059,36.62918],[125.71807,36.63021],[125.71059,36.63233],[125.71059,36.62918]]],[[[125.94609,36.7266],[125.94142,36.72398],[125.94415,36.72043],[125.94931,36.72292],[125.94609,36.7266]]],[[[126.04902,36.66986],[126.05482,36.66785],[126.0586,36.67248],[126.08153,36.67224],[126.08087,36.67703],[126.08777,36.68002],[126.08422,36.68458],[126.08719,36.68941],[126.08234,36.69203],[126.08224,36.68421],[126.07308,36.67849],[126.06201,36.68011],[126.04807,36.67184],[126.04902,36.66986]]],[[[126.15714,36.51242],[126.1626,36.51002],[126.16081,36.51476],[126.15714,36.51242]]],[[[126.19678,36.57798],[126.20118,36.58214],[126.19537,36.58229],[126.19678,36.57798]]],[[[126.15064,36.68196],[126.14639,36.68586],[126.14154,36.68583],[126.13403,36.68166],[126.13631,36.67571],[126.13166,36.67395],[126.13989,36.66914],[126.14873,36.67561],[126.15064,36.68196]]],[[[126.13296,36.68495],[126.13155,36.68766],[126.12426,36.67829],[126.13108,36.68114],[126.13296,36.68495]]],[[[126.23626,36.4505],[126.23895,36.45525],[126.23166,36.45541],[126.23626,36.4505]]],[[[126.36631,36.60943],[126.36019,36.61184],[126.35502,36.60981],[126.3481,36.61122],[126.34788,36.60451],[126.34169,36.60845],[126.32272,36.59878],[126.32488,36.58768],[126.31899,36.58423],[126.31255,36.58378],[126.31537,36.57432],[126.31429,36.57116],[126.32792,36.55556],[126.32951,36.54167],[126.32967,36.52434],[126.32811,36.51123],[126.33214,36.51],[126.33199,36.50505],[126.33571,36.49713],[126.3349,36.48415],[126.3325,36.47481],[126.32617,36.47254],[126.32582,36.46794],[126.33703,36.4721],[126.34081,36.47971],[126.34239,36.47481],[126.33974,36.46119],[126.33449,36.46189],[126.33561,36.43907],[126.34467,36.43839],[126.34864,36.44106],[126.36395,36.44151],[126.36523,36.43719],[126.35879,36.43812],[126.3544,36.42726],[126.36087,36.42166],[126.36265,36.41563],[126.36749,36.41591],[126.37199,36.41123],[126.38042,36.41511],[126.38151,36.42113],[126.39015,36.42185],[126.39723,36.4191],[126.39679,36.41428],[126.40055,36.41214],[126.41106,36.41288],[126.41115,36.40692],[126.42011,36.40454],[126.41982,36.40011],[126.42691,36.39917],[126.42242,36.41011],[126.42771,36.41598],[126.43406,36.41796],[126.43471,36.4224],[126.42802,36.43193],[126.43215,36.43724],[126.4212,36.44045],[126.42139,36.44613],[126.40672,36.45413],[126.41735,36.46496],[126.40907,36.4745],[126.41033,36.49195],[126.40572,36.48767],[126.39911,36.48826],[126.39966,36.49665],[126.40374,36.49893],[126.4025,36.50592],[126.39793,36.50738],[126.39494,36.51328],[126.38594,36.51577],[126.3815,36.51442],[126.37828,36.51918],[126.38644,36.52089],[126.38661,36.52669],[126.38139,36.52828],[126.37511,36.54286],[126.37917,36.54881],[126.37444,36.55816],[126.37489,36.56499],[126.36625,36.56652],[126.35897,36.5725],[126.36329,36.57712],[126.36747,36.57599],[126.37559,36.57888],[126.37529,36.58934],[126.37149,36.58968],[126.3732,36.59636],[126.36657,36.60046],[126.36631,36.60943]]],[[[126.2415,36.58909],[126.24552,36.59969],[126.24303,36.60915],[126.23452,36.60478],[126.2415,36.58909]]],[[[126.30744,36.93718],[126.31394,36.94063],[126.31269,36.94377],[126.30744,36.93718]]],[[[126.37748,36.60328],[126.3806,36.5917],[126.38539,36.60408],[126.37748,36.60328]]]]},"properties":{"osm_id":7618927,"name":"태안군","sgg_code":"44825","mois_admin":"4482500000","admin_level":6,"code_source":"osm"}},
{"type":"Feature","geometry":{"type":"MultiPolygon","coordinates":[[[[126.45834,34.79328],[126.4578,34.81064],[126.4551,34.81081],[126.45438,34.81763],[126.43832,34.82133],[126.43905,34.83409],[126.43612,34.83729],[126.42506,34.83882],[126.41987,34.84391],[126.41236,34.84386],[126.40095,34.84207],[126.39693,34.83795],[126.38827,34.83666],[126.38665,34.82952],[126.38112,34.82854],[126.37022,34.81327],[126.3625,34.8063],[126.36538,34.80394],[126.35995,34.7997],[126.35683,34.80233],[126.35064,34.79729],[126.36021,34.79259],[126.36787,34.78655],[126.36908,34.78073],[126.38167,34.78071],[126.39164,34.78826],[126.38853,34.78062],[126.40405,34.78431],[126.41488,34.78859],[126.41108,34.79272],[126.41774,34.7911],[126.42876,34.79348],[126.441,34.79929],[126.44535,34.79155],[126.45834,34.79328]]],[[[126.35687,34.77424],[126.35197,34.77184],[126.35444,34.76176],[126.35033,34.76169],[126.35043,34.75055],[126.36031,34.74477],[126.3588,34.7522],[126.36228,34.75169],[126.36539,34.76009],[126.37271,34.75926],[126.37113,34.76408],[126.37559,34.77046],[126.36481,34.77438],[126.35648,34.78151],[126.35687,34.77424]]],[[[126.31773,34.75918],[126.32227,34.77353],[126.32848,34.77531],[126.3284,34.78203],[126.32125,34.78829],[126.31439,34.78094],[126.30838,34.78207],[126.30499,34.76778],[126.31112,34.76096],[126.31773,34.75918]]],[[[126.28963,34.77774],[126.3016,34.7765],[126.30221,34.78207],[126.29526,34.78396],[126.28963,34.77774]]],[[[126.33756,34.78445],[126.33892,34.78204],[126.3405,34.79505],[126.33454,34.78815],[126.33756,34.78445]]],[[[126.31505,34.79492],[126.33236,34.796],[126.33073,34.81299],[126.32626,34.81546],[126.32439,34.81194],[126.31693,34.80843],[126.31473,34.80438],[126.31834,34.80241],[126.31505,34.79492]]]]},"properties":{"osm_id":7812645,"name":"목포시","sgg_code":"46110","mois_admin":"4611000000","admin_level":6,"code_source":"osm"}},
{"type":"Feature","geometry":{"type":"MultiPolygon","coordinates":[[[[127.59363,34.89038],[127.58112,34.885],[127.5559,34.88621],[127.55013,34.88843],[127.54091,34.88426],[127.53646,34.87845],[127.54121,34.86868],[127.55011,34.8637],[127.54998,34.85553],[127.54339,34.85035],[127.54257,34.84367],[127.54258,34.8379],[127.53735,34.83064],[127.52597,34.82221],[127.52445,34.81119],[127.52995,34.80758],[127.54355,34.80613],[127.54638,34.81029],[127.55737,34.80697],[127.56067,34.80247],[127.55835,34.79751],[127.56699,34.7906],[127.5706,34.77859],[127.56348,34.78047],[127.56163,34.77623],[127.56801,34.77715],[127.57519,34.76931],[127.572,34.76066],[127.57897,34.76084],[127.58154,34.76902],[127.58528,34.76725],[127.59021,34.75758],[127.58598,34.75097],[127.5941,34.74832],[127.59279,34.74373],[127.58258,34.74552],[127.58417,34.73954],[127.57808,34.73885],[127.57887,34.73302],[127.56727,34.72793],[127.56133,34.73185],[127.56434,34.72637],[127.56227,34.72269],[127.5485,34.71316],[127.555,34.71442],[127.55614,34.70868],[127.55338,34.70062],[127.55897,34.70301],[127.55778,34.70753],[127.56328,34.70883],[127.56566,34.70064],[127.5694,34.70405],[127.57685,34.70204],[127.58032,34.69304],[127.57393,34.69883],[127.56274,34.69803],[127.55956,34.70035],[127.55325,34.69378],[127.55121,34.68177],[127.55609,34.67727],[127.56309,34.67681],[127.56021,34.67062],[127.55231,34.66907],[127.55144,34.66271],[127.55511,34.65752],[127.55879,34.65938],[127.5676,34.65062],[127.57478,34.6355],[127.5827,34.63052],[127.57651,34.6392],[127.57478,34.64752],[127.58253,34.65206],[127.58978,34.65191],[127.60768,34.64428],[127.61558,34.64304],[127.62519,34.63456],[127.62592,34.62952],[127.63095,34.63276],[127.63631,34.63058],[127.63704,34.62608],[127.64442,34.62743],[127.64478,34.63215],[127.63996,34.63726],[127.63321,34.63587],[127.635,34.64169],[127.63937,34.64289],[127.63312,34.64665],[127.64023,34.64581],[127.63783,34.64868],[127.62955,34.65034],[127.62868,34.65565],[127.63282,34.65686],[127.63321,34.67],[127.62924,34.67504],[127.62196,34.678],[127.61757,34.6844],[127.62436,34.68045],[127.63069,34.67947],[127.63934,34.68365],[127.63237,34.68332],[127.62326,34.6874],[127.62194,34.69081],[127.62785,34.69602],[127.62397,34.70107],[127.61805,34.70133],[127.61353,34.70606],[127.61682,34.70972],[127.62241,34.70893],[127.6228,34.71703],[127.62837,34.71727],[127.62739,34.7113],[127.6355,34.71024],[127.64298,34.70699],[127.63909,34.71847],[127.64116,34.72666],[127.64813,34.73376],[127.65143,34.74313],[127.65831,34.74612],[127.65542,34.7496],[127.65764,34.75553],[127.67816,34.73568],[127.68437,34.734],[127.70012,34.72388],[127.69845,34.72093],[127.7045,34.72035],[127.71675,34.72608],[127.72121,34.7259],[127.72598,34.73],[127.73109,34.72918],[127.73295,34.73896],[127.75071,34.73631],[127.75606,34.74112],[127.76924,34.74515],[127.76631,34.74714],[127.75576,34.74131],[127.74848,34.74831],[127.75555,34.76094],[127.75152,34.76859],[127.74581,34.77448],[127.74566,34.77861],[127.75576,34.78481],[127.75511,34.79319],[127.75965,34.80095],[127.76638,34.79931],[127.76939,34.80486],[127.76616,34.80891],[127.77023,34.81286],[127.76715,34.81829],[127.76977,34.82182],[127.76775,34.8314],[127.77491,34.83755],[127.77625,34.85469],[127.77276,34.86157],[127.76228,34.86354],[127.74908,34.85983],[127.73977,34.8615],[127.74436,34.85148],[127.73383,34.85483],[127.73308,34.8581],[127.72656,34.862],[127.72222,34.85855],[127.69853,34.85919],[127.69503,34.86474],[127.68018,34.84488],[127.67014,34.83696],[127.66166,34.84456],[127.64281,34.83037],[127.63626,34.82803],[127.62739,34.83426],[127.62692,34.84069],[127.63484,34.83854],[127.63695,34.84438],[127.62944,34.84637],[127.62692,34.84416],[127.62045,34.84604],[127.61334,34.85426],[127.61068,34.84944],[127.60444,34.85359],[127.59792,34.86571],[127.58976,34.87477],[127.59047,34.87727],[127.61373,34.89238],[127.60088,34.89869],[127.59363,34.89038]]],[[[127.30991,34.0266],[127.32435,34.02472],[127.32239,34.0276],[127.31393,34.02953],[127.30991,34.0266]]],[[[127.28871,34.03292],[127.28995,34.02702],[127.29627,34.01784],[127.29416,34.01473],[127.30381,34.01188],[127.31283,34.01138],[127.3232,34.00746],[127.32437,34.01528],[127.31578,34.01427],[127.31212,34.01743],[127.30468,34.01885],[127.3077,34.02199],[127.30492,34.02885],[127.29666,34.03235],[127.29732,34.03827],[127.29421,34.03962],[127.29517,34.04523],[127.29237,34.04902],[127.30077,34.05711],[127.29415,34.06163],[127.29547,34.05603],[127.29193,34.05457],[127.28557,34.0585],[127.28275,34.05475],[127.27979,34.06001],[127.27845,34.05469],[127.28233,34.05085],[127.27825,34.04397],[127.28209,34.03995],[127.28149,34.0344],[127.28871,34.03292]]],[[[127.31311,34.04154],[127.32605,34.03744],[127.3312,34.03336],[127.33431,34.03511],[127.33253,34.04129],[127.32523,34.04501],[127.32614,34.05488],[127.32199,34.05936],[127.30892,34.05821],[127.30544,34.06186],[127.30326,34.05824],[127.30955,34.05285],[127.314,34.04558],[127.31311,34.04154]]],[[[127.38636,34.05753],[127.39624,34.05631],[127.39432,34.06072],[127.38899,34.06087],[127.38636,34.05753]]],[[[127.3512,34.17411],[127.35763,34.1714],[127.3544,34.17764],[127.3512,34.17411]]],[[[127.19304,34.2188],[127.19811,34.21684],[127.20128,34.21992],[127.19814,34.22405],[127.19304,34.2188]]],[[[127.25502,34.219],[127.24977,34.22104],[127.25241,34.22448],[127.26141,34.22452],[127.26216,34.22822],[127.25816,34.23346],[127.25868,34.23822],[127.26298,34.23828],[127.25811,34.24337],[127.26269,34.24561],[127.2535,34.25102],[127.24763,34.2459],[127.24348,34.24815],[127.24578,34.24009],[127.24081,34.23589],[127.23328,34.23664],[127.23142,34.22633],[127.22821,34.22346],[127.22645,34.21314],[127.22956,34.21588],[127.23871,34.2153],[127.24136,34.21938],[127.24585,34.21407],[127.24834,34.21537],[127.25671,34.21111],[127.25958,34.21323],[127.25502,34.219]]],[[[127.25513,34.26056],[127.26106,34.25834],[127.25758,34.26425],[127.25513,34.26056]]],[[[127.26989,34.27297],[127.27677,34.27219],[127.28025,34.27591],[127.26989,34.27297]]],[[[127.34889,34.26972],[127.35221,34.26878],[127.36021,34.27701],[127.36694,34.2869],[127.37131,34.28898],[127.36376,34.2936],[127.35754,34.28595],[127.35274,34.28886],[127.3531,34.29516],[127.34871,34.28848],[127.34889,34.26972]]],[[[127.39865,34.28068],[127.40206,34.29048],[127.39578,34.29805],[127.38865,34.29499],[127.38616,34.28885],[127.3896,34.28534],[127.39036,34.27886],[127.39471,34.2836],[127.39865,34.28068]]],[[[127.46011,34.22801],[127.46776,34.22708],[127.45946,34.23245],[127.46011,34.22801]]],[[[127.45149,34.25044],[127.44711,34.24832],[127.44466,34.24214],[127.44857,34.24009],[127.4563,34.24693],[127.45149,34.25044]]],[[[127.53404,34.26153],[127.54026,34.26755],[127.53329,34.26978],[127.52837,34.26753],[127.53125,34.26078],[127.53404,34.26153]]],[[[127.79931,34.41067],[127.80754,34.4162],[127.80945,34.42478],[127.80467,34.42976],[127.81,34.4347],[127.81069,34.44583],[127.81585,34.45158],[127.80875,34.44893],[127.8018,34.45412],[127.80736,34.45997],[127.80456,34.46133],[127.79518,34.45731],[127.79772,34.45247],[127.79625,34.44693],[127.79761,34.43971],[127.79135,34.43543],[127.78674,34.43526],[127.78536,34.43009],[127.79257,34.43163],[127.79898,34.42908],[127.78874,34.42513],[127.78713,34.4142],[127.79636,34.4169],[127.79931,34.41067]]],[[[127.78956,34.47665],[127.79372,34.47725],[127.79162,34.4814],[127.78956,34.47665]]],[[[127.79735,34.47291],[127.80398,34.47143],[127.80085,34.47701],[127.8044,34.4829],[127.81073,34.48001],[127.81285,34.47545],[127.81666,34.47928],[127.82026,34.47546],[127.82128,34.48121],[127.82538,34.48511],[127.81537,34.4887],[127.81511,34.49355],[127.82657,34.49607],[127.81154,34.49759],[127.80702,34.49041],[127.79821,34.4914],[127.7963,34.48265],[127.79735,34.47291]]],[[[127.77222,34.50684],[127.76673,34.51096],[127.78108,34.51101],[127.77989,34.52017],[127.77092,34.52625],[127.76212,34.53513],[127.7639,34.54003],[127.75695,34.54979],[127.74034,34.55295],[127.7256,34.54725],[127.71341,34.53871],[127.69725,34.53924],[127.70052,34.53268],[127.71279,34.52971],[127.71341,34.52696],[127.72205,34.52313],[127.73003,34.5276],[127.73362,34.52614],[127.72561,34.51608],[127.72687,34.51359],[127.7374,34.51241],[127.74034,34.5078],[127.73378,34.50562],[127.7414,34.50129],[127.75474,34.50408],[127.75352,34.49975],[127.76232,34.49918],[127.76688,34.4955],[127.77306,34.49994],[127.7693,34.49239],[127.77062,34.48837],[127.79011,34.48708],[127.79393,34.49514],[127.793,34.50222],[127.78093,34.50757],[127.77222,34.50684]]],[[[127.73107,34.57093],[127.72436,34.5607],[127.73101,34.5623],[127.73515,34.55918],[127.74108,34.56384],[127.73669,34.56415],[127.73593,34.56933],[127.73107,34.57093]]],[[[127.74442,34.56569],[127.74881,34.5633],[127.75153,34.56769],[127.74442,34.56569]]],[[[127.63805,34.55738],[127.63942,34.56885],[127.64782,34.56699],[127.6496,34.55624],[127.65981,34.55275],[127.66897,34.56093],[127.67045,34.55502],[127.68069,34.56371],[127.67874,34.56699],[127.68827,34.57127],[127.69057,34.56821],[127.6865,34.56418],[127.69608,34.56266],[127.70492,34.5648],[127.70331,34.56831],[127.69739,34.56928],[127.69671,34.57416],[127.68964,34.57663],[127.68335,34.57498],[127.68434,34.57052],[127.67993,34.57012],[127.67532,34.57416],[127.67082,34.572],[127.67088,34.58036],[127.65748,34.58557],[127.65301,34.57931],[127.64929,34.5814],[127.63944,34.57501],[127.63714,34.5632],[127.63805,34.55738]]],[[[127.71152,34.56639],[127.72311,34.56873],[127.72732,34.57828],[127.71833,34.57931],[127.71042,34.57628],[127.71152,34.56639]]],[[[127.75903,34.57497],[127.7645,34.57564],[127.76269,34.5822],[127.75505,34.58039],[127.75903,34.57497]]],[[[127.74235,34.57942],[127.74395,34.58226],[127.73056,34.5894],[127.73141,34.59492],[127.72176,34.5887],[127.71796,34.59375],[127.71219,34.59277],[127.72439,34.58656],[127.7302,34.58123],[127.73414,34.574],[127.73814,34.5789],[127.74235,34.57942]]],[[[127.69637,34.59074],[127.68968,34.59433],[127.68182,34.59574],[127.68513,34.58787],[127.6903,34.59093],[127.69637,34.59074]]],[[[127.61011,34.59084],[127.6086,34.5885],[127.6219,34.59213],[127.62537,34.58869],[127.62568,34.59593],[127.61011,34.59084]]],[[[127.65082,34.59709],[127.64864,34.5905],[127.65174,34.58721],[127.65852,34.59294],[127.65387,34.59675],[127.66171,34.60293],[127.65089,34.60436],[127.65082,34.59709]]],[[[127.59392,34.59801],[127.59824,34.59481],[127.60359,34.59658],[127.60701,34.60172],[127.60459,34.60491],[127.59392,34.59801]]],[[[127.54867,34.59514],[127.55344,34.59883],[127.55125,34.60211],[127.56173,34.60288],[127.56682,34.60546],[127.56447,34.61346],[127.55743,34.61657],[127.55143,34.61474],[127.55132,34.61795],[127.5446,34.61879],[127.54404,34.61378],[127.53395,34.61154],[127.52849,34.61753],[127.52205,34.61482],[127.52535,34.60296],[127.53508,34.60481],[127.53637,34.60952],[127.54042,34.60713],[127.53962,34.59854],[127.54867,34.59514]]],[[[127.70632,34.60324],[127.70941,34.60597],[127.72555,34.60874],[127.71379,34.6115],[127.70614,34.61012],[127.70632,34.60324]]],[[[127.64066,34.60813],[127.64162,34.61175],[127.64649,34.60872],[127.65516,34.60937],[127.64613,34.6197],[127.64323,34.61811],[127.63865,34.62367],[127.6306,34.62402],[127.62616,34.6198],[127.6251,34.61432],[127.63354,34.60736],[127.64066,34.60813]]],[[[127.53478,34.63127],[127.535,34.62697],[127.54281,34.62332],[127.54763,34.62675],[127.54889,34.63188],[127.53478,34.63127]]],[[[127.52197,34.62231],[127.5166,34.62457],[127.51706,34.63922],[127.50916,34.63328],[127.51459,34.62299],[127.52197,34.62231]]],[[[127.54806,34.64005],[127.54897,34.63816],[127.56939,34.62703],[127.56785,34.63503],[127.5553,34.63797],[127.55125,34.64216],[127.54806,34.64005]]],[[[127.79191,34.61214],[127.78901,34.61702],[127.79359,34.62276],[127.79155,34.62865],[127.79717,34.62826],[127.79867,34.6323],[127.79632,34.64884],[127.79815,34.65514],[127.80636,34.65807],[127.80642,34.661],[127.79478,34.66076],[127.79408,34.66536],[127.80117,34.66643],[127.79425,34.66875],[127.79282,34.67244],[127.78537,34.66996],[127.7766,34.68018],[127.77763,34.68634],[127.78238,34.68934],[127.77988,34.6956],[127.77363,34.69669],[127.7658,34.69429],[127.75919,34.70379],[127.76669,34.70456],[127.76376,34.70935],[127.77139,34.71063],[127.77368,34.70427],[127.77852,34.71194],[127.78056,34.70761],[127.77669,34.70532],[127.77846,34.70069],[127.78342,34.70281],[127.78596,34.69926],[127.79106,34.70291],[127.78641,34.70935],[127.78589,34.71691],[127.77489,34.72153],[127.77332,34.72412],[127.76539,34.72534],[127.75539,34.73186],[127.73947,34.73351],[127.73697,34.72959],[127.74196,34.72688],[127.74145,34.72236],[127.74787,34.71422],[127.7518,34.71459],[127.75633,34.70779],[127.75436,34.69729],[127.75627,34.69129],[127.76308,34.68756],[127.76138,34.68435],[127.75399,34.68176],[127.74762,34.67491],[127.74748,34.66881],[127.73725,34.66051],[127.72893,34.65597],[127.72366,34.65565],[127.71944,34.64597],[127.71661,34.64415],[127.7246,34.63752],[127.72007,34.62897],[127.71047,34.62319],[127.7214,34.61311],[127.72746,34.61397],[127.73725,34.61117],[127.73645,34.60545],[127.74512,34.59963],[127.74971,34.59274],[127.75664,34.59399],[127.76624,34.59264],[127.77031,34.58817],[127.77792,34.58961],[127.78582,34.58536],[127.80275,34.5873],[127.80584,34.59472],[127.80391,34.59932],[127.79593,34.60478],[127.78895,34.60532],[127.79191,34.61214]]],[[[127.70851,34.70371],[127.70927,34.70895],[127.70112,34.71143],[127.70072,34.70862],[127.70851,34.70371]]],[[[127.7189,34.71923],[127.72195,34.71519],[127.71695,34.71313],[127.72072,34.70959],[127.71995,34.70523],[127.7319,34.69983],[127.74251,34.70472],[127.73229,34.71048],[127.72559,34.71214],[127.73038,34.71905],[127.72345,34.71813],[127.72471,34.72241],[127.7189,34.71923]]],[[[127.56233,34.74251],[127.56551,34.73937],[127.56687,34.74421],[127.56194,34.74968],[127.5583,34.74787],[127.55794,34.74076],[127.56233,34.74251]]],[[[127.51392,34.75658],[127.5107,34.76152],[127.50885,34.75864],[127.51392,34.75658]]],[[[127.49748,34.75428],[127.50428,34.7552],[127.49549,34.76197],[127.49748,34.75428]]],[[[127.56039,34.76298],[127.57039,34.76336],[127.56159,34.7706],[127.56039,34.76298]]],[[[127.62807,34.8376],[127.6284,34.83486],[127.63739,34.83005],[127.65881,34.84468],[127.63352,34.87097],[127.61479,34.8584],[127.61546,34.85479],[127.62389,34.84744],[127.63592,34.84812],[127.63889,34.84526],[127.63677,34.83861],[127.62807,34.8376]]],[[[127.62671,34.87671],[127.62923,34.8793],[127.61936,34.88319],[127.61323,34.87975],[127.62344,34.88038],[127.62671,34.87671]]],[[[127.74322,34.89246],[127.73351,34.89494],[127.7283,34.89158],[127.72212,34.89731],[127.7163,34.89907],[127.69821,34.89172],[127.69707,34.88759],[127.69173,34.88486],[127.69297,34.88133],[127.70037,34.87724],[127.6978,34.873],[127.70421,34.87033],[127.70871,34.87262],[127.71615,34.87194],[127.71719,34.86818],[127.72768,34.8743],[127.74619,34.87333],[127.75075,34.87803],[127.74322,34.89246]]]]},"properties":{"osm_id":7689289,"name":"여수시","sgg_code":"46130","mois_admin":"4613000000","admin_level":6,"code_source":"osm"}},
{"type":"Feature","geometry":{"type":"Polygon","coordinates":[[[127.17688,34.97792],[127.18677,34.96858],[127.19031,34.97074],[127.1922,34.98214],[127.19752,34.9888],[127.2014,34.98854],[127.2061,34.97679],[127.20962,34.97526],[127.20569,34.96816],[127.21213,34.96],[127.22144,34.95641],[127.22483,34.94795],[127.2249,34.93958],[127.23533,34.93441],[127.24009,34.92257],[127.23404,34.92092],[127.22608,34.89992],[127.22799,34.8967],[127.23979,34.89177],[127.24599,34.88669],[127.25762,34.88702],[127.25968,34.89121],[127.27447,34.89105],[127.28251,34.89906],[127.29178,34.90165],[127.30691,34.90098],[127.31365,34.8938],[127.32397,34.88936],[127.32689,34.885],[127.33592,34.88956],[127.33734,34.88084],[127.34002,34.87753],[127.33752,34.86833],[127.35862,34.86523],[127.36716,34.86856],[127.36935,34.86241],[127.3786,34.85509],[127.37998,34.84359],[127.39635,34.8401],[127.4033,34.84262],[127.41651,34.83351],[127.42631,34.8328],[127.4325,34.836],[127.43608,34.84715],[127.43986,34.83639],[127.44729,34.83672],[127.45059,34.83951],[127.46103,34.84054],[127.46627,34.84461],[127.47247,34.84493],[127.48562,34.84004],[127.49274,34.84688],[127.48997,34.85503],[127.49385,34.86385],[127.49055,34.86751],[127.49051,34.87447],[127.50422,34.87437],[127.51436,34.87815],[127.51271,34.88255],[127.51862,34.88086],[127.51654,34.87207],[127.52346,34.8553],[127.5226,34.8503],[127.52585,34.84515],[127.53281,34.84132],[127.54257,34.84367],[127.54339,34.85035],[127.54998,34.85553],[127.55011,34.8637],[127.54121,34.86868],[127.53646,34.87845],[127.54091,34.88426],[127.55013,34.88843],[127.5559,34.88621],[127.58112,34.885],[127.59363,34.89038],[127.58745,34.91874],[127.57871,34.91869],[127.57706,34.92014],[127.57821,34.941],[127.56634,34.94122],[127.56334,34.94631],[127.55717,34.94612],[127.55916,34.95122],[127.54806,34.95871],[127.54967,34.96456],[127.54585,34.97186],[127.55382,34.97406],[127.55558,34.98185],[127.54925,34.98644],[127.55358,34.99421],[127.55868,34.99907],[127.5669,35.00205],[127.56387,35.00814],[127.56032,35.00922],[127.55743,35.02],[127.55979,35.02584],[127.55625,35.02907],[127.5571,35.03594],[127.55039,35.03942],[127.53665,35.04965],[127.53496,35.0549],[127.52836,35.06005],[127.5252,35.07119],[127.5271,35.07918],[127.53149,35.08403],[127.52882,35.09543],[127.53256,35.10042],[127.53269,35.10727],[127.53234,35.11152],[127.52131,35.11808],[127.52041,35.12423],[127.5096,35.12366],[127.49672,35.12689],[127.49818,35.13272],[127.48775,35.14335],[127.48158,35.15202],[127.47291,35.15483],[127.46926,35.15883],[127.45999,35.16139],[127.44802,35.16714],[127.43463,35.17851],[127.41692,35.18808],[127.4117,35.18704],[127.4095,35.17481],[127.41347,35.16909],[127.41418,35.15799],[127.41242,35.14493],[127.40695,35.14297],[127.40431,35.13569],[127.39671,35.1273],[127.38916,35.12568],[127.38508,35.11638],[127.38592,35.11229],[127.37935,35.10093],[127.36242,35.09618],[127.34781,35.09788],[127.34066,35.09296],[127.33875,35.08822],[127.34092,35.07988],[127.3344,35.0724],[127.32399,35.06942],[127.31929,35.0741],[127.30309,35.07618],[127.30144,35.08109],[127.29485,35.08583],[127.28549,35.08436],[127.28273,35.09008],[127.26702,35.08181],[127.26307,35.08259],[127.26234,35.09697],[127.24642,35.10971],[127.24538,35.10135],[127.24337,35.10811],[127.23689,35.11041],[127.23395,35.11526],[127.22097,35.11773],[127.22106,35.12905],[127.21606,35.13212],[127.20552,35.12898],[127.20069,35.13119],[127.19398,35.12895],[127.18829,35.1221],[127.19059,35.11164],[127.18288,35.09282],[127.18542,35.09175],[127.1855,35.07008],[127.1922,35.06494],[127.18546,35.05533],[127.18451,35.0333],[127.1876,35.02907],[127.18653,35.02065],[127.189,35.01251],[127.17934,35.00636],[127.17647,34.98854],[127.17986,34.98504],[127.17688,34.97792]]]},"properties":{"osm_id":7680384,"name":"순천시","sgg_code":"46150","mois_admin":"4615000000","admin_level":6,"code_source":"osm"}},
{"type":"Feature","geometry":{"type":"Polygon","coordinates":[[[126.54118,34.97503],[126.52916,34.94964],[126.53128,34.94082],[126.54163,34.92721],[126.54107,34.91826],[126.53572,34.91801],[126.53021,34.92545],[126.52481,34.92869],[126.51468,34.92576],[126.51396,34.9186],[126.53323,34.89592],[126.54543,34.88705],[126.557,34.86905],[126.56074,34.86867],[126.56959,34.87681],[126.5719,34.88208],[126.57122,34.89192],[126.57957,34.89557],[126.57873,34.90626],[126.57279,34.90914],[126.57474,34.91586],[126.58067,34.92004],[126.59199,34.91512],[126.59463,34.92024],[126.59242,34.9237],[126.60258,34.92399],[126.59971,34.92807],[126.60473,34.93013],[126.60586,34.9259],[126.61119,34.92635],[126.61194,34.92271],[126.61844,34.926],[126.62074,34.91967],[126.62857,34.92107],[126.63348,34.90904],[126.63477,34.89688],[126.62938,34.89829],[126.6329,34.89253],[126.63177,34.88799],[126.64453,34.89023],[126.65013,34.8878],[126.65118,34.89167],[126.65998,34.89211],[126.6653,34.88637],[126.66895,34.88683],[126.67193,34.88194],[126.67684,34.88377],[126.67455,34.89271],[126.68159,34.89318],[126.67279,34.91131],[126.67659,34.91393],[126.66939,34.92535],[126.66292,34.92703],[126.66185,34.93502],[126.66955,34.94544],[126.68569,34.94542],[126.68743,34.94301],[126.69702,34.94162],[126.7021,34.93529],[126.70262,34.93036],[126.70777,34.92366],[126.71524,34.91748],[126.71103,34.90927],[126.72028,34.89962],[126.71948,34.89343],[126.72571,34.88931],[126.73341,34.89082],[126.7441,34.89595],[126.766,34.89952],[126.77682,34.8892],[126.78381,34.88466],[126.78465,34.87991],[126.79399,34.87817],[126.80087,34.87313],[126.80103,34.87026],[126.80916,34.86889],[126.8116,34.87422],[126.82349,34.87025],[126.83521,34.88004],[126.83935,34.88029],[126.85057,34.88658],[126.86071,34.88711],[126.87066,34.89072],[126.87092,34.89448],[126.87651,34.89957],[126.87576,34.90441],[126.87145,34.90693],[126.87217,34.9179],[126.86889,34.92132],[126.87554,34.92673],[126.86918,34.93107],[126.86636,34.94025],[126.87341,34.94779],[126.87786,34.94966],[126.88155,34.96077],[126.87658,34.96758],[126.88316,34.97305],[126.8849,34.97952],[126.89173,34.98284],[126.8946,34.98936],[126.89005,34.99856],[126.88295,35.00413],[126.86776,35.00952],[126.87314,35.01817],[126.88205,35.02149],[126.88061,35.03147],[126.88818,35.03632],[126.89213,35.04215],[126.89093,35.04987],[126.89878,35.05461],[126.89303,35.06264],[126.89505,35.06337],[126.89439,35.07374],[126.89166,35.07855],[126.88548,35.08171],[126.8743,35.0756],[126.8654,35.07553],[126.86016,35.07883],[126.85567,35.07799],[126.84857,35.07244],[126.84385,35.06534],[126.82274,35.06029],[126.8187,35.05263],[126.80532,35.05256],[126.79521,35.06122],[126.78158,35.05385],[126.77607,35.05279],[126.76387,35.05428],[126.75071,35.0522],[126.75749,35.05958],[126.75316,35.06477],[126.7574,35.06858],[126.76674,35.06567],[126.77305,35.06909],[126.76476,35.07812],[126.7618,35.09053],[126.75388,35.0918],[126.74844,35.10203],[126.73495,35.10848],[126.73253,35.11261],[126.7303,35.10773],[126.72008,35.10836],[126.7164,35.11043],[126.70823,35.1097],[126.70201,35.11272],[126.69783,35.10761],[126.6899,35.11127],[126.68334,35.11174],[126.68373,35.10774],[126.67632,35.105],[126.66844,35.1051],[126.66863,35.11175],[126.6626,35.11472],[126.6552,35.11486],[126.65393,35.10739],[126.64685,35.10333],[126.64416,35.09693],[126.62782,35.09194],[126.6232,35.08692],[126.61763,35.09069],[126.6061,35.09476],[126.60474,35.09922],[126.59507,35.09838],[126.59727,35.09232],[126.59021,35.06971],[126.59101,35.05927],[126.58761,35.05495],[126.591,35.05117],[126.58794,35.04718],[126.59171,35.04358],[126.58881,35.04104],[126.59327,35.03439],[126.59462,35.02797],[126.58579,35.01519],[126.58966,35.01272],[126.59858,35.01285],[126.59648,35.00045],[126.592,34.99632],[126.5972,34.99494],[126.5881,34.98974],[126.57837,34.97475],[126.57078,34.97416],[126.56805,34.98267],[126.56409,34.98692],[126.55599,34.98859],[126.54606,34.98321],[126.54118,34.97503]]]},"properties":{"osm_id":7624183,"name":"나주시","sgg_code":"46170","mois_admin":"4617000000","admin_level":6,"code_source":"osm"}},
{"type":"Feature","geometry":{"type":"MultiPolygon","coordinates":[[[[127.53269,35.10727],[127.53256,35.10042],[127.52882,35.09543],[127.53149,35.08403],[127.5271,35.07918],[127.5252,35.07119],[127.52836,35.06005],[127.53496,35.0549],[127.53665,35.04965],[127.55039,35.03942],[127.5571,35.03594],[127.55625,35.02907],[127.55979,35.02584],[127.55743,35.02],[127.56032,35.00922],[127.56387,35.00814],[127.5669,35.00205],[127.55868,34.99907],[127.55358,34.99421],[127.54925,34.98644],[127.55558,34.98185],[127.55382,34.97406],[127.54585,34.97186],[127.54967,34.96456],[127.54806,34.95871],[127.55916,34.95122],[127.55717,34.94612],[127.56334,34.94631],[127.56634,34.94122],[127.57821,34.941],[127.57706,34.92014],[127.57871,34.91869],[127.5805,34.92219],[127.59917,34.92658],[127.60027,34.94575],[127.5997,34.95314],[127.60491,34.94619],[127.60473,34.92826],[127.61589,34.90868],[127.62085,34.90285],[127.64118,34.90766],[127.65482,34.90806],[127.62618,34.9034],[127.62453,34.90213],[127.63694,34.88953],[127.63934,34.88378],[127.67096,34.9031],[127.66305,34.91066],[127.66459,34.91872],[127.67003,34.92531],[127.67149,34.93073],[127.68156,34.92903],[127.69586,34.919],[127.6975,34.92562],[127.70237,34.93288],[127.71163,34.9356],[127.7177,34.94434],[127.73125,34.95507],[127.72594,34.97383],[127.72714,34.97974],[127.72264,34.98517],[127.71618,34.98438],[127.72201,34.98825],[127.73417,34.98206],[127.73205,34.97828],[127.73209,34.96281],[127.73601,34.95584],[127.75635,34.96442],[127.76163,34.97069],[127.76801,34.9798],[127.7798,34.9894],[127.78533,35.00459],[127.78621,35.01819],[127.77396,35.02989],[127.76967,35.04057],[127.76744,35.05136],[127.76469,35.05435],[127.75254,35.05673],[127.74052,35.06204],[127.73727,35.07258],[127.73441,35.07542],[127.7166,35.08318],[127.70469,35.09769],[127.69448,35.10573],[127.69482,35.12637],[127.69126,35.13356],[127.67457,35.14785],[127.65708,35.15988],[127.64837,35.16076],[127.63702,35.17367],[127.62382,35.18378],[127.61674,35.17281],[127.61554,35.16809],[127.60828,35.16151],[127.60416,35.14772],[127.60646,35.143],[127.60631,35.1294],[127.60466,35.11756],[127.59616,35.12096],[127.58496,35.11798],[127.58195,35.11478],[127.5653,35.10787],[127.56474,35.10158],[127.5596,35.0946],[127.55281,35.09421],[127.54333,35.09849],[127.53269,35.10727]]],[[[127.59363,34.89038],[127.60088,34.89869],[127.61373,34.89238],[127.61354,34.89474],[127.59066,34.91872],[127.58745,34.91874],[127.59363,34.89038]]],[[[127.68756,34.9233],[127.67993,34.92874],[127.67233,34.92984],[127.67116,34.92503],[127.66555,34.91841],[127.66376,34.91278],[127.67314,34.9044],[127.69334,34.91675],[127.68756,34.9233]]],[[[127.76267,34.89188],[127.7658,34.89238],[127.77641,34.88655],[127.78423,34.88685],[127.78438,34.9156],[127.76539,34.93147],[127.73836,34.93191],[127.7356,34.93528],[127.73943,34.9461],[127.73156,34.9519],[127.72498,34.94838],[127.71507,34.93763],[127.71473,34.93245],[127.70504,34.93011],[127.70453,34.91255],[127.73708,34.90653],[127.7487,34.90846],[127.76043,34.90848],[127.76267,34.89188]]],[[[127.74467,34.93457],[127.74543,34.93372],[127.76851,34.93381],[127.76836,34.95344],[127.76198,34.95933],[127.7579,34.96009],[127.74164,34.95206],[127.73979,34.94864],[127.74467,34.93457]]]]},"properties":{"osm_id":7680385,"name":"광양시","sgg_code":"46230","mois_admin":"4623000000","admin_level":6,"code_source":"osm"}},
{"type":"Feature","geometry":{"type":"Polygon","coordinates":[[[126.91945,35.40194],[126.92541,35.39834],[126.92436,35.37925],[126.91756,35.38615],[126.90295,35.37768],[126.89569,35.3666],[126.88692,35.36498],[126.88331,35.35827],[126.88228,35.35066],[126.87643,35.34482],[126.88737,35.32626],[126.8808,35.32127],[126.87407,35.32285],[126.86175,35.32124],[126.86347,35.30276],[126.85531,35.29308],[126.85956,35.29029],[126.86914,35.27058],[126.87883,35.25533],[126.87957,35.25151],[126.87884,35.24832],[126.88909,35.24639],[126.90357,35.25789],[126.91472,35.2588],[126.92247,35.25277],[126.92931,35.25235],[126.93346,35.24674],[126.93217,35.24078],[126.93984,35.23754],[126.94436,35.23034],[126.95114,35.22417],[126.94891,35.21835],[126.95764,35.20678],[126.96573,35.20355],[126.96642,35.20054],[126.95805,35.1925],[126.97174,35.1799],[126.97219,35.18507],[126.97861,35.187],[126.98281,35.18454],[126.98856,35.18847],[126.9911,35.18637],[126.99999,35.18885],[127.01344,35.18045],[127.01575,35.17564],[127.0233,35.16974],[127.01685,35.16534],[127.01136,35.16617],[127.00848,35.15515],[127.00968,35.14962],[127.00872,35.13376],[127.01944,35.13827],[127.02657,35.13648],[127.035,35.13063],[127.04755,35.12988],[127.05622,35.12591],[127.05991,35.12103],[127.06384,35.12172],[127.07085,35.11633],[127.07999,35.1194],[127.07984,35.12349],[127.09017,35.12619],[127.08639,35.13504],[127.08424,35.14574],[127.0754,35.15237],[127.06832,35.16442],[127.06832,35.17412],[127.06407,35.17982],[127.0662,35.18451],[127.08366,35.18056],[127.09147,35.18228],[127.09753,35.18926],[127.10793,35.19243],[127.11544,35.18865],[127.11682,35.19534],[127.10707,35.19848],[127.10746,35.20294],[127.10319,35.20478],[127.10167,35.21177],[127.09025,35.23395],[127.08828,35.24173],[127.08227,35.24753],[127.09797,35.26053],[127.09998,35.2695],[127.09243,35.27653],[127.09143,35.28887],[127.09716,35.29457],[127.09679,35.3018],[127.08928,35.30669],[127.07185,35.31243],[127.06896,35.31144],[127.06178,35.31713],[127.04621,35.3186],[127.04309,35.32189],[127.05076,35.32915],[127.05233,35.34026],[127.05525,35.34106],[127.06238,35.33625],[127.07029,35.3398],[127.06717,35.34564],[127.0699,35.3514],[127.06522,35.35591],[127.07061,35.36551],[127.06359,35.3699],[127.06498,35.37595],[127.05586,35.38454],[127.05055,35.37803],[127.0391,35.38014],[127.03954,35.38401],[127.03046,35.39009],[127.02702,35.39986],[127.04171,35.39872],[127.04693,35.40219],[127.04514,35.40722],[127.05231,35.42652],[127.04461,35.43355],[127.04018,35.43179],[127.03499,35.44764],[127.03652,35.45981],[127.03472,35.46657],[127.02348,35.46397],[127.01429,35.45782],[127.00303,35.46446],[126.99802,35.4573],[127.00056,35.45396],[126.99455,35.4398],[126.98956,35.43909],[126.98337,35.43375],[126.98507,35.43006],[126.98163,35.42665],[126.97138,35.42767],[126.97029,35.41979],[126.97598,35.40727],[126.97647,35.40074],[126.9631,35.39495],[126.95427,35.39664],[126.94129,35.39413],[126.93293,35.39524],[126.93324,35.40609],[126.91945,35.40194]]]},"properties":{"osm_id":7680388,"name":"담양군","sgg_code":"46710","mois_admin":"4671000000","admin_level":6,"code_source":"osm"}},
{"type":"Feature","geometry":{"type":"Polygon","coordinates":[[[127.18677,35.33621],[127.17296,35.33047],[127.17115,35.33289],[127.16025,35.32725],[127.15169,35.31786],[127.14634,35.31529],[127.14382,35.3084],[127.12998,35.30913],[127.12457,35.30344],[127.11685,35.29996],[127.10524,35.29923],[127.09679,35.3018],[127.09716,35.29457],[127.09143,35.28887],[127.09243,35.27653],[127.09998,35.2695],[127.09797,35.26053],[127.08227,35.24753],[127.08828,35.24173],[127.09025,35.23395],[127.10167,35.21177],[127.10319,35.20478],[127.10746,35.20294],[127.10707,35.19848],[127.11682,35.19534],[127.12302,35.19734],[127.12778,35.19391],[127.14572,35.19331],[127.15529,35.19594],[127.1716,35.2046],[127.18044,35.21211],[127.18705,35.21337],[127.19222,35.20508],[127.19651,35.20348],[127.19797,35.19301],[127.20192,35.18605],[127.19554,35.18026],[127.19037,35.16435],[127.1978,35.15832],[127.19866,35.14702],[127.19752,35.13786],[127.20069,35.13119],[127.20552,35.12898],[127.21606,35.13212],[127.22106,35.12905],[127.22097,35.11773],[127.23395,35.11526],[127.23689,35.11041],[127.24337,35.10811],[127.24538,35.10135],[127.24642,35.10971],[127.26234,35.09697],[127.26307,35.08259],[127.26702,35.08181],[127.28273,35.09008],[127.28549,35.08436],[127.29485,35.08583],[127.30144,35.08109],[127.30309,35.07618],[127.31929,35.0741],[127.32399,35.06942],[127.3344,35.0724],[127.34092,35.07988],[127.33875,35.08822],[127.34066,35.09296],[127.34781,35.09788],[127.36242,35.09618],[127.37935,35.10093],[127.38592,35.11229],[127.38508,35.11638],[127.38916,35.12568],[127.39671,35.1273],[127.40431,35.13569],[127.40695,35.14297],[127.41242,35.14493],[127.41418,35.15799],[127.41347,35.16909],[127.4095,35.17481],[127.4117,35.18704],[127.41692,35.18808],[127.40294,35.19026],[127.39051,35.18869],[127.38248,35.1901],[127.37719,35.19379],[127.37278,35.20536],[127.37532,35.21664],[127.36763,35.22443],[127.37899,35.22524],[127.38437,35.22849],[127.392,35.23707],[127.39833,35.23666],[127.40405,35.24148],[127.40218,35.2489],[127.39519,35.26025],[127.39005,35.27841],[127.38142,35.28107],[127.38256,35.28881],[127.38622,35.29553],[127.38451,35.30328],[127.37876,35.3043],[127.37696,35.31108],[127.36777,35.31457],[127.3564,35.32155],[127.34038,35.31789],[127.33676,35.31452],[127.33041,35.31518],[127.33047,35.31134],[127.32193,35.30659],[127.30977,35.30379],[127.3058,35.30449],[127.29189,35.31233],[127.28588,35.31317],[127.26067,35.31185],[127.25381,35.31353],[127.25157,35.31773],[127.23782,35.32843],[127.22729,35.33461],[127.22142,35.3346],[127.21664,35.33012],[127.21627,35.3175],[127.20497,35.31556],[127.18726,35.32297],[127.18403,35.32879],[127.18677,35.33621]]]},"properties":{"osm_id":7680387,"name":"곡성군","sgg_code":"46720","mois_admin":"4672000000","admin_level":6,"code_source":"osm"}},
{"type":"Feature","geometry":{"type":"Polygon","coordinates":[[[127.57754,35.30888],[127.57234,35.31126],[127.5678,35.31898],[127.56228,35.31941],[127.55049,35.32577],[127.54204,35.3285],[127.54195,35.33305],[127.52967,35.33797],[127.5239,35.34496],[127.51614,35.34784],[127.51418,35.35162],[127.50845,35.35331],[127.50355,35.35795],[127.4957,35.36101],[127.48595,35.35843],[127.4806,35.36369],[127.47179,35.36664],[127.45872,35.36365],[127.45448,35.36033],[127.44291,35.36111],[127.44164,35.36445],[127.43035,35.35857],[127.42265,35.35097],[127.4159,35.34105],[127.4156,35.33716],[127.40848,35.32935],[127.40089,35.32481],[127.39987,35.31397],[127.38451,35.30328],[127.38622,35.29553],[127.38256,35.28881],[127.38142,35.28107],[127.39005,35.27841],[127.39519,35.26025],[127.40218,35.2489],[127.40405,35.24148],[127.39833,35.23666],[127.392,35.23707],[127.38437,35.22849],[127.37899,35.22524],[127.36763,35.22443],[127.37532,35.21664],[127.37278,35.20536],[127.37719,35.19379],[127.38248,35.1901],[127.39051,35.18869],[127.40294,35.19026],[127.41692,35.18808],[127.43463,35.17851],[127.44802,35.16714],[127.45999,35.16139],[127.46926,35.15883],[127.47291,35.15483],[127.48158,35.15202],[127.48775,35.14335],[127.49818,35.13272],[127.49672,35.12689],[127.5096,35.12366],[127.52041,35.12423],[127.52131,35.11808],[127.53234,35.11152],[127.53269,35.10727],[127.54333,35.09849],[127.55281,35.09421],[127.5596,35.0946],[127.56474,35.10158],[127.5653,35.10787],[127.58195,35.11478],[127.58496,35.11798],[127.59616,35.12096],[127.60466,35.11756],[127.60631,35.1294],[127.60646,35.143],[127.60416,35.14772],[127.60828,35.16151],[127.61554,35.16809],[127.61674,35.17281],[127.62382,35.18378],[127.6181,35.20031],[127.61749,35.21015],[127.62087,35.21283],[127.62106,35.22471],[127.61904,35.23632],[127.61287,35.24146],[127.61505,35.2497],[127.60989,35.26235],[127.59573,35.26801],[127.59061,35.27529],[127.58542,35.29105],[127.57687,35.29533],[127.57589,35.30682],[127.57754,35.30888]]]},"properties":{"osm_id":7680386,"name":"구례군","sgg_code":"46730","mois_admin":"4673000000","admin_level":6,"code_source":"osm"}},
{"type":"Feature","geometry":{"type":"MultiPolygon","coordinates":[[[[127.39062,34.78927],[127.38534,34.79113],[127.38617,34.79795],[127.37879,34.80693],[127.3727,34.80676],[127.36394,34.81754],[127.35721,34.81747],[127.3518,34.82575],[127.34137,34.82871],[127.33781,34.82494],[127.32785,34.82242],[127.32553,34.81763],[127.31875,34.8115],[127.30056,34.80975],[127.2927,34.81125],[127.28637,34.80625],[127.28378,34.80033],[127.27745,34.79305],[127.27226,34.79282],[127.26492,34.78808],[127.24863,34.78981],[127.24721,34.77766],[127.24333,34.77455],[127.23986,34.7647],[127.24079,34.76014],[127.22959,34.75771],[127.24645,34.76088],[127.24632,34.75537],[127.25234,34.7481],[127.25239,34.74211],[127.26209,34.73194],[127.27224,34.74167],[127.2792,34.73784],[127.27776,34.73429],[127.28554,34.73612],[127.29308,34.73097],[127.29787,34.74306],[127.3057,34.75038],[127.31574,34.75308],[127.3268,34.75183],[127.32599,34.74852],[127.32742,34.73147],[127.33288,34.71484],[127.33741,34.71326],[127.34272,34.71572],[127.34466,34.70993],[127.33233,34.707],[127.32778,34.69072],[127.31741,34.68155],[127.32028,34.67893],[127.31962,34.66987],[127.3127,34.66559],[127.29688,34.66788],[127.2871,34.66676],[127.27757,34.67454],[127.28064,34.67786],[127.27999,34.68687],[127.28609,34.69162],[127.28259,34.69487],[127.28423,34.69896],[127.27971,34.69918],[127.28179,34.70326],[127.27719,34.71148],[127.28097,34.7183],[127.27524,34.71946],[127.27078,34.71269],[127.26449,34.71374],[127.26318,34.71694],[127.25916,34.71199],[127.25097,34.71042],[127.2474,34.70212],[127.24055,34.7004],[127.2422,34.69397],[127.23684,34.69222],[127.24364,34.68654],[127.24144,34.68134],[127.23261,34.68092],[127.22788,34.65457],[127.19779,34.64757],[127.18995,34.64355],[127.1818,34.63159],[127.17304,34.62709],[127.1714,34.61454],[127.17284,34.60595],[127.1679,34.60249],[127.17211,34.59564],[127.16588,34.59087],[127.16111,34.59051],[127.15022,34.59438],[127.14877,34.60025],[127.14289,34.59009],[127.14582,34.58608],[127.14308,34.58206],[127.13341,34.57818],[127.13442,34.57257],[127.12887,34.57295],[127.11388,34.55904],[127.11507,34.55671],[127.11246,34.54637],[127.12238,34.53972],[127.12159,34.53026],[127.13439,34.52713],[127.13663,34.52347],[127.14282,34.52358],[127.14714,34.52052],[127.15356,34.5243],[127.16672,34.52613],[127.17229,34.52041],[127.17594,34.52406],[127.17412,34.52743],[127.17861,34.53114],[127.19496,34.5324],[127.19981,34.52457],[127.20903,34.51896],[127.20988,34.52784],[127.21379,34.52624],[127.22088,34.53464],[127.22538,34.52661],[127.23395,34.5245],[127.23082,34.5184],[127.23968,34.51821],[127.24394,34.51501],[127.24412,34.52143],[127.25555,34.52075],[127.26091,34.51316],[127.26882,34.51035],[127.27495,34.50188],[127.28106,34.50225],[127.28357,34.49718],[127.27854,34.49521],[127.28278,34.49108],[127.27377,34.49216],[127.26906,34.48682],[127.269,34.48163],[127.27407,34.47895],[127.28792,34.47664],[127.29272,34.47152],[127.30102,34.47061],[127.29807,34.46309],[127.30415,34.46465],[127.30193,34.4587],[127.31025,34.46206],[127.31016,34.45806],[127.31603,34.45511],[127.30464,34.45386],[127.30476,34.44994],[127.3117,34.45038],[127.31442,34.44387],[127.3277,34.44159],[127.33906,34.44568],[127.33674,34.44982],[127.33921,34.45472],[127.32228,34.46305],[127.31975,34.46032],[127.31905,34.46769],[127.32368,34.47032],[127.32756,34.46593],[127.33726,34.46775],[127.33427,34.47179],[127.32554,34.4733],[127.32514,34.4766],[127.3315,34.47581],[127.33272,34.47917],[127.3415,34.48068],[127.33822,34.48289],[127.34391,34.48751],[127.3437,34.48372],[127.35172,34.48102],[127.35878,34.49221],[127.3668,34.48696],[127.36547,34.48411],[127.37058,34.48025],[127.3746,34.48169],[127.37862,34.48784],[127.37976,34.48307],[127.38404,34.48654],[127.38643,34.4835],[127.39147,34.4878],[127.38444,34.49811],[127.37749,34.50265],[127.38591,34.50451],[127.38874,34.50977],[127.39205,34.50631],[127.40359,34.50515],[127.40693,34.51284],[127.40324,34.5139],[127.40563,34.51842],[127.41539,34.521],[127.41779,34.51564],[127.4295,34.51194],[127.42987,34.51516],[127.42218,34.51757],[127.43133,34.52016],[127.4263,34.52095],[127.42302,34.53113],[127.42691,34.53103],[127.42861,34.53712],[127.43601,34.53695],[127.43455,34.54065],[127.4265,34.54086],[127.43839,34.54866],[127.43289,34.55213],[127.42799,34.54848],[127.42766,34.55315],[127.41779,34.55215],[127.41394,34.55832],[127.40947,34.55562],[127.39624,34.55928],[127.39612,34.56331],[127.40425,34.56884],[127.40424,34.57361],[127.40858,34.57828],[127.40588,34.58021],[127.39945,34.57566],[127.394,34.58189],[127.39551,34.58694],[127.40058,34.58961],[127.41447,34.58939],[127.41425,34.58499],[127.41978,34.58276],[127.42323,34.58655],[127.43388,34.5883],[127.43444,34.5829],[127.44489,34.577],[127.45248,34.58314],[127.45703,34.58433],[127.45775,34.59168],[127.46081,34.58198],[127.47136,34.57727],[127.47357,34.57443],[127.47809,34.57916],[127.48808,34.5742],[127.48597,34.57809],[127.49522,34.586],[127.49676,34.59021],[127.50559,34.59514],[127.50555,34.60503],[127.49716,34.61497],[127.49851,34.61894],[127.49423,34.62672],[127.49692,34.63144],[127.48554,34.63611],[127.47657,34.63472],[127.4601,34.64092],[127.45844,34.64705],[127.46379,34.64935],[127.46908,34.64126],[127.4766,34.64488],[127.4771,34.64865],[127.48687,34.64233],[127.49171,34.6433],[127.48995,34.64803],[127.48218,34.64973],[127.47377,34.65435],[127.47477,34.65975],[127.46641,34.66138],[127.45686,34.66619],[127.45767,34.66873],[127.44692,34.6615],[127.4475,34.6661],[127.44295,34.66788],[127.44904,34.67161],[127.44318,34.67224],[127.4397,34.67746],[127.42819,34.67401],[127.43307,34.67944],[127.4253,34.68223],[127.42173,34.69275],[127.40246,34.70098],[127.40708,34.70258],[127.40141,34.70823],[127.39648,34.7067],[127.39074,34.71098],[127.38909,34.71803],[127.37887,34.72716],[127.37818,34.73525],[127.37299,34.74157],[127.37996,34.75083],[127.38905,34.75164],[127.39997,34.76013],[127.40255,34.76723],[127.39475,34.77302],[127.36864,34.77792],[127.36325,34.78071],[127.3862,34.77904],[127.39062,34.78927]]],[[[127.32104,34.31734],[127.32112,34.32303],[127.31795,34.3243],[127.31714,34.31876],[127.32104,34.31734]]],[[[127.25531,34.3839],[127.26022,34.38175],[127.27167,34.38076],[127.26903,34.38557],[127.27047,34.39042],[127.25908,34.39549],[127.26049,34.40298],[127.25639,34.40711],[127.24975,34.4079],[127.25104,34.41263],[127.2411,34.41665],[127.24492,34.41063],[127.24474,34.4045],[127.25295,34.40378],[127.25415,34.39772],[127.24643,34.39347],[127.25094,34.39117],[127.24768,34.38766],[127.25531,34.3839]]],[[[127.29853,34.43938],[127.30425,34.43552],[127.3064,34.4303],[127.31258,34.43408],[127.31544,34.44102],[127.31073,34.44014],[127.30162,34.4428],[127.29853,34.43938]]],[[[127.28964,34.44401],[127.29584,34.44778],[127.2916,34.4485],[127.28964,34.44401]]],[[[127.10699,34.47487],[127.10147,34.46866],[127.09318,34.47101],[127.1064,34.45468],[127.099,34.45005],[127.1019,34.44143],[127.10788,34.44224],[127.1079,34.44681],[127.1161,34.44776],[127.11535,34.44005],[127.12503,34.43524],[127.12501,34.43131],[127.13528,34.42936],[127.14148,34.42056],[127.14422,34.42902],[127.15385,34.43137],[127.15818,34.42803],[127.16167,34.43247],[127.16822,34.43523],[127.17871,34.43209],[127.1906,34.43051],[127.20684,34.42998],[127.21173,34.43543],[127.218,34.43736],[127.2213,34.44436],[127.21936,34.44616],[127.22211,34.45516],[127.22879,34.46524],[127.23065,34.47261],[127.23617,34.47569],[127.22981,34.48195],[127.23121,34.48462],[127.22153,34.49423],[127.21193,34.49493],[127.19976,34.48775],[127.1955,34.49255],[127.18844,34.4941],[127.18351,34.49038],[127.17683,34.48948],[127.16448,34.48234],[127.16284,34.47868],[127.15714,34.47817],[127.14837,34.48066],[127.14461,34.47357],[127.13661,34.47281],[127.13495,34.47916],[127.12853,34.47829],[127.12335,34.48706],[127.11376,34.48865],[127.11238,34.48535],[127.1174,34.48152],[127.11211,34.47538],[127.10699,34.47487]]],[[[127.09233,34.45964],[127.09331,34.46273],[127.0855,34.46495],[127.08174,34.46351],[127.09233,34.45964]]],[[[127.40247,34.47469],[127.40777,34.47774],[127.40439,34.48153],[127.39695,34.47895],[127.40247,34.47469]]],[[[127.11275,34.50318],[127.11896,34.50421],[127.12019,34.5075],[127.13071,34.50617],[127.13324,34.51511],[127.13754,34.51749],[127.12777,34.52378],[127.12297,34.51934],[127.12595,34.51715],[127.11994,34.5126],[127.11309,34.52187],[127.11037,34.5155],[127.10636,34.51742],[127.09783,34.51028],[127.10914,34.50935],[127.11275,34.50318]]],[[[127.09706,34.59528],[127.10358,34.59876],[127.1103,34.59631],[127.10624,34.60457],[127.09645,34.61203],[127.08922,34.60421],[127.09156,34.59624],[127.09706,34.59528]]],[[[127.31174,34.71901],[127.3158,34.7229],[127.31131,34.72769],[127.30523,34.72317],[127.31174,34.71901]]],[[[127.47939,34.46416],[127.47282,34.46443],[127.46847,34.46901],[127.47027,34.47224],[127.46279,34.47187],[127.45737,34.47632],[127.45231,34.47071],[127.45776,34.45152],[127.44964,34.44897],[127.45138,34.44653],[127.46506,34.45251],[127.47857,34.45102],[127.48533,34.44773],[127.48227,34.44238],[127.47347,34.44258],[127.46492,34.44684],[127.46153,34.44364],[127.47346,34.43393],[127.47895,34.43247],[127.482,34.43722],[127.49134,34.433],[127.49398,34.42542],[127.48571,34.4154],[127.49087,34.41181],[127.5014,34.41528],[127.50424,34.41847],[127.5181,34.42341],[127.52035,34.42682],[127.5302,34.4223],[127.53822,34.43327],[127.53433,34.44362],[127.53782,34.44706],[127.52039,34.4537],[127.5218,34.45728],[127.51336,34.46227],[127.50497,34.47386],[127.50668,34.46861],[127.50136,34.46217],[127.49768,34.46725],[127.49338,34.45853],[127.48294,34.46023],[127.48962,34.46245],[127.4906,34.46568],[127.4849,34.4672],[127.47939,34.46416]]],[[[127.44058,34.46923],[127.44582,34.47182],[127.44597,34.48348],[127.44164,34.48162],[127.43621,34.47284],[127.44058,34.46923]]],[[[127.4722,34.51561],[127.47391,34.51979],[127.47076,34.52325],[127.45905,34.52607],[127.45977,34.52933],[127.47212,34.5294],[127.47883,34.53706],[127.47278,34.54407],[127.45868,34.5456],[127.45331,34.54366],[127.43994,34.52422],[127.43385,34.52001],[127.44155,34.51602],[127.44958,34.51664],[127.45606,34.51046],[127.45176,34.50682],[127.45807,34.50601],[127.45846,34.50259],[127.44412,34.49657],[127.44093,34.49236],[127.44883,34.48764],[127.45261,34.47867],[127.46301,34.48021],[127.46079,34.48405],[127.46918,34.48651],[127.47651,34.48351],[127.48538,34.48457],[127.48875,34.48995],[127.48936,34.48357],[127.49703,34.48516],[127.50037,34.48936],[127.50702,34.49097],[127.50011,34.49694],[127.49927,34.50275],[127.49569,34.50237],[127.49136,34.50798],[127.4866,34.50923],[127.48497,34.50469],[127.47951,34.50967],[127.467,34.51018],[127.45768,34.51429],[127.46675,34.51789],[127.4722,34.51561]]],[[[127.44299,34.53926],[127.44819,34.54025],[127.45233,34.54648],[127.44831,34.54691],[127.44299,34.53926]]],[[[127.46674,34.56554],[127.47091,34.56452],[127.46904,34.57015],[127.46674,34.56554]]],[[[127.45543,34.56535],[127.45943,34.56423],[127.45609,34.57045],[127.45543,34.56535]]],[[[127.4033,34.56233],[127.41854,34.56301],[127.4208,34.5673],[127.42939,34.56529],[127.42634,34.57075],[127.41714,34.57457],[127.41624,34.5692],[127.40765,34.56816],[127.4033,34.56233]]],[[[127.45091,34.56271],[127.44946,34.57483],[127.44611,34.57609],[127.44604,34.56665],[127.44826,34.56864],[127.45091,34.56271]]],[[[127.41956,34.57798],[127.42417,34.58048],[127.417,34.58167],[127.41956,34.57798]]],[[[127.4692,34.66656],[127.47701,34.6645],[127.47799,34.67034],[127.47343,34.67298],[127.46299,34.67057],[127.46512,34.66587],[127.4692,34.66656]]],[[[127.45504,34.68633],[127.46373,34.69074],[127.46214,34.69241],[127.45504,34.68633]]],[[[127.4243,34.70177],[127.43068,34.69054],[127.43383,34.69147],[127.44564,34.68286],[127.4485,34.68874],[127.45217,34.68972],[127.45111,34.69664],[127.44583,34.69658],[127.44718,34.69211],[127.44303,34.69118],[127.44162,34.69564],[127.4267,34.70304],[127.4243,34.70177]]],[[[127.41725,34.70131],[127.42153,34.7015],[127.41509,34.70638],[127.41109,34.70221],[127.41725,34.70131]]],[[[127.41245,34.71039],[127.42135,34.7122],[127.41661,34.71411],[127.41245,34.71039]]],[[[127.43642,34.71137],[127.43852,34.70584],[127.44536,34.70957],[127.44588,34.72156],[127.44188,34.71697],[127.44242,34.71107],[127.43642,34.71137]]]]},"properties":{"osm_id":7689290,"name":"고흥군","sgg_code":"46770","mois_admin":"4677000000","admin_level":6,"code_source":"osm"}},
{"type":"Feature","geometry":{"type":"MultiPolygon","coordinates":[[[[127.17688,34.97792],[127.16825,34.97157],[127.15894,34.9696],[127.15254,34.96612],[127.14585,34.96535],[127.12752,34.96925],[127.12624,34.96496],[127.11534,34.95785],[127.11624,34.95325],[127.09997,34.93904],[127.08984,34.93721],[127.08658,34.92943],[127.08122,34.9263],[127.07984,34.91493],[127.0807,34.90476],[127.08568,34.89579],[127.08272,34.89058],[127.08796,34.88635],[127.08611,34.88287],[127.08941,34.87417],[127.08336,34.8691],[127.07139,34.8672],[127.06281,34.86005],[127.06098,34.84722],[127.04455,34.83908],[127.03785,34.83885],[127.0322,34.83523],[127.03019,34.82177],[127.02221,34.81937],[127.02255,34.80993],[127.01757,34.80003],[127.01551,34.79002],[127.01826,34.78205],[127.02393,34.77927],[127.02307,34.77271],[127.01238,34.77067],[127.01333,34.76376],[127.02045,34.74937],[127.01328,34.73484],[127.01011,34.73534],[126.99745,34.72521],[126.98925,34.72193],[126.98504,34.71198],[126.97466,34.70969],[126.97311,34.70528],[126.97535,34.69713],[126.982,34.69089],[126.98071,34.68316],[126.98981,34.68397],[127.00599,34.68108],[127.01594,34.68298],[127.01981,34.68189],[127.0268,34.67194],[127.03015,34.66283],[127.03757,34.6588],[127.04513,34.648],[127.04225,34.64444],[127.04641,34.63525],[127.05332,34.64181],[127.0568,34.64806],[127.06377,34.65218],[127.06145,34.65445],[127.06431,34.66039],[127.0767,34.66489],[127.08287,34.66517],[127.08493,34.66829],[127.09518,34.66987],[127.10085,34.67577],[127.10672,34.67694],[127.11442,34.69345],[127.12405,34.70133],[127.13532,34.70162],[127.14091,34.69469],[127.15668,34.69198],[127.17796,34.69167],[127.18495,34.69433],[127.19055,34.70353],[127.19768,34.70616],[127.20055,34.71416],[127.20601,34.71864],[127.21143,34.7302],[127.20904,34.73753],[127.22959,34.75771],[127.24079,34.76014],[127.23986,34.7647],[127.24333,34.77455],[127.24721,34.77766],[127.24863,34.78981],[127.26492,34.78808],[127.27226,34.79282],[127.27745,34.79305],[127.28378,34.80033],[127.28637,34.80625],[127.2927,34.81125],[127.30056,34.80975],[127.31875,34.8115],[127.32553,34.81763],[127.32785,34.82242],[127.33781,34.82494],[127.34137,34.82871],[127.3518,34.82575],[127.35721,34.81747],[127.36394,34.81754],[127.3727,34.80676],[127.37879,34.80693],[127.38617,34.79795],[127.38534,34.79113],[127.39062,34.78927],[127.39475,34.79098],[127.39543,34.79664],[127.40663,34.80242],[127.41286,34.80255],[127.41797,34.80938],[127.42715,34.81155],[127.4117,34.81328],[127.39104,34.8172],[127.38296,34.82672],[127.36674,34.83101],[127.35411,34.83692],[127.35452,34.8409],[127.36753,34.83519],[127.38009,34.83709],[127.38679,34.8339],[127.3909,34.82765],[127.39597,34.82519],[127.4173,34.82872],[127.41651,34.83351],[127.4033,34.84262],[127.39635,34.8401],[127.37998,34.84359],[127.3786,34.85509],[127.36935,34.86241],[127.36716,34.86856],[127.35862,34.86523],[127.33752,34.86833],[127.34002,34.87753],[127.33734,34.88084],[127.33592,34.88956],[127.32689,34.885],[127.32397,34.88936],[127.31365,34.8938],[127.30691,34.90098],[127.29178,34.90165],[127.28251,34.89906],[127.27447,34.89105],[127.25968,34.89121],[127.25762,34.88702],[127.24599,34.88669],[127.23979,34.89177],[127.22799,34.8967],[127.22608,34.89992],[127.23404,34.92092],[127.24009,34.92257],[127.23533,34.93441],[127.2249,34.93958],[127.22483,34.94795],[127.22144,34.95641],[127.21213,34.96],[127.20569,34.96816],[127.20962,34.97526],[127.2061,34.97679],[127.2014,34.98854],[127.19752,34.9888],[127.1922,34.98214],[127.19031,34.97074],[127.18677,34.96858],[127.17688,34.97792]]],[[[127.42248,34.78031],[127.42635,34.78281],[127.41569,34.78655],[127.42248,34.78031]]],[[[127.45859,34.79017],[127.46217,34.79118],[127.46551,34.78619],[127.46951,34.78744],[127.46449,34.79348],[127.47045,34.79469],[127.46273,34.80524],[127.45979,34.79898],[127.46003,34.79266],[127.4534,34.79198],[127.45054,34.79584],[127.4466,34.79457],[127.44891,34.7874],[127.43904,34.78022],[127.45187,34.78115],[127.45483,34.78545],[127.45256,34.78883],[127.45859,34.79017]]],[[[127.43862,34.80863],[127.44432,34.80716],[127.44362,34.81062],[127.43862,34.80863]]]]},"properties":{"osm_id":7689291,"name":"보성군","sgg_code":"46780","mois_admin":"4678000000","admin_level":6,"code_source":"osm"}},
{"type":"Feature","geometry":{"type":"Polygon","coordinates":[[[126.9194,35.09171],[126.91223,35.08894],[126.90582,35.08206],[126.89466,35.08066],[126.89166,35.07855],[126.89439,35.07374],[126.89505,35.06337],[126.89303,35.06264],[126.89878,35.05461],[126.89093,35.04987],[126.89213,35.04215],[126.88818,35.03632],[126.88061,35.03147],[126.88205,35.02149],[126.87314,35.01817],[126.86776,35.00952],[126.88295,35.00413],[126.89005,34.99856],[126.8946,34.98936],[126.89173,34.98284],[126.8849,34.97952],[126.88316,34.97305],[126.87658,34.96758],[126.88155,34.96077],[126.87786,34.94966],[126.87341,34.94779],[126.86636,34.94025],[126.86918,34.93107],[126.87554,34.92673],[126.86889,34.92132],[126.87217,34.9179],[126.87145,34.90693],[126.87576,34.90441],[126.87651,34.89957],[126.87092,34.89448],[126.87066,34.89072],[126.86071,34.88711],[126.85057,34.88658],[126.83935,34.88029],[126.83521,34.88004],[126.82349,34.87025],[126.83598,34.86648],[126.84426,34.86923],[126.85265,34.86752],[126.85714,34.87155],[126.86823,34.87423],[126.87675,34.87352],[126.87778,34.87657],[126.88602,34.87688],[126.88879,34.87437],[126.8984,34.87371],[126.90383,34.8687],[126.90722,34.85937],[126.90552,34.84718],[126.92106,34.84567],[126.92318,34.8367],[126.92908,34.83013],[126.93917,34.82906],[126.94026,34.82457],[126.94968,34.82908],[126.94713,34.83505],[126.94906,34.84118],[126.96331,34.84091],[126.97041,34.8504],[126.98017,34.85032],[126.98041,34.84574],[126.9855,34.84273],[126.99146,34.83554],[127.00086,34.83927],[127.01596,34.84088],[127.03785,34.83885],[127.04455,34.83908],[127.06098,34.84722],[127.06281,34.86005],[127.07139,34.8672],[127.08336,34.8691],[127.08941,34.87417],[127.08611,34.88287],[127.08796,34.88635],[127.08272,34.89058],[127.08568,34.89579],[127.0807,34.90476],[127.07984,34.91493],[127.08122,34.9263],[127.08658,34.92943],[127.08984,34.93721],[127.09997,34.93904],[127.11624,34.95325],[127.11534,34.95785],[127.12624,34.96496],[127.12752,34.96925],[127.14585,34.96535],[127.15254,34.96612],[127.15894,34.9696],[127.16825,34.97157],[127.17688,34.97792],[127.17986,34.98504],[127.17647,34.98854],[127.17934,35.00636],[127.189,35.01251],[127.18653,35.02065],[127.1876,35.02907],[127.18451,35.0333],[127.18546,35.05533],[127.1922,35.06494],[127.1855,35.07008],[127.18542,35.09175],[127.18288,35.09282],[127.19059,35.11164],[127.18829,35.1221],[127.19398,35.12895],[127.20069,35.13119],[127.19752,35.13786],[127.19866,35.14702],[127.1978,35.15832],[127.19037,35.16435],[127.19554,35.18026],[127.20192,35.18605],[127.19797,35.19301],[127.19651,35.20348],[127.19222,35.20508],[127.18705,35.21337],[127.18044,35.21211],[127.1716,35.2046],[127.15529,35.19594],[127.14572,35.19331],[127.12778,35.19391],[127.12302,35.19734],[127.11682,35.19534],[127.11544,35.18865],[127.10793,35.19243],[127.09753,35.18926],[127.09147,35.18228],[127.08366,35.18056],[127.0662,35.18451],[127.06407,35.17982],[127.06832,35.17412],[127.06832,35.16442],[127.0754,35.15237],[127.08424,35.14574],[127.08639,35.13504],[127.09017,35.12619],[127.07984,35.12349],[127.07999,35.1194],[127.07085,35.11633],[127.06384,35.12172],[127.05991,35.12103],[127.05622,35.12591],[127.04755,35.12988],[127.035,35.13063],[127.02657,35.13648],[127.01944,35.13827],[127.00872,35.13376],[127.01061,35.12432],[127.00425,35.12109],[126.99967,35.11307],[126.98917,35.1097],[126.98639,35.10569],[126.98882,35.09569],[126.97964,35.09182],[126.96734,35.08972],[126.95809,35.08255],[126.95981,35.07946],[126.95003,35.07272],[126.93213,35.07454],[126.92449,35.0876],[126.9194,35.09171]]]},"properties":{"osm_id":7684734,"name":"화순군","sgg_code":"46790","mois_admin":"4679000000","admin_level":6,"code_source":"osm"}},
{"type":"Feature","geometry":{"type":"MultiPolygon","coordinates":[[[[126.85714,34.87155],[126.85887,34.86502],[126.85699,34.85618],[126.84501,34.8422],[126.83016,34.83653],[126.82248,34.83695],[126.81935,34.83293],[126.80737,34.82987],[126.80523,34.8224],[126.79909,34.80996],[126.80115,34.80325],[126.79416,34.79728],[126.79351,34.78177],[126.8012,34.77629],[126.81089,34.77729],[126.81407,34.77969],[126.81819,34.77574],[126.81519,34.76598],[126.81948,34.76256],[126.82604,34.74331],[126.83021,34.73833],[126.84068,34.73311],[126.84205,34.72564],[126.85319,34.72183],[126.84932,34.71911],[126.84922,34.7063],[126.85497,34.69978],[126.85398,34.6923],[126.85765,34.68148],[126.86864,34.66916],[126.86769,34.65734],[126.87422,34.65215],[126.87419,34.64631],[126.87068,34.64154],[126.87235,34.63335],[126.87943,34.62622],[126.87535,34.61954],[126.86986,34.61908],[126.85853,34.623],[126.85012,34.61869],[126.85351,34.61594],[126.85437,34.60407],[126.85986,34.59775],[126.86823,34.59478],[126.86664,34.59079],[126.86999,34.58369],[126.87716,34.57747],[126.8761,34.57298],[126.87889,34.56632],[126.87668,34.56045],[126.87778,34.55022],[126.88456,34.54727],[126.88293,34.54045],[126.86997,34.53541],[126.86424,34.52804],[126.8587,34.52745],[126.85576,34.51858],[126.84443,34.50523],[126.85063,34.49499],[126.85199,34.48127],[126.85432,34.47371],[126.85164,34.4582],[126.84533,34.45095],[126.85762,34.4417],[126.86162,34.44155],[126.86506,34.43412],[126.86625,34.43828],[126.87165,34.43786],[126.8804,34.42989],[126.88114,34.42502],[126.88539,34.42267],[126.8871,34.43433],[126.88252,34.43866],[126.87815,34.44937],[126.87065,34.4558],[126.88457,34.4569],[126.92585,34.45269],[126.92713,34.44821],[126.93846,34.44753],[126.93931,34.45161],[126.94705,34.45687],[126.94132,34.46245],[126.94049,34.47075],[126.93755,34.47562],[126.94136,34.48218],[126.94494,34.48355],[126.95416,34.47021],[126.9616,34.46957],[126.968,34.47827],[126.97467,34.47498],[126.97919,34.47758],[126.97678,34.48839],[126.96713,34.49135],[126.96357,34.49639],[126.96802,34.50504],[126.96819,34.50981],[126.97607,34.51012],[126.98533,34.53982],[126.98877,34.54036],[126.98627,34.54879],[126.9901,34.55287],[126.98677,34.55607],[126.98901,34.56161],[126.99762,34.56226],[127.0035,34.55521],[127.00637,34.56531],[127.00333,34.56999],[126.99792,34.56582],[126.99408,34.56898],[126.98904,34.5673],[126.97931,34.57257],[126.99258,34.58264],[126.99281,34.5938],[126.99908,34.59755],[126.99938,34.60237],[127.0082,34.60922],[126.99416,34.61409],[126.9945,34.62224],[126.98839,34.62182],[126.97839,34.62459],[126.96632,34.62265],[126.96392,34.62602],[126.98389,34.62785],[127.01295,34.62437],[127.02261,34.62836],[127.03094,34.62986],[127.03826,34.63636],[127.04641,34.63525],[127.04225,34.64444],[127.04513,34.648],[127.03757,34.6588],[127.03015,34.66283],[127.0268,34.67194],[127.01981,34.68189],[127.01594,34.68298],[127.00599,34.68108],[126.98981,34.68397],[126.98071,34.68316],[126.982,34.69089],[126.97535,34.69713],[126.97311,34.70528],[126.97466,34.70969],[126.98504,34.71198],[126.98925,34.72193],[126.99745,34.72521],[127.01011,34.73534],[127.01328,34.73484],[127.02045,34.74937],[127.01333,34.76376],[127.01238,34.77067],[127.02307,34.77271],[127.02393,34.77927],[127.01826,34.78205],[127.01551,34.79002],[127.01757,34.80003],[127.02255,34.80993],[127.02221,34.81937],[127.03019,34.82177],[127.0322,34.83523],[127.03785,34.83885],[127.01596,34.84088],[127.00086,34.83927],[126.99146,34.83554],[126.9855,34.84273],[126.98041,34.84574],[126.98017,34.85032],[126.97041,34.8504],[126.96331,34.84091],[126.94906,34.84118],[126.94713,34.83505],[126.94968,34.82908],[126.94026,34.82457],[126.93917,34.82906],[126.92908,34.83013],[126.92318,34.8367],[126.92106,34.84567],[126.90552,34.84718],[126.90722,34.85937],[126.90383,34.8687],[126.8984,34.87371],[126.88879,34.87437],[126.88602,34.87688],[126.87778,34.87657],[126.87675,34.87352],[126.86823,34.87423],[126.85714,34.87155]]],[[[126.96405,34.44636],[126.96703,34.44627],[126.96708,34.4593],[126.96851,34.46355],[126.96405,34.46557],[126.959,34.45904],[126.9636,34.4592],[126.96182,34.45507],[126.96405,34.44636]]],[[[127.01656,34.61912],[127.01223,34.62121],[127.0089,34.61673],[127.01199,34.61062],[127.01519,34.61143],[127.01656,34.61912]]]]},"properties":{"osm_id":7689294,"name":"장흥군","sgg_code":"46800","mois_admin":"4680000000","admin_level":6,"code_source":"osm"}},
{"type":"Feature","geometry":{"type":"MultiPolygon","coordinates":[[[[126.79351,34.78177],[126.78497,34.77976],[126.78205,34.78646],[126.76776,34.78184],[126.76236,34.76968],[126.75686,34.76859],[126.75086,34.76351],[126.74725,34.75533],[126.73815,34.75427],[126.73182,34.75856],[126.72453,34.75699],[126.71448,34.75908],[126.70712,34.76448],[126.70346,34.76444],[126.69397,34.75764],[126.6929,34.75374],[126.6809,34.75224],[126.67013,34.74013],[126.65777,34.73213],[126.66541,34.72267],[126.68026,34.72253],[126.68176,34.71251],[126.67464,34.70849],[126.67575,34.70108],[126.67387,34.69374],[126.67005,34.69064],[126.67481,34.68632],[126.68198,34.68685],[126.70573,34.68168],[126.70288,34.67423],[126.69944,34.67183],[126.7027,34.66244],[126.69571,34.66085],[126.69326,34.65767],[126.69773,34.65111],[126.69103,34.64472],[126.68352,34.63268],[126.69541,34.62862],[126.70103,34.62989],[126.69665,34.62374],[126.69292,34.62272],[126.68884,34.60697],[126.67447,34.59623],[126.67211,34.59185],[126.6803,34.58577],[126.68163,34.57895],[126.69502,34.56425],[126.69163,34.55351],[126.68116,34.54294],[126.66837,34.53831],[126.66863,34.53481],[126.67472,34.53163],[126.68494,34.52951],[126.687,34.5247],[126.68103,34.51579],[126.68193,34.5114],[126.68738,34.5096],[126.68661,34.49761],[126.68314,34.49046],[126.68425,34.47589],[126.68279,34.4708],[126.68953,34.46853],[126.69944,34.46825],[126.71027,34.47047],[126.71833,34.46942],[126.72266,34.46658],[126.74424,34.46818],[126.73489,34.45611],[126.73515,34.45574],[126.74805,34.47232],[126.74728,34.47792],[126.74102,34.48057],[126.73868,34.48636],[126.75026,34.49191],[126.76019,34.49179],[126.75816,34.4953],[126.76578,34.49915],[126.76155,34.50276],[126.75997,34.51062],[126.7486,34.51063],[126.75708,34.51467],[126.75981,34.5194],[126.75834,34.52592],[126.76223,34.52723],[126.77268,34.52541],[126.76581,34.5302],[126.76436,34.54017],[126.76799,34.54192],[126.76463,34.54605],[126.76812,34.5541],[126.76566,34.56379],[126.77136,34.59688],[126.7702,34.61577],[126.7756,34.62057],[126.77868,34.61816],[126.77962,34.60359],[126.7822,34.59768],[126.77779,34.59482],[126.78312,34.58776],[126.78694,34.58835],[126.7902,34.58155],[126.78615,34.57744],[126.78934,34.57178],[126.79583,34.56698],[126.78924,34.55852],[126.79184,34.54805],[126.79643,34.54709],[126.79117,34.54119],[126.78996,34.53516],[126.79185,34.52871],[126.78699,34.51282],[126.79135,34.51088],[126.79085,34.49638],[126.79373,34.49509],[126.79225,34.48874],[126.79538,34.48841],[126.79751,34.48012],[126.78753,34.47681],[126.78579,34.46894],[126.7898,34.46716],[126.80126,34.4689],[126.80812,34.46822],[126.80482,34.45648],[126.80713,34.45046],[126.80921,34.45465],[126.81531,34.45027],[126.82923,34.44788],[126.83909,34.45346],[126.83891,34.44968],[126.84533,34.45095],[126.85164,34.4582],[126.85432,34.47371],[126.85199,34.48127],[126.85063,34.49499],[126.84443,34.50523],[126.85576,34.51858],[126.8587,34.52745],[126.86424,34.52804],[126.86997,34.53541],[126.88293,34.54045],[126.88456,34.54727],[126.87778,34.55022],[126.87668,34.56045],[126.87889,34.56632],[126.8761,34.57298],[126.87716,34.57747],[126.86999,34.58369],[126.86664,34.59079],[126.86823,34.59478],[126.85986,34.59775],[126.85437,34.60407],[126.85351,34.61594],[126.85012,34.61869],[126.85853,34.623],[126.86986,34.61908],[126.87535,34.61954],[126.87943,34.62622],[126.87235,34.63335],[126.87068,34.64154],[126.87419,34.64631],[126.87422,34.65215],[126.86769,34.65734],[126.86864,34.66916],[126.85765,34.68148],[126.85398,34.6923],[126.85497,34.69978],[126.84922,34.7063],[126.84932,34.71911],[126.85319,34.72183],[126.84205,34.72564],[126.84068,34.73311],[126.83021,34.73833],[126.82604,34.74331],[126.81948,34.76256],[126.81519,34.76598],[126.81819,34.77574],[126.81407,34.77969],[126.81089,34.77729],[126.8012,34.77629],[126.79351,34.78177]]],[[[126.77807,34.53302],[126.78332,34.53144],[126.78282,34.5361],[126.7771,34.53802],[126.77807,34.53302]]]]},"properties":{"osm_id":7689295,"name":"강진군","sgg_code":"46810","mois_admin":"4681000000","admin_level":6,"code_source":"osm"}},
{"type":"Feature","geometry":{"type":"MultiPolygon","coordinates":[[[[126.71039,34.43367],[126.71374,34.43477],[126.71427,34.43495],[126.71449,34.43502],[126.71039,34.43367]]],[[[126.67005,34.69064],[126.65889,34.68817],[126.64915,34.68866],[126.64138,34.67913],[126.6394,34.6737],[126.63455,34.67352],[126.62898,34.67917],[126.6125,34.68051],[126.6076,34.6791],[126.59791,34.68164],[126.58765,34.67818],[126.57855,34.67945],[126.57022,34.67702],[126.5622,34.66572],[126.55413,34.66115],[126.5498,34.66397],[126.54329,34.65715],[126.51152,34.67501],[126.47839,34.70055],[126.45161,34.71269],[126.41333,34.72094],[126.38773,34.72534],[126.38606,34.72098],[126.37632,34.71445],[126.36897,34.6989],[126.36297,34.69484],[126.35489,34.69348],[126.34703,34.69992],[126.35014,34.70588],[126.34745,34.71126],[126.3397,34.71793],[126.33082,34.72051],[126.33046,34.7349],[126.33472,34.7379],[126.32478,34.74289],[126.31742,34.74923],[126.31409,34.7462],[126.30734,34.74789],[126.3105,34.75186],[126.30753,34.75671],[126.29925,34.76218],[126.29028,34.76057],[126.28637,34.75579],[126.283,34.74512],[126.28043,34.74275],[126.27455,34.72772],[126.27568,34.72238],[126.27957,34.72123],[126.2747,34.71777],[126.27466,34.71202],[126.26846,34.70179],[126.25991,34.70446],[126.25842,34.69319],[126.26099,34.69068],[126.26026,34.68296],[126.25528,34.68001],[126.26034,34.67585],[126.25984,34.66978],[126.25539,34.66387],[126.26327,34.65984],[126.26241,34.65521],[126.26846,34.64772],[126.26703,34.64286],[126.25995,34.64511],[126.26027,34.64098],[126.26798,34.63734],[126.27199,34.6329],[126.28205,34.63007],[126.28813,34.63579],[126.29401,34.62932],[126.28963,34.62786],[126.28858,34.62064],[126.28049,34.62149],[126.28415,34.61771],[126.28054,34.61005],[126.28773,34.60554],[126.27868,34.59621],[126.29159,34.59194],[126.29535,34.60078],[126.29877,34.59867],[126.29939,34.59021],[126.30605,34.59067],[126.31279,34.58778],[126.30939,34.5811],[126.30478,34.57933],[126.3092,34.57656],[126.30566,34.57339],[126.31131,34.57118],[126.31392,34.56681],[126.32162,34.57034],[126.32763,34.56913],[126.33408,34.57339],[126.35087,34.56735],[126.35333,34.57049],[126.35582,34.56588],[126.36272,34.56102],[126.37525,34.56113],[126.37979,34.56295],[126.38561,34.55924],[126.38467,34.55312],[126.38909,34.55252],[126.38502,34.54268],[126.3785,34.53915],[126.38649,34.53269],[126.39449,34.53445],[126.40309,34.53895],[126.40224,34.54683],[126.40901,34.54846],[126.41816,34.54787],[126.41709,34.55574],[126.43004,34.55554],[126.43579,34.54823],[126.43251,34.54533],[126.43944,34.5359],[126.44343,34.53932],[126.46054,34.53199],[126.4506,34.52779],[126.44328,34.52712],[126.44496,34.52163],[126.45605,34.52375],[126.45691,34.51943],[126.4619,34.52127],[126.47125,34.50686],[126.45654,34.50123],[126.45906,34.49693],[126.46478,34.49655],[126.45942,34.49059],[126.46643,34.48543],[126.4645,34.48184],[126.45655,34.48194],[126.45579,34.47747],[126.46338,34.46881],[126.46868,34.47081],[126.47215,34.46852],[126.46794,34.45673],[126.47753,34.45035],[126.47296,34.44683],[126.46818,34.44815],[126.46472,34.45403],[126.45935,34.44946],[126.45422,34.44902],[126.46208,34.44486],[126.46866,34.4385],[126.47664,34.42703],[126.48261,34.42641],[126.48103,34.43047],[126.48967,34.43516],[126.49771,34.4319],[126.50067,34.43742],[126.50684,34.44083],[126.51406,34.43318],[126.50837,34.42664],[126.51681,34.41418],[126.50514,34.40533],[126.49825,34.40544],[126.48729,34.40835],[126.49212,34.40488],[126.48691,34.40182],[126.48939,34.39621],[126.49817,34.38897],[126.49551,34.38408],[126.49001,34.3861],[126.47869,34.38583],[126.47317,34.38303],[126.48086,34.38323],[126.47373,34.37808],[126.48133,34.37608],[126.47674,34.37229],[126.48703,34.36458],[126.48193,34.3615],[126.47624,34.36448],[126.48124,34.35865],[126.4761,34.3555],[126.46821,34.36352],[126.46579,34.35801],[126.47828,34.34934],[126.47926,34.35413],[126.48468,34.3544],[126.4926,34.35974],[126.49827,34.35707],[126.50142,34.36409],[126.507,34.36599],[126.5207,34.36012],[126.52173,34.34917],[126.52041,34.34493],[126.52707,34.33462],[126.52138,34.32438],[126.51647,34.32406],[126.51243,34.3191],[126.51877,34.31447],[126.51612,34.3089],[126.51742,34.29807],[126.52144,34.2931],[126.52831,34.29353],[126.52888,34.30018],[126.53848,34.30382],[126.54466,34.30316],[126.55211,34.31635],[126.55846,34.32188],[126.56644,34.32059],[126.58666,34.3197],[126.59397,34.31358],[126.59885,34.31233],[126.60455,34.31748],[126.60112,34.31864],[126.60399,34.33327],[126.59913,34.3354],[126.60804,34.34109],[126.60882,34.34519],[126.60285,34.34624],[126.62035,34.35903],[126.61619,34.3639],[126.62058,34.36953],[126.61835,34.3727],[126.62038,34.37905],[126.61391,34.37942],[126.61132,34.38625],[126.62072,34.39356],[126.62066,34.39934],[126.61663,34.40285],[126.62251,34.40634],[126.62797,34.40208],[126.63488,34.41211],[126.6417,34.4095],[126.64761,34.41326],[126.64588,34.41837],[126.65112,34.41763],[126.65025,34.42273],[126.65742,34.42083],[126.6643,34.42705],[126.67705,34.41635],[126.67834,34.42034],[126.67341,34.42737],[126.68084,34.42651],[126.68798,34.43412],[126.69733,34.44018],[126.71016,34.43951],[126.71326,34.44366],[126.71908,34.4456],[126.72375,34.44302],[126.72922,34.44632],[126.72197,34.45334],[126.71833,34.46758],[126.71027,34.47047],[126.69944,34.46825],[126.68953,34.46853],[126.68279,34.4708],[126.68425,34.47589],[126.68314,34.49046],[126.68661,34.49761],[126.68738,34.5096],[126.68193,34.5114],[126.68103,34.51579],[126.687,34.5247],[126.68494,34.52951],[126.67472,34.53163],[126.66863,34.53481],[126.66837,34.53831],[126.68116,34.54294],[126.69163,34.55351],[126.69502,34.56425],[126.68163,34.57895],[126.6803,34.58577],[126.67211,34.59185],[126.67447,34.59623],[126.68884,34.60697],[126.69292,34.62272],[126.69665,34.62374],[126.70103,34.62989],[126.69541,34.62862],[126.68352,34.63268],[126.69103,34.64472],[126.69773,34.65111],[126.69326,34.65767],[126.69571,34.66085],[126.7027,34.66244],[126.69944,34.67183],[126.70288,34.67423],[126.70573,34.68168],[126.68198,34.68685],[126.67481,34.68632],[126.67005,34.69064]]],[[[126.32107,34.56417],[126.32067,34.55912],[126.32805,34.56363],[126.33082,34.5681],[126.32107,34.56417]]],[[[126.30616,34.58525],[126.30494,34.58849],[126.29904,34.58698],[126.29891,34.58093],[126.30616,34.58525]]],[[[126.2635,34.60878],[126.26986,34.61037],[126.27079,34.6149],[126.2635,34.60878]]],[[[126.47181,34.33348],[126.4742,34.33122],[126.47781,34.34232],[126.46554,34.34411],[126.46634,34.34012],[126.47187,34.3371],[126.47181,34.33348]]],[[[126.4165,34.45268],[126.4207,34.4556],[126.41423,34.46581],[126.41209,34.46039],[126.41689,34.45946],[126.4165,34.45268]]]]},"properties":{"osm_id":7689296,"name":"해남군","sgg_code":"46820","mois_admin":"4682000000","admin_level":6,"code_source":"osm"}},
{"type":"Feature","geometry":{"type":"Polygon","coordinates":[[[126.45834,34.79328],[126.44535,34.79155],[126.44963,34.78271],[126.43427,34.77715],[126.42532,34.77833],[126.4051,34.7718],[126.3995,34.77416],[126.3799,34.7674],[126.38052,34.75262],[126.37393,34.74919],[126.36598,34.75016],[126.36055,34.74198],[126.38576,34.73151],[126.38963,34.73138],[126.38773,34.72534],[126.41333,34.72094],[126.45161,34.71269],[126.47839,34.70055],[126.51152,34.67501],[126.54329,34.65715],[126.5498,34.66397],[126.55413,34.66115],[126.5622,34.66572],[126.57022,34.67702],[126.57855,34.67945],[126.58765,34.67818],[126.59791,34.68164],[126.6076,34.6791],[126.6125,34.68051],[126.62898,34.67917],[126.63455,34.67352],[126.6394,34.6737],[126.64138,34.67913],[126.64915,34.68866],[126.65889,34.68817],[126.67005,34.69064],[126.67387,34.69374],[126.67575,34.70108],[126.67464,34.70849],[126.68176,34.71251],[126.68026,34.72253],[126.66541,34.72267],[126.65777,34.73213],[126.67013,34.74013],[126.6809,34.75224],[126.6929,34.75374],[126.69397,34.75764],[126.70346,34.76444],[126.70712,34.76448],[126.71448,34.75908],[126.72453,34.75699],[126.73182,34.75856],[126.73815,34.75427],[126.74725,34.75533],[126.75086,34.76351],[126.75686,34.76859],[126.76236,34.76968],[126.76776,34.78184],[126.78205,34.78646],[126.78497,34.77976],[126.79351,34.78177],[126.79416,34.79728],[126.80115,34.80325],[126.79909,34.80996],[126.80523,34.8224],[126.80737,34.82987],[126.81935,34.83293],[126.82248,34.83695],[126.83016,34.83653],[126.84501,34.8422],[126.85699,34.85618],[126.85887,34.86502],[126.85714,34.87155],[126.85265,34.86752],[126.84426,34.86923],[126.83598,34.86648],[126.82349,34.87025],[126.8116,34.87422],[126.80916,34.86889],[126.80103,34.87026],[126.80087,34.87313],[126.79399,34.87817],[126.78465,34.87991],[126.78381,34.88466],[126.77682,34.8892],[126.766,34.89952],[126.7441,34.89595],[126.73341,34.89082],[126.72571,34.88931],[126.71948,34.89343],[126.72028,34.89962],[126.71103,34.90927],[126.71524,34.91748],[126.70777,34.92366],[126.70262,34.93036],[126.7021,34.93529],[126.69702,34.94162],[126.68743,34.94301],[126.68569,34.94542],[126.66955,34.94544],[126.66185,34.93502],[126.66292,34.92703],[126.66939,34.92535],[126.67659,34.91393],[126.67279,34.91131],[126.68159,34.89318],[126.67455,34.89271],[126.67684,34.88377],[126.67193,34.88194],[126.66895,34.88683],[126.6653,34.88637],[126.65998,34.89211],[126.65118,34.89167],[126.65013,34.8878],[126.64453,34.89023],[126.63177,34.88799],[126.6329,34.89253],[126.62938,34.89829],[126.63477,34.89688],[126.63348,34.90904],[126.62857,34.92107],[126.62074,34.91967],[126.61844,34.926],[126.61194,34.92271],[126.61119,34.92635],[126.60586,34.9259],[126.60473,34.93013],[126.59971,34.92807],[126.60258,34.92399],[126.59242,34.9237],[126.59463,34.92024],[126.59199,34.91512],[126.58067,34.92004],[126.57474,34.91586],[126.57279,34.90914],[126.57873,34.90626],[126.57957,34.89557],[126.57122,34.89192],[126.5719,34.88208],[126.56959,34.87681],[126.56074,34.86867],[126.557,34.86905],[126.55349,34.86323],[126.54814,34.82811],[126.54259,34.81218],[126.53266,34.80311],[126.52475,34.79988],[126.5189,34.7945],[126.52042,34.78808],[126.5165,34.7767],[126.50851,34.76929],[126.49797,34.76871],[126.4924,34.77013],[126.48414,34.77811],[126.46843,34.78987],[126.45834,34.79328]]]},"properties":{"osm_id":7684733,"name":"영암군","sgg_code":"46830","mois_admin":"4683000000","admin_level":6,"code_source":"osm"}},
{"type":"Feature","geometry":{"type":"MultiPolygon","coordinates":[[[[126.24829,35.09714],[126.24767,35.08859],[126.24485,35.08496],[126.24459,35.07713],[126.257,35.06932],[126.26147,35.06431],[126.26187,35.05366],[126.27764,35.0546],[126.28263,35.06221],[126.29151,35.05984],[126.2958,35.05485],[126.29146,35.05014],[126.29649,35.04969],[126.30276,35.04421],[126.31441,35.05385],[126.31284,35.05864],[126.30131,35.05971],[126.30504,35.06608],[126.31242,35.06683],[126.31654,35.07044],[126.31137,35.07577],[126.31776,35.078],[126.31616,35.08694],[126.3213,35.08914],[126.33169,35.08841],[126.33731,35.08246],[126.34467,35.07095],[126.33891,35.06285],[126.33127,35.06181],[126.34903,35.05686],[126.35186,35.05239],[126.3468,35.05132],[126.35295,35.03844],[126.35726,35.03815],[126.36118,35.0426],[126.37118,35.04752],[126.37465,35.04412],[126.38069,35.04959],[126.38705,35.04002],[126.39069,35.03037],[126.39023,35.02451],[126.37668,35.01851],[126.36513,35.01072],[126.34482,35.00159],[126.33234,34.99329],[126.33415,34.99129],[126.33906,34.99729],[126.35874,34.99285],[126.35733,34.98357],[126.35093,34.98207],[126.34859,34.97606],[126.34281,34.97182],[126.33741,34.97228],[126.32671,34.96743],[126.32219,34.97186],[126.31928,34.98053],[126.31118,34.98613],[126.30495,34.98533],[126.30354,34.97712],[126.29757,34.97621],[126.29489,34.96526],[126.30037,34.95755],[126.30675,34.9562],[126.30852,34.9493],[126.32131,34.94348],[126.31554,34.93689],[126.30817,34.93294],[126.30478,34.93462],[126.30634,34.92757],[126.31112,34.92651],[126.31725,34.93186],[126.32635,34.93064],[126.33107,34.91697],[126.34352,34.91491],[126.35092,34.91706],[126.35308,34.92228],[126.36855,34.92007],[126.37136,34.92404],[126.36622,34.92801],[126.36635,34.93261],[126.37368,34.93954],[126.36549,34.9425],[126.37208,34.9489],[126.37139,34.95359],[126.37522,34.95665],[126.36705,34.96321],[126.35957,34.96264],[126.36113,34.97216],[126.36973,34.97549],[126.36581,34.98047],[126.36762,34.99581],[126.37209,34.99947],[126.37444,34.9971],[126.37426,34.98939],[126.38058,34.98775],[126.37945,34.97165],[126.39047,34.96712],[126.39459,34.96204],[126.38782,34.9476],[126.39168,34.93565],[126.39888,34.93498],[126.38905,34.92818],[126.39131,34.92182],[126.39932,34.91819],[126.40501,34.91148],[126.40122,34.90057],[126.39382,34.89555],[126.38926,34.88925],[126.39179,34.88273],[126.40195,34.87862],[126.39569,34.8734],[126.39601,34.86734],[126.40052,34.86415],[126.40727,34.85196],[126.40481,34.84804],[126.41236,34.84386],[126.41987,34.84391],[126.42506,34.83882],[126.43612,34.83729],[126.43905,34.83409],[126.43832,34.82133],[126.45438,34.81763],[126.4551,34.81081],[126.4578,34.81064],[126.45834,34.79328],[126.46843,34.78987],[126.48414,34.77811],[126.4924,34.77013],[126.49797,34.76871],[126.50851,34.76929],[126.5165,34.7767],[126.52042,34.78808],[126.5189,34.7945],[126.52475,34.79988],[126.53266,34.80311],[126.54259,34.81218],[126.54814,34.82811],[126.55349,34.86323],[126.557,34.86905],[126.54543,34.88705],[126.53323,34.89592],[126.51396,34.9186],[126.51468,34.92576],[126.52481,34.92869],[126.53021,34.92545],[126.53572,34.91801],[126.54107,34.91826],[126.54163,34.92721],[126.53128,34.94082],[126.52916,34.94964],[126.54118,34.97503],[126.53292,34.97781],[126.52498,34.98332],[126.51774,34.98326],[126.51018,34.99021],[126.50538,34.98574],[126.49982,34.98877],[126.49069,35.00137],[126.49931,35.00424],[126.49795,35.00818],[126.50046,35.01489],[126.49669,35.01807],[126.49183,35.01622],[126.48352,35.01718],[126.4804,35.02683],[126.47009,35.02155],[126.46636,35.02482],[126.46836,35.02801],[126.46403,35.03122],[126.46346,35.04196],[126.47642,35.06004],[126.47813,35.06479],[126.4691,35.067],[126.45929,35.07321],[126.45879,35.07341],[126.45759,35.07397],[126.45232,35.07277],[126.44515,35.0584],[126.44119,35.05555],[126.42327,35.04824],[126.41813,35.04049],[126.42759,35.02737],[126.41648,35.0266],[126.41167,35.02924],[126.40217,35.0265],[126.3994,35.03206],[126.40126,35.04327],[126.39512,35.0412],[126.39276,35.04856],[126.40273,35.05095],[126.39825,35.05246],[126.40575,35.05778],[126.40406,35.07095],[126.39681,35.07599],[126.39254,35.07172],[126.39204,35.06608],[126.38496,35.06584],[126.38657,35.07878],[126.39179,35.08605],[126.38064,35.08153],[126.38293,35.07792],[126.3757,35.0702],[126.3704,35.06174],[126.36509,35.06513],[126.36744,35.07129],[126.36412,35.07421],[126.36789,35.07709],[126.36398,35.07937],[126.35778,35.07507],[126.35046,35.07944],[126.34456,35.07663],[126.3453,35.08329],[126.3424,35.08639],[126.35183,35.08857],[126.34937,35.09472],[126.34338,35.09177],[126.33467,35.09153],[126.33116,35.09474],[126.33509,35.09699],[126.335,35.10307],[126.32964,35.10915],[126.33092,35.11493],[126.34096,35.12019],[126.3387,35.12142],[126.34122,35.13087],[126.34668,35.13814],[126.34465,35.14088],[126.34569,35.15965],[126.33552,35.15021],[126.32993,35.15118],[126.3255,35.14856],[126.331,35.1423],[126.32054,35.12748],[126.30785,35.1275],[126.30585,35.13115],[126.30825,35.13705],[126.30109,35.13872],[126.2816,35.13458],[126.27825,35.13652],[126.27819,35.1421],[126.27379,35.1458],[126.26369,35.14572],[126.25655,35.13893],[126.25929,35.13585],[126.25189,35.13285],[126.25326,35.1304],[126.2421,35.11274],[126.26073,35.10419],[126.26272,35.0959],[126.25786,35.09399],[126.25875,35.10082],[126.25354,35.10165],[126.24829,35.09714]]],[[[126.31279,35.00384],[126.31383,34.99999],[126.31922,35.01349],[126.3109,35.01445],[126.31408,35.01078],[126.31279,35.00384]]]]},"properties":{"osm_id":7624184,"name":"무안군","sgg_code":"46840","mois_admin":"4684000000","admin_level":6,"code_source":"osm"}},
{"type":"Feature","geometry":{"type":"Polygon","coordinates":[[[126.59206,35.23203],[126.58938,35.22935],[126.59296,35.22448],[126.5895,35.22006],[126.59097,35.21659],[126.58457,35.20202],[126.58055,35.1965],[126.56724,35.19897],[126.56233,35.19678],[126.56493,35.19062],[126.54921,35.1854],[126.54706,35.18801],[126.53314,35.18224],[126.52596,35.18652],[126.52155,35.18514],[126.51429,35.18763],[126.50844,35.18404],[126.50075,35.18328],[126.4894,35.18752],[126.48882,35.19078],[126.48158,35.19084],[126.47696,35.19387],[126.46809,35.18713],[126.46198,35.18826],[126.45029,35.18696],[126.44794,35.18116],[126.43529,35.17284],[126.42208,35.18446],[126.40794,35.1864],[126.40857,35.18314],[126.39979,35.17607],[126.39225,35.1797],[126.38449,35.17399],[126.37176,35.16766],[126.37024,35.16377],[126.37169,35.15931],[126.38368,35.15785],[126.38343,35.14933],[126.38698,35.14293],[126.39682,35.13442],[126.4029,35.13657],[126.41865,35.11049],[126.42159,35.10678],[126.43058,35.10755],[126.43722,35.10511],[126.44547,35.10624],[126.45375,35.10242],[126.46505,35.09994],[126.45789,35.08995],[126.44874,35.08717],[126.43576,35.08608],[126.45929,35.07321],[126.4691,35.067],[126.47813,35.06479],[126.47642,35.06004],[126.46346,35.04196],[126.46403,35.03122],[126.46836,35.02801],[126.46636,35.02482],[126.47009,35.02155],[126.4804,35.02683],[126.48352,35.01718],[126.49183,35.01622],[126.49669,35.01807],[126.50046,35.01489],[126.49795,35.00818],[126.49931,35.00424],[126.49069,35.00137],[126.49982,34.98877],[126.50538,34.98574],[126.51018,34.99021],[126.51774,34.98326],[126.52498,34.98332],[126.53292,34.97781],[126.54118,34.97503],[126.54606,34.98321],[126.55599,34.98859],[126.56409,34.98692],[126.56805,34.98267],[126.57078,34.97416],[126.57837,34.97475],[126.5881,34.98974],[126.5972,34.99494],[126.592,34.99632],[126.59648,35.00045],[126.59858,35.01285],[126.58966,35.01272],[126.58579,35.01519],[126.59462,35.02797],[126.59327,35.03439],[126.58881,35.04104],[126.59171,35.04358],[126.58794,35.04718],[126.591,35.05117],[126.58761,35.05495],[126.59101,35.05927],[126.59021,35.06971],[126.59727,35.09232],[126.59507,35.09838],[126.60474,35.09922],[126.6061,35.09476],[126.61763,35.09069],[126.6232,35.08692],[126.62782,35.09194],[126.64416,35.09693],[126.64685,35.10333],[126.65393,35.10739],[126.6552,35.11486],[126.65166,35.12041],[126.65495,35.13701],[126.65332,35.14396],[126.64756,35.14404],[126.65356,35.15301],[126.65397,35.1642],[126.67043,35.16952],[126.66368,35.18222],[126.65325,35.19245],[126.64585,35.20347],[126.61351,35.22666],[126.61363,35.22897],[126.60197,35.23535],[126.59206,35.23203]]]},"properties":{"osm_id":7624185,"name":"함평군","sgg_code":"46860","mois_admin":"4686000000","admin_level":6,"code_source":"osm"}},
{"type":"Feature","geometry":{"type":"MultiPolygon","coordinates":[[[[126.6448,35.31978],[126.63143,35.32029],[126.61986,35.32402],[126.61553,35.32851],[126.6045,35.33556],[126.59461,35.32902],[126.58706,35.33081],[126.5804,35.32389],[126.58333,35.31813],[126.58945,35.31751],[126.58797,35.30554],[126.58491,35.30079],[126.57866,35.3032],[126.57267,35.31006],[126.56391,35.30907],[126.56129,35.31169],[126.54813,35.31347],[126.53232,35.30674],[126.52949,35.31257],[126.52438,35.31349],[126.52101,35.32512],[126.514,35.32711],[126.51751,35.33414],[126.52053,35.34835],[126.51315,35.35812],[126.50824,35.36164],[126.49919,35.35426],[126.49648,35.34989],[126.49214,35.35411],[126.49615,35.3576],[126.49664,35.37402],[126.49241,35.37399],[126.48328,35.38057],[126.48318,35.38389],[126.47738,35.38618],[126.48972,35.39347],[126.48941,35.39779],[126.49288,35.40924],[126.48088,35.42104],[126.47603,35.42933],[126.46855,35.42515],[126.45336,35.42688],[126.44696,35.42924],[126.43961,35.42993],[126.4273,35.42598],[126.42279,35.42977],[126.41567,35.42184],[126.40693,35.41718],[126.41064,35.41347],[126.40579,35.40922],[126.40893,35.4001],[126.40207,35.39591],[126.40699,35.3926],[126.4041,35.38546],[126.41336,35.38155],[126.41991,35.38109],[126.41093,35.3755],[126.41757,35.37388],[126.41785,35.37014],[126.42891,35.36779],[126.42278,35.36291],[126.41391,35.36299],[126.40645,35.36517],[126.40391,35.36876],[126.39704,35.36848],[126.39215,35.35609],[126.38743,35.35308],[126.387,35.34175],[126.37886,35.32755],[126.37943,35.32105],[126.37572,35.31292],[126.37816,35.30598],[126.36536,35.28735],[126.37125,35.28436],[126.36122,35.28473],[126.35274,35.28296],[126.35011,35.28658],[126.33854,35.2859],[126.32846,35.27854],[126.32483,35.27124],[126.32954,35.2699],[126.32226,35.26284],[126.32694,35.25812],[126.32405,35.25253],[126.3289,35.24406],[126.33247,35.24447],[126.33057,35.2528],[126.33829,35.25565],[126.34362,35.24825],[126.36066,35.24917],[126.36063,35.24796],[126.34174,35.24778],[126.33789,35.25433],[126.33301,35.25301],[126.33641,35.24554],[126.32586,35.24213],[126.31554,35.24776],[126.31255,35.25314],[126.30848,35.25104],[126.3075,35.24585],[126.30012,35.23132],[126.29848,35.22255],[126.29958,35.21053],[126.31386,35.21005],[126.31591,35.21747],[126.31895,35.21511],[126.31498,35.20756],[126.32112,35.20394],[126.33555,35.20466],[126.33991,35.20866],[126.3366,35.19418],[126.35332,35.19601],[126.35387,35.20184],[126.36591,35.20515],[126.37678,35.21195],[126.37893,35.20867],[126.37218,35.19868],[126.36784,35.19573],[126.37249,35.19012],[126.36721,35.1865],[126.35403,35.18408],[126.36035,35.17682],[126.35909,35.16891],[126.36579,35.16853],[126.37024,35.16377],[126.37176,35.16766],[126.38449,35.17399],[126.39225,35.1797],[126.39979,35.17607],[126.40857,35.18314],[126.40794,35.1864],[126.42208,35.18446],[126.43529,35.17284],[126.44794,35.18116],[126.45029,35.18696],[126.46198,35.18826],[126.46809,35.18713],[126.47696,35.19387],[126.48158,35.19084],[126.48882,35.19078],[126.4894,35.18752],[126.50075,35.18328],[126.50844,35.18404],[126.51429,35.18763],[126.52155,35.18514],[126.52596,35.18652],[126.53314,35.18224],[126.54706,35.18801],[126.54921,35.1854],[126.56493,35.19062],[126.56233,35.19678],[126.56724,35.19897],[126.58055,35.1965],[126.58457,35.20202],[126.59097,35.21659],[126.5895,35.22006],[126.59296,35.22448],[126.58938,35.22935],[126.59206,35.23203],[126.58332,35.23941],[126.5875,35.24619],[126.58427,35.25792],[126.59192,35.26054],[126.59743,35.2678],[126.60867,35.26993],[126.6158,35.27889],[126.61471,35.28833],[126.61852,35.29384],[126.61104,35.29737],[126.61826,35.30475],[126.62292,35.30218],[126.63154,35.30248],[126.63987,35.30911],[126.63979,35.31702],[126.6448,35.31978]]],[[[125.99709,35.32348],[126.00229,35.32996],[126.0099,35.32796],[126.01022,35.33038],[125.99821,35.33322],[125.99709,35.32348]]],[[[125.98611,35.33549],[125.99738,35.33491],[125.99757,35.33743],[125.98975,35.33917],[125.98611,35.33549]]],[[[126.00218,35.35518],[125.99583,35.35677],[125.99923,35.35253],[126.00218,35.35518]]],[[[126.12746,35.19653],[126.12874,35.20314],[126.12393,35.20195],[126.12461,35.19671],[126.12161,35.19261],[126.12889,35.19151],[126.12746,35.19653]]],[[[126.10045,35.25412],[126.09224,35.25017],[126.09106,35.24371],[126.09775,35.24345],[126.10289,35.2495],[126.10045,35.25412]]],[[[126.03394,35.33834],[126.04137,35.34683],[126.0366,35.35267],[126.02902,35.35494],[126.03,35.3595],[126.02112,35.36418],[126.02147,35.35698],[126.00743,35.35899],[126.01259,35.35224],[126.01877,35.35185],[126.02239,35.34453],[126.00823,35.34459],[126.01334,35.33983],[126.0169,35.34145],[126.02128,35.33584],[126.03099,35.33471],[126.03394,35.33834]]],[[[126.05929,35.36569],[126.05914,35.36962],[126.0545,35.36772],[126.05929,35.36569]]],[[[126.04085,35.37067],[126.04431,35.36774],[126.05407,35.37314],[126.04471,35.37456],[126.04085,35.37067]]],[[[126.20855,35.18319],[126.21335,35.18709],[126.20564,35.18559],[126.20855,35.18319]]],[[[126.13362,35.20363],[126.13315,35.20161],[126.14646,35.20151],[126.15606,35.20836],[126.15169,35.21149],[126.14754,35.20713],[126.13362,35.20363]]],[[[126.14176,35.27118],[126.14811,35.27117],[126.15436,35.27837],[126.15215,35.29069],[126.14673,35.29338],[126.1424,35.29977],[126.14051,35.29264],[126.13367,35.28985],[126.13281,35.28191],[126.14283,35.27731],[126.13899,35.27324],[126.14176,35.27118]]]]},"properties":{"osm_id":7624187,"name":"영광군","sgg_code":"46870","mois_admin":"4687000000","admin_level":6,"code_source":"osm"}},
{"type":"Feature","geometry":{"type":"Polygon","coordinates":[[[126.65325,35.19245],[126.6679,35.19288],[126.67682,35.19096],[126.67763,35.20259],[126.68451,35.20982],[126.68711,35.21522],[126.70256,35.20757],[126.71076,35.21227],[126.71766,35.21235],[126.7208,35.21881],[126.71851,35.2218],[126.72563,35.23491],[126.7291,35.23731],[126.72992,35.24335],[126.73722,35.25289],[126.74174,35.25082],[126.74969,35.25587],[126.75994,35.25888],[126.76359,35.25647],[126.76077,35.24726],[126.75565,35.24332],[126.75421,35.23626],[126.75743,35.23366],[126.77536,35.23057],[126.78014,35.22569],[126.78954,35.2239],[126.79505,35.21987],[126.80439,35.22131],[126.80526,35.21843],[126.8157,35.2247],[126.82395,35.22579],[126.82535,35.23193],[126.83507,35.22877],[126.84495,35.23468],[126.86108,35.24149],[126.86319,35.24556],[126.86831,35.24492],[126.87372,35.2499],[126.87957,35.25151],[126.87883,35.25533],[126.86914,35.27058],[126.85956,35.29029],[126.85531,35.29308],[126.86347,35.30276],[126.86175,35.32124],[126.87407,35.32285],[126.8808,35.32127],[126.88737,35.32626],[126.87643,35.34482],[126.88228,35.35066],[126.88331,35.35827],[126.88692,35.36498],[126.89569,35.3666],[126.90295,35.37768],[126.91756,35.38615],[126.92436,35.37925],[126.92541,35.39834],[126.91945,35.40194],[126.91661,35.40492],[126.92078,35.41086],[126.91615,35.41584],[126.90825,35.41627],[126.90738,35.42023],[126.90187,35.42302],[126.90432,35.4297],[126.89761,35.43295],[126.89808,35.43605],[126.90511,35.44082],[126.89964,35.4427],[126.89677,35.44799],[126.88288,35.45236],[126.8811,35.45591],[126.86864,35.46204],[126.86324,35.46121],[126.85032,35.46573],[126.83791,35.46453],[126.84285,35.47895],[126.83048,35.4808],[126.82837,35.4857],[126.81887,35.48654],[126.81388,35.48419],[126.81397,35.4688],[126.79235,35.46763],[126.7819,35.47063],[126.77288,35.46808],[126.76364,35.46582],[126.74931,35.45065],[126.7412,35.45214],[126.73841,35.44894],[126.75218,35.43477],[126.75184,35.42265],[126.75442,35.41563],[126.7474,35.41391],[126.74493,35.40862],[126.737,35.40322],[126.72282,35.39999],[126.7317,35.39293],[126.73076,35.37588],[126.7196,35.36506],[126.70484,35.36548],[126.69891,35.34868],[126.69185,35.35196],[126.68406,35.34175],[126.68052,35.34601],[126.6669,35.35183],[126.66026,35.34321],[126.65915,35.33397],[126.65153,35.32564],[126.64438,35.32738],[126.64879,35.32249],[126.6448,35.31978],[126.63979,35.31702],[126.63987,35.30911],[126.63154,35.30248],[126.62292,35.30218],[126.61826,35.30475],[126.61104,35.29737],[126.61852,35.29384],[126.61471,35.28833],[126.6158,35.27889],[126.60867,35.26993],[126.59743,35.2678],[126.59192,35.26054],[126.58427,35.25792],[126.5875,35.24619],[126.58332,35.23941],[126.59206,35.23203],[126.60197,35.23535],[126.61363,35.22897],[126.61351,35.22666],[126.64585,35.20347],[126.65325,35.19245]]]},"properties":{"osm_id":7680389,"name":"장성군","sgg_code":"46880","mois_admin":"4688000000","admin_level":6,"code_source":"osm"}},
{"type":"Feature","geometry":{"type":"MultiPolygon","coordinates":[[[[126.59038,34.10014],[126.6011,34.09701],[126.60502,34.09904],[126.60185,34.10431],[126.59446,34.10908],[126.59529,34.11269],[126.59065,34.11465],[126.58623,34.11189],[126.59079,34.10963],[126.59048,34.10465],[126.5851,34.10218],[126.59038,34.10014]]],[[[126.57039,34.13413],[126.56862,34.13604],[126.56555,34.12903],[126.57228,34.12947],[126.57039,34.13413]]],[[[126.5722,34.1668],[126.56941,34.16978],[126.55544,34.1678],[126.5553,34.17437],[126.54966,34.17881],[126.53906,34.18185],[126.53716,34.17905],[126.524,34.17185],[126.51635,34.1702],[126.51628,34.16551],[126.50452,34.1584],[126.50832,34.1564],[126.50906,34.15019],[126.50392,34.14843],[126.50901,34.14551],[126.50445,34.13972],[126.5144,34.12876],[126.51221,34.122],[126.51943,34.12557],[126.52379,34.12187],[126.53573,34.12599],[126.54243,34.12551],[126.54879,34.13022],[126.56405,34.1368],[126.56687,34.14475],[126.57588,34.14483],[126.57412,34.14979],[126.58042,34.15258],[126.57892,34.1575],[126.5868,34.1575],[126.59011,34.16241],[126.59641,34.15873],[126.59743,34.15354],[126.60413,34.14595],[126.60214,34.15711],[126.60362,34.16114],[126.61337,34.15327],[126.61552,34.14863],[126.62438,34.15707],[126.61937,34.15783],[126.62084,34.16458],[126.60986,34.16142],[126.60496,34.16596],[126.60181,34.16443],[126.59519,34.16856],[126.59222,34.16675],[126.58431,34.16989],[126.57619,34.16777],[126.57264,34.16155],[126.5722,34.1668]]],[[[126.47613,34.16558],[126.48064,34.16465],[126.48078,34.17095],[126.47623,34.17157],[126.47613,34.16558]]],[[[126.55761,34.17353],[126.56558,34.1708],[126.55942,34.17581],[126.55761,34.17353]]],[[[126.47775,34.18124],[126.4802,34.17716],[126.48626,34.1884],[126.48237,34.19239],[126.4716,34.19062],[126.47779,34.1851],[126.47775,34.18124]]],[[[126.48972,34.17892],[126.50121,34.18748],[126.506,34.18491],[126.51077,34.18822],[126.51271,34.19604],[126.51833,34.19875],[126.50967,34.19988],[126.50525,34.20484],[126.50243,34.19871],[126.49561,34.19241],[126.49587,34.18756],[126.49191,34.18314],[126.4854,34.18075],[126.48972,34.17892]]],[[[126.53882,34.1984],[126.54717,34.19996],[126.54266,34.20551],[126.53882,34.1984]]],[[[126.56099,34.23457],[126.55388,34.23394],[126.55796,34.2307],[126.56271,34.23178],[126.56166,34.22527],[126.56712,34.22406],[126.56553,34.21814],[126.55697,34.21831],[126.55444,34.21212],[126.55894,34.21481],[126.55986,34.20626],[126.55423,34.20077],[126.55419,34.19337],[126.5469,34.19262],[126.54833,34.18941],[126.55744,34.19032],[126.56391,34.18754],[126.56087,34.17894],[126.57888,34.17408],[126.59093,34.17334],[126.5825,34.18168],[126.58598,34.18412],[126.58691,34.19099],[126.59842,34.19071],[126.59651,34.18456],[126.60063,34.18187],[126.61355,34.18136],[126.61638,34.18345],[126.61154,34.19226],[126.60617,34.19474],[126.60298,34.19982],[126.61485,34.19792],[126.62522,34.20315],[126.61707,34.20928],[126.61442,34.21613],[126.60458,34.22285],[126.59504,34.22692],[126.58971,34.22268],[126.57914,34.22825],[126.57369,34.22216],[126.57056,34.22834],[126.56549,34.22973],[126.56791,34.23426],[126.56099,34.23457]]],[[[126.4204,34.22753],[126.42165,34.23167],[126.41786,34.23706],[126.4204,34.22753]]],[[[126.59357,34.23446],[126.6027,34.23323],[126.60664,34.23714],[126.61153,34.23351],[126.61778,34.23863],[126.62625,34.23867],[126.62245,34.24684],[126.61617,34.25012],[126.60568,34.24933],[126.59443,34.24218],[126.59357,34.23446]]],[[[126.44493,34.26035],[126.45092,34.25992],[126.45458,34.26401],[126.44493,34.26035]]],[[[126.54962,34.27661],[126.55236,34.27384],[126.57055,34.27652],[126.57212,34.28097],[126.56223,34.28383],[126.55803,34.28141],[126.54752,34.28068],[126.54158,34.28275],[126.5407,34.2748],[126.54962,34.27661]]],[[[126.46925,34.2826],[126.47709,34.28455],[126.47755,34.28976],[126.46966,34.28642],[126.46925,34.2826]]],[[[126.60682,34.28558],[126.61022,34.28195],[126.61087,34.29312],[126.60682,34.28558]]],[[[126.57744,34.29318],[126.57582,34.28861],[126.58993,34.29528],[126.5913,34.3013],[126.58076,34.29789],[126.57744,34.29318]]],[[[126.91889,33.96971],[126.93682,33.97265],[126.93698,33.97829],[126.93142,33.986],[126.92629,33.98891],[126.92127,33.98613],[126.91686,33.98904],[126.91213,33.98622],[126.90927,33.98018],[126.91434,33.96968],[126.91889,33.96971]]],[[[126.74425,34.14953],[126.74813,34.14836],[126.74736,34.15338],[126.74425,34.14953]]],[[[126.64818,34.19251],[126.64278,34.18656],[126.63339,34.18757],[126.64104,34.1848],[126.63545,34.1797],[126.65219,34.17132],[126.65069,34.16678],[126.64252,34.16277],[126.63386,34.14894],[126.62818,34.14554],[126.63338,34.14043],[126.62985,34.13617],[126.6354,34.1347],[126.63753,34.12262],[126.64975,34.13043],[126.64995,34.12361],[126.65337,34.11836],[126.65028,34.11482],[126.65643,34.11542],[126.66338,34.11205],[126.66299,34.11736],[126.67006,34.12041],[126.66635,34.12523],[126.67155,34.12978],[126.67229,34.14509],[126.6807,34.14123],[126.68288,34.14846],[126.67853,34.15065],[126.66988,34.14753],[126.66817,34.16192],[126.65757,34.16373],[126.65704,34.17276],[126.66296,34.1744],[126.67897,34.17557],[126.68498,34.18125],[126.67653,34.18796],[126.67033,34.18943],[126.66795,34.19388],[126.66104,34.19439],[126.65363,34.19904],[126.6462,34.19824],[126.64818,34.19251]]],[[[126.85366,34.15561],[126.85615,34.15085],[126.86031,34.15664],[126.85939,34.16148],[126.86472,34.16554],[126.87048,34.16595],[126.87182,34.16157],[126.88138,34.15527],[126.87885,34.15114],[126.88867,34.15075],[126.89987,34.15573],[126.90519,34.15484],[126.90596,34.15125],[126.91488,34.15363],[126.91801,34.15893],[126.92003,34.16961],[126.92495,34.17288],[126.9237,34.18086],[126.91916,34.1869],[126.91185,34.18318],[126.90702,34.18443],[126.9112,34.18746],[126.911,34.19555],[126.90389,34.20142],[126.91167,34.20608],[126.91165,34.21225],[126.90756,34.214],[126.9005,34.21156],[126.89184,34.21363],[126.88994,34.21735],[126.884,34.216],[126.88105,34.21212],[126.8722,34.21016],[126.87007,34.20331],[126.85878,34.20059],[126.86177,34.19623],[126.85348,34.18647],[126.85707,34.17693],[126.84879,34.17845],[126.8471,34.17411],[126.852,34.16941],[126.85532,34.17314],[126.85916,34.16948],[126.84848,34.16278],[126.85494,34.1612],[126.85366,34.15561]]],[[[126.92087,34.18815],[126.92471,34.18653],[126.93065,34.18933],[126.92359,34.19146],[126.92087,34.18815]]],[[[127.07305,34.19041],[127.0802,34.19222],[127.07622,34.19432],[127.06894,34.19171],[127.07305,34.19041]]],[[[126.75156,34.19997],[126.75224,34.19195],[126.74969,34.18767],[126.76169,34.17722],[126.76411,34.18898],[126.76858,34.18905],[126.7689,34.19531],[126.7735,34.19569],[126.7685,34.19943],[126.76769,34.2068],[126.76386,34.21136],[126.75526,34.20916],[126.75156,34.19997]]],[[[127.16654,34.20207],[127.17462,34.20396],[127.17519,34.20953],[127.15946,34.20869],[127.15074,34.20596],[127.1576,34.20194],[127.16038,34.20537],[127.16654,34.20207]]],[[[126.63209,34.2049],[126.63746,34.20434],[126.63397,34.20881],[126.63209,34.2049]]],[[[127.00409,34.22203],[127.01262,34.22153],[127.01305,34.22381],[127.00409,34.22203]]],[[[126.76983,34.22702],[126.77171,34.22265],[126.77793,34.22379],[126.77831,34.22689],[126.76927,34.22955],[126.76983,34.22702]]],[[[127.01358,34.24128],[127.01976,34.24505],[127.0163,34.25042],[127.01897,34.25169],[127.01085,34.25752],[127.00906,34.25291],[127.01289,34.25138],[127.01358,34.24128]]],[[[126.86365,34.28551],[126.86757,34.28182],[126.86426,34.29007],[126.86365,34.28551]]],[[[126.89587,34.285],[126.90036,34.28759],[126.89617,34.28924],[126.89587,34.285]]],[[[127.12342,34.30069],[127.13265,34.30008],[127.12966,34.30468],[127.12148,34.30328],[127.12342,34.30069]]],[[[127.09689,34.30288],[127.10239,34.30386],[127.10311,34.31051],[127.09484,34.30649],[127.09689,34.30288]]],[[[127.13224,34.31075],[127.13336,34.31492],[127.1275,34.31558],[127.13224,34.31075]]],[[[127.01472,34.33108],[127.00854,34.33108],[127.00481,34.33684],[126.99894,34.33862],[126.99181,34.33587],[126.98257,34.34097],[126.96959,34.33871],[126.95727,34.32722],[126.95943,34.32041],[126.95727,34.31541],[126.96014,34.30884],[126.96617,34.31169],[126.96994,34.3035],[126.97505,34.30194],[126.97734,34.30614],[126.9894,34.30725],[126.99278,34.31202],[127.00332,34.31422],[127.00568,34.32171],[127.01603,34.32357],[127.01472,34.33108]]],[[[127.0766,34.32985],[127.0849,34.32041],[127.09128,34.32316],[127.0844,34.33027],[127.0766,34.32985]]],[[[126.75906,34.33298],[126.76681,34.33165],[126.76935,34.32852],[126.77979,34.32822],[126.79039,34.32191],[126.79444,34.31591],[126.7987,34.31926],[126.79926,34.32411],[126.8049,34.32629],[126.81596,34.32718],[126.83121,34.32488],[126.83593,34.31506],[126.84001,34.31365],[126.83654,34.30693],[126.83972,34.30072],[126.84391,34.29896],[126.85503,34.30597],[126.85462,34.30905],[126.86654,34.31441],[126.86262,34.32104],[126.86816,34.32246],[126.87483,34.31203],[126.87199,34.30967],[126.88297,34.30987],[126.88167,34.31441],[126.8856,34.31915],[126.87946,34.32601],[126.88281,34.33254],[126.88815,34.33428],[126.89293,34.33032],[126.89735,34.33358],[126.89664,34.34477],[126.88552,34.34009],[126.88251,34.33631],[126.8717,34.34946],[126.86594,34.34959],[126.85886,34.34378],[126.85652,34.35115],[126.84796,34.34433],[126.83469,34.35865],[126.82409,34.35276],[126.81841,34.34739],[126.82041,34.33924],[126.80531,34.33343],[126.78705,34.34605],[126.77866,34.33257],[126.76357,34.33814],[126.75196,34.33446],[126.75906,34.33298]]],[[[127.07246,34.34597],[127.07354,34.34381],[127.08323,34.34422],[127.08782,34.34236],[127.08998,34.33723],[127.09733,34.33557],[127.10155,34.33756],[127.09176,34.34344],[127.08781,34.35035],[127.08292,34.35092],[127.0855,34.35745],[127.07604,34.358],[127.07603,34.36157],[127.06614,34.36046],[127.05756,34.35303],[127.04481,34.35111],[127.04267,34.35699],[127.04844,34.36022],[127.04179,34.3627],[127.04509,34.36811],[127.04018,34.36792],[127.03178,34.37461],[127.02847,34.37179],[127.02113,34.3766],[127.01424,34.37719],[127.01055,34.37386],[127.01714,34.36855],[127.0111,34.36524],[127.0062,34.35672],[126.99632,34.35655],[126.98978,34.362],[126.98518,34.3596],[126.99103,34.35544],[126.99739,34.35487],[126.99917,34.35185],[127.00712,34.34938],[127.01284,34.35551],[127.02606,34.34996],[127.03237,34.34441],[127.03256,34.33741],[127.02905,34.33334],[127.03535,34.33302],[127.03573,34.33791],[127.0423,34.34139],[127.0508,34.34092],[127.05415,34.33483],[127.05194,34.32993],[127.0384,34.32662],[127.03647,34.32174],[127.04163,34.30846],[127.04386,34.31356],[127.04113,34.31561],[127.06199,34.33288],[127.07003,34.33431],[127.07435,34.33125],[127.07897,34.3372],[127.07126,34.3396],[127.069,34.33788],[127.06199,34.34059],[127.06788,34.34749],[127.07246,34.34597]]],[[[126.64153,34.37361],[126.64457,34.36905],[126.64139,34.3616],[126.64549,34.34719],[126.64114,34.3418],[126.64669,34.33923],[126.64896,34.3324],[126.64368,34.32753],[126.65759,34.32867],[126.66858,34.32387],[126.66948,34.31731],[126.68638,34.31978],[126.69314,34.30826],[126.67841,34.3054],[126.68531,34.30231],[126.68847,34.29676],[126.69482,34.29251],[126.70273,34.29726],[126.71755,34.29696],[126.73228,34.28694],[126.73548,34.28996],[126.73549,34.29851],[126.7328,34.30412],[126.74313,34.29834],[126.74108,34.29569],[126.7482,34.29155],[126.7586,34.29085],[126.75974,34.29271],[126.76831,34.29018],[126.76886,34.28738],[126.77734,34.28756],[126.76851,34.29529],[126.7633,34.29759],[126.76147,34.3021],[126.76542,34.30377],[126.7723,34.31228],[126.76352,34.31814],[126.75545,34.31505],[126.74834,34.3216],[126.7506,34.32629],[126.7431,34.33066],[126.73575,34.34283],[126.73757,34.34843],[126.7317,34.35149],[126.73316,34.35915],[126.72928,34.36196],[126.73291,34.36572],[126.73146,34.3767],[126.72658,34.38304],[126.71486,34.38724],[126.70986,34.39434],[126.70217,34.39848],[126.69276,34.39734],[126.68643,34.40293],[126.68091,34.40027],[126.67123,34.39997],[126.67217,34.39682],[126.66445,34.39721],[126.65815,34.39381],[126.64852,34.39397],[126.6461,34.38784],[126.63913,34.38244],[126.64153,34.37361]]],[[[127.0555,34.3578],[127.06105,34.3569],[127.05808,34.36155],[127.0555,34.3578]]],[[[127.08261,34.37528],[127.09355,34.38773],[127.09377,34.39176],[127.08428,34.38997],[127.07287,34.38544],[127.07901,34.38282],[127.06845,34.37357],[127.08261,34.37528]]],[[[126.89734,34.35837],[126.90669,34.35367],[126.90802,34.35846],[126.91724,34.35592],[126.9239,34.36076],[126.9239,34.36682],[126.92825,34.37045],[126.93874,34.36615],[126.94756,34.36774],[126.94776,34.37706],[126.93506,34.38354],[126.94228,34.38691],[126.94285,34.39507],[126.95029,34.40224],[126.9458,34.41253],[126.94027,34.40725],[126.94293,34.40286],[126.93077,34.39065],[126.92217,34.39464],[126.91603,34.39144],[126.90596,34.39965],[126.89793,34.39828],[126.89843,34.40283],[126.89415,34.40091],[126.89391,34.39588],[126.88221,34.40684],[126.8826,34.4028],[126.87495,34.39898],[126.87037,34.40347],[126.87385,34.40718],[126.86763,34.40711],[126.8647,34.41099],[126.86219,34.40591],[126.86899,34.40251],[126.87443,34.39161],[126.86837,34.39106],[126.86496,34.3839],[126.86384,34.37261],[126.86846,34.36904],[126.88847,34.36532],[126.88919,34.35863],[126.89734,34.35837]]],[[[127.04205,34.38708],[127.05201,34.39017],[127.04586,34.39537],[127.03292,34.39123],[127.03391,34.38759],[127.04205,34.38708]]],[[[126.63989,34.3984],[126.63444,34.40118],[126.62521,34.40162],[126.62769,34.39473],[126.6351,34.39485],[126.64258,34.39202],[126.64452,34.39571],[126.63989,34.3984]]],[[[126.73873,34.39225],[126.74332,34.39159],[126.73987,34.39649],[126.74442,34.39754],[126.74354,34.40177],[126.73859,34.39886],[126.73254,34.40145],[126.73873,34.39225]]],[[[126.8395,34.43395],[126.83303,34.433],[126.83423,34.44371],[126.82821,34.43988],[126.81954,34.43887],[126.81535,34.43577],[126.80094,34.43128],[126.7873,34.43205],[126.78178,34.42598],[126.77485,34.42164],[126.77176,34.41441],[126.76618,34.41145],[126.7637,34.40654],[126.76837,34.39923],[126.75599,34.39122],[126.75561,34.38659],[126.75147,34.38455],[126.75005,34.37915],[126.75562,34.38314],[126.76641,34.38175],[126.7795,34.38195],[126.77557,34.37453],[126.7722,34.37525],[126.76593,34.35911],[126.77943,34.35206],[126.77664,34.35853],[126.78168,34.36237],[126.78067,34.36908],[126.78509,34.3705],[126.79112,34.38051],[126.80418,34.38546],[126.8067,34.38355],[126.81858,34.382],[126.82319,34.38698],[126.82978,34.37819],[126.8313,34.38239],[126.85371,34.39228],[126.86594,34.39034],[126.86652,34.39668],[126.85885,34.39652],[126.86117,34.39973],[126.85738,34.40776],[126.8487,34.40651],[126.85131,34.41435],[126.84998,34.41846],[126.84011,34.4106],[126.83416,34.41543],[126.82396,34.4192],[126.82779,34.4225],[126.83496,34.42008],[126.84356,34.42097],[126.84173,34.42318],[126.8456,34.43008],[126.8395,34.43395]]],[[[126.7178,34.41076],[126.72678,34.40637],[126.72495,34.41276],[126.71043,34.41805],[126.70124,34.41495],[126.70497,34.41145],[126.71523,34.41339],[126.7178,34.41076]]],[[[127.08048,34.40822],[127.0786,34.41518],[127.08581,34.41692],[127.08204,34.42641],[127.07801,34.42501],[127.07967,34.42054],[127.07561,34.41059],[127.08048,34.40822]]],[[[126.87451,34.41746],[126.87746,34.41376],[126.87415,34.42736],[126.86899,34.42235],[126.87451,34.41746]]],[[[126.85542,34.42381],[126.85823,34.41887],[126.86227,34.42043],[126.85542,34.42381]]],[[[127.03772,34.43517],[127.03712,34.42377],[127.04736,34.41649],[127.05175,34.41523],[127.04902,34.42763],[127.05158,34.42977],[127.06104,34.42602],[127.05807,34.41832],[127.06259,34.40215],[127.06658,34.40549],[127.07279,34.41741],[127.0661,34.42113],[127.07577,34.42355],[127.07519,34.42859],[127.06812,34.43705],[127.06848,34.44417],[127.06466,34.45165],[127.05494,34.4584],[127.05815,34.45296],[127.04936,34.45311],[127.04278,34.45998],[127.03258,34.4554],[127.02324,34.45563],[127.02657,34.45071],[127.0338,34.45008],[127.03772,34.43517]]]]},"properties":{"osm_id":7689292,"name":"완도군","sgg_code":"46890","mois_admin":"4689000000","admin_level":6,"code_source":"osm"}},
{"type":"Feature","geometry":{"type":"MultiPolygon","coordinates":[[[[125.94287,34.14351],[125.94828,34.14427],[125.94119,34.15252],[125.93921,34.15925],[125.93772,34.15349],[125.94097,34.15217],[125.94287,34.14351]]],[[[125.85924,34.2078],[125.86459,34.20815],[125.85743,34.21407],[125.85735,34.21753],[125.84895,34.2184],[125.84726,34.21402],[125.85924,34.2078]]],[[[125.84045,34.21957],[125.8456,34.21884],[125.84926,34.22434],[125.84333,34.22565],[125.84045,34.21957]]],[[[125.93937,34.24522],[125.93466,34.24578],[125.92852,34.2369],[125.93026,34.2305],[125.9337,34.23338],[125.93534,34.22897],[125.94367,34.23124],[125.95457,34.23984],[125.95361,34.24415],[125.94858,34.24556],[125.93998,34.23846],[125.93937,34.24522]]],[[[125.92334,34.24755],[125.92798,34.24916],[125.9266,34.25381],[125.92334,34.24755]]],[[[125.90492,34.24726],[125.9088,34.24641],[125.91916,34.25563],[125.92524,34.25575],[125.92267,34.26229],[125.9124,34.25865],[125.90151,34.25666],[125.89698,34.24718],[125.90492,34.24726]]],[[[125.99651,34.25569],[126.00652,34.26611],[126.00471,34.26977],[126.00037,34.26422],[125.99271,34.26502],[125.99666,34.2709],[125.99109,34.27914],[125.97825,34.27577],[125.97811,34.26914],[125.98208,34.2638],[125.98756,34.27092],[125.99022,34.26977],[125.98763,34.26361],[125.99388,34.26057],[125.99337,34.25365],[125.99651,34.25569]]],[[[125.9969,34.28829],[125.99409,34.29249],[125.99216,34.28743],[125.9969,34.28829]]],[[[125.97844,34.29649],[125.98409,34.29706],[125.97506,34.30427],[125.9702,34.30091],[125.97844,34.29649]]],[[[125.94275,34.30643],[125.9469,34.30724],[125.94415,34.31208],[125.94275,34.30643]]],[[[125.99895,34.31541],[126.00546,34.31305],[126.00672,34.30887],[126.01146,34.31181],[126.01912,34.30998],[126.01606,34.31775],[125.99895,34.31541]]],[[[125.95382,34.30806],[125.96443,34.31058],[125.96328,34.31551],[125.95095,34.31085],[125.95382,34.30806]]],[[[125.97075,34.30666],[125.97669,34.30866],[125.98013,34.31543],[125.97518,34.32133],[125.96846,34.32092],[125.97075,34.30666]]],[[[125.9749,34.3258],[125.97757,34.32375],[125.9809,34.32925],[125.97668,34.33036],[125.9749,34.3258]]],[[[125.9455,34.34368],[125.95787,34.34497],[125.9576,34.35076],[125.95202,34.35366],[125.9455,34.34368]]],[[[125.98735,34.34883],[125.98768,34.35328],[125.9823,34.35175],[125.98735,34.34883]]],[[[125.93377,34.36721],[125.93671,34.36541],[125.94498,34.37882],[125.9352,34.3727],[125.93377,34.36721]]],[[[125.96076,34.36481],[125.96839,34.36628],[125.97281,34.37258],[125.97049,34.37953],[125.96502,34.38144],[125.97107,34.37589],[125.96222,34.37536],[125.96076,34.36481]]],[[[126.00202,34.37623],[126.00653,34.37533],[126.00564,34.38376],[126.00202,34.37623]]],[[[126.01172,34.39895],[126.00943,34.40437],[126.00732,34.39888],[126.01172,34.39895]]],[[[125.98823,34.42198],[125.98936,34.42481],[125.98233,34.42773],[125.98823,34.42198]]],[[[126.06195,34.23912],[126.0655,34.2402],[126.06233,34.25002],[126.05356,34.2499],[126.04966,34.23987],[126.04058,34.23565],[126.03722,34.23889],[126.03065,34.23596],[126.02579,34.23854],[126.02371,34.23171],[126.03318,34.23172],[126.03727,34.22167],[126.04306,34.23225],[126.0577,34.22471],[126.05651,34.23125],[126.06158,34.23374],[126.06195,34.23912]]],[[[126.07614,34.24692],[126.07951,34.24277],[126.0875,34.24441],[126.08672,34.24966],[126.07614,34.24692]]],[[[126.04828,34.25948],[126.04905,34.2566],[126.05485,34.25881],[126.04828,34.25948]]],[[[126.10814,34.2627],[126.11124,34.26345],[126.10713,34.26896],[126.10103,34.26682],[126.09596,34.27074],[126.10065,34.26286],[126.10814,34.2627]]],[[[126.09392,34.27578],[126.08941,34.28595],[126.09275,34.28706],[126.08752,34.29226],[126.08596,34.29802],[126.08832,34.31181],[126.08074,34.30754],[126.06727,34.30745],[126.0667,34.30551],[126.05563,34.30401],[126.04601,34.30864],[126.04235,34.31631],[126.03862,34.31893],[126.03049,34.31608],[126.0351,34.31295],[126.02994,34.30976],[126.02425,34.31286],[126.02203,34.30975],[126.0332,34.30725],[126.02533,34.29913],[126.024,34.30255],[126.01812,34.29954],[126.01555,34.29199],[126.02446,34.29547],[126.0275,34.28973],[126.02306,34.28704],[126.03435,34.28291],[126.03773,34.28592],[126.04488,34.28181],[126.04953,34.28348],[126.05576,34.27438],[126.05849,34.27831],[126.05259,34.28718],[126.0657,34.28898],[126.06315,34.27742],[126.06835,34.27727],[126.0728,34.28332],[126.07855,34.28503],[126.08066,34.28149],[126.08636,34.28174],[126.09392,34.27578]]],[[[126.03711,34.33685],[126.02636,34.34274],[126.02111,34.33672],[126.01426,34.33856],[126.01691,34.33345],[126.00933,34.33331],[125.99901,34.33728],[125.99537,34.33529],[125.99478,34.32729],[126.01077,34.32129],[126.0155,34.3241],[126.01894,34.32223],[126.02339,34.33046],[126.03379,34.3246],[126.03678,34.33043],[126.04659,34.32368],[126.03835,34.32522],[126.03735,34.32277],[126.04584,34.32229],[126.05144,34.32497],[126.05739,34.31942],[126.06057,34.32131],[126.05612,34.32899],[126.04615,34.33423],[126.03711,34.33685]]],[[[126.10922,34.34172],[126.1127,34.34266],[126.11028,34.34989],[126.10922,34.34172]]],[[[126.01346,34.35598],[126.02148,34.34966],[126.01321,34.34849],[126.01917,34.34258],[126.02633,34.34367],[126.02125,34.35746],[126.01303,34.36012],[126.01346,34.35598]]],[[[126.03513,34.39445],[126.04082,34.39386],[126.03884,34.39871],[126.03412,34.40058],[126.03513,34.39445]]],[[[126.05046,34.39335],[126.05071,34.40104],[126.04011,34.40683],[126.03885,34.40309],[126.04273,34.39655],[126.05046,34.39335]]],[[[126.06161,34.4804],[126.05702,34.47948],[126.05966,34.48894],[126.06576,34.49153],[126.05886,34.49262],[126.0549,34.4981],[126.0476,34.4959],[126.05111,34.49277],[126.04488,34.4912],[126.03983,34.48012],[126.03239,34.48008],[126.0409,34.47322],[126.04211,34.46778],[126.03597,34.46199],[126.04288,34.45921],[126.04716,34.46557],[126.05344,34.46737],[126.05303,34.47263],[126.0576,34.47283],[126.07033,34.48122],[126.06663,34.48395],[126.06161,34.4804]]],[[[126.07961,34.48622],[126.08579,34.48643],[126.08513,34.49345],[126.0792,34.49195],[126.07961,34.48622]]],[[[126.10607,34.49048],[126.11048,34.49196],[126.10102,34.49386],[126.10607,34.49048]]],[[[126.17908,34.23812],[126.17734,34.2408],[126.17097,34.23974],[126.17495,34.23656],[126.17908,34.23812]]],[[[126.1733,34.24471],[126.17912,34.24271],[126.18641,34.25892],[126.18239,34.26284],[126.17647,34.25342],[126.1733,34.24471]]],[[[126.15283,34.25869],[126.15104,34.26561],[126.1434,34.26594],[126.15283,34.25869]]],[[[126.16263,34.50731],[126.1692,34.50989],[126.16314,34.51114],[126.16263,34.50731]]],[[[126.28616,34.36764],[126.2859,34.36457],[126.29202,34.36628],[126.28913,34.37003],[126.29325,34.3744],[126.29564,34.37053],[126.30197,34.37009],[126.30772,34.37342],[126.30761,34.3854],[126.29895,34.38239],[126.29652,34.38622],[126.30449,34.38889],[126.30244,34.3953],[126.29667,34.39074],[126.28414,34.38837],[126.28538,34.38065],[126.27975,34.37129],[126.28616,34.36764]]],[[[126.35309,34.40646],[126.35753,34.40605],[126.357,34.41226],[126.35309,34.40646]]],[[[126.37216,34.4146],[126.36398,34.4153],[126.36531,34.41004],[126.37179,34.40837],[126.37216,34.4146]]],[[[126.20473,34.49616],[126.19158,34.49398],[126.18833,34.49658],[126.18896,34.50455],[126.19251,34.51081],[126.1906,34.51425],[126.17814,34.50151],[126.17257,34.48464],[126.15926,34.48233],[126.14636,34.47638],[126.1429,34.47082],[126.13321,34.46548],[126.12708,34.4655],[126.11656,34.45947],[126.11831,34.45365],[126.12681,34.45275],[126.12542,34.4469],[126.13068,34.44226],[126.12152,34.44436],[126.11826,34.44934],[126.11157,34.44767],[126.09604,34.43382],[126.10031,34.43216],[126.09327,34.42845],[126.09749,34.42197],[126.09012,34.42008],[126.09025,34.41503],[126.09669,34.40942],[126.09729,34.40408],[126.1117,34.39367],[126.109,34.39248],[126.11418,34.38604],[126.11476,34.38109],[126.12667,34.37834],[126.13002,34.38541],[126.14327,34.38508],[126.14204,34.37819],[126.13426,34.37381],[126.13773,34.37004],[126.136,34.36427],[126.12939,34.36047],[126.13846,34.35722],[126.14602,34.35801],[126.14473,34.36496],[126.15565,34.36563],[126.15652,34.35637],[126.16571,34.35231],[126.17387,34.35299],[126.18018,34.35923],[126.18267,34.35796],[126.17991,34.35092],[126.18535,34.35164],[126.18614,34.35557],[126.2057,34.36088],[126.21387,34.3604],[126.21291,34.36412],[126.20281,34.3712],[126.21376,34.37088],[126.22153,34.36724],[126.22955,34.37034],[126.23301,34.37431],[126.23388,34.36854],[126.23985,34.37086],[126.24369,34.37879],[126.25499,34.37899],[126.2543,34.38097],[126.26766,34.37791],[126.26781,34.38457],[126.26003,34.3858],[126.26052,34.39239],[126.26552,34.39751],[126.27606,34.39634],[126.27638,34.3907],[126.28027,34.39014],[126.28347,34.39455],[126.28961,34.39354],[126.29697,34.39815],[126.29171,34.40286],[126.29303,34.409],[126.29887,34.40845],[126.30037,34.40332],[126.30613,34.4026],[126.30095,34.41293],[126.30209,34.41452],[126.31486,34.40274],[126.31317,34.41412],[126.31101,34.41594],[126.31958,34.41984],[126.32079,34.42435],[126.32644,34.41479],[126.32094,34.41268],[126.32733,34.40646],[126.32073,34.40533],[126.32872,34.39699],[126.33114,34.40093],[126.33628,34.4002],[126.33739,34.40673],[126.33539,34.41436],[126.34207,34.41531],[126.34283,34.41991],[126.35198,34.42683],[126.35142,34.43044],[126.35764,34.43794],[126.36577,34.44324],[126.35793,34.45615],[126.36566,34.46436],[126.37115,34.46558],[126.37147,34.47132],[126.36072,34.47301],[126.35773,34.48064],[126.36308,34.48457],[126.37722,34.48446],[126.37931,34.4783],[126.3848,34.48159],[126.37882,34.48626],[126.37854,34.49255],[126.37312,34.49628],[126.37286,34.50039],[126.38263,34.50294],[126.377,34.50825],[126.37738,34.51233],[126.36422,34.5184],[126.36181,34.5249],[126.3515,34.52743],[126.3538,34.53236],[126.34517,34.53774],[126.34533,34.54245],[126.33732,34.54307],[126.33908,34.55144],[126.33082,34.54694],[126.32655,34.54686],[126.32555,34.54039],[126.31418,34.54385],[126.31108,34.55074],[126.30066,34.55636],[126.30968,34.56281],[126.29767,34.57412],[126.29146,34.57225],[126.29059,34.57771],[126.2816,34.57677],[126.27845,34.58396],[126.265,34.58574],[126.26355,34.58359],[126.2577,34.58746],[126.25358,34.58409],[126.25056,34.58939],[126.24034,34.58669],[126.23839,34.58345],[126.24391,34.58278],[126.23997,34.57576],[126.24001,34.57056],[126.2504,34.56411],[126.25066,34.56096],[126.23546,34.53566],[126.23046,34.53484],[126.22539,34.54138],[126.22477,34.53006],[126.21822,34.53248],[126.21173,34.52673],[126.22311,34.51628],[126.21087,34.51682],[126.20319,34.51491],[126.1979,34.50773],[126.20353,34.50661],[126.20777,34.50154],[126.20473,34.49616]]]]},"properties":{"osm_id":7689293,"name":"진도군","sgg_code":"46900","mois_admin":"4690000000","admin_level":6,"code_source":"osm"}},
{"type":"Feature","geometry":{"type":"MultiPolygon","coordinates":[[[[126.26187,35.05366],[126.26147,35.06431],[126.257,35.06932],[126.24459,35.07713],[126.24485,35.08496],[126.24767,35.08859],[126.24829,35.09714],[126.23588,35.10142],[126.23218,35.09868],[126.22715,35.10289],[126.21813,35.10652],[126.20969,35.10301],[126.19035,35.11261],[126.18046,35.10796],[126.17911,35.10473],[126.17385,35.10614],[126.16651,35.10134],[126.15832,35.09862],[126.1582,35.08734],[126.16569,35.08346],[126.15954,35.07204],[126.16158,35.06673],[126.16839,35.07229],[126.17297,35.0636],[126.17923,35.06662],[126.18248,35.05783],[126.19909,35.06268],[126.20709,35.05466],[126.22252,35.05792],[126.23269,35.05307],[126.23523,35.04423],[126.22769,35.03804],[126.23085,35.03525],[126.22851,35.02771],[126.23183,35.02607],[126.22685,35.02259],[126.2297,35.01716],[126.24087,35.01906],[126.24272,35.02737],[126.24905,35.01199],[126.25591,35.01272],[126.25992,35.01884],[126.26709,35.02402],[126.26657,35.02918],[126.27457,35.03447],[126.27412,35.03779],[126.26413,35.04257],[126.26003,35.05328],[126.26187,35.05366]]],[[[125.13579,34.05028],[125.14275,34.05008],[125.14045,34.05719],[125.12921,34.06407],[125.11935,34.07709],[125.12331,34.0873],[125.11525,34.08641],[125.10929,34.0955],[125.09727,34.09597],[125.09484,34.08522],[125.09472,34.07391],[125.08546,34.07433],[125.10148,34.07021],[125.11403,34.06214],[125.11666,34.05107],[125.12297,34.04787],[125.1259,34.05141],[125.13579,34.05028]]],[[[125.47541,34.20432],[125.48213,34.20498],[125.47198,34.20781],[125.47371,34.21194],[125.46914,34.21447],[125.46474,34.20503],[125.47541,34.20432]]],[[[125.30504,34.39125],[125.29818,34.39589],[125.29837,34.39141],[125.29217,34.39102],[125.28533,34.40302],[125.28626,34.39352],[125.29016,34.39245],[125.29284,34.38315],[125.29753,34.37996],[125.29995,34.38733],[125.30718,34.38146],[125.31255,34.38789],[125.30504,34.39125]]],[[[125.28275,34.41902],[125.2897,34.42465],[125.28263,34.43111],[125.27679,34.42935],[125.28275,34.41902]]],[[[125.28203,34.4345],[125.28785,34.43537],[125.29441,34.43998],[125.29404,34.45159],[125.2877,34.44872],[125.27823,34.43678],[125.28203,34.4345]]],[[[125.47122,34.6439],[125.47753,34.64945],[125.47668,34.65384],[125.46426,34.656],[125.46622,34.65217],[125.46114,34.652],[125.45586,34.64802],[125.46062,34.64561],[125.45729,34.64234],[125.46271,34.63891],[125.47122,34.6439]]],[[[125.41798,34.69827],[125.41157,34.69657],[125.4067,34.68896],[125.41023,34.68516],[125.40531,34.67882],[125.39708,34.67374],[125.39554,34.66889],[125.39752,34.66176],[125.38783,34.6603],[125.38842,34.65361],[125.39439,34.65079],[125.39721,34.65273],[125.39783,34.64546],[125.38485,34.64288],[125.39507,34.631],[125.4,34.62923],[125.40081,34.62485],[125.41198,34.62437],[125.40875,34.63111],[125.4112,34.64419],[125.42781,34.64512],[125.42254,34.66014],[125.43454,34.65927],[125.44144,34.66463],[125.43978,34.67148],[125.4444,34.67023],[125.44334,34.68182],[125.4482,34.68158],[125.45041,34.68559],[125.45875,34.68201],[125.46377,34.68747],[125.46189,34.69351],[125.45272,34.69394],[125.45182,34.6891],[125.44555,34.69301],[125.44187,34.68413],[125.42915,34.6849],[125.42703,34.69043],[125.43063,34.69588],[125.41798,34.69827]]],[[[125.37786,34.67601],[125.37895,34.6799],[125.36968,34.68063],[125.36119,34.67543],[125.36448,34.66923],[125.37031,34.66708],[125.37786,34.67601]]],[[[125.38037,34.68253],[125.38533,34.68235],[125.38831,34.6876],[125.38037,34.68253]]],[[[125.18526,34.66761],[125.18824,34.67521],[125.1931,34.67415],[125.19129,34.67945],[125.19326,34.68403],[125.20287,34.68174],[125.21269,34.69963],[125.21126,34.71203],[125.20782,34.71431],[125.20072,34.71195],[125.20187,34.70544],[125.19248,34.69346],[125.19226,34.6863],[125.17832,34.68297],[125.17991,34.67315],[125.18526,34.66761]]],[[[125.45223,34.72518],[125.45531,34.7203],[125.46068,34.7198],[125.45861,34.71602],[125.46444,34.71485],[125.46537,34.72347],[125.4768,34.73144],[125.46797,34.7333],[125.45567,34.74296],[125.45511,34.73918],[125.46401,34.7317],[125.45458,34.73074],[125.45223,34.72518]]],[[[125.44075,34.73295],[125.44808,34.73242],[125.44521,34.73767],[125.45117,34.73781],[125.44309,34.7429],[125.43734,34.74175],[125.44161,34.73643],[125.44075,34.73295]]],[[[125.43232,34.74937],[125.43519,34.75366],[125.42641,34.75691],[125.43232,34.74937]]],[[[125.88264,34.56328],[125.89045,34.56341],[125.88692,34.56688],[125.88264,34.56328]]],[[[125.97534,34.58652],[125.97513,34.59275],[125.98329,34.60195],[125.97255,34.59974],[125.966,34.59663],[125.95736,34.59784],[125.96034,34.59488],[125.97298,34.59539],[125.97463,34.58989],[125.9669,34.58041],[125.96973,34.57786],[125.97815,34.58],[125.97534,34.58652]]],[[[126.0012,34.6041],[125.9968,34.5985],[126.00139,34.59722],[126.00669,34.60005],[126.00535,34.60735],[126.0012,34.6041]]],[[[125.89081,34.59873],[125.88625,34.60468],[125.88562,34.60988],[125.87921,34.6096],[125.87329,34.61512],[125.87855,34.6061],[125.88684,34.60276],[125.89081,34.59873]]],[[[125.86859,34.6059],[125.87269,34.60639],[125.8714,34.61194],[125.86859,34.6059]]],[[[125.83599,34.62166],[125.82197,34.61387],[125.81693,34.6158],[125.8113,34.622],[125.80422,34.62322],[125.80388,34.61997],[125.8143,34.61713],[125.81369,34.61049],[125.8204,34.61202],[125.82692,34.61064],[125.82435,34.6018],[125.82264,34.60365],[125.81153,34.60306],[125.81122,34.59668],[125.81693,34.59359],[125.82161,34.59448],[125.82486,34.60076],[125.83898,34.59935],[125.84202,34.59709],[125.84606,34.60261],[125.85918,34.60468],[125.85978,34.61374],[125.85613,34.62969],[125.84607,34.62875],[125.84749,34.62622],[125.83599,34.62166]]],[[[125.99385,34.6285],[125.99324,34.62212],[125.99849,34.61777],[125.99113,34.61821],[125.98783,34.61563],[125.9932,34.60857],[125.99423,34.61386],[125.99904,34.61158],[125.9967,34.60622],[126.00917,34.61115],[126.01012,34.61681],[126.00331,34.63044],[125.99385,34.6285]]],[[[125.97323,34.61971],[125.97622,34.619],[125.97935,34.62524],[125.97461,34.63433],[125.96917,34.63627],[125.96951,34.63957],[125.95924,34.64463],[125.95179,34.63678],[125.94886,34.63987],[125.94652,34.63466],[125.95925,34.62352],[125.96257,34.62912],[125.97323,34.61971]]],[[[126.00542,34.63661],[126.00771,34.63477],[126.0126,34.63911],[126.01864,34.63935],[126.01713,34.64388],[126.0078,34.64375],[126.00795,34.63987],[126.00274,34.64174],[126.00542,34.63661]]],[[[125.88537,34.65197],[125.89094,34.65022],[125.89542,34.65274],[125.88403,34.65445],[125.88537,34.65197]]],[[[126.00365,34.70239],[125.99981,34.70291],[125.99038,34.71122],[125.9928,34.71401],[125.99063,34.71921],[125.98189,34.72202],[125.97898,34.7158],[125.97216,34.72618],[125.96839,34.72664],[125.96448,34.736],[125.96133,34.73737],[125.9588,34.73262],[125.94772,34.72224],[125.94698,34.71527],[125.94213,34.71338],[125.9372,34.71577],[125.91568,34.71072],[125.9166,34.70133],[125.91396,34.69715],[125.91417,34.68856],[125.92052,34.68937],[125.92221,34.68584],[125.91677,34.68499],[125.91819,34.67721],[125.92269,34.68004],[125.92081,34.67152],[125.92696,34.67878],[125.93285,34.68002],[125.93362,34.67125],[125.93984,34.66365],[125.94074,34.66722],[125.94858,34.66775],[125.9476,34.67185],[125.95224,34.6728],[125.95769,34.66888],[125.95334,34.66124],[125.95617,34.65772],[125.9651,34.65659],[125.97539,34.65989],[125.9797,34.66433],[125.97656,34.66696],[125.97857,34.67181],[125.98708,34.67459],[125.98738,34.67841],[125.99429,34.67966],[126.01017,34.68837],[126.01026,34.69787],[126.01314,34.70197],[126.00365,34.70239]]],[[[125.94234,34.77803],[125.92792,34.77531],[125.90765,34.77655],[125.90592,34.77927],[125.89799,34.778],[125.89797,34.77401],[125.90351,34.77209],[125.89766,34.76833],[125.88959,34.76659],[125.89855,34.76011],[125.89093,34.75884],[125.89044,34.74695],[125.88697,34.73897],[125.89944,34.72666],[125.90266,34.72792],[125.90342,34.72146],[125.91692,34.71632],[125.92556,34.72022],[125.93545,34.7202],[125.94184,34.72603],[125.93853,34.72736],[125.94939,34.73412],[125.94344,34.73701],[125.93626,34.74741],[125.93901,34.75465],[125.94927,34.75766],[125.95613,34.75358],[125.95746,34.75988],[125.95245,34.76547],[125.95909,34.76569],[125.95861,34.74924],[125.96189,34.74758],[125.96351,34.753],[125.97176,34.75904],[125.97709,34.75392],[125.98344,34.76067],[125.99751,34.76158],[126.00005,34.7726],[125.98949,34.77221],[125.9852,34.77439],[125.99322,34.7807],[126.0007,34.7938],[125.99613,34.80607],[125.99085,34.80294],[125.97321,34.80189],[125.9725,34.79619],[125.96125,34.78588],[125.95958,34.78859],[125.95231,34.78902],[125.95406,34.78431],[125.94234,34.77803]]],[[[125.90693,34.78965],[125.91015,34.78846],[125.91491,34.79259],[125.90857,34.79519],[125.90693,34.78965]]],[[[125.95464,34.81842],[125.95486,34.8138],[125.95926,34.8225],[125.95464,34.81842]]],[[[125.94023,35.05803],[125.94909,35.05847],[125.94776,35.06396],[125.94023,35.05803]]],[[[125.92249,35.06205],[125.92673,35.06425],[125.92216,35.067],[125.92249,35.06205]]],[[[125.91746,35.07863],[125.92426,35.07796],[125.92172,35.084],[125.91772,35.08522],[125.91746,35.07863]]],[[[125.98374,35.1044],[125.97744,35.10441],[125.9825,35.10043],[125.98969,35.10214],[125.98713,35.10639],[125.98374,35.1044]]],[[[125.88343,35.13786],[125.87948,35.13889],[125.88591,35.13228],[125.88343,35.13786]]],[[[125.91053,35.13605],[125.90215,35.14172],[125.90298,35.13243],[125.90951,35.13122],[125.91053,35.13605]]],[[[125.91147,35.20955],[125.90586,35.20964],[125.91027,35.2054],[125.91147,35.20955]]],[[[126.09997,34.56107],[126.09525,34.56389],[126.09767,34.56647],[126.09193,34.56882],[126.09568,34.57435],[126.1038,34.57603],[126.09888,34.58031],[126.10511,34.57939],[126.10277,34.58349],[126.11141,34.5889],[126.10592,34.58954],[126.10344,34.59544],[126.09847,34.59684],[126.10289,34.6051],[126.09942,34.60919],[126.09327,34.6065],[126.08889,34.60776],[126.0828,34.61393],[126.083,34.61833],[126.06939,34.62808],[126.05885,34.62747],[126.05579,34.63022],[126.0496,34.62791],[126.04998,34.62002],[126.04761,34.61496],[126.05073,34.60924],[126.05931,34.6127],[126.06753,34.60364],[126.06828,34.5943],[126.07482,34.58404],[126.08703,34.5845],[126.08537,34.5801],[126.07261,34.57076],[126.06277,34.55938],[126.04519,34.56515],[126.03321,34.56337],[126.02633,34.55563],[126.03416,34.55179],[126.03789,34.55813],[126.04811,34.55486],[126.05418,34.55695],[126.06069,34.55307],[126.05588,34.54762],[126.05035,34.54782],[126.04538,34.5426],[126.04696,34.5387],[126.03646,34.53842],[126.03322,34.54331],[126.02804,34.54302],[126.02561,34.53571],[126.0314,34.53116],[126.04057,34.53433],[126.04136,34.53129],[126.04878,34.52978],[126.0569,34.53099],[126.05734,34.5345],[126.06355,34.5336],[126.063,34.54038],[126.06617,34.5376],[126.07687,34.54039],[126.08603,34.5461],[126.08206,34.55487],[126.08991,34.55631],[126.09532,34.55394],[126.10224,34.55729],[126.09997,34.56107]]],[[[126.0192,34.57572],[126.01951,34.56387],[126.02939,34.56546],[126.03127,34.57224],[126.04028,34.5721],[126.04129,34.56807],[126.05029,34.5713],[126.05583,34.56827],[126.06025,34.57175],[126.06493,34.58287],[126.06078,34.58557],[126.06104,34.59223],[126.05478,34.6046],[126.04544,34.60192],[126.03933,34.6053],[126.03258,34.61236],[126.04154,34.62277],[126.03937,34.63025],[126.01614,34.63549],[126.01085,34.63268],[126.01612,34.61561],[126.01075,34.60585],[126.01381,34.60551],[126.0143,34.59608],[126.01985,34.60022],[126.02598,34.59514],[126.0262,34.59134],[126.01409,34.58547],[126.0192,34.57572]]],[[[126.11596,34.61835],[126.12592,34.61919],[126.12088,34.62452],[126.10818,34.62288],[126.10973,34.61883],[126.11596,34.61835]]],[[[126.08597,34.6319],[126.08479,34.63778],[126.08026,34.63781],[126.08597,34.6319]]],[[[126.04615,34.64511],[126.05108,34.65127],[126.04654,34.66004],[126.0478,34.6688],[126.04489,34.66804],[126.04435,34.65391],[126.04222,34.65119],[126.04615,34.64511]]],[[[126.03418,34.66796],[126.03991,34.66921],[126.03432,34.67283],[126.03418,34.66796]]],[[[126.06431,34.67425],[126.06965,34.67149],[126.07226,34.68075],[126.07929,34.68521],[126.0795,34.69083],[126.06458,34.68411],[126.0677,34.68189],[126.06277,34.67893],[126.06431,34.67425]]],[[[126.11,34.69954],[126.10912,34.70236],[126.11413,34.70746],[126.11193,34.71257],[126.10187,34.71159],[126.0948,34.70699],[126.09625,34.70031],[126.10233,34.69702],[126.10907,34.70234],[126.11,34.69954]]],[[[126.02084,34.74524],[126.01365,34.7489],[126.01388,34.73243],[126.01795,34.73301],[126.0187,34.72373],[126.02811,34.72304],[126.02988,34.72781],[126.02446,34.73866],[126.02486,34.74555],[126.02084,34.74524]]],[[[126.12603,34.77006],[126.11719,34.77043],[126.10749,34.76628],[126.09544,34.77046],[126.08866,34.77484],[126.08858,34.7671],[126.08452,34.76392],[126.07846,34.76701],[126.0639,34.76668],[126.0767,34.76374],[126.08191,34.75074],[126.07349,34.74669],[126.06988,34.73478],[126.08008,34.72321],[126.08127,34.71991],[126.07358,34.71185],[126.0746,34.70894],[126.08141,34.70831],[126.0828,34.71628],[126.09792,34.7208],[126.10973,34.71863],[126.11794,34.71465],[126.12308,34.71793],[126.12407,34.72424],[126.13517,34.72842],[126.14198,34.72783],[126.13918,34.72122],[126.14738,34.7177],[126.14973,34.71417],[126.14591,34.70262],[126.14931,34.69966],[126.1583,34.70359],[126.16706,34.69978],[126.17563,34.70047],[126.17808,34.70643],[126.17675,34.71431],[126.18265,34.72391],[126.17943,34.72505],[126.17811,34.73541],[126.17413,34.74324],[126.16737,34.74705],[126.17243,34.74918],[126.16298,34.7543],[126.16276,34.75718],[126.15012,34.75703],[126.15103,34.75407],[126.14443,34.75169],[126.13972,34.75585],[126.13574,34.75545],[126.12704,34.76415],[126.12603,34.77006]]],[[[126.04803,34.75765],[126.04846,34.75316],[126.056,34.75058],[126.05943,34.73941],[126.06041,34.7562],[126.05074,34.75669],[126.056,34.76858],[126.05077,34.76716],[126.04011,34.7564],[126.04803,34.75765]]],[[[126.01952,34.7552],[126.02523,34.75253],[126.02914,34.75689],[126.02263,34.76492],[126.01742,34.76657],[126.01952,34.7552]]],[[[126.08485,34.77316],[126.07511,34.77676],[126.07758,34.77326],[126.08485,34.77316]]],[[[126.03641,34.77387],[126.03456,34.77954],[126.02839,34.78066],[126.02878,34.77677],[126.03641,34.77387]]],[[[126.16407,34.77033],[126.16355,34.77939],[126.15725,34.78159],[126.16084,34.79039],[126.16577,34.78902],[126.17094,34.79402],[126.16288,34.79942],[126.15698,34.79751],[126.15231,34.80131],[126.15286,34.81071],[126.14655,34.81239],[126.14323,34.8046],[126.14852,34.79927],[126.13995,34.79705],[126.13902,34.79937],[126.12502,34.79555],[126.12386,34.79779],[126.11798,34.79098],[126.11323,34.79427],[126.10785,34.79116],[126.09899,34.79177],[126.09305,34.78818],[126.08438,34.79216],[126.08579,34.78895],[126.09413,34.78444],[126.09624,34.78556],[126.1043,34.77839],[126.11248,34.7777],[126.11369,34.78053],[126.12764,34.78044],[126.13642,34.76603],[126.14131,34.76084],[126.14502,34.76464],[126.15182,34.76153],[126.15976,34.76582],[126.16496,34.76595],[126.16407,34.77033]]],[[[126.07387,34.80943],[126.07269,34.8129],[126.06639,34.81313],[126.06423,34.81918],[126.06083,34.81815],[126.05635,34.82284],[126.04449,34.82653],[126.04454,34.82027],[126.0489,34.81463],[126.05537,34.81416],[126.05837,34.80859],[126.06527,34.8076],[126.06807,34.8007],[126.07571,34.79417],[126.07934,34.7981],[126.07387,34.80943]]],[[[126.0746,34.82406],[126.0801,34.81897],[126.08853,34.81686],[126.09647,34.80599],[126.09205,34.79966],[126.09416,34.79635],[126.10162,34.79675],[126.10538,34.80041],[126.11872,34.80054],[126.11886,34.80703],[126.12305,34.81183],[126.11725,34.81687],[126.11415,34.82615],[126.12045,34.82936],[126.12064,34.83431],[126.12446,34.83596],[126.13308,34.83218],[126.13742,34.82684],[126.13957,34.83552],[126.14754,34.83841],[126.15095,34.84539],[126.13937,34.8523],[126.13484,34.85132],[126.13277,34.85989],[126.13536,34.8623],[126.14978,34.85885],[126.15699,34.86057],[126.15746,34.86538],[126.15198,34.87045],[126.1466,34.86965],[126.14796,34.87376],[126.14312,34.87668],[126.14175,34.88184],[126.13825,34.87527],[126.1307,34.87599],[126.13087,34.8806],[126.12441,34.87925],[126.11412,34.88315],[126.11414,34.87979],[126.10811,34.87768],[126.11227,34.87479],[126.10928,34.86878],[126.11627,34.85848],[126.12018,34.85775],[126.11487,34.85084],[126.10304,34.85124],[126.09151,34.85565],[126.08666,34.86101],[126.07311,34.85065],[126.05862,34.84978],[126.06095,34.8449],[126.07663,34.8281],[126.0746,34.82406]]],[[[126.07645,34.9322],[126.06869,34.9367],[126.06307,34.93353],[126.05611,34.93802],[126.06099,34.93054],[126.05776,34.92687],[126.06143,34.9217],[126.05621,34.9133],[126.04544,34.90994],[126.04,34.91124],[126.04012,34.91898],[126.03464,34.91966],[126.03747,34.9156],[126.03145,34.90894],[126.02274,34.90712],[126.01744,34.90939],[126.01308,34.90709],[126.00761,34.89651],[125.98952,34.87528],[125.9823,34.87704],[125.97406,34.87388],[125.96836,34.87667],[125.97145,34.87103],[125.97836,34.87443],[125.98269,34.86684],[125.9768,34.86559],[125.98384,34.86318],[125.98789,34.86585],[126.00221,34.8647],[126.00741,34.85942],[126.02386,34.87042],[126.02001,34.86181],[126.02331,34.85803],[126.02974,34.85958],[126.03373,34.85671],[126.04265,34.84469],[126.05009,34.85501],[126.06688,34.85724],[126.06794,34.86373],[126.08471,34.86461],[126.0789,34.87149],[126.08126,34.881],[126.08321,34.87727],[126.0947,34.87591],[126.0978,34.88023],[126.09394,34.88338],[126.09843,34.88465],[126.09937,34.8903],[126.08999,34.89086],[126.08413,34.89461],[126.08521,34.90008],[126.09518,34.90457],[126.09901,34.90987],[126.08415,34.91202],[126.08342,34.91562],[126.09018,34.91798],[126.09059,34.92282],[126.08108,34.92009],[126.07533,34.92409],[126.07956,34.93022],[126.07645,34.9322]]],[[[126.0299,35.08932],[126.02123,35.09973],[126.01288,35.09983],[126.01006,35.09307],[126.01217,35.08659],[126.01738,35.087],[126.01605,35.08258],[126.02372,35.07992],[126.027,35.07623],[126.03021,35.08251],[126.0299,35.08932]]],[[[126.10767,35.05011],[126.10233,35.05684],[126.11134,35.06096],[126.11739,35.06095],[126.10888,35.06965],[126.1216,35.07502],[126.11949,35.07996],[126.11058,35.08371],[126.12277,35.08174],[126.12174,35.09265],[126.11632,35.0967],[126.11937,35.10192],[126.11635,35.10668],[126.11933,35.11163],[126.11734,35.11654],[126.12519,35.13592],[126.14056,35.13595],[126.14775,35.13997],[126.14878,35.14422],[126.15674,35.14252],[126.16367,35.14583],[126.15022,35.14714],[126.145,35.14464],[126.14393,35.14046],[126.13631,35.14447],[126.11655,35.14056],[126.11497,35.13658],[126.10738,35.12894],[126.1032,35.12789],[126.09073,35.11441],[126.07413,35.10399],[126.0622,35.10439],[126.04882,35.1024],[126.05577,35.09518],[126.0465,35.09083],[126.0423,35.08591],[126.04458,35.0799],[126.04807,35.08125],[126.05793,35.07631],[126.05498,35.06774],[126.04679,35.06733],[126.03809,35.07058],[126.03884,35.06646],[126.0475,35.0648],[126.04864,35.06119],[126.05638,35.06437],[126.06008,35.06242],[126.05769,35.05691],[126.06462,35.05642],[126.05895,35.0662],[126.06277,35.06961],[126.0693,35.06679],[126.07726,35.0697],[126.07412,35.05957],[126.1012,35.04804],[126.10767,35.05011]]],[[[126.0599,35.10964],[126.06576,35.10856],[126.05756,35.11408],[126.0599,35.10964]]],[[[126.0458,35.115],[126.04191,35.11245],[126.04889,35.1088],[126.0458,35.115]]],[[[126.1486,34.56263],[126.15662,34.56648],[126.14839,34.57135],[126.14581,34.56537],[126.1486,34.56263]]],[[[126.19042,34.57508],[126.19639,34.57444],[126.20023,34.58174],[126.19554,34.58233],[126.19042,34.57508]]],[[[126.14283,34.5769],[126.14651,34.57489],[126.14896,34.5815],[126.13845,34.58065],[126.14283,34.5769]]],[[[126.20709,34.62046],[126.21323,34.61763],[126.21511,34.62579],[126.20697,34.62532],[126.20591,34.62263],[126.19785,34.62725],[126.19504,34.62524],[126.19928,34.62127],[126.20709,34.62046]]],[[[126.12816,34.65569],[126.12758,34.65222],[126.11492,34.65155],[126.11406,34.64632],[126.12194,34.6425],[126.1237,34.64567],[126.13223,34.64169],[126.12955,34.63377],[126.12204,34.62932],[126.1297,34.62098],[126.12202,34.61558],[126.13029,34.61333],[126.13383,34.61877],[126.15054,34.62057],[126.15715,34.62672],[126.16339,34.62846],[126.16667,34.62389],[126.17444,34.62147],[126.17987,34.62595],[126.18093,34.63047],[126.18962,34.63331],[126.19772,34.63231],[126.20191,34.63538],[126.20013,34.6424],[126.18626,34.63759],[126.1877,34.64089],[126.18255,34.64444],[126.18778,34.65078],[126.18006,34.6557],[126.17422,34.656],[126.17713,34.65966],[126.17491,34.66351],[126.17038,34.66183],[126.15784,34.66942],[126.15556,34.67249],[126.14973,34.67203],[126.14347,34.6673],[126.1413,34.66207],[126.13413,34.65791],[126.13019,34.66038],[126.12816,34.65569]]],[[[126.14686,34.6941],[126.14235,34.69863],[126.13898,34.69766],[126.13716,34.69131],[126.14452,34.68717],[126.14686,34.6941]]],[[[126.1809,34.69689],[126.17755,34.68812],[126.16844,34.69138],[126.16058,34.68826],[126.17042,34.67954],[126.17859,34.68087],[126.18612,34.68497],[126.18911,34.68046],[126.19635,34.68506],[126.19268,34.69715],[126.20128,34.69948],[126.20173,34.70241],[126.19053,34.70368],[126.1809,34.69689]]],[[[126.12316,34.70575],[126.13223,34.70379],[126.1367,34.70708],[126.13065,34.71262],[126.12188,34.71276],[126.12316,34.70575]]],[[[126.17413,34.78813],[126.16862,34.78619],[126.17212,34.77766],[126.17413,34.78813]]],[[[126.15354,34.81565],[126.1585,34.81301],[126.15776,34.8231],[126.15354,34.81565]]],[[[126.22088,34.85167],[126.21529,34.85137],[126.21869,34.84752],[126.22088,34.85167]]],[[[126.16581,34.87963],[126.16867,34.8753],[126.16881,34.88419],[126.16472,34.88442],[126.16581,34.87963]]],[[[126.18039,34.89204],[126.17334,34.88816],[126.17871,34.88225],[126.18885,34.88974],[126.18944,34.89535],[126.17824,34.89944],[126.18039,34.89204]]],[[[126.19829,34.91613],[126.19842,34.92036],[126.1924,34.91732],[126.19829,34.91613]]],[[[126.1933,34.92478],[126.19475,34.92102],[126.19985,34.92404],[126.19192,34.93098],[126.1933,34.92478]]],[[[126.20188,34.92923],[126.20813,34.92786],[126.20152,34.93674],[126.19568,34.93481],[126.20188,34.92923]]],[[[126.19052,34.94669],[126.19519,34.93961],[126.20597,34.93858],[126.21008,34.94226],[126.20807,34.9457],[126.19423,34.95023],[126.19052,34.94669]]],[[[126.15901,34.94083],[126.16605,34.94421],[126.16239,34.95237],[126.16322,34.95823],[126.15705,34.95389],[126.16131,34.94717],[126.15901,34.94083]]],[[[126.21198,34.95556],[126.21361,34.95943],[126.21711,34.98431],[126.21262,34.98507],[126.21177,34.98023],[126.19869,34.96934],[126.1997,34.96404],[126.20685,34.95628],[126.21198,34.95556]]],[[[126.10424,34.99861],[126.12106,34.99716],[126.12154,35.00049],[126.13294,35.00158],[126.13807,34.99507],[126.14285,34.99268],[126.14418,34.98653],[126.13202,34.9929],[126.13549,34.98378],[126.13652,34.96786],[126.13022,34.95946],[126.12735,34.94935],[126.13687,34.94832],[126.13755,34.95363],[126.14172,34.95349],[126.14412,34.96876],[126.15003,34.97087],[126.15494,34.96856],[126.16228,34.97161],[126.16805,34.96713],[126.17571,34.97323],[126.18056,34.97386],[126.1775,34.97873],[126.17983,34.99424],[126.16567,35.00359],[126.16704,35.00799],[126.16271,35.00883],[126.16542,35.01446],[126.15544,35.02219],[126.14103,35.02231],[126.13293,35.02687],[126.12477,35.02429],[126.12803,35.02214],[126.12351,35.01772],[126.1132,35.01467],[126.11535,35.01157],[126.10983,35.00985],[126.10651,35.00492],[126.10061,35.0078],[126.09814,35.00281],[126.10424,34.99861]]],[[[126.23392,34.99876],[126.23045,35.00238],[126.22581,34.99805],[126.23392,34.99876]]],[[[126.19862,35.00946],[126.19543,35.00645],[126.20206,35.00608],[126.19862,35.00946]]],[[[126.19051,35.01431],[126.19265,35.0089],[126.19558,35.01518],[126.19051,35.01431]]],[[[126.18499,35.04299],[126.1805,35.04751],[126.17999,35.05212],[126.16625,35.05633],[126.1587,35.05389],[126.15245,35.05456],[126.14486,35.05982],[126.14277,35.05616],[126.13734,35.05761],[126.13359,35.05146],[126.12826,35.04828],[126.13672,35.04733],[126.13355,35.04277],[126.13945,35.04243],[126.14666,35.03797],[126.1491,35.0314],[126.1632,35.03559],[126.16792,35.03288],[126.16807,35.02591],[126.1785,35.02537],[126.18253,35.0273],[126.18379,35.0216],[126.19629,35.01775],[126.19594,35.03031],[126.1992,35.03091],[126.20099,35.03841],[126.19343,35.04443],[126.18499,35.04299]]],[[[126.20319,35.04315],[126.20549,35.03955],[126.20963,35.04108],[126.20738,35.05235],[126.20226,35.05851],[126.19418,35.05624],[126.19952,35.05165],[126.20319,35.04315]]],[[[126.13735,35.08454],[126.14379,35.08236],[126.14675,35.08425],[126.14632,35.09121],[126.13361,35.09339],[126.1307,35.0833],[126.13735,35.08454]]],[[[126.20426,35.11199],[126.20992,35.1154],[126.20527,35.12143],[126.19978,35.11509],[126.20426,35.11199]]],[[[126.20491,35.12404],[126.20907,35.12663],[126.20153,35.12904],[126.20491,35.12404]]],[[[126.20211,35.14743],[126.19712,35.14756],[126.1826,35.14157],[126.18525,35.13556],[126.18347,35.13008],[126.19279,35.13255],[126.19601,35.13881],[126.20085,35.13717],[126.20373,35.14442],[126.20211,35.14743]]],[[[126.30947,34.84249],[126.30333,34.841],[126.30588,34.83786],[126.30947,34.84249]]],[[[126.24003,34.84799],[126.25185,34.84119],[126.26516,34.84135],[126.27326,34.84918],[126.27654,34.85564],[126.29151,34.85498],[126.29459,34.85022],[126.30248,34.85401],[126.31252,34.85322],[126.31648,34.84633],[126.3203,34.85048],[126.32919,34.85104],[126.33447,34.84834],[126.33931,34.8386],[126.3439,34.84213],[126.34591,34.83524],[126.33742,34.83379],[126.3361,34.8267],[126.32673,34.82454],[126.33806,34.81633],[126.34303,34.81854],[126.34751,34.81445],[126.35773,34.81515],[126.36139,34.82322],[126.36726,34.82402],[126.36557,34.83141],[126.37288,34.83248],[126.37075,34.8373],[126.36538,34.83626],[126.36546,34.83983],[126.37091,34.84199],[126.37138,34.84615],[126.36728,34.85266],[126.36705,34.85766],[126.36276,34.8562],[126.3568,34.86375],[126.34013,34.86438],[126.32413,34.86132],[126.31672,34.86448],[126.31429,34.8682],[126.32092,34.86823],[126.32502,34.87356],[126.31327,34.87783],[126.31706,34.88297],[126.32553,34.88229],[126.3266,34.89169],[126.33592,34.887],[126.33708,34.89353],[126.34308,34.89459],[126.35155,34.89093],[126.35145,34.89859],[126.34364,34.89959],[126.33614,34.90909],[126.32222,34.91108],[126.32136,34.90774],[126.31209,34.90704],[126.30422,34.91398],[126.30555,34.92028],[126.29636,34.92204],[126.2903,34.91572],[126.28411,34.9146],[126.28078,34.9107],[126.29115,34.90135],[126.29445,34.90173],[126.30403,34.88729],[126.29952,34.88327],[126.29297,34.88147],[126.28926,34.88544],[126.28123,34.88721],[126.27879,34.87718],[126.28171,34.86764],[126.2794,34.86327],[126.27384,34.86416],[126.26955,34.87305],[126.26515,34.85982],[126.25649,34.85857],[126.24183,34.85903],[126.23284,34.86453],[126.23029,34.8541],[126.22681,34.84753],[126.24003,34.84799]]],[[[126.35853,34.867],[126.36631,34.86577],[126.3782,34.87849],[126.37295,34.8756],[126.36645,34.87737],[126.36045,34.87374],[126.35853,34.867]]],[[[126.34877,34.90226],[126.35121,34.90069],[126.35681,34.9066],[126.35101,34.91041],[126.34385,34.90695],[126.34877,34.90226]]],[[[126.22597,34.93494],[126.21961,34.92412],[126.22316,34.91515],[126.23425,34.90934],[126.23978,34.91487],[126.24859,34.91755],[126.25172,34.91288],[126.25087,34.92458],[126.25456,34.93096],[126.25214,34.9349],[126.23846,34.93281],[126.22986,34.93761],[126.22597,34.93494]]],[[[126.25171,34.94624],[126.25576,34.94476],[126.25242,34.95139],[126.25171,34.94624]]],[[[126.29246,34.93383],[126.30039,34.93809],[126.29566,34.94376],[126.29482,34.94988],[126.28922,34.95786],[126.28857,34.96263],[126.27264,34.96918],[126.26408,34.96884],[126.26331,34.96198],[126.25788,34.9621],[126.25875,34.957],[126.26462,34.95276],[126.27148,34.95826],[126.27695,34.94781],[126.27969,34.94877],[126.28722,34.94235],[126.28086,34.93495],[126.28687,34.93786],[126.29246,34.93383]]],[[[126.2333,34.94695],[126.23964,34.94414],[126.24767,34.94678],[126.24873,34.95258],[126.23288,34.95491],[126.23008,34.9512],[126.2333,34.94695]]],[[[126.25458,34.97328],[126.2612,34.97669],[126.2706,34.9761],[126.2714,34.98211],[126.26807,34.98493],[126.27059,34.99378],[126.26552,34.99427],[126.26532,35.00089],[126.25955,35.00642],[126.2466,35.00634],[126.25297,34.99974],[126.25062,34.99618],[126.24937,34.97985],[126.24445,34.97541],[126.25458,34.97328]]]]},"properties":{"osm_id":5403755,"name":"신안군","sgg_code":"46910","mois_admin":"4691000000","admin_level":6,"code_source":"osm"}},
{"type":"Feature","geometry":{"type":"Polygon","coordinates":[[[129.15175,36.05432],[129.1648,36.05517],[129.17158,36.05326],[129.17096,36.04988],[129.17785,36.04851],[129.1801,36.0407],[129.17725,36.03249],[129.17808,36.02776],[129.18495,36.02911],[129.19918,36.04015],[129.2042,36.04251],[129.22364,36.04358],[129.23969,36.05486],[129.24209,36.06842],[129.25321,36.07543],[129.25793,36.07481],[129.27514,36.07935],[129.28526,36.07231],[129.28698,36.06228],[129.2814,36.05632],[129.28363,36.04955],[129.27763,36.02831],[129.29299,36.01439],[129.29732,36.00874],[129.29642,35.99558],[129.30307,35.99572],[129.30522,35.97783],[129.30887,35.97026],[129.31213,35.9696],[129.31432,35.96085],[129.32007,35.95828],[129.3187,35.94456],[129.32363,35.93969],[129.32827,35.93927],[129.33384,35.93097],[129.33054,35.92753],[129.33711,35.91714],[129.33376,35.91005],[129.33384,35.90337],[129.34131,35.89065],[129.35191,35.89211],[129.3532,35.88905],[129.36161,35.88912],[129.36354,35.87907],[129.35633,35.87514],[129.35955,35.86638],[129.36792,35.86582],[129.37341,35.86231],[129.37665,35.86535],[129.39182,35.86471],[129.39504,35.85855],[129.40663,35.85928],[129.40955,35.86189],[129.40989,35.87034],[129.4171,35.8782],[129.42079,35.87751],[129.42118,35.88411],[129.4259,35.88491],[129.43671,35.87945],[129.44169,35.86954],[129.44658,35.86683],[129.44984,35.85121],[129.45572,35.84655],[129.46911,35.85229],[129.47435,35.85059],[129.47821,35.85379],[129.48718,35.84909],[129.48958,35.84453],[129.49869,35.84004],[129.50813,35.83837],[129.51789,35.84203],[129.51968,35.85092],[129.52467,35.85511],[129.52728,35.8638],[129.53448,35.8707],[129.52065,35.87215],[129.52042,35.88178],[129.52924,35.88359],[129.52514,35.88985],[129.52499,35.89488],[129.53342,35.90109],[129.52604,35.90709],[129.52411,35.91547],[129.51843,35.92028],[129.51882,35.92792],[129.52212,35.93289],[129.53099,35.93191],[129.53525,35.94417],[129.54625,35.95363],[129.55024,35.95997],[129.54724,35.96395],[129.55428,35.9681],[129.55137,35.97346],[129.55223,35.97974],[129.55645,35.9809],[129.55191,35.98559],[129.55641,35.99068],[129.56066,35.98918],[129.5681,35.9916],[129.5668,35.99761],[129.57828,36.00798],[129.57725,36.01162],[129.58168,36.01399],[129.58252,36.01976],[129.57748,36.02408],[129.58225,36.03168],[129.57742,36.03508],[129.58349,36.04596],[129.57765,36.04879],[129.57714,36.05764],[129.57212,36.0662],[129.56829,36.06805],[129.56992,36.07762],[129.55977,36.07992],[129.55559,36.08606],[129.54722,36.08486],[129.54441,36.07455],[129.54089,36.06871],[129.53245,36.06156],[129.5309,36.05646],[129.52553,36.05789],[129.51485,36.04287],[129.5047,36.03686],[129.50352,36.02632],[129.49538,36.02331],[129.48808,36.0162],[129.48231,36.01664],[129.45843,36.00315],[129.45599,35.99313],[129.44592,35.99162],[129.42743,35.99783],[129.41777,36.00637],[129.4239,36.01031],[129.4225,36.01345],[129.41247,36.01184],[129.4101,36.01604],[129.40703,36.00892],[129.39715,36.01418],[129.39232,36.01225],[129.39727,36.02081],[129.40095,36.02149],[129.40769,36.02975],[129.41839,36.02642],[129.43175,36.02726],[129.43155,36.03038],[129.40147,36.03869],[129.38488,36.02805],[129.37772,36.04116],[129.37627,36.0517],[129.37875,36.0521],[129.38086,36.06096],[129.39825,36.06448],[129.40185,36.06979],[129.41827,36.07385],[129.4198,36.07616],[129.41742,36.08497],[129.42692,36.09581],[129.42902,36.0928],[129.43966,36.09454],[129.43975,36.11063],[129.4322,36.11072],[129.42357,36.11516],[129.40183,36.13081],[129.39528,36.14036],[129.40065,36.15473],[129.39816,36.15717],[129.39955,36.16417],[129.39183,36.18385],[129.38143,36.18585],[129.37342,36.19505],[129.37172,36.20473],[129.37394,36.20787],[129.38428,36.21221],[129.38653,36.22325],[129.38212,36.22683],[129.38133,36.23239],[129.38523,36.23902],[129.37829,36.24591],[129.37269,36.25468],[129.37603,36.26817],[129.36565,36.26872],[129.35294,36.27297],[129.33888,36.26728],[129.31867,36.26902],[129.31461,36.27158],[129.30399,36.2678],[129.30045,36.27338],[129.29346,36.27646],[129.28646,36.28669],[129.28826,36.28964],[129.28483,36.29763],[129.29193,36.30284],[129.29193,36.30638],[129.2979,36.31064],[129.29824,36.32419],[129.28509,36.33363],[129.28168,36.32945],[129.27434,36.32711],[129.26803,36.32926],[129.26654,36.3207],[129.25641,36.32335],[129.25161,36.32112],[129.24765,36.31848],[129.23686,36.31658],[129.23126,36.30821],[129.2252,36.30525],[129.22279,36.2958],[129.22416,36.29096],[129.22111,36.2878],[129.22589,36.28218],[129.22162,36.27867],[129.22044,36.27279],[129.21398,36.27194],[129.20739,36.26669],[129.20421,36.25605],[129.19882,36.24668],[129.18817,36.23455],[129.17862,36.22712],[129.17107,36.22444],[129.16587,36.23237],[129.15424,36.23572],[129.1412,36.24784],[129.13472,36.26196],[129.12918,36.26438],[129.12326,36.26265],[129.10661,36.26774],[129.09485,36.27438],[129.09017,36.27334],[129.08172,36.27794],[129.07361,36.27234],[129.06163,36.27102],[129.05313,36.26608],[129.05305,36.25877],[129.06056,36.25473],[129.0773,36.25026],[129.08348,36.23548],[129.07064,36.22977],[129.06627,36.22613],[129.06713,36.22046],[129.06026,36.22357],[129.04391,36.22181],[129.03962,36.21855],[129.03262,36.19892],[129.02936,36.19698],[129.02648,36.18333],[129.00546,36.17886],[128.99742,36.17909],[128.99185,36.17546],[128.99327,36.16913],[128.99975,36.16882],[129.00589,36.16508],[129.0179,36.16109],[129.04507,36.15503],[129.047,36.15087],[129.05447,36.14893],[129.0579,36.14453],[129.06481,36.1428],[129.06631,36.1358],[129.06185,36.1307],[129.07412,36.11482],[129.08039,36.11299],[129.08279,36.11853],[129.08781,36.1185],[129.09966,36.12245],[129.10583,36.11323],[129.10223,36.1074],[129.09451,36.10373],[129.09528,36.09672],[129.11283,36.08306],[129.11369,36.07956],[129.12622,36.07997],[129.13369,36.07526],[129.1345,36.06662],[129.13944,36.06076],[129.15175,36.05432]]]},"properties":{"osm_id":7740687,"name":"포항시","sgg_code":"47110","mois_admin":"4711000000","admin_level":6,"code_source":"osm"}},
{"type":"Feature","geometry":{"type":"Polygon","coordinates":[[[129.01492,35.84613],[129.01546,35.84067],[129.00438,35.82331],[128.99769,35.8089],[128.99035,35.8002],[128.99357,35.78959],[128.99614,35.78847],[128.99722,35.77604],[128.98962,35.77214],[128.98108,35.77287],[128.97649,35.77005],[128.97687,35.76619],[128.97078,35.75567],[128.97424,35.74791],[128.97265,35.73712],[128.98447,35.72936],[128.9914,35.71937],[128.99724,35.71765],[128.9979,35.71096],[129.00471,35.70575],[129.00398,35.69455],[129.01151,35.69292],[129.02198,35.68763],[129.03676,35.69247],[129.03846,35.68839],[129.03412,35.67457],[129.03835,35.66995],[129.0402,35.65767],[129.0472,35.65016],[129.06062,35.64746],[129.0732,35.64338],[129.07605,35.64005],[129.08144,35.64269],[129.08165,35.64645],[129.07362,35.65536],[129.0682,35.65845],[129.06898,35.67003],[129.07259,35.67736],[129.06997,35.68181],[129.07691,35.69279],[129.08425,35.69784],[129.09689,35.70279],[129.10279,35.70659],[129.11957,35.70679],[129.12615,35.70852],[129.12901,35.71488],[129.13542,35.71144],[129.13895,35.72081],[129.14755,35.72421],[129.15307,35.72216],[129.161,35.71409],[129.17027,35.71256],[129.17851,35.71716],[129.18119,35.72296],[129.19928,35.71507],[129.20649,35.72266],[129.22503,35.71131],[129.23303,35.70996],[129.23423,35.70493],[129.25867,35.69904],[129.26265,35.69188],[129.2623,35.68568],[129.2587,35.68351],[129.25981,35.67299],[129.25409,35.6663],[129.25518,35.66009],[129.26002,35.65478],[129.26908,35.65074],[129.27598,35.65269],[129.2832,35.65113],[129.29655,35.64345],[129.29837,35.64758],[129.30292,35.64771],[129.30443,35.65696],[129.31118,35.66051],[129.31874,35.65659],[129.32987,35.65877],[129.32864,35.66261],[129.33411,35.66976],[129.3399,35.66964],[129.35358,35.6794],[129.36404,35.67891],[129.37265,35.66927],[129.38155,35.67113],[129.40068,35.6672],[129.4031,35.66306],[129.41096,35.66383],[129.42841,35.65559],[129.43275,35.65668],[129.43514,35.65245],[129.44201,35.65494],[129.44979,35.65107],[129.454,35.6648],[129.46486,35.66685],[129.46447,35.67659],[129.4711,35.67952],[129.47592,35.69025],[129.47326,35.70557],[129.47885,35.71242],[129.47861,35.71721],[129.48278,35.72038],[129.4862,35.72921],[129.48393,35.74369],[129.49314,35.75182],[129.49127,35.75849],[129.49425,35.76117],[129.4941,35.76972],[129.49665,35.77181],[129.4919,35.78139],[129.49425,35.79151],[129.50092,35.7934],[129.4992,35.79783],[129.50622,35.80876],[129.5114,35.80673],[129.51018,35.81153],[129.51366,35.81645],[129.5094,35.82387],[129.51464,35.83378],[129.52061,35.83754],[129.51789,35.84203],[129.50813,35.83837],[129.49869,35.84004],[129.48958,35.84453],[129.48718,35.84909],[129.47821,35.85379],[129.47435,35.85059],[129.46911,35.85229],[129.45572,35.84655],[129.44984,35.85121],[129.44658,35.86683],[129.44169,35.86954],[129.43671,35.87945],[129.4259,35.88491],[129.42118,35.88411],[129.42079,35.87751],[129.4171,35.8782],[129.40989,35.87034],[129.40955,35.86189],[129.40663,35.85928],[129.39504,35.85855],[129.39182,35.86471],[129.37665,35.86535],[129.37341,35.86231],[129.36792,35.86582],[129.35955,35.86638],[129.35633,35.87514],[129.36354,35.87907],[129.36161,35.88912],[129.3532,35.88905],[129.35191,35.89211],[129.34131,35.89065],[129.33384,35.90337],[129.33376,35.91005],[129.33711,35.91714],[129.33054,35.92753],[129.33384,35.93097],[129.32827,35.93927],[129.32363,35.93969],[129.3187,35.94456],[129.32007,35.95828],[129.31432,35.96085],[129.31213,35.9696],[129.30887,35.97026],[129.30522,35.97783],[129.30307,35.99572],[129.29642,35.99558],[129.29732,36.00874],[129.29299,36.01439],[129.27763,36.02831],[129.28363,36.04955],[129.2814,36.05632],[129.28698,36.06228],[129.28526,36.07231],[129.27514,36.07935],[129.25793,36.07481],[129.25321,36.07543],[129.24209,36.06842],[129.23969,36.05486],[129.22364,36.04358],[129.2042,36.04251],[129.19918,36.04015],[129.18495,36.02911],[129.17808,36.02776],[129.17725,36.03249],[129.1801,36.0407],[129.17785,36.04851],[129.17096,36.04988],[129.17158,36.05326],[129.1648,36.05517],[129.15175,36.05432],[129.15197,36.05021],[129.14645,36.04516],[129.13937,36.04245],[129.13517,36.03284],[129.14019,36.02526],[129.14328,36.01049],[129.13392,36.00568],[129.12605,36.00594],[129.11648,36.01261],[129.11234,36.00863],[129.11083,35.99806],[129.1171,35.98441],[129.11697,35.96109],[129.12695,35.95003],[129.1286,35.93854],[129.13455,35.93364],[129.13053,35.92348],[129.12279,35.92272],[129.11856,35.91754],[129.1106,35.92881],[129.09618,35.94077],[129.08152,35.93773],[129.07843,35.94157],[129.06625,35.94143],[129.05977,35.93267],[129.06101,35.92892],[129.05271,35.92034],[129.04683,35.91898],[129.04436,35.91413],[129.03674,35.91276],[129.02601,35.90195],[129.02571,35.8926],[129.03159,35.86972],[129.01859,35.85657],[129.01492,35.84613]]]},"properties":{"osm_id":7740688,"name":"경주시","sgg_code":"47130","mois_admin":"4713000000","admin_level":6,"code_source":"osm"}},
{"type":"Feature","geometry":{"type":"Polygon","coordinates":[[[128.29243,36.08815],[128.29143,36.0961],[128.28139,36.103],[128.27517,36.10401],[128.27693,36.11434],[128.29482,36.13295],[128.28375,36.1412],[128.28675,36.14384],[128.28486,36.15059],[128.29139,36.15842],[128.29538,36.16698],[128.29233,36.17208],[128.27066,36.17526],[128.27336,36.17783],[128.27246,36.18669],[128.26941,36.19161],[128.2698,36.19722],[128.26182,36.1984],[128.25888,36.20299],[128.24272,36.19819],[128.23483,36.20169],[128.23633,36.21031],[128.23319,36.21544],[128.23551,36.22562],[128.22641,36.23212],[128.21805,36.23081],[128.2136,36.23678],[128.20174,36.24041],[128.19644,36.24533],[128.18468,36.2436],[128.17077,36.24694],[128.16728,36.25407],[128.1567,36.25718],[128.13681,36.25755],[128.13106,36.2523],[128.12187,36.25327],[128.11973,36.2442],[128.10943,36.23742],[128.10205,36.24372],[128.09853,36.25154],[128.09097,36.25362],[128.07904,36.2415],[128.06688,36.2431],[128.0613,36.24682],[128.0563,36.24372],[128.05029,36.24441],[128.0449,36.25351],[128.0395,36.25123],[128.0353,36.24353],[128.03012,36.24048],[128.03308,36.2338],[128.03899,36.22946],[128.03905,36.22214],[128.0421,36.21731],[128.05025,36.21587],[128.05055,36.20617],[128.05893,36.20104],[128.05205,36.20082],[128.03813,36.19442],[128.02577,36.2059],[128.00982,36.20938],[127.9988,36.20706],[127.99289,36.20018],[127.9859,36.20041],[127.97602,36.19247],[127.9756,36.18812],[127.98471,36.17703],[127.98346,36.17005],[127.99012,36.16582],[127.99024,36.15952],[127.99705,36.15534],[127.98748,36.14761],[127.98855,36.13254],[127.98175,36.1247],[127.9668,36.11869],[127.96841,36.10738],[127.95781,36.0952],[127.95757,36.09093],[127.96159,36.08298],[127.96092,36.06886],[127.95444,36.06733],[127.94661,36.05706],[127.93178,36.05026],[127.92589,36.05363],[127.91667,36.05512],[127.90427,36.04377],[127.90361,36.0393],[127.88504,36.036],[127.88402,36.02835],[127.87677,36.02251],[127.8757,36.00894],[127.87827,36.00102],[127.87549,35.99698],[127.88697,35.99127],[127.89415,35.98464],[127.88961,35.97966],[127.89635,35.97766],[127.89645,35.97158],[127.90395,35.95409],[127.91137,35.94918],[127.90859,35.9416],[127.89896,35.9376],[127.89568,35.93419],[127.88321,35.93001],[127.88253,35.91924],[127.88807,35.91495],[127.88506,35.90961],[127.88276,35.90537],[127.88473,35.89323],[127.89323,35.88677],[127.90085,35.88731],[127.92025,35.89286],[127.91895,35.88939],[127.92335,35.88204],[127.92753,35.88133],[127.92957,35.87016],[127.93315,35.86424],[127.93227,35.85952],[127.92575,35.85698],[127.94242,35.85438],[127.95105,35.86125],[127.95884,35.8601],[127.961,35.85617],[127.97433,35.85047],[127.98159,35.8591],[127.98438,35.85799],[127.99659,35.83829],[128.00675,35.83379],[128.01106,35.82962],[128.03017,35.83588],[128.04235,35.83128],[128.0509,35.82966],[128.05406,35.83368],[128.06303,35.8349],[128.07043,35.84135],[128.0778,35.83946],[128.07814,35.84366],[128.07385,35.85069],[128.07685,35.86158],[128.0872,35.87264],[128.08072,35.87347],[128.06986,35.88203],[128.06578,35.88895],[128.06677,35.89569],[128.0569,35.90358],[128.06093,35.90754],[128.05625,35.91432],[128.04904,35.92023],[128.04694,35.93285],[128.04879,35.93663],[128.05681,35.94219],[128.07252,35.93625],[128.07329,35.92941],[128.07891,35.92777],[128.08505,35.92141],[128.08883,35.92159],[128.09106,35.9284],[128.09114,35.93792],[128.08913,35.94692],[128.09659,35.95543],[128.10737,35.96071],[128.11213,35.96509],[128.11754,35.96033],[128.12385,35.96272],[128.13239,35.95939],[128.15071,35.96665],[128.15324,35.9695],[128.15148,35.97641],[128.15616,35.97853],[128.15844,35.9877],[128.16818,35.98985],[128.17135,35.997],[128.16663,36.0003],[128.16865,36.0113],[128.17324,36.01446],[128.16831,36.01995],[128.16743,36.02939],[128.16461,36.03271],[128.16904,36.03616],[128.17672,36.03237],[128.18324,36.034],[128.19457,36.03265],[128.1944,36.04556],[128.19715,36.04719],[128.20706,36.04608],[128.2238,36.0559],[128.23032,36.0551],[128.2404,36.0499],[128.24894,36.04931],[128.25439,36.05267],[128.26143,36.04965],[128.28344,36.0469],[128.28915,36.04289],[128.29375,36.05087],[128.29933,36.05205],[128.30087,36.06391],[128.28851,36.07498],[128.28521,36.08147],[128.29243,36.08815]]]},"properties":{"osm_id":7715625,"name":"김천시","sgg_code":"47150","mois_admin":"4715000000","admin_level":6,"code_source":"osm"}},
{"type":"Feature","geometry":{"type":"Polygon","coordinates":[[[128.42919,36.52097],[128.43773,36.51619],[128.43258,36.51005],[128.43378,36.50225],[128.43758,36.50182],[128.44541,36.49477],[128.4552,36.49021],[128.45764,36.49322],[128.46232,36.49021],[128.46459,36.49832],[128.47507,36.49798],[128.47777,36.51415],[128.48721,36.51433],[128.49009,36.51709],[128.49597,36.51595],[128.5012,36.50363],[128.50485,36.49901],[128.51369,36.49729],[128.52661,36.49846],[128.5394,36.49473],[128.54433,36.48959],[128.55085,36.48908],[128.553,36.48186],[128.55206,36.47596],[128.55789,36.47237],[128.5603,36.46292],[128.5651,36.45878],[128.57729,36.43841],[128.58823,36.43869],[128.59759,36.4314],[128.59493,36.42657],[128.59641,36.40968],[128.60224,36.40462],[128.60506,36.4064],[128.61006,36.41743],[128.621,36.41755],[128.62862,36.41949],[128.62862,36.42529],[128.63278,36.42446],[128.6366,36.42838],[128.65342,36.42881],[128.66298,36.43704],[128.6751,36.43676],[128.68243,36.44366],[128.69127,36.44359],[128.69471,36.44583],[128.70481,36.446],[128.70638,36.45753],[128.70355,36.46775],[128.70983,36.47218],[128.70953,36.47601],[128.71891,36.48197],[128.72741,36.47583],[128.73754,36.47997],[128.74775,36.48811],[128.75045,36.48528],[128.75921,36.48418],[128.76758,36.4801],[128.77255,36.47493],[128.77556,36.46782],[128.78234,36.46395],[128.78466,36.4662],[128.79238,36.46533],[128.79942,36.45898],[128.81006,36.45829],[128.81281,36.45305],[128.83023,36.45139],[128.82937,36.44338],[128.83504,36.43578],[128.83349,36.42674],[128.84148,36.42128],[128.84457,36.41134],[128.84491,36.4036],[128.851,36.3989],[128.84997,36.38764],[128.85924,36.38702],[128.87744,36.37506],[128.8716,36.36929],[128.88001,36.35813],[128.87675,36.34403],[128.88534,36.34237],[128.89177,36.3237],[128.89152,36.31921],[128.88679,36.31679],[128.88576,36.31015],[128.89126,36.30392],[128.88884,36.29712],[128.8983,36.29514],[128.91283,36.29835],[128.91835,36.30472],[128.93256,36.30847],[128.93314,36.31775],[128.94061,36.3247],[128.94722,36.32823],[128.95203,36.33615],[128.96112,36.33753],[128.96542,36.34527],[128.96228,36.35087],[128.96542,36.36062],[128.96147,36.36615],[128.96391,36.36812],[128.96924,36.38246],[128.97563,36.39016],[128.97499,36.39268],[128.98293,36.40401],[128.98361,36.41217],[128.97301,36.42992],[128.97301,36.43938],[128.97687,36.44583],[128.97327,36.45201],[128.96876,36.45236],[128.96808,36.46174],[128.97434,36.46734],[128.98464,36.46361],[128.97911,36.46892],[128.98104,36.47562],[128.97434,36.47928],[128.97477,36.48352],[128.99048,36.49073],[128.98865,36.49522],[128.99357,36.49913],[128.99649,36.51036],[128.99285,36.51759],[128.98458,36.51583],[128.98026,36.52661],[128.97299,36.53023],[128.97647,36.54671],[128.99168,36.54895],[128.98396,36.56122],[128.97932,36.5615],[128.98438,36.57391],[128.99056,36.57694],[128.99288,36.58266],[129.00035,36.58852],[128.99949,36.59348],[128.99915,36.60096],[128.99584,36.60922],[128.99644,36.61877],[128.99108,36.62362],[128.99121,36.63612],[128.99456,36.64201],[128.98953,36.64838],[128.99625,36.65525],[128.99516,36.66174],[128.99001,36.66525],[128.99284,36.66973],[128.98958,36.67451],[128.99417,36.68222],[128.99228,36.69261],[128.99722,36.69537],[128.99494,36.70559],[128.99958,36.71553],[128.99619,36.72334],[128.9964,36.72839],[128.98941,36.73293],[128.98769,36.73727],[128.99034,36.7477],[128.97675,36.74779],[128.96409,36.75243],[128.96207,36.75842],[128.9546,36.77059],[128.94225,36.7736],[128.92864,36.76784],[128.91971,36.76763],[128.90928,36.77519],[128.90349,36.77609],[128.89495,36.77145],[128.89139,36.77213],[128.88439,36.7831],[128.87285,36.78612],[128.87233,36.78963],[128.86529,36.79454],[128.86461,36.79788],[128.85684,36.80114],[128.8447,36.80279],[128.84047,36.80913],[128.8238,36.81028],[128.8189,36.80068],[128.81219,36.79544],[128.80729,36.8021],[128.80448,36.81231],[128.81013,36.81629],[128.80654,36.82131],[128.80133,36.82308],[128.79427,36.81389],[128.78706,36.81221],[128.7774,36.80468],[128.76865,36.8064],[128.76474,36.80166],[128.75998,36.80977],[128.75504,36.80702],[128.74929,36.80887],[128.74455,36.79678],[128.74191,36.79011],[128.73882,36.79114],[128.73771,36.78413],[128.74663,36.77677],[128.73659,36.76302],[128.74406,36.75553],[128.74389,36.74982],[128.73814,36.74411],[128.73865,36.73895],[128.73505,36.7371],[128.73281,36.72822],[128.7359,36.72602],[128.73462,36.71893],[128.72964,36.71371],[128.73608,36.70903],[128.73934,36.70256],[128.73762,36.69802],[128.72878,36.6952],[128.72346,36.70132],[128.71681,36.70304],[128.71024,36.69939],[128.69934,36.70676],[128.68724,36.70049],[128.68183,36.70043],[128.67415,36.70431],[128.67381,36.70872],[128.66776,36.71236],[128.65252,36.71016],[128.64342,36.7178],[128.63158,36.71928],[128.6202,36.71498],[128.61849,36.7124],[128.60995,36.71653],[128.59772,36.71371],[128.59858,36.70261],[128.60583,36.69313],[128.61042,36.69279],[128.61128,36.68425],[128.60261,36.67881],[128.60613,36.67262],[128.60707,36.66147],[128.60561,36.65217],[128.58836,36.65031],[128.5815,36.64701],[128.57969,36.64942],[128.56742,36.64577],[128.56647,36.64012],[128.55712,36.63516],[128.55403,36.63599],[128.54656,36.63116],[128.53995,36.63378],[128.53163,36.62838],[128.52579,36.628],[128.52339,36.61932],[128.52978,36.61828],[128.53566,36.6136],[128.53017,36.60595],[128.5294,36.59996],[128.5215,36.60168],[128.51412,36.60006],[128.50712,36.60192],[128.50485,36.60636],[128.49429,36.59879],[128.49202,36.58886],[128.49682,36.58218],[128.49412,36.56984],[128.47217,36.56382],[128.46884,36.55967],[128.45592,36.55412],[128.46004,36.55253],[128.45792,36.54774],[128.46408,36.5393],[128.44477,36.53467],[128.42919,36.52097]]]},"properties":{"osm_id":7721487,"name":"안동시","sgg_code":"47170","mois_admin":"4717000000","admin_level":6,"code_source":"osm"}},
{"type":"Feature","geometry":{"type":"Polygon","coordinates":[[[128.5629,36.11101],[128.56356,36.11714],[128.55482,36.12178],[128.55354,36.1289],[128.54857,36.13135],[128.55321,36.13912],[128.54841,36.14054],[128.55049,36.15063],[128.54296,36.15412],[128.54008,36.16123],[128.54473,36.16589],[128.55081,36.16421],[128.5561,36.17752],[128.54899,36.17788],[128.53816,36.19343],[128.52264,36.2012],[128.5159,36.19969],[128.51375,36.19228],[128.50316,36.18465],[128.4988,36.19608],[128.49314,36.20037],[128.49354,36.20846],[128.48786,36.21472],[128.48913,36.21956],[128.48568,36.22434],[128.47949,36.22546],[128.48623,36.23117],[128.48028,36.23487],[128.47117,36.22879],[128.46771,36.2308],[128.45078,36.22171],[128.44104,36.21833],[128.43793,36.22258],[128.43504,36.23395],[128.42347,36.23762],[128.42399,36.24205],[128.41747,36.24576],[128.42023,36.2538],[128.41607,36.25777],[128.42103,36.26042],[128.42079,36.26749],[128.42688,36.27514],[128.41426,36.28241],[128.4105,36.28709],[128.40083,36.28907],[128.39116,36.29832],[128.38816,36.30409],[128.38961,36.30966],[128.38054,36.31217],[128.37879,36.32262],[128.37298,36.32456],[128.36767,36.33094],[128.36596,36.33836],[128.34838,36.34337],[128.34592,36.3468],[128.3353,36.34946],[128.3321,36.34304],[128.32618,36.34256],[128.31616,36.33534],[128.31763,36.33228],[128.31168,36.33034],[128.30551,36.3316],[128.30188,36.34351],[128.29361,36.34856],[128.28242,36.34621],[128.28366,36.3488],[128.2774,36.35136],[128.27834,36.35723],[128.27062,36.36331],[128.26684,36.36159],[128.25757,36.36304],[128.25199,36.35861],[128.25388,36.35426],[128.24676,36.34762],[128.23886,36.34375],[128.23345,36.33552],[128.23208,36.32377],[128.23319,36.31782],[128.22968,36.30973],[128.23071,36.3051],[128.22573,36.30434],[128.2192,36.30752],[128.20659,36.29894],[128.19852,36.29832],[128.19131,36.30074],[128.18367,36.29763],[128.1726,36.29998],[128.16238,36.29742],[128.14839,36.28829],[128.13887,36.2842],[128.13406,36.27057],[128.13852,36.26275],[128.13681,36.25755],[128.1567,36.25718],[128.16728,36.25407],[128.17077,36.24694],[128.18468,36.2436],[128.19644,36.24533],[128.20174,36.24041],[128.2136,36.23678],[128.21805,36.23081],[128.22641,36.23212],[128.23551,36.22562],[128.23319,36.21544],[128.23633,36.21031],[128.23483,36.20169],[128.24272,36.19819],[128.25888,36.20299],[128.26182,36.1984],[128.2698,36.19722],[128.26941,36.19161],[128.27246,36.18669],[128.27336,36.17783],[128.27066,36.17526],[128.29233,36.17208],[128.29538,36.16698],[128.29139,36.15842],[128.28486,36.15059],[128.28675,36.14384],[128.28375,36.1412],[128.29482,36.13295],[128.27693,36.11434],[128.27517,36.10401],[128.28139,36.103],[128.29143,36.0961],[128.29243,36.08815],[128.30605,36.08714],[128.3224,36.09206],[128.33055,36.0914],[128.33572,36.08283],[128.34192,36.08092],[128.34617,36.07293],[128.35161,36.06721],[128.35842,36.06604],[128.35987,36.06071],[128.37161,36.06604],[128.38067,36.06651],[128.3866,36.07025],[128.38183,36.07506],[128.38995,36.08004],[128.39712,36.09178],[128.40551,36.09215],[128.40992,36.0827],[128.41853,36.08386],[128.42273,36.08834],[128.42867,36.08039],[128.4462,36.07757],[128.44712,36.07484],[128.46352,36.06962],[128.46972,36.0721],[128.46393,36.07831],[128.46485,36.08436],[128.47653,36.0919],[128.47578,36.09994],[128.47976,36.10597],[128.48821,36.1126],[128.49032,36.12521],[128.49599,36.12194],[128.49785,36.11325],[128.50826,36.11114],[128.52055,36.1145],[128.52731,36.11156],[128.53377,36.11285],[128.5474,36.10879],[128.5629,36.11101]]]},"properties":{"osm_id":7816731,"name":"구미시","sgg_code":"47190","mois_admin":"4719000000","admin_level":6,"code_source":"osm"}},
{"type":"Feature","geometry":{"type":"Polygon","coordinates":[[[128.7091,37.03936],[128.7004,37.04083],[128.68907,37.05305],[128.68373,37.05144],[128.67565,37.05885],[128.6574,37.06117],[128.6521,37.06544],[128.63935,37.054],[128.63292,37.0405],[128.62283,37.04534],[128.62171,37.04908],[128.60844,37.05281],[128.60713,37.04385],[128.59683,37.04177],[128.58353,37.04373],[128.57773,37.03557],[128.56929,37.03488],[128.56564,37.03152],[128.56693,37.026],[128.57261,37.02197],[128.57034,37.014],[128.56292,37.00789],[128.55594,37.0057],[128.55473,36.99829],[128.54421,36.99257],[128.53553,36.99023],[128.52968,36.99081],[128.51547,36.98682],[128.51461,36.97758],[128.50642,36.97319],[128.50673,36.97008],[128.48602,36.96193],[128.4849,36.95747],[128.47705,36.95744],[128.46278,36.94738],[128.4604,36.93401],[128.44159,36.92735],[128.44517,36.91741],[128.44016,36.90287],[128.43616,36.89708],[128.42679,36.88924],[128.42816,36.88477],[128.42397,36.87653],[128.43843,36.87327],[128.44913,36.86287],[128.44666,36.85337],[128.44848,36.85015],[128.4655,36.8454],[128.47476,36.84107],[128.48176,36.8357],[128.48346,36.8294],[128.47537,36.81672],[128.47223,36.80277],[128.4762,36.79618],[128.47723,36.7859],[128.47584,36.77743],[128.48258,36.77732],[128.49088,36.77368],[128.49869,36.76619],[128.50661,36.76462],[128.51107,36.76797],[128.52221,36.77177],[128.52493,36.77031],[128.53736,36.77356],[128.54495,36.76711],[128.55242,36.76933],[128.55635,36.76129],[128.56113,36.76124],[128.56693,36.75207],[128.56665,36.74776],[128.57244,36.74399],[128.57098,36.73644],[128.57735,36.73496],[128.57748,36.72477],[128.58508,36.72351],[128.58409,36.7104],[128.5931,36.70946],[128.59379,36.70039],[128.59858,36.70261],[128.59772,36.71371],[128.60995,36.71653],[128.61849,36.7124],[128.6202,36.71498],[128.63158,36.71928],[128.64342,36.7178],[128.65252,36.71016],[128.66776,36.71236],[128.67381,36.70872],[128.67415,36.70431],[128.68183,36.70043],[128.68724,36.70049],[128.69934,36.70676],[128.71024,36.69939],[128.71681,36.70304],[128.72346,36.70132],[128.72878,36.6952],[128.73762,36.69802],[128.73934,36.70256],[128.73608,36.70903],[128.72964,36.71371],[128.73462,36.71893],[128.7359,36.72602],[128.73281,36.72822],[128.73505,36.7371],[128.73865,36.73895],[128.73814,36.74411],[128.74389,36.74982],[128.74406,36.75553],[128.73659,36.76302],[128.74663,36.77677],[128.73771,36.78413],[128.73882,36.79114],[128.74191,36.79011],[128.74455,36.79678],[128.7353,36.79923],[128.73279,36.79095],[128.72638,36.79277],[128.72282,36.80092],[128.72885,36.811],[128.7288,36.8188],[128.73256,36.82275],[128.72567,36.82133],[128.72071,36.82366],[128.71988,36.82895],[128.7302,36.83196],[128.73801,36.83965],[128.72571,36.86079],[128.72988,36.86311],[128.72144,36.86773],[128.71558,36.86465],[128.7064,36.86711],[128.70241,36.86088],[128.6869,36.8635],[128.68595,36.85895],[128.67763,36.85538],[128.67878,36.85143],[128.67432,36.84814],[128.67518,36.84264],[128.66838,36.84463],[128.66503,36.8419],[128.66076,36.8504],[128.64872,36.85576],[128.64344,36.85651],[128.64537,36.86309],[128.65731,36.86912],[128.65125,36.87835],[128.6461,36.87952],[128.63945,36.88486],[128.63894,36.88858],[128.64799,36.90145],[128.65007,36.90931],[128.65512,36.91126],[128.65962,36.90914],[128.67057,36.91953],[128.6611,36.92837],[128.66273,36.93919],[128.66604,36.94276],[128.67621,36.9455],[128.67947,36.95349],[128.6823,36.95288],[128.68715,36.95915],[128.68814,36.96872],[128.69389,36.97379],[128.69106,36.97852],[128.69531,36.99865],[128.69329,37.00403],[128.70217,37.01229],[128.7014,37.02825],[128.7091,37.03936]]]},"properties":{"osm_id":7764032,"name":"영주시","sgg_code":"47210","mois_admin":"4721000000","admin_level":6,"code_source":"osm"}},
{"type":"Feature","geometry":{"type":"Polygon","coordinates":[[[128.99327,36.16913],[128.97741,36.16575],[128.97396,36.16079],[128.96866,36.16117],[128.96244,36.16629],[128.94982,36.16896],[128.93737,36.17925],[128.92658,36.17925],[128.91898,36.18382],[128.91387,36.17923],[128.89667,36.17656],[128.89542,36.17297],[128.89385,36.16859],[128.89943,36.162],[128.89113,36.15462],[128.8907,36.14299],[128.87376,36.14251],[128.86723,36.14508],[128.85834,36.14451],[128.8503,36.1377],[128.85272,36.12663],[128.85,36.11767],[128.84274,36.11267],[128.83772,36.11297],[128.83234,36.10206],[128.82212,36.10035],[128.81873,36.09426],[128.80968,36.0883],[128.79811,36.08492],[128.78878,36.08568],[128.78773,36.08894],[128.77625,36.09544],[128.7647,36.10031],[128.75273,36.09074],[128.75133,36.1033],[128.74507,36.10832],[128.74363,36.10208],[128.73593,36.09934],[128.73588,36.09671],[128.72312,36.09043],[128.72916,36.08079],[128.72353,36.07328],[128.71365,36.07522],[128.71151,36.06652],[128.70365,36.05817],[128.70473,36.04677],[128.70301,36.0419],[128.69647,36.03487],[128.69958,36.02866],[128.69558,36.01649],[128.70375,36.01054],[128.71871,36.0079],[128.72595,36.00437],[128.73502,35.99286],[128.74184,35.99339],[128.75592,35.99032],[128.76509,35.98457],[128.77161,35.98351],[128.787,35.9883],[128.8091,35.97431],[128.81182,35.97379],[128.81272,35.96634],[128.82768,35.9642],[128.83673,35.96816],[128.83952,35.9638],[128.84461,35.9637],[128.85236,35.95968],[128.85465,35.95505],[128.85963,35.95367],[128.86231,35.92873],[128.853,35.91926],[128.85658,35.91196],[128.85407,35.90815],[128.85703,35.89906],[128.87073,35.8937],[128.87543,35.88795],[128.87171,35.88367],[128.86025,35.87845],[128.86371,35.87099],[128.87433,35.86473],[128.87652,35.85134],[128.88379,35.84311],[128.89383,35.84415],[128.89692,35.83674],[128.90772,35.83469],[128.90995,35.83119],[128.9151,35.83709],[128.91851,35.83535],[128.9346,35.83652],[128.94016,35.83551],[128.94525,35.83027],[128.95235,35.83375],[128.95958,35.84175],[128.96896,35.84159],[128.97043,35.83508],[128.98009,35.83304],[128.9967,35.83953],[128.99837,35.84151],[129.01492,35.84613],[129.01859,35.85657],[129.03159,35.86972],[129.02571,35.8926],[129.02601,35.90195],[129.03674,35.91276],[129.04436,35.91413],[129.04683,35.91898],[129.05271,35.92034],[129.06101,35.92892],[129.05977,35.93267],[129.06625,35.94143],[129.07843,35.94157],[129.08152,35.93773],[129.09618,35.94077],[129.1106,35.92881],[129.11856,35.91754],[129.12279,35.92272],[129.13053,35.92348],[129.13455,35.93364],[129.1286,35.93854],[129.12695,35.95003],[129.11697,35.96109],[129.1171,35.98441],[129.11083,35.99806],[129.11234,36.00863],[129.11648,36.01261],[129.12605,36.00594],[129.13392,36.00568],[129.14328,36.01049],[129.14019,36.02526],[129.13517,36.03284],[129.13937,36.04245],[129.14645,36.04516],[129.15197,36.05021],[129.15175,36.05432],[129.13944,36.06076],[129.1345,36.06662],[129.13369,36.07526],[129.12622,36.07997],[129.11369,36.07956],[129.11283,36.08306],[129.09528,36.09672],[129.09451,36.10373],[129.10223,36.1074],[129.10583,36.11323],[129.09966,36.12245],[129.08781,36.1185],[129.08279,36.11853],[129.08039,36.11299],[129.07412,36.11482],[129.06185,36.1307],[129.06631,36.1358],[129.06481,36.1428],[129.0579,36.14453],[129.05447,36.14893],[129.047,36.15087],[129.04507,36.15503],[129.0179,36.16109],[129.00589,36.16508],[128.99975,36.16882],[128.99327,36.16913]]]},"properties":{"osm_id":7741681,"name":"영천시","sgg_code":"47230","mois_admin":"4723000000","admin_level":6,"code_source":"osm"}},
{"type":"Feature","geometry":{"type":"Polygon","coordinates":[[[127.91996,36.60112],[127.9188,36.60868],[127.91138,36.61532],[127.90859,36.62593],[127.8973,36.62627],[127.88935,36.62866],[127.88724,36.63447],[127.88878,36.63935],[127.88199,36.64642],[127.87994,36.65676],[127.87394,36.65505],[127.87013,36.64552],[127.86353,36.6407],[127.86197,36.6361],[127.84675,36.63399],[127.85056,36.63125],[127.84784,36.62494],[127.84981,36.61958],[127.85573,36.61758],[127.8583,36.61353],[127.84911,36.61282],[127.8407,36.60829],[127.82994,36.61262],[127.821,36.61331],[127.81857,36.6083],[127.81299,36.60768],[127.80198,36.60185],[127.7985,36.60208],[127.79642,36.59491],[127.80037,36.58538],[127.80478,36.58147],[127.81689,36.57725],[127.82452,36.5707],[127.83036,36.57419],[127.83613,36.57051],[127.84445,36.5696],[127.85286,36.57168],[127.86788,36.56332],[127.87337,36.55667],[127.87082,36.54293],[127.87698,36.53566],[127.8829,36.53548],[127.89164,36.53071],[127.90187,36.52809],[127.90061,36.525],[127.90227,36.51315],[127.90606,36.50806],[127.89785,36.49929],[127.88918,36.49377],[127.87841,36.48934],[127.87618,36.48314],[127.88223,36.4761],[127.87848,36.46708],[127.88233,36.46126],[127.87336,36.44257],[127.87485,36.42929],[127.88276,36.42469],[127.88267,36.42161],[127.87584,36.41427],[127.87245,36.40515],[127.86435,36.40331],[127.86618,36.3923],[127.87559,36.39094],[127.87919,36.38346],[127.88439,36.37971],[127.8797,36.37162],[127.88511,36.37005],[127.88652,36.36314],[127.891,36.35663],[127.88592,36.3546],[127.88511,36.34897],[127.87923,36.34482],[127.87356,36.34517],[127.86781,36.33722],[127.85203,36.33067],[127.85096,36.3212],[127.8452,36.31684],[127.8413,36.30934],[127.84744,36.3002],[127.84575,36.29628],[127.84958,36.28931],[127.85185,36.27396],[127.85653,36.27708],[127.86966,36.27725],[127.88434,36.27379],[127.88747,36.27834],[127.89187,36.29209],[127.90502,36.30242],[127.90707,36.28607],[127.91331,36.28182],[127.92525,36.27955],[127.93397,36.27583],[127.93772,36.26919],[127.94714,36.26729],[127.94827,36.25755],[127.95483,36.25717],[127.96036,36.25241],[127.96824,36.25049],[127.97856,36.25429],[127.9768,36.259],[127.98131,36.2635],[127.99096,36.26348],[127.99341,36.26689],[128.00044,36.26665],[128.0086,36.27227],[128.01528,36.26834],[128.02607,36.26815],[128.02703,36.26512],[128.03732,36.25981],[128.04779,36.25748],[128.0449,36.25351],[128.05029,36.24441],[128.0563,36.24372],[128.0613,36.24682],[128.06688,36.2431],[128.07904,36.2415],[128.09097,36.25362],[128.09853,36.25154],[128.10205,36.24372],[128.10943,36.23742],[128.11973,36.2442],[128.12187,36.25327],[128.13106,36.2523],[128.13681,36.25755],[128.13852,36.26275],[128.13406,36.27057],[128.13887,36.2842],[128.14839,36.28829],[128.16238,36.29742],[128.1726,36.29998],[128.18367,36.29763],[128.19131,36.30074],[128.19852,36.29832],[128.20659,36.29894],[128.2192,36.30752],[128.22573,36.30434],[128.23071,36.3051],[128.22968,36.30973],[128.23319,36.31782],[128.23208,36.32377],[128.23345,36.33552],[128.23886,36.34375],[128.24676,36.34762],[128.25388,36.35426],[128.25199,36.35861],[128.25757,36.36304],[128.26684,36.36159],[128.27062,36.36331],[128.27834,36.35723],[128.2774,36.35136],[128.28366,36.3488],[128.28667,36.35143],[128.31096,36.36297],[128.31207,36.37665],[128.31731,36.38564],[128.32769,36.38736],[128.3346,36.40056],[128.34117,36.40678],[128.33375,36.41337],[128.33503,36.42163],[128.33319,36.4255],[128.32435,36.42922],[128.32452,36.43592],[128.32774,36.43893],[128.32293,36.44804],[128.31868,36.44963],[128.3125,36.45791],[128.30546,36.45822],[128.29607,36.46665],[128.29006,36.46382],[128.27904,36.46486],[128.27966,36.4744],[128.27124,36.4761],[128.26924,36.47928],[128.26362,36.47676],[128.26079,36.47979],[128.27117,36.48621],[128.27135,36.49622],[128.26469,36.50891],[128.266,36.51417],[128.26427,36.52626],[128.26918,36.53166],[128.24384,36.53502],[128.23834,36.53192],[128.22478,36.53309],[128.21541,36.5449],[128.21397,36.56653],[128.21989,36.57108],[128.21693,36.57511],[128.20508,36.57584],[128.20517,36.57976],[128.19001,36.58379],[128.18314,36.58085],[128.17763,36.58398],[128.17984,36.5901],[128.17526,36.59603],[128.16298,36.59737],[128.15676,36.60116],[128.14865,36.60151],[128.14483,36.60778],[128.11518,36.62259],[128.11123,36.62063],[128.11097,36.61336],[128.10449,36.60819],[128.09934,36.61002],[128.08325,36.61029],[128.07158,36.60712],[128.07269,36.60237],[128.06258,36.58555],[128.05681,36.58554],[128.05572,36.58047],[128.06109,36.57056],[128.05846,36.56843],[128.06271,36.56213],[128.05452,36.54738],[128.04136,36.54904],[128.0283,36.54859],[128.01538,36.54573],[128.00411,36.55174],[127.99671,36.55081],[127.99388,36.54729],[127.97896,36.54591],[127.98066,36.53767],[127.97744,36.53517],[127.98029,36.52948],[127.97755,36.52169],[127.97909,36.51514],[127.97454,36.51431],[127.96214,36.52059],[127.95583,36.52807],[127.93983,36.52662],[127.93352,36.52897],[127.93094,36.53383],[127.93777,36.53804],[127.93695,36.54686],[127.94043,36.55276],[127.93601,36.55555],[127.93369,36.5621],[127.93768,36.56648],[127.93553,36.57351],[127.93077,36.57727],[127.93184,36.59201],[127.92094,36.59673],[127.91996,36.60112]]]},"properties":{"osm_id":7715629,"name":"상주시","sgg_code":"47250","mois_admin":"4725000000","admin_level":6,"code_source":"osm"}},
{"type":"Feature","geometry":{"type":"Polygon","coordinates":[[[128.13357,36.8328],[128.13398,36.82844],[128.12893,36.8248],[128.10982,36.82132],[128.10585,36.80595],[128.09296,36.80286],[128.0935,36.79678],[128.08383,36.7993],[128.08537,36.8042],[128.07716,36.81098],[128.06736,36.81677],[128.05923,36.81638],[128.05408,36.80561],[128.05613,36.79842],[128.05498,36.79266],[128.04831,36.78322],[128.0448,36.77105],[128.03237,36.75517],[128.03232,36.74758],[128.05072,36.73671],[128.05556,36.73042],[128.06799,36.72223],[128.07272,36.71189],[128.07038,36.7077],[128.0587,36.70895],[128.04969,36.70776],[128.03191,36.71878],[128.02578,36.71906],[128.01939,36.7237],[128.01484,36.73019],[128.00651,36.72545],[128.00194,36.71726],[127.98685,36.71755],[127.98025,36.72008],[127.97315,36.7262],[127.97072,36.73091],[127.95697,36.73559],[127.95361,36.72268],[127.94918,36.71988],[127.94953,36.70805],[127.94648,36.70621],[127.93357,36.70649],[127.93086,36.70136],[127.93159,36.69442],[127.92892,36.69084],[127.91872,36.69224],[127.89785,36.69325],[127.88858,36.69186],[127.8816,36.68774],[127.88207,36.68357],[127.87429,36.68196],[127.88001,36.67871],[127.88762,36.67863],[127.89167,36.68244],[127.91297,36.67767],[127.91771,36.66785],[127.92957,36.66877],[127.93221,36.66452],[127.93164,36.6554],[127.93908,36.65275],[127.939,36.64599],[127.93573,36.64418],[127.93381,36.63608],[127.93596,36.633],[127.9314,36.62411],[127.93238,36.61874],[127.92409,36.61545],[127.92486,36.60406],[127.91996,36.60112],[127.92094,36.59673],[127.93184,36.59201],[127.93077,36.57727],[127.93553,36.57351],[127.93768,36.56648],[127.93369,36.5621],[127.93601,36.55555],[127.94043,36.55276],[127.93695,36.54686],[127.93777,36.53804],[127.93094,36.53383],[127.93352,36.52897],[127.93983,36.52662],[127.95583,36.52807],[127.96214,36.52059],[127.97454,36.51431],[127.97909,36.51514],[127.97755,36.52169],[127.98029,36.52948],[127.97744,36.53517],[127.98066,36.53767],[127.97896,36.54591],[127.99388,36.54729],[127.99671,36.55081],[128.00411,36.55174],[128.01538,36.54573],[128.0283,36.54859],[128.04136,36.54904],[128.05452,36.54738],[128.06271,36.56213],[128.05846,36.56843],[128.06109,36.57056],[128.05572,36.58047],[128.05681,36.58554],[128.06258,36.58555],[128.07269,36.60237],[128.07158,36.60712],[128.08325,36.61029],[128.09934,36.61002],[128.10449,36.60819],[128.11097,36.61336],[128.11123,36.62063],[128.11518,36.62259],[128.14483,36.60778],[128.14865,36.60151],[128.15676,36.60116],[128.16298,36.59737],[128.17526,36.59603],[128.17984,36.5901],[128.17763,36.58398],[128.18314,36.58085],[128.19001,36.58379],[128.20517,36.57976],[128.20508,36.57584],[128.21693,36.57511],[128.21989,36.57108],[128.21397,36.56653],[128.21541,36.5449],[128.22478,36.53309],[128.23834,36.53192],[128.24384,36.53502],[128.26918,36.53166],[128.26452,36.54131],[128.26735,36.54991],[128.29971,36.55212],[128.29564,36.55733],[128.2954,36.56444],[128.29894,36.57115],[128.29594,36.57866],[128.28967,36.57942],[128.27911,36.59637],[128.26512,36.60492],[128.26392,36.61201],[128.27156,36.61071],[128.27791,36.6167],[128.28718,36.62118],[128.29001,36.62758],[128.29611,36.63302],[128.30924,36.64081],[128.3083,36.65616],[128.31877,36.65754],[128.32126,36.64556],[128.33336,36.64274],[128.34915,36.64824],[128.34971,36.65422],[128.33735,36.65814],[128.33366,36.66613],[128.32542,36.66992],[128.32061,36.67873],[128.32426,36.68368],[128.33001,36.68503],[128.33465,36.69432],[128.3298,36.6992],[128.33533,36.70787],[128.32954,36.72236],[128.32975,36.7334],[128.33761,36.74117],[128.35855,36.74079],[128.36726,36.75166],[128.36048,36.76266],[128.36537,36.77318],[128.36671,36.79423],[128.37153,36.7965],[128.3684,36.80208],[128.36305,36.80072],[128.35544,36.8042],[128.35277,36.80995],[128.33489,36.81688],[128.32085,36.81564],[128.31612,36.81686],[128.31575,36.82276],[128.30893,36.829],[128.306,36.82886],[128.29562,36.83534],[128.28656,36.84503],[128.28243,36.8564],[128.26831,36.86054],[128.26527,36.86398],[128.25196,36.86702],[128.24183,36.87233],[128.2395,36.8651],[128.23466,36.86283],[128.23423,36.85599],[128.23871,36.85018],[128.23702,36.84535],[128.23013,36.84537],[128.21254,36.84973],[128.21112,36.84117],[128.21451,36.83485],[128.21732,36.81828],[128.21621,36.81246],[128.20717,36.81242],[128.19368,36.81712],[128.1848,36.81663],[128.17132,36.8221],[128.16263,36.82099],[128.15143,36.82324],[128.14984,36.82758],[128.14106,36.83348],[128.13357,36.8328]]]},"properties":{"osm_id":7715631,"name":"문경시","sgg_code":"47280","mois_admin":"4728000000","admin_level":6,"code_source":"osm"}},
{"type":"Feature","geometry":{"type":"Polygon","coordinates":[[[128.72595,35.85793],[128.72511,35.83644],[128.71457,35.83272],[128.70754,35.82341],[128.71311,35.81833],[128.71638,35.80601],[128.71103,35.80526],[128.70794,35.80046],[128.6976,35.79423],[128.69296,35.79684],[128.68275,35.79009],[128.68187,35.78388],[128.68674,35.77707],[128.68715,35.76865],[128.69129,35.76598],[128.69662,35.75609],[128.69282,35.74678],[128.69462,35.74376],[128.70131,35.74358],[128.70715,35.73235],[128.71114,35.72974],[128.71526,35.72078],[128.72524,35.71706],[128.7326,35.71774],[128.73728,35.71436],[128.7379,35.70871],[128.7438,35.70375],[128.75828,35.70008],[128.76765,35.70205],[128.76217,35.71106],[128.765,35.7168],[128.77349,35.72112],[128.77441,35.72944],[128.78478,35.73189],[128.78616,35.7379],[128.8001,35.74456],[128.8116,35.7406],[128.8155,35.74323],[128.82703,35.73855],[128.83394,35.74499],[128.84624,35.74094],[128.85628,35.7413],[128.85993,35.74601],[128.85384,35.75637],[128.86931,35.75844],[128.87089,35.75337],[128.87755,35.74717],[128.8901,35.75106],[128.89413,35.75433],[128.89694,35.76292],[128.90405,35.7446],[128.91488,35.75711],[128.92415,35.75968],[128.9304,35.75853],[128.93913,35.76941],[128.94151,35.77677],[128.94653,35.78268],[128.94458,35.78675],[128.95055,35.79385],[128.95651,35.80706],[128.95464,35.8103],[128.96044,35.82606],[128.96696,35.83537],[128.97043,35.83508],[128.96896,35.84159],[128.95958,35.84175],[128.95235,35.83375],[128.94525,35.83027],[128.94016,35.83551],[128.9346,35.83652],[128.91851,35.83535],[128.9151,35.83709],[128.90995,35.83119],[128.90772,35.83469],[128.89692,35.83674],[128.89383,35.84415],[128.88379,35.84311],[128.87652,35.85134],[128.87433,35.86473],[128.86371,35.87099],[128.86025,35.87845],[128.87171,35.88367],[128.87543,35.88795],[128.87073,35.8937],[128.85703,35.89906],[128.85407,35.90815],[128.85658,35.91196],[128.853,35.91926],[128.86231,35.92873],[128.85963,35.95367],[128.85465,35.95505],[128.85236,35.95968],[128.84461,35.9637],[128.83952,35.9638],[128.83673,35.96816],[128.82768,35.9642],[128.81272,35.96634],[128.81182,35.97379],[128.8091,35.97431],[128.787,35.9883],[128.77161,35.98351],[128.76509,35.98457],[128.75592,35.99032],[128.74184,35.99339],[128.73502,35.99286],[128.73193,35.98553],[128.73922,35.9765],[128.74573,35.97383],[128.74426,35.96098],[128.73781,35.95537],[128.74054,35.95376],[128.74528,35.94363],[128.73991,35.93633],[128.73822,35.92827],[128.74688,35.91955],[128.75595,35.91558],[128.76038,35.9068],[128.75716,35.90489],[128.7577,35.89586],[128.7621,35.88548],[128.75736,35.87865],[128.76127,35.87424],[128.76054,35.86631],[128.75406,35.86227],[128.7518,35.85738],[128.74616,35.85626],[128.73899,35.85146],[128.73462,35.85139],[128.72595,35.85793]]]},"properties":{"osm_id":7741682,"name":"경산시","sgg_code":"47290","mois_admin":"4729000000","admin_level":6,"code_source":"osm"}},
{"type":"Feature","geometry":{"type":"Polygon","coordinates":[[[128.42919,36.52097],[128.41264,36.51954],[128.39902,36.50839],[128.37748,36.50375],[128.36939,36.50972],[128.36894,36.5214],[128.36346,36.53036],[128.35366,36.52659],[128.34093,36.52438],[128.34439,36.51252],[128.33608,36.49958],[128.33615,36.48854],[128.32109,36.47476],[128.31855,36.47051],[128.31338,36.46977],[128.30915,36.46506],[128.3125,36.45791],[128.31868,36.44963],[128.32293,36.44804],[128.32774,36.43893],[128.32452,36.43592],[128.32435,36.42922],[128.33319,36.4255],[128.33503,36.42163],[128.33375,36.41337],[128.34117,36.40678],[128.3346,36.40056],[128.32769,36.38736],[128.31731,36.38564],[128.31207,36.37665],[128.31096,36.36297],[128.28667,36.35143],[128.28366,36.3488],[128.28242,36.34621],[128.29361,36.34856],[128.30188,36.34351],[128.30551,36.3316],[128.31168,36.33034],[128.31763,36.33228],[128.31616,36.33534],[128.32618,36.34256],[128.3321,36.34304],[128.3353,36.34946],[128.34592,36.3468],[128.34838,36.34337],[128.36596,36.33836],[128.36767,36.33094],[128.37298,36.32456],[128.37879,36.32262],[128.38054,36.31217],[128.38961,36.30966],[128.38816,36.30409],[128.39116,36.29832],[128.40083,36.28907],[128.4105,36.28709],[128.41687,36.29893],[128.4279,36.29899],[128.43419,36.30572],[128.43879,36.30548],[128.43815,36.31419],[128.44526,36.31827],[128.4519,36.32701],[128.47096,36.32104],[128.47326,36.31196],[128.49096,36.304],[128.50802,36.30342],[128.51092,36.3005],[128.51785,36.30191],[128.52522,36.29985],[128.52939,36.29361],[128.53573,36.29574],[128.54305,36.29399],[128.54815,36.28874],[128.55151,36.27488],[128.55832,36.27399],[128.57185,36.27516],[128.5759,36.27979],[128.59462,36.27742],[128.59751,36.27166],[128.60173,36.26994],[128.61007,36.27104],[128.61675,36.26696],[128.62564,36.26627],[128.64028,36.25793],[128.63845,36.25193],[128.64126,36.24493],[128.63951,36.24115],[128.63292,36.23871],[128.63671,36.23303],[128.63628,36.22389],[128.63207,36.21671],[128.63522,36.20899],[128.63956,36.20772],[128.64871,36.21822],[128.65347,36.21719],[128.66011,36.22148],[128.66768,36.21489],[128.66905,36.20919],[128.68232,36.21523],[128.68977,36.21214],[128.69432,36.2141],[128.69985,36.20871],[128.69611,36.20202],[128.7053,36.19896],[128.71875,36.20013],[128.71913,36.1979],[128.73522,36.20047],[128.74079,36.1992],[128.74615,36.19429],[128.74981,36.19583],[128.75288,36.20287],[128.7579,36.20267],[128.7696,36.19371],[128.77458,36.19491],[128.79645,36.19055],[128.8039,36.20315],[128.80122,36.20603],[128.80436,36.21005],[128.81215,36.21036],[128.82611,36.21815],[128.83483,36.21448],[128.84271,36.21623],[128.84781,36.21475],[128.85871,36.20772],[128.87126,36.20507],[128.87585,36.19879],[128.88292,36.19895],[128.89521,36.20418],[128.89579,36.21274],[128.88376,36.21854],[128.88105,36.22536],[128.87012,36.23236],[128.87933,36.23597],[128.886,36.24303],[128.8823,36.25259],[128.87171,36.25625],[128.85664,36.25448],[128.8505,36.26125],[128.85105,36.26617],[128.86288,36.26805],[128.86311,36.27432],[128.87725,36.27421],[128.87973,36.2959],[128.88884,36.29712],[128.89126,36.30392],[128.88576,36.31015],[128.88679,36.31679],[128.89152,36.31921],[128.89177,36.3237],[128.88534,36.34237],[128.87675,36.34403],[128.88001,36.35813],[128.8716,36.36929],[128.87744,36.37506],[128.85924,36.38702],[128.84997,36.38764],[128.851,36.3989],[128.84491,36.4036],[128.84457,36.41134],[128.84148,36.42128],[128.83349,36.42674],[128.83504,36.43578],[128.82937,36.44338],[128.83023,36.45139],[128.81281,36.45305],[128.81006,36.45829],[128.79942,36.45898],[128.79238,36.46533],[128.78466,36.4662],[128.78234,36.46395],[128.77556,36.46782],[128.77255,36.47493],[128.76758,36.4801],[128.75921,36.48418],[128.75045,36.48528],[128.74775,36.48811],[128.73754,36.47997],[128.72741,36.47583],[128.71891,36.48197],[128.70953,36.47601],[128.70983,36.47218],[128.70355,36.46775],[128.70638,36.45753],[128.70481,36.446],[128.69471,36.44583],[128.69127,36.44359],[128.68243,36.44366],[128.6751,36.43676],[128.66298,36.43704],[128.65342,36.42881],[128.6366,36.42838],[128.63278,36.42446],[128.62862,36.42529],[128.62862,36.41949],[128.621,36.41755],[128.61006,36.41743],[128.60506,36.4064],[128.60224,36.40462],[128.59641,36.40968],[128.59493,36.42657],[128.59759,36.4314],[128.58823,36.43869],[128.57729,36.43841],[128.5651,36.45878],[128.5603,36.46292],[128.55789,36.47237],[128.55206,36.47596],[128.553,36.48186],[128.55085,36.48908],[128.54433,36.48959],[128.5394,36.49473],[128.52661,36.49846],[128.51369,36.49729],[128.50485,36.49901],[128.5012,36.50363],[128.49597,36.51595],[128.49009,36.51709],[128.48721,36.51433],[128.47777,36.51415],[128.47507,36.49798],[128.46459,36.49832],[128.46232,36.49021],[128.45764,36.49322],[128.4552,36.49021],[128.44541,36.49477],[128.43758,36.50182],[128.43378,36.50225],[128.43258,36.51005],[128.43773,36.51619],[128.42919,36.52097]]]},"properties":{"osm_id":7817014,"name":"의성군","sgg_code":"47730","mois_admin":"4773000000","admin_level":6,"code_source":"osm"}},
{"type":"Feature","geometry":{"type":"Polygon","coordinates":[[[129.25161,36.32112],[129.25011,36.3256],[129.25363,36.32923],[129.25384,36.33932],[129.24232,36.34651],[129.23328,36.34326],[129.2271,36.34422],[129.22137,36.35248],[129.22007,36.35948],[129.21657,36.36094],[129.21841,36.37192],[129.2268,36.37938],[129.22682,36.3828],[129.22058,36.38691],[129.22794,36.39828],[129.2109,36.40798],[129.21037,36.41867],[129.2008,36.42958],[129.18803,36.42686],[129.17067,36.43538],[129.16876,36.44657],[129.16119,36.45425],[129.16196,36.45888],[129.1543,36.46571],[129.14842,36.47767],[129.15428,36.49307],[129.15262,36.50078],[129.14467,36.49915],[129.12972,36.50327],[129.1312,36.50746],[129.12746,36.51229],[129.13137,36.51781],[129.12659,36.52186],[129.13111,36.52592],[129.1285,36.53402],[129.11063,36.54101],[129.10784,36.54587],[129.09719,36.54391],[129.06788,36.54244],[129.06345,36.54677],[129.06009,36.55432],[129.05099,36.55798],[129.05025,36.56543],[129.04479,36.57519],[129.04616,36.58016],[129.0359,36.58231],[129.03199,36.58805],[129.02261,36.58778],[129.00911,36.58993],[129.00438,36.59499],[128.99949,36.59348],[129.00035,36.58852],[128.99288,36.58266],[128.99056,36.57694],[128.98438,36.57391],[128.97932,36.5615],[128.98396,36.56122],[128.99168,36.54895],[128.97647,36.54671],[128.97299,36.53023],[128.98026,36.52661],[128.98458,36.51583],[128.99285,36.51759],[128.99649,36.51036],[128.99357,36.49913],[128.98865,36.49522],[128.99048,36.49073],[128.97477,36.48352],[128.97434,36.47928],[128.98104,36.47562],[128.97911,36.46892],[128.98464,36.46361],[128.97434,36.46734],[128.96808,36.46174],[128.96876,36.45236],[128.97327,36.45201],[128.97687,36.44583],[128.97301,36.43938],[128.97301,36.42992],[128.98361,36.41217],[128.98293,36.40401],[128.97499,36.39268],[128.97563,36.39016],[128.96924,36.38246],[128.96391,36.36812],[128.96147,36.36615],[128.96542,36.36062],[128.96228,36.35087],[128.96542,36.34527],[128.96112,36.33753],[128.95203,36.33615],[128.94722,36.32823],[128.94061,36.3247],[128.93314,36.31775],[128.93256,36.30847],[128.91835,36.30472],[128.91283,36.29835],[128.8983,36.29514],[128.88884,36.29712],[128.87973,36.2959],[128.87725,36.27421],[128.86311,36.27432],[128.86288,36.26805],[128.85105,36.26617],[128.8505,36.26125],[128.85664,36.25448],[128.87171,36.25625],[128.8823,36.25259],[128.886,36.24303],[128.87933,36.23597],[128.87012,36.23236],[128.88105,36.22536],[128.88376,36.21854],[128.89579,36.21274],[128.89521,36.20418],[128.88292,36.19895],[128.88377,36.18395],[128.89019,36.18217],[128.89113,36.17609],[128.89542,36.17297],[128.89667,36.17656],[128.91387,36.17923],[128.91898,36.18382],[128.92658,36.17925],[128.93737,36.17925],[128.94982,36.16896],[128.96244,36.16629],[128.96866,36.16117],[128.97396,36.16079],[128.97741,36.16575],[128.99327,36.16913],[128.99185,36.17546],[128.99742,36.17909],[129.00546,36.17886],[129.02648,36.18333],[129.02936,36.19698],[129.03262,36.19892],[129.03962,36.21855],[129.04391,36.22181],[129.06026,36.22357],[129.06713,36.22046],[129.06627,36.22613],[129.07064,36.22977],[129.08348,36.23548],[129.0773,36.25026],[129.06056,36.25473],[129.05305,36.25877],[129.05313,36.26608],[129.06163,36.27102],[129.07361,36.27234],[129.08172,36.27794],[129.09017,36.27334],[129.09485,36.27438],[129.10661,36.26774],[129.12326,36.26265],[129.12918,36.26438],[129.13472,36.26196],[129.1412,36.24784],[129.15424,36.23572],[129.16587,36.23237],[129.17107,36.22444],[129.17862,36.22712],[129.18817,36.23455],[129.19882,36.24668],[129.20421,36.25605],[129.20739,36.26669],[129.21398,36.27194],[129.22044,36.27279],[129.22162,36.27867],[129.22589,36.28218],[129.22111,36.2878],[129.22416,36.29096],[129.22279,36.2958],[129.2252,36.30525],[129.23126,36.30821],[129.23686,36.31658],[129.24765,36.31848],[129.25161,36.32112]]]},"properties":{"osm_id":7817173,"name":"청송군","sgg_code":"47750","mois_admin":"4775000000","admin_level":6,"code_source":"osm"}},
{"type":"Feature","geometry":{"type":"Polygon","coordinates":[[[128.99034,36.7477],[128.98769,36.73727],[128.98941,36.73293],[128.9964,36.72839],[128.99619,36.72334],[128.99958,36.71553],[128.99494,36.70559],[128.99722,36.69537],[128.99228,36.69261],[128.99417,36.68222],[128.98958,36.67451],[128.99284,36.66973],[128.99001,36.66525],[128.99516,36.66174],[128.99625,36.65525],[128.98953,36.64838],[128.99456,36.64201],[128.99121,36.63612],[128.99108,36.62362],[128.99644,36.61877],[128.99584,36.60922],[128.99915,36.60096],[128.99949,36.59348],[129.00438,36.59499],[129.00911,36.58993],[129.02261,36.58778],[129.03199,36.58805],[129.0359,36.58231],[129.04616,36.58016],[129.04479,36.57519],[129.05025,36.56543],[129.05099,36.55798],[129.06009,36.55432],[129.06345,36.54677],[129.06788,36.54244],[129.09719,36.54391],[129.10784,36.54587],[129.11063,36.54101],[129.1285,36.53402],[129.13111,36.52592],[129.12659,36.52186],[129.13137,36.51781],[129.12746,36.51229],[129.1312,36.50746],[129.12972,36.50327],[129.14467,36.49915],[129.15262,36.50078],[129.17389,36.5077],[129.18209,36.50737],[129.18809,36.50032],[129.19174,36.50353],[129.19801,36.50073],[129.21311,36.50061],[129.21856,36.49088],[129.22393,36.48952],[129.22625,36.4944],[129.22294,36.50213],[129.22642,36.5135],[129.23502,36.51256],[129.2439,36.50893],[129.24787,36.51062],[129.24581,36.51588],[129.2388,36.52289],[129.23582,36.53084],[129.23616,36.53955],[129.24077,36.54674],[129.23959,36.55717],[129.24604,36.56269],[129.237,36.56789],[129.23039,36.58398],[129.22107,36.58614],[129.21704,36.58931],[129.22369,36.59764],[129.22253,36.60423],[129.23213,36.60443],[129.22929,36.61474],[129.23059,36.62025],[129.23782,36.62181],[129.24045,36.62877],[129.23727,36.63898],[129.23133,36.6433],[129.23052,36.64933],[129.23217,36.66067],[129.25513,36.67098],[129.26071,36.66902],[129.26878,36.67385],[129.27899,36.68141],[129.27656,36.69169],[129.28123,36.69355],[129.28631,36.7027],[129.28665,36.7086],[129.29456,36.71712],[129.28081,36.7239],[129.27156,36.72598],[129.26972,36.73237],[129.27317,36.73832],[129.27283,36.74477],[129.28542,36.7522],[129.2969,36.75578],[129.29652,36.76494],[129.30304,36.77623],[129.30901,36.77403],[129.31381,36.78128],[129.30564,36.79311],[129.30074,36.79371],[129.28903,36.80871],[129.28918,36.81477],[129.29392,36.82669],[129.28924,36.83257],[129.27302,36.83361],[129.27046,36.84053],[129.27682,36.84635],[129.27541,36.85894],[129.28488,36.86311],[129.27938,36.87363],[129.27665,36.87528],[129.27099,36.87144],[129.26044,36.87142],[129.26158,36.87747],[129.25653,36.8727],[129.25495,36.85964],[129.24774,36.85283],[129.23982,36.85081],[129.22591,36.85661],[129.23261,36.86401],[129.21628,36.859],[129.21188,36.86418],[129.20767,36.85616],[129.2048,36.85585],[129.20143,36.86564],[129.19652,36.86937],[129.19613,36.87472],[129.19066,36.87973],[129.17669,36.87936],[129.16993,36.88111],[129.16341,36.87436],[129.156,36.8781],[129.15289,36.87378],[129.14152,36.87383],[129.13255,36.86584],[129.12783,36.86488],[129.12112,36.84709],[129.10368,36.83524],[129.09991,36.82854],[129.08897,36.82625],[129.08073,36.81821],[129.06926,36.82022],[129.05062,36.80257],[129.04704,36.79669],[129.03701,36.79439],[129.03485,36.78822],[129.02088,36.78334],[129.01586,36.7842],[129.0069,36.77918],[129.00011,36.78044],[128.98946,36.77643],[128.98439,36.77227],[128.98357,36.76344],[128.99206,36.75613],[128.99034,36.7477]]]},"properties":{"osm_id":7817332,"name":"영양군","sgg_code":"47760","mois_admin":"4776000000","admin_level":6,"code_source":"osm"}},
{"type":"Feature","geometry":{"type":"Polygon","coordinates":[[[129.42309,36.64344],[129.42,36.64438],[129.41631,36.65198],[129.40228,36.6616],[129.39684,36.66153],[129.39501,36.66616],[129.38748,36.66533],[129.38374,36.66885],[129.36163,36.66067],[129.35466,36.65092],[129.34805,36.65719],[129.32913,36.66225],[129.32577,36.66729],[129.31849,36.66539],[129.30963,36.66809],[129.29225,36.66984],[129.28436,36.66734],[129.27942,36.67063],[129.26878,36.67385],[129.26071,36.66902],[129.25513,36.67098],[129.23217,36.66067],[129.23052,36.64933],[129.23133,36.6433],[129.23727,36.63898],[129.24045,36.62877],[129.23782,36.62181],[129.23059,36.62025],[129.22929,36.61474],[129.23213,36.60443],[129.22253,36.60423],[129.22369,36.59764],[129.21704,36.58931],[129.22107,36.58614],[129.23039,36.58398],[129.237,36.56789],[129.24604,36.56269],[129.23959,36.55717],[129.24077,36.54674],[129.23616,36.53955],[129.23582,36.53084],[129.2388,36.52289],[129.24581,36.51588],[129.24787,36.51062],[129.2439,36.50893],[129.23502,36.51256],[129.22642,36.5135],[129.22294,36.50213],[129.22625,36.4944],[129.22393,36.48952],[129.21856,36.49088],[129.21311,36.50061],[129.19801,36.50073],[129.19174,36.50353],[129.18809,36.50032],[129.18209,36.50737],[129.17389,36.5077],[129.15262,36.50078],[129.15428,36.49307],[129.14842,36.47767],[129.1543,36.46571],[129.16196,36.45888],[129.16119,36.45425],[129.16876,36.44657],[129.17067,36.43538],[129.18803,36.42686],[129.2008,36.42958],[129.21037,36.41867],[129.2109,36.40798],[129.22794,36.39828],[129.22058,36.38691],[129.22682,36.3828],[129.2268,36.37938],[129.21841,36.37192],[129.21657,36.36094],[129.22007,36.35948],[129.22137,36.35248],[129.2271,36.34422],[129.23328,36.34326],[129.24232,36.34651],[129.25384,36.33932],[129.25363,36.32923],[129.25011,36.3256],[129.25161,36.32112],[129.25641,36.32335],[129.26654,36.3207],[129.26803,36.32926],[129.27434,36.32711],[129.28168,36.32945],[129.28509,36.33363],[129.29824,36.32419],[129.2979,36.31064],[129.29193,36.30638],[129.29193,36.30284],[129.28483,36.29763],[129.28826,36.28964],[129.28646,36.28669],[129.29346,36.27646],[129.30045,36.27338],[129.30399,36.2678],[129.31461,36.27158],[129.31867,36.26902],[129.33888,36.26728],[129.35294,36.27297],[129.36565,36.26872],[129.37603,36.26817],[129.3809,36.27584],[129.37502,36.2852],[129.37902,36.29076],[129.37971,36.29993],[129.37735,36.30623],[129.37939,36.30872],[129.37924,36.31913],[129.38181,36.32143],[129.3794,36.33286],[129.38244,36.34214],[129.38871,36.34826],[129.38747,36.35409],[129.3939,36.35925],[129.39478,36.36754],[129.40607,36.38131],[129.40724,36.38823],[129.41237,36.39036],[129.41793,36.39862],[129.42938,36.40897],[129.43028,36.41494],[129.43584,36.42545],[129.43263,36.44046],[129.43657,36.44647],[129.43507,36.45337],[129.43757,36.46459],[129.43281,36.4766],[129.43433,36.48347],[129.44421,36.48872],[129.44655,36.50401],[129.45242,36.50929],[129.44445,36.51207],[129.44455,36.51963],[129.43923,36.53976],[129.44056,36.55185],[129.43178,36.55729],[129.43279,36.55981],[129.41969,36.57271],[129.41168,36.5869],[129.41081,36.59709],[129.41613,36.60345],[129.41201,36.62212],[129.417,36.63012],[129.41852,36.64031],[129.42309,36.64344]]]},"properties":{"osm_id":7029833,"name":"영덕군","sgg_code":"47770","mois_admin":"4777000000","admin_level":6,"code_source":"osm"}},
{"type":"Feature","geometry":{"type":"Polygon","coordinates":[[[128.59317,35.58431],[128.60344,35.58014],[128.62304,35.58607],[128.63033,35.58627],[128.63737,35.58278],[128.64389,35.58697],[128.6471,35.59386],[128.65793,35.59772],[128.6638,35.59419],[128.67339,35.59606],[128.68372,35.59367],[128.69041,35.59423],[128.69573,35.58348],[128.70346,35.57873],[128.7225,35.58077],[128.73597,35.57672],[128.74931,35.57056],[128.75871,35.56785],[128.76849,35.56991],[128.77169,35.56764],[128.78668,35.56673],[128.79736,35.57531],[128.80174,35.58966],[128.81152,35.58976],[128.82062,35.59346],[128.82225,35.59625],[128.83372,35.59791],[128.84388,35.58934],[128.85358,35.59674],[128.85853,35.6067],[128.86445,35.60886],[128.87229,35.62026],[128.87409,35.6347],[128.8829,35.6351],[128.88559,35.63009],[128.90576,35.63437],[128.91726,35.63881],[128.93529,35.634],[128.93898,35.6347],[128.94928,35.62898],[128.95503,35.62221],[128.95983,35.62005],[128.96221,35.61458],[128.97174,35.61424],[128.97997,35.60819],[128.98539,35.60747],[128.99989,35.6164],[129.00307,35.62051],[129.01871,35.62915],[129.02103,35.63478],[129.02747,35.63569],[129.03579,35.63188],[129.04024,35.63595],[129.0472,35.65016],[129.0402,35.65767],[129.03835,35.66995],[129.03412,35.67457],[129.03846,35.68839],[129.03676,35.69247],[129.02198,35.68763],[129.01151,35.69292],[129.00398,35.69455],[129.00471,35.70575],[128.9979,35.71096],[128.99724,35.71765],[128.9914,35.71937],[128.98447,35.72936],[128.97265,35.73712],[128.97424,35.74791],[128.97078,35.75567],[128.97687,35.76619],[128.97649,35.77005],[128.98108,35.77287],[128.98962,35.77214],[128.99722,35.77604],[128.99614,35.78847],[128.99357,35.78959],[128.99035,35.8002],[128.99769,35.8089],[129.00438,35.82331],[129.01546,35.84067],[129.01492,35.84613],[128.99837,35.84151],[128.9967,35.83953],[128.98009,35.83304],[128.97043,35.83508],[128.96696,35.83537],[128.96044,35.82606],[128.95464,35.8103],[128.95651,35.80706],[128.95055,35.79385],[128.94458,35.78675],[128.94653,35.78268],[128.94151,35.77677],[128.93913,35.76941],[128.9304,35.75853],[128.92415,35.75968],[128.91488,35.75711],[128.90405,35.7446],[128.89694,35.76292],[128.89413,35.75433],[128.8901,35.75106],[128.87755,35.74717],[128.87089,35.75337],[128.86931,35.75844],[128.85384,35.75637],[128.85993,35.74601],[128.85628,35.7413],[128.84624,35.74094],[128.83394,35.74499],[128.82703,35.73855],[128.8155,35.74323],[128.8116,35.7406],[128.8001,35.74456],[128.78616,35.7379],[128.78478,35.73189],[128.77441,35.72944],[128.77349,35.72112],[128.765,35.7168],[128.76217,35.71106],[128.76765,35.70205],[128.75828,35.70008],[128.7438,35.70375],[128.7379,35.70871],[128.73728,35.71436],[128.7326,35.71774],[128.72524,35.71706],[128.71526,35.72078],[128.71114,35.72974],[128.70715,35.73235],[128.70131,35.74358],[128.69462,35.74376],[128.68904,35.73717],[128.6904,35.73004],[128.68299,35.72548],[128.68355,35.72115],[128.66626,35.71911],[128.66291,35.72113],[128.65771,35.71851],[128.64612,35.70804],[128.63836,35.70587],[128.63042,35.70703],[128.62006,35.70351],[128.61448,35.70939],[128.61723,35.71802],[128.6099,35.7261],[128.61528,35.73096],[128.61484,35.73576],[128.60962,35.73869],[128.59915,35.73583],[128.59411,35.73689],[128.58832,35.73255],[128.58009,35.73862],[128.57111,35.73341],[128.56413,35.73597],[128.56133,35.72946],[128.5544,35.72739],[128.54121,35.71908],[128.52809,35.71352],[128.53355,35.7044],[128.53254,35.69614],[128.53497,35.69444],[128.53197,35.68379],[128.52646,35.68238],[128.52665,35.67389],[128.53173,35.66221],[128.53705,35.66087],[128.53772,35.65144],[128.53506,35.64335],[128.53849,35.63281],[128.53652,35.62375],[128.55832,35.61544],[128.55952,35.60407],[128.56656,35.60225],[128.57225,35.59815],[128.5762,35.59136],[128.58381,35.58662],[128.59317,35.58431]]]},"properties":{"osm_id":7741683,"name":"청도군","sgg_code":"47820","mois_admin":"4782000000","admin_level":6,"code_source":"osm"}},
{"type":"Feature","geometry":{"type":"Polygon","coordinates":[[[128.37072,35.61116],[128.38036,35.61141],[128.38983,35.61774],[128.40048,35.63271],[128.39947,35.64238],[128.38846,35.65395],[128.36921,35.66669],[128.36329,35.67255],[128.35513,35.68398],[128.35221,35.69207],[128.35136,35.70329],[128.35651,35.70775],[128.36474,35.70636],[128.37753,35.70148],[128.39092,35.69967],[128.40897,35.69473],[128.41964,35.69466],[128.43195,35.70273],[128.43447,35.70714],[128.43386,35.72129],[128.42374,35.73007],[128.39344,35.74595],[128.38374,35.75863],[128.39753,35.7756],[128.40637,35.79273],[128.41109,35.79963],[128.4195,35.80749],[128.4377,35.81174],[128.44365,35.80821],[128.46542,35.8077],[128.47032,35.80847],[128.4801,35.81536],[128.48073,35.82512],[128.46854,35.83688],[128.44897,35.84377],[128.41575,35.85031],[128.41155,35.85189],[128.38743,35.85288],[128.38971,35.84226],[128.39311,35.83831],[128.38128,35.83879],[128.37418,35.83507],[128.37759,35.82764],[128.37818,35.8208],[128.37492,35.81768],[128.36827,35.81732],[128.3693,35.79802],[128.3656,35.79214],[128.35046,35.79911],[128.34527,35.79657],[128.33817,35.79768],[128.32176,35.81195],[128.3135,35.81416],[128.3068,35.81204],[128.29936,35.81553],[128.28915,35.82644],[128.2754,35.82656],[128.27363,35.81924],[128.27377,35.79934],[128.26978,35.79106],[128.26209,35.79586],[128.24967,35.79034],[128.25362,35.7818],[128.24123,35.78199],[128.23444,35.78674],[128.22542,35.78746],[128.21761,35.79117],[128.21447,35.79898],[128.21405,35.80915],[128.21029,35.81577],[128.19837,35.8156],[128.19147,35.81916],[128.17934,35.81865],[128.16574,35.81373],[128.16135,35.80729],[128.16491,35.8022],[128.17181,35.7983],[128.17895,35.78719],[128.17514,35.78614],[128.16325,35.77565],[128.1611,35.76838],[128.1638,35.76128],[128.17775,35.75567],[128.18934,35.75235],[128.19333,35.73829],[128.19791,35.73668],[128.1938,35.73059],[128.19771,35.71804],[128.20195,35.71011],[128.20102,35.70545],[128.20419,35.69584],[128.20154,35.69213],[128.20214,35.68377],[128.19519,35.68335],[128.18386,35.67701],[128.17835,35.67198],[128.16239,35.67141],[128.15973,35.6645],[128.16093,35.65928],[128.15655,35.65601],[128.16159,35.65239],[128.17088,35.65353],[128.18359,35.65733],[128.19148,35.65398],[128.19835,35.64792],[128.20118,35.64255],[128.21068,35.64329],[128.21002,35.64017],[128.21861,35.63878],[128.2247,35.6408],[128.23394,35.63883],[128.23715,35.64305],[128.23551,35.6498],[128.2409,35.65361],[128.25843,35.64589],[128.26178,35.64157],[128.27156,35.64554],[128.27534,35.64513],[128.27963,35.65112],[128.28907,35.65112],[128.29585,35.64917],[128.29714,35.65619],[128.30645,35.65504],[128.3185,35.65091],[128.32386,35.6463],[128.33379,35.64443],[128.33625,35.64183],[128.35731,35.6374],[128.36209,35.62769],[128.36354,35.61186],[128.37072,35.61116]]]},"properties":{"osm_id":7817657,"name":"고령군","sgg_code":"47830","mois_admin":"4783000000","admin_level":6,"code_source":"osm"}},
{"type":"Feature","geometry":{"type":"Polygon","coordinates":[[[128.39839,35.90064],[128.39893,35.92971],[128.39484,35.9416],[128.38834,35.9392],[128.37979,35.93889],[128.36901,35.9416],[128.36194,35.95575],[128.34875,35.9547],[128.34112,35.96387],[128.33915,35.9756],[128.32968,35.97741],[128.31904,35.98225],[128.31286,35.9957],[128.31404,36.00304],[128.31056,36.00713],[128.31233,36.01436],[128.31766,36.0183],[128.31194,36.02282],[128.30994,36.02872],[128.29571,36.03084],[128.28901,36.03964],[128.28915,36.04289],[128.28344,36.0469],[128.26143,36.04965],[128.25439,36.05267],[128.24894,36.04931],[128.2404,36.0499],[128.23032,36.0551],[128.2238,36.0559],[128.20706,36.04608],[128.19715,36.04719],[128.1944,36.04556],[128.19457,36.03265],[128.18324,36.034],[128.17672,36.03237],[128.16904,36.03616],[128.16461,36.03271],[128.16743,36.02939],[128.16831,36.01995],[128.17324,36.01446],[128.16865,36.0113],[128.16663,36.0003],[128.17135,35.997],[128.16818,35.98985],[128.15844,35.9877],[128.15616,35.97853],[128.15148,35.97641],[128.15324,35.9695],[128.15071,35.96665],[128.13239,35.95939],[128.12385,35.96272],[128.11754,35.96033],[128.11213,35.96509],[128.10737,35.96071],[128.09659,35.95543],[128.08913,35.94692],[128.09114,35.93792],[128.09106,35.9284],[128.08883,35.92159],[128.08505,35.92141],[128.07891,35.92777],[128.07329,35.92941],[128.07252,35.93625],[128.05681,35.94219],[128.04879,35.93663],[128.04694,35.93285],[128.04904,35.92023],[128.05625,35.91432],[128.06093,35.90754],[128.0569,35.90358],[128.06677,35.89569],[128.06578,35.88895],[128.06986,35.88203],[128.08072,35.87347],[128.0872,35.87264],[128.07685,35.86158],[128.07385,35.85069],[128.07814,35.84366],[128.0778,35.83946],[128.08561,35.83628],[128.09068,35.83081],[128.09678,35.83205],[128.10403,35.82886],[128.10891,35.82409],[128.11609,35.82631],[128.1232,35.82264],[128.12118,35.80417],[128.12837,35.79433],[128.12839,35.7898],[128.13808,35.78442],[128.1462,35.78423],[128.15211,35.78665],[128.16325,35.77565],[128.17514,35.78614],[128.17895,35.78719],[128.17181,35.7983],[128.16491,35.8022],[128.16135,35.80729],[128.16574,35.81373],[128.17934,35.81865],[128.19147,35.81916],[128.19837,35.8156],[128.21029,35.81577],[128.21405,35.80915],[128.21447,35.79898],[128.21761,35.79117],[128.22542,35.78746],[128.23444,35.78674],[128.24123,35.78199],[128.25362,35.7818],[128.24967,35.79034],[128.26209,35.79586],[128.26978,35.79106],[128.27377,35.79934],[128.27363,35.81924],[128.2754,35.82656],[128.28915,35.82644],[128.29936,35.81553],[128.3068,35.81204],[128.3135,35.81416],[128.32176,35.81195],[128.33817,35.79768],[128.34527,35.79657],[128.35046,35.79911],[128.3656,35.79214],[128.3693,35.79802],[128.36827,35.81732],[128.37492,35.81768],[128.37818,35.8208],[128.37759,35.82764],[128.37418,35.83507],[128.38128,35.83879],[128.39311,35.83831],[128.38971,35.84226],[128.38743,35.85288],[128.38443,35.85365],[128.38406,35.86552],[128.39049,35.87429],[128.39146,35.88029],[128.3973,35.89211],[128.39839,35.90064]]]},"properties":{"osm_id":7817880,"name":"성주군","sgg_code":"47840","mois_admin":"4784000000","admin_level":6,"code_source":"osm"}},
{"type":"Feature","geometry":{"type":"Polygon","coordinates":[[[128.5629,36.11101],[128.5474,36.10879],[128.53377,36.11285],[128.52731,36.11156],[128.52055,36.1145],[128.50826,36.11114],[128.49785,36.11325],[128.49599,36.12194],[128.49032,36.12521],[128.48821,36.1126],[128.47976,36.10597],[128.47578,36.09994],[128.47653,36.0919],[128.46485,36.08436],[128.46393,36.07831],[128.46972,36.0721],[128.46352,36.06962],[128.44712,36.07484],[128.4462,36.07757],[128.42867,36.08039],[128.42273,36.08834],[128.41853,36.08386],[128.40992,36.0827],[128.40551,36.09215],[128.39712,36.09178],[128.38995,36.08004],[128.38183,36.07506],[128.3866,36.07025],[128.38067,36.06651],[128.37161,36.06604],[128.35987,36.06071],[128.35842,36.06604],[128.35161,36.06721],[128.34617,36.07293],[128.34192,36.08092],[128.33572,36.08283],[128.33055,36.0914],[128.3224,36.09206],[128.30605,36.08714],[128.29243,36.08815],[128.28521,36.08147],[128.28851,36.07498],[128.30087,36.06391],[128.29933,36.05205],[128.29375,36.05087],[128.28915,36.04289],[128.28901,36.03964],[128.29571,36.03084],[128.30994,36.02872],[128.31194,36.02282],[128.31766,36.0183],[128.31233,36.01436],[128.31056,36.00713],[128.31404,36.00304],[128.31286,35.9957],[128.31904,35.98225],[128.32968,35.97741],[128.33915,35.9756],[128.34112,35.96387],[128.34875,35.9547],[128.36194,35.95575],[128.36901,35.9416],[128.37979,35.93889],[128.38834,35.9392],[128.39484,35.9416],[128.39893,35.92971],[128.39839,35.90064],[128.40689,35.90071],[128.4167,35.91276],[128.4179,35.92172],[128.42302,35.92268],[128.42527,35.92882],[128.43907,35.93171],[128.44131,35.93561],[128.45059,35.93482],[128.45367,35.94311],[128.46588,35.93785],[128.47704,35.93507],[128.47283,35.92283],[128.47275,35.91554],[128.46528,35.90879],[128.4682,35.90031],[128.47429,35.89468],[128.47884,35.89816],[128.48468,35.89336],[128.48843,35.89779],[128.49413,35.89541],[128.4964,35.88898],[128.50107,35.88647],[128.50461,35.89143],[128.50596,35.90566],[128.51126,35.91093],[128.51635,35.91192],[128.52619,35.92268],[128.5292,35.92386],[128.53402,35.93263],[128.53524,35.93955],[128.53272,35.95214],[128.53444,35.95764],[128.53116,35.95965],[128.52708,35.9756],[128.52957,35.9805],[128.54302,35.975],[128.54611,35.9668],[128.5516,35.9602],[128.55633,35.97049],[128.56355,35.97119],[128.56991,35.97605],[128.58347,35.97647],[128.59016,35.97828],[128.59383,35.98236],[128.60252,35.98467],[128.60378,35.98882],[128.60999,35.9953],[128.61625,36.00691],[128.6317,36.00717],[128.64134,36.01033],[128.63703,36.01669],[128.62134,36.02514],[128.62251,36.03815],[128.62633,36.04182],[128.62959,36.0523],[128.62846,36.05972],[128.63285,36.06693],[128.62782,36.06899],[128.63172,36.07644],[128.62768,36.08016],[128.61896,36.07696],[128.59806,36.07524],[128.59757,36.06688],[128.59452,36.06275],[128.58765,36.06367],[128.5834,36.06773],[128.56923,36.05817],[128.56377,36.07123],[128.56899,36.08835],[128.56761,36.09546],[128.56278,36.1004],[128.56516,36.10926],[128.5629,36.11101]]]},"properties":{"osm_id":7817883,"name":"칠곡군","sgg_code":"47850","mois_admin":"4785000000","admin_level":6,"code_source":"osm"}},
{"type":"Feature","geometry":{"type":"Polygon","coordinates":[[[128.3684,36.80208],[128.37153,36.7965],[128.36671,36.79423],[128.36537,36.77318],[128.36048,36.76266],[128.36726,36.75166],[128.35855,36.74079],[128.33761,36.74117],[128.32975,36.7334],[128.32954,36.72236],[128.33533,36.70787],[128.3298,36.6992],[128.33465,36.69432],[128.33001,36.68503],[128.32426,36.68368],[128.32061,36.67873],[128.32542,36.66992],[128.33366,36.66613],[128.33735,36.65814],[128.34971,36.65422],[128.34915,36.64824],[128.33336,36.64274],[128.32126,36.64556],[128.31877,36.65754],[128.3083,36.65616],[128.30924,36.64081],[128.29611,36.63302],[128.29001,36.62758],[128.28718,36.62118],[128.27791,36.6167],[128.27156,36.61071],[128.26392,36.61201],[128.26512,36.60492],[128.27911,36.59637],[128.28967,36.57942],[128.29594,36.57866],[128.29894,36.57115],[128.2954,36.56444],[128.29564,36.55733],[128.29971,36.55212],[128.26735,36.54991],[128.26452,36.54131],[128.26918,36.53166],[128.26427,36.52626],[128.266,36.51417],[128.26469,36.50891],[128.27135,36.49622],[128.27117,36.48621],[128.26079,36.47979],[128.26362,36.47676],[128.26924,36.47928],[128.27124,36.4761],[128.27966,36.4744],[128.27904,36.46486],[128.29006,36.46382],[128.29607,36.46665],[128.30546,36.45822],[128.3125,36.45791],[128.30915,36.46506],[128.31338,36.46977],[128.31855,36.47051],[128.32109,36.47476],[128.33615,36.48854],[128.33608,36.49958],[128.34439,36.51252],[128.34093,36.52438],[128.35366,36.52659],[128.36346,36.53036],[128.36894,36.5214],[128.36939,36.50972],[128.37748,36.50375],[128.39902,36.50839],[128.41264,36.51954],[128.42919,36.52097],[128.44477,36.53467],[128.46408,36.5393],[128.45792,36.54774],[128.46004,36.55253],[128.45592,36.55412],[128.46884,36.55967],[128.47217,36.56382],[128.49412,36.56984],[128.49682,36.58218],[128.49202,36.58886],[128.49429,36.59879],[128.50485,36.60636],[128.50712,36.60192],[128.51412,36.60006],[128.5215,36.60168],[128.5294,36.59996],[128.53017,36.60595],[128.53566,36.6136],[128.52978,36.61828],[128.52339,36.61932],[128.52579,36.628],[128.53163,36.62838],[128.53995,36.63378],[128.54656,36.63116],[128.55403,36.63599],[128.55712,36.63516],[128.56647,36.64012],[128.56742,36.64577],[128.57969,36.64942],[128.5815,36.64701],[128.58836,36.65031],[128.60561,36.65217],[128.60707,36.66147],[128.60613,36.67262],[128.60261,36.67881],[128.61128,36.68425],[128.61042,36.69279],[128.60583,36.69313],[128.59858,36.70261],[128.59379,36.70039],[128.5931,36.70946],[128.58409,36.7104],[128.58508,36.72351],[128.57748,36.72477],[128.57735,36.73496],[128.57098,36.73644],[128.57244,36.74399],[128.56665,36.74776],[128.56693,36.75207],[128.56113,36.76124],[128.55635,36.76129],[128.55242,36.76933],[128.54495,36.76711],[128.53736,36.77356],[128.52493,36.77031],[128.52221,36.77177],[128.51107,36.76797],[128.50661,36.76462],[128.49869,36.76619],[128.49088,36.77368],[128.48258,36.77732],[128.47584,36.77743],[128.47723,36.7859],[128.4762,36.79618],[128.47223,36.80277],[128.47537,36.81672],[128.48346,36.8294],[128.48176,36.8357],[128.47476,36.84107],[128.4655,36.8454],[128.44848,36.85015],[128.44672,36.84328],[128.4415,36.8376],[128.43411,36.83414],[128.43205,36.82407],[128.42048,36.81151],[128.39963,36.81287],[128.39436,36.81487],[128.38126,36.81388],[128.3684,36.80208]]]},"properties":{"osm_id":7741680,"name":"예천군","sgg_code":"47900","mois_admin":"4790000000","admin_level":6,"code_source":"osm"}},
{"type":"Feature","geometry":{"type":"Polygon","coordinates":[[[128.7091,37.03936],[128.7014,37.02825],[128.70217,37.01229],[128.69329,37.00403],[128.69531,36.99865],[128.69106,36.97852],[128.69389,36.97379],[128.68814,36.96872],[128.68715,36.95915],[128.6823,36.95288],[128.67947,36.95349],[128.67621,36.9455],[128.66604,36.94276],[128.66273,36.93919],[128.6611,36.92837],[128.67057,36.91953],[128.65962,36.90914],[128.65512,36.91126],[128.65007,36.90931],[128.64799,36.90145],[128.63894,36.88858],[128.63945,36.88486],[128.6461,36.87952],[128.65125,36.87835],[128.65731,36.86912],[128.64537,36.86309],[128.64344,36.85651],[128.64872,36.85576],[128.66076,36.8504],[128.66503,36.8419],[128.66838,36.84463],[128.67518,36.84264],[128.67432,36.84814],[128.67878,36.85143],[128.67763,36.85538],[128.68595,36.85895],[128.6869,36.8635],[128.70241,36.86088],[128.7064,36.86711],[128.71558,36.86465],[128.72144,36.86773],[128.72988,36.86311],[128.72571,36.86079],[128.73801,36.83965],[128.7302,36.83196],[128.71988,36.82895],[128.72071,36.82366],[128.72567,36.82133],[128.73256,36.82275],[128.7288,36.8188],[128.72885,36.811],[128.72282,36.80092],[128.72638,36.79277],[128.73279,36.79095],[128.7353,36.79923],[128.74455,36.79678],[128.74929,36.80887],[128.75504,36.80702],[128.75998,36.80977],[128.76474,36.80166],[128.76865,36.8064],[128.7774,36.80468],[128.78706,36.81221],[128.79427,36.81389],[128.80133,36.82308],[128.80654,36.82131],[128.81013,36.81629],[128.80448,36.81231],[128.80729,36.8021],[128.81219,36.79544],[128.8189,36.80068],[128.8238,36.81028],[128.84047,36.80913],[128.8447,36.80279],[128.85684,36.80114],[128.86461,36.79788],[128.86529,36.79454],[128.87233,36.78963],[128.87285,36.78612],[128.88439,36.7831],[128.89139,36.77213],[128.89495,36.77145],[128.90349,36.77609],[128.90928,36.77519],[128.91971,36.76763],[128.92864,36.76784],[128.94225,36.7736],[128.9546,36.77059],[128.96207,36.75842],[128.96409,36.75243],[128.97675,36.74779],[128.99034,36.7477],[128.99206,36.75613],[128.98357,36.76344],[128.98439,36.77227],[128.98946,36.77643],[129.00011,36.78044],[129.0069,36.77918],[129.01586,36.7842],[129.02088,36.78334],[129.03485,36.78822],[129.03701,36.79439],[129.04704,36.79669],[129.05062,36.80257],[129.06926,36.82022],[129.08073,36.81821],[129.08897,36.82625],[129.09991,36.82854],[129.10368,36.83524],[129.12112,36.84709],[129.12783,36.86488],[129.13255,36.86584],[129.14152,36.87383],[129.15289,36.87378],[129.156,36.8781],[129.15521,36.88901],[129.14768,36.8902],[129.14923,36.8963],[129.14478,36.89844],[129.14834,36.90527],[129.14494,36.91018],[129.1433,36.92032],[129.13765,36.9225],[129.13714,36.92656],[129.12494,36.93019],[129.11893,36.93596],[129.11141,36.93367],[129.10445,36.93874],[129.10791,36.94347],[129.09657,36.94626],[129.09133,36.9449],[129.08409,36.94693],[129.08858,36.95005],[129.07772,36.95853],[129.08239,36.96345],[129.09086,36.96165],[129.09202,36.97056],[129.09538,36.97749],[129.09018,36.98436],[129.0931,36.98875],[129.09291,36.99528],[129.08973,36.99965],[129.09414,37.00706],[129.0849,37.00877],[129.09249,37.01461],[129.10467,37.02091],[129.10574,37.02578],[129.11454,37.02599],[129.13098,37.03431],[129.14093,37.03289],[129.14722,37.02494],[129.16127,37.02042],[129.16717,37.02206],[129.17637,37.02886],[129.17869,37.03482],[129.18541,37.04172],[129.18503,37.04658],[129.17571,37.0578],[129.1704,37.06036],[129.16618,37.06922],[129.16169,37.06888],[129.14805,37.07613],[129.14427,37.07658],[129.13947,37.08227],[129.13355,37.08175],[129.12719,37.08444],[129.12669,37.08893],[129.11807,37.09274],[129.10778,37.0935],[129.10458,37.09772],[129.09566,37.10031],[129.0912,37.09715],[129.07686,37.09292],[129.07001,37.08738],[129.0656,37.07875],[129.06742,37.07619],[129.06398,37.06807],[129.05708,37.06496],[129.05322,37.07037],[129.04188,37.07104],[129.03669,37.07618],[129.03241,37.07492],[129.02435,37.07835],[129.02085,37.07654],[129.00063,37.08036],[128.98417,37.08469],[128.97551,37.08114],[128.95927,37.07758],[128.95482,37.07959],[128.95344,37.08496],[128.9457,37.09384],[128.93209,37.09087],[128.9232,37.09212],[128.91501,37.08368],[128.91687,37.07861],[128.9103,37.06831],[128.91042,37.06613],[128.89807,37.0576],[128.89642,37.04452],[128.88734,37.05036],[128.87854,37.05326],[128.87684,37.04608],[128.87248,37.04395],[128.86595,37.04794],[128.84687,37.05161],[128.83595,37.06594],[128.83167,37.0674],[128.83208,37.07508],[128.82938,37.07846],[128.81943,37.07703],[128.81257,37.07871],[128.80787,37.076],[128.79997,37.07897],[128.79942,37.08694],[128.78581,37.08785],[128.78028,37.09234],[128.77359,37.08751],[128.77777,37.07883],[128.77134,37.07635],[128.76475,37.06355],[128.75718,37.07001],[128.75258,37.05786],[128.75302,37.05372],[128.76142,37.04444],[128.76218,37.03616],[128.75455,37.03196],[128.75376,37.02783],[128.74908,37.02886],[128.73583,37.03975],[128.71867,37.04375],[128.7091,37.03936]]]},"properties":{"osm_id":7817889,"name":"봉화군","sgg_code":"47920","mois_admin":"4792000000","admin_level":6,"code_source":"osm"}},
{"type":"Feature","geometry":{"type":"Polygon","coordinates":[[[129.18541,37.04172],[129.17869,37.03482],[129.17637,37.02886],[129.16717,37.02206],[129.16127,37.02042],[129.14722,37.02494],[129.14093,37.03289],[129.13098,37.03431],[129.11454,37.02599],[129.10574,37.02578],[129.10467,37.02091],[129.09249,37.01461],[129.0849,37.00877],[129.09414,37.00706],[129.08973,36.99965],[129.09291,36.99528],[129.0931,36.98875],[129.09018,36.98436],[129.09538,36.97749],[129.09202,36.97056],[129.09086,36.96165],[129.08239,36.96345],[129.07772,36.95853],[129.08858,36.95005],[129.08409,36.94693],[129.09133,36.9449],[129.09657,36.94626],[129.10791,36.94347],[129.10445,36.93874],[129.11141,36.93367],[129.11893,36.93596],[129.12494,36.93019],[129.13714,36.92656],[129.13765,36.9225],[129.1433,36.92032],[129.14494,36.91018],[129.14834,36.90527],[129.14478,36.89844],[129.14923,36.8963],[129.14768,36.8902],[129.15521,36.88901],[129.156,36.8781],[129.16341,36.87436],[129.16993,36.88111],[129.17669,36.87936],[129.19066,36.87973],[129.19613,36.87472],[129.19652,36.86937],[129.20143,36.86564],[129.2048,36.85585],[129.20767,36.85616],[129.21188,36.86418],[129.21628,36.859],[129.23261,36.86401],[129.22591,36.85661],[129.23982,36.85081],[129.24774,36.85283],[129.25495,36.85964],[129.25653,36.8727],[129.26158,36.87747],[129.26044,36.87142],[129.27099,36.87144],[129.27665,36.87528],[129.27938,36.87363],[129.28488,36.86311],[129.27541,36.85894],[129.27682,36.84635],[129.27046,36.84053],[129.27302,36.83361],[129.28924,36.83257],[129.29392,36.82669],[129.28918,36.81477],[129.28903,36.80871],[129.30074,36.79371],[129.30564,36.79311],[129.31381,36.78128],[129.30901,36.77403],[129.30304,36.77623],[129.29652,36.76494],[129.2969,36.75578],[129.28542,36.7522],[129.27283,36.74477],[129.27317,36.73832],[129.26972,36.73237],[129.27156,36.72598],[129.28081,36.7239],[129.29456,36.71712],[129.28665,36.7086],[129.28631,36.7027],[129.28123,36.69355],[129.27656,36.69169],[129.27899,36.68141],[129.26878,36.67385],[129.27942,36.67063],[129.28436,36.66734],[129.29225,36.66984],[129.30963,36.66809],[129.31849,36.66539],[129.32577,36.66729],[129.32913,36.66225],[129.34805,36.65719],[129.35466,36.65092],[129.36163,36.66067],[129.38374,36.66885],[129.38748,36.66533],[129.39501,36.66616],[129.39684,36.66153],[129.40228,36.6616],[129.41631,36.65198],[129.42,36.64438],[129.42309,36.64344],[129.42864,36.64979],[129.43087,36.65898],[129.44146,36.6742],[129.45899,36.68175],[129.46183,36.67774],[129.4654,36.67965],[129.46555,36.68766],[129.46921,36.69512],[129.47617,36.69939],[129.47441,36.70595],[129.47594,36.71108],[129.47188,36.72196],[129.47766,36.72673],[129.46832,36.74962],[129.46903,36.75926],[129.47874,36.76756],[129.46956,36.78089],[129.46246,36.78878],[129.46277,36.79595],[129.45805,36.80263],[129.4568,36.81478],[129.44517,36.8277],[129.4421,36.83559],[129.4291,36.84846],[129.42119,36.86447],[129.42183,36.87279],[129.41527,36.88938],[129.4205,36.8975],[129.41559,36.90847],[129.41547,36.91575],[129.41971,36.92256],[129.41736,36.92997],[129.42109,36.94068],[129.41939,36.95065],[129.41485,36.96486],[129.40822,36.97982],[129.41763,36.99245],[129.41758,37.0059],[129.41034,37.02238],[129.40973,37.02938],[129.41735,37.03433],[129.4132,37.04318],[129.41363,37.04929],[129.42152,37.05797],[129.42994,37.0565],[129.42709,37.06422],[129.39622,37.08329],[129.39405,37.08742],[129.37958,37.09903],[129.37466,37.11138],[129.38005,37.11931],[129.37381,37.12241],[129.37125,37.1305],[129.37498,37.1332],[129.36671,37.14066],[129.364,37.14627],[129.35638,37.14486],[129.34461,37.14602],[129.33057,37.1405],[129.32483,37.14229],[129.31815,37.13295],[129.3118,37.13221],[129.30889,37.12794],[129.30387,37.12824],[129.29523,37.1203],[129.29459,37.11437],[129.282,37.1161],[129.27674,37.11855],[129.27124,37.11638],[129.27024,37.10692],[129.26566,37.10215],[129.25907,37.10105],[129.24903,37.09615],[129.24046,37.08504],[129.22538,37.07372],[129.23307,37.06388],[129.22954,37.05474],[129.23177,37.05426],[129.23359,37.0404],[129.22531,37.04456],[129.2138,37.04303],[129.20505,37.04497],[129.19475,37.04063],[129.18541,37.04172]]]},"properties":{"osm_id":7002834,"name":"울진군","sgg_code":"47930","mois_admin":"4793000000","admin_level":6,"code_source":"osm"}},
{"type":"Feature","geometry":{"type":"MultiPolygon","coordinates":[[[[130.91371,37.49635],[130.91023,37.49704],[130.91541,37.50199],[130.91378,37.50739],[130.91674,37.50964],[130.91634,37.51881],[130.91031,37.52152],[130.90788,37.52728],[130.91228,37.5382],[130.91681,37.54159],[130.91053,37.5416],[130.90746,37.54851],[130.90292,37.5491],[130.89236,37.54113],[130.8757,37.54319],[130.86712,37.53673],[130.85716,37.53455],[130.84481,37.53523],[130.82777,37.52636],[130.82249,37.52742],[130.81343,37.52242],[130.80353,37.51944],[130.79633,37.52008],[130.79224,37.51781],[130.79428,37.51327],[130.80364,37.50565],[130.80486,37.50257],[130.80175,37.49004],[130.80205,37.48371],[130.80891,37.47998],[130.81011,37.47479],[130.82986,37.47041],[130.8317,37.46658],[130.84098,37.46267],[130.84995,37.46388],[130.85627,37.45981],[130.86902,37.45867],[130.87266,37.45379],[130.88665,37.46119],[130.87661,37.45867],[130.87793,37.46337],[130.88472,37.47082],[130.89703,37.47588],[130.90706,37.47688],[130.91129,37.48345],[130.91664,37.4829],[130.92081,37.48655],[130.91353,37.48669],[130.91371,37.49635]]],[[[130.93879,37.53175],[130.93546,37.5292],[130.93851,37.52561],[130.93879,37.53175]]]]},"properties":{"osm_id":7715627,"name":"울릉군","sgg_code":"47940","mois_admin":"4794000000","admin_level":6,"code_source":"osm"}},
{"type":"Feature","geometry":{"type":"MultiPolygon","coordinates":[[[[128.81819,35.07763],[128.81824,35.08607],[128.83166,35.08757],[128.82334,35.09427],[128.82186,35.0977],[128.82375,35.10193],[128.8357,35.10132],[128.8421,35.10716],[128.84289,35.11336],[128.83598,35.11911],[128.83783,35.12293],[128.83481,35.13062],[128.82857,35.12856],[128.82545,35.13121],[128.81586,35.13295],[128.8026,35.1424],[128.80238,35.14883],[128.795,35.14981],[128.79397,35.15739],[128.78137,35.15918],[128.76412,35.16935],[128.74041,35.16869],[128.74773,35.19257],[128.75228,35.19306],[128.75073,35.20043],[128.74421,35.20583],[128.73786,35.20401],[128.73056,35.20548],[128.72498,35.21221],[128.71983,35.22497],[128.72421,35.22911],[128.72404,35.23998],[128.71809,35.24341],[128.71743,35.25056],[128.71149,35.26327],[128.71163,35.26953],[128.7063,35.27834],[128.70452,35.29375],[128.69554,35.30367],[128.69667,35.31045],[128.70928,35.30889],[128.71616,35.31006],[128.71138,35.31472],[128.7131,35.32199],[128.71767,35.32552],[128.72507,35.31936],[128.73352,35.3159],[128.74247,35.32038],[128.74236,35.33163],[128.75037,35.33274],[128.75024,35.34026],[128.75413,35.33494],[128.76163,35.34051],[128.76163,35.34437],[128.73416,35.35235],[128.71477,35.36529],[128.6897,35.37797],[128.65983,35.37265],[128.65052,35.37407],[128.6271,35.37316],[128.61725,35.37848],[128.60219,35.39344],[128.59774,35.394],[128.5843,35.38171],[128.577,35.37916],[128.57779,35.36797],[128.57154,35.3618],[128.57155,35.35875],[128.56253,35.35702],[128.55945,35.35278],[128.56985,35.33423],[128.56335,35.32589],[128.57235,35.31978],[128.57219,35.31551],[128.58268,35.30861],[128.57229,35.30075],[128.57358,35.29581],[128.58108,35.2875],[128.58328,35.27856],[128.59011,35.276],[128.59125,35.27159],[128.5782,35.26914],[128.56281,35.27619],[128.55696,35.27734],[128.54485,35.27058],[128.53857,35.27272],[128.53487,35.2668],[128.52464,35.27024],[128.51107,35.26898],[128.50744,35.27315],[128.49734,35.27562],[128.49082,35.27376],[128.49114,35.26577],[128.48521,35.25766],[128.47868,35.25307],[128.47439,35.24141],[128.47579,35.23769],[128.4742,35.22234],[128.47921,35.21233],[128.48429,35.21165],[128.49007,35.20699],[128.48998,35.20207],[128.47896,35.18772],[128.46523,35.18885],[128.45733,35.18376],[128.44631,35.18028],[128.44392,35.16999],[128.43746,35.16519],[128.42996,35.16424],[128.41638,35.17059],[128.40991,35.17927],[128.40365,35.18407],[128.40788,35.19236],[128.40079,35.20485],[128.38928,35.20688],[128.37649,35.19818],[128.37434,35.19337],[128.36754,35.19413],[128.36512,35.17186],[128.36132,35.16231],[128.3622,35.15227],[128.35861,35.14688],[128.36212,35.14193],[128.35688,35.13827],[128.35811,35.1356],[128.3488,35.13101],[128.34795,35.12684],[128.35371,35.11849],[128.35007,35.11096],[128.35657,35.10781],[128.37436,35.10919],[128.38097,35.10389],[128.38916,35.10025],[128.39251,35.08854],[128.40044,35.08416],[128.3996,35.09061],[128.41186,35.09284],[128.42839,35.08526],[128.4256,35.08078],[128.42826,35.07124],[128.42278,35.05629],[128.43204,35.05772],[128.43879,35.07143],[128.4515,35.07413],[128.46177,35.07186],[128.46547,35.07966],[128.47132,35.0817],[128.47392,35.07628],[128.47904,35.0817],[128.46604,35.08508],[128.46039,35.09026],[128.45497,35.09173],[128.44713,35.09805],[128.45255,35.10311],[128.45001,35.10631],[128.45835,35.10438],[128.47024,35.09915],[128.48137,35.09964],[128.48534,35.10184],[128.48604,35.10863],[128.49511,35.10559],[128.50578,35.09855],[128.51948,35.09978],[128.51985,35.10502],[128.52671,35.10444],[128.53469,35.11458],[128.53591,35.11962],[128.54117,35.11677],[128.53905,35.11078],[128.54884,35.10695],[128.54194,35.10161],[128.54812,35.10021],[128.54735,35.09675],[128.56996,35.0931],[128.57664,35.09059],[128.58315,35.09117],[128.58296,35.08739],[128.5731,35.08623],[128.56407,35.08221],[128.56315,35.07491],[128.56598,35.07009],[128.58233,35.06496],[128.59115,35.07206],[128.59665,35.06795],[128.58899,35.06543],[128.58813,35.06251],[128.58106,35.06115],[128.57368,35.05376],[128.60062,35.05709],[128.61295,35.06246],[128.62494,35.0646],[128.63414,35.06834],[128.63461,35.07137],[128.62604,35.0738],[128.61425,35.06935],[128.60746,35.07048],[128.61133,35.075],[128.60511,35.07332],[128.60288,35.08014],[128.61656,35.08097],[128.62735,35.08472],[128.62164,35.09004],[128.61535,35.08943],[128.61154,35.0921],[128.61731,35.0938],[128.60838,35.097],[128.60129,35.10222],[128.59961,35.11886],[128.5859,35.12036],[128.59888,35.1243],[128.59911,35.1326],[128.58254,35.12726],[128.57056,35.13338],[128.57507,35.13324],[128.57901,35.13947],[128.5872,35.1304],[128.59789,35.14191],[128.59084,35.14659],[128.58527,35.14697],[128.59139,35.15021],[128.58513,35.15619],[128.59086,35.15753],[128.58275,35.1636],[128.58578,35.1652],[128.57971,35.17276],[128.57036,35.17498],[128.56447,35.1867],[128.57604,35.19879],[128.58528,35.20529],[128.58644,35.21065],[128.60629,35.21044],[128.58931,35.19941],[128.59241,35.19131],[128.59146,35.17861],[128.59264,35.17465],[128.60055,35.16825],[128.59819,35.16557],[128.60526,35.16035],[128.61086,35.16323],[128.60787,35.15652],[128.61505,35.1446],[128.60756,35.14103],[128.60707,35.13769],[128.61375,35.1397],[128.61872,35.13587],[128.62258,35.13704],[128.62516,35.14724],[128.62954,35.14859],[128.63723,35.146],[128.63469,35.14949],[128.64705,35.15043],[128.64701,35.14653],[128.64215,35.14544],[128.64447,35.13562],[128.65887,35.13693],[128.66341,35.13042],[128.66568,35.1191],[128.67775,35.12643],[128.67407,35.13227],[128.67328,35.14091],[128.67085,35.14245],[128.67961,35.14679],[128.6906,35.14793],[128.68756,35.14172],[128.69078,35.13781],[128.69465,35.13971],[128.69717,35.13439],[128.69341,35.13291],[128.69977,35.1256],[128.70084,35.11658],[128.69546,35.1098],[128.68851,35.10901],[128.68792,35.10405],[128.69595,35.09719],[128.70228,35.10112],[128.7039,35.106],[128.70965,35.1038],[128.71469,35.1064],[128.71458,35.09517],[128.72472,35.09747],[128.72974,35.0901],[128.73653,35.09482],[128.73584,35.0911],[128.73938,35.08362],[128.74353,35.08592],[128.74182,35.07792],[128.75132,35.08215],[128.75573,35.07743],[128.76314,35.0774],[128.7664,35.06674],[128.76134,35.06144],[128.77301,35.06485],[128.77503,35.0715],[128.775,35.08217],[128.78422,35.09232],[128.78422,35.0976],[128.76622,35.09767],[128.76295,35.10516],[128.76981,35.10343],[128.77171,35.09914],[128.77895,35.10263],[128.78248,35.11243],[128.78878,35.11346],[128.78876,35.09805],[128.80173,35.09976],[128.7989,35.0932],[128.78996,35.09402],[128.78252,35.08535],[128.78471,35.07773],[128.81819,35.07763]]],[[[128.56972,35.05929],[128.57275,35.05771],[128.57442,35.06345],[128.56972,35.05929]]],[[[128.56213,35.06428],[128.56139,35.06686],[128.55154,35.0701],[128.54215,35.06899],[128.55537,35.05399],[128.56206,35.05217],[128.56826,35.0548],[128.56012,35.06373],[128.56213,35.06428]]],[[[128.63765,35.06511],[128.63157,35.06088],[128.63955,35.06273],[128.63765,35.06511]]],[[[128.48876,35.0801],[128.49094,35.07706],[128.49462,35.08083],[128.49028,35.0835],[128.48876,35.0801]]],[[[128.51509,35.09132],[128.51717,35.08862],[128.52114,35.09658],[128.51474,35.09565],[128.51509,35.09132]]],[[[128.57254,35.18797],[128.56767,35.18922],[128.56651,35.18322],[128.5702,35.17947],[128.5741,35.18139],[128.57254,35.18797]]],[[[128.67079,35.05762],[128.66912,35.06139],[128.66343,35.05922],[128.67079,35.05762]]],[[[128.65918,35.09637],[128.66077,35.10129],[128.6547,35.10124],[128.65687,35.1044],[128.64983,35.10573],[128.64649,35.09893],[128.65367,35.09971],[128.65918,35.09637]]]]},"properties":{"osm_id":7224484,"name":"창원시","sgg_code":"48120","mois_admin":"4812000000","admin_level":6,"code_source":"osm"}},
{"type":"Feature","geometry":{"type":"Polygon","coordinates":[[[128.36754,35.19413],[128.3559,35.20754],[128.34992,35.20983],[128.34258,35.20759],[128.32978,35.2067],[128.32244,35.21341],[128.31827,35.22173],[128.30734,35.22168],[128.3078,35.22916],[128.3036,35.23745],[128.29426,35.24114],[128.29899,35.24821],[128.29351,35.25352],[128.28595,35.25173],[128.27424,35.25737],[128.26001,35.25733],[128.24811,35.25375],[128.23351,35.25419],[128.21919,35.26473],[128.21481,35.26269],[128.20552,35.26285],[128.2011,35.25359],[128.19408,35.25628],[128.19507,35.26606],[128.19079,35.26753],[128.18986,35.27232],[128.17861,35.28166],[128.17996,35.28513],[128.17417,35.29432],[128.17734,35.29775],[128.17277,35.30807],[128.17837,35.32247],[128.16423,35.33614],[128.16388,35.34179],[128.15448,35.35108],[128.14526,35.34795],[128.12404,35.33308],[128.11469,35.33086],[128.10748,35.33184],[128.10174,35.33528],[128.08012,35.33679],[128.0699,35.33248],[128.05878,35.33357],[128.05027,35.32092],[128.05246,35.31288],[128.04069,35.30392],[128.03314,35.30727],[128.01508,35.30338],[128.01285,35.29931],[128.00644,35.29788],[128.00198,35.29053],[127.99586,35.28652],[127.98617,35.28688],[127.98416,35.28165],[127.98628,35.27731],[127.98325,35.27081],[127.97388,35.27011],[127.97207,35.25445],[127.96628,35.24623],[127.94739,35.24145],[127.93805,35.24965],[127.92475,35.24922],[127.91956,35.2514],[127.91306,35.24365],[127.90899,35.22406],[127.90509,35.2227],[127.89767,35.22746],[127.89032,35.22649],[127.88855,35.21345],[127.8939,35.21062],[127.89347,35.19689],[127.89749,35.19492],[127.90719,35.18492],[127.91958,35.18042],[127.93784,35.1697],[127.93989,35.16635],[127.93697,35.15821],[127.9424,35.15559],[127.95009,35.15444],[127.95696,35.15749],[127.96483,35.15719],[127.97129,35.15346],[127.97996,35.15888],[127.98373,35.15663],[127.99886,35.15621],[127.9981,35.15166],[128.00164,35.14859],[127.99756,35.1436],[128.00313,35.13364],[128.00124,35.11737],[128.01088,35.1116],[128.01936,35.11231],[128.02069,35.11719],[128.028,35.12283],[128.03673,35.12019],[128.04395,35.12085],[128.04856,35.1242],[128.05019,35.13131],[128.06057,35.12808],[128.07087,35.12837],[128.07577,35.1232],[128.08679,35.12019],[128.09116,35.11586],[128.08951,35.10472],[128.09116,35.10096],[128.09787,35.10647],[128.10891,35.10532],[128.12155,35.11465],[128.13437,35.11699],[128.14623,35.11524],[128.15389,35.11081],[128.15791,35.10132],[128.16309,35.10155],[128.16658,35.09688],[128.17302,35.0948],[128.16856,35.08869],[128.16868,35.08363],[128.16273,35.07969],[128.15301,35.08072],[128.14843,35.07709],[128.15248,35.07406],[128.15674,35.06589],[128.16293,35.06609],[128.1727,35.05194],[128.17905,35.05356],[128.18456,35.0503],[128.18889,35.05311],[128.19452,35.06345],[128.20212,35.06942],[128.21129,35.07386],[128.20315,35.07666],[128.19056,35.07669],[128.18738,35.08835],[128.1916,35.09805],[128.19721,35.09605],[128.20087,35.10019],[128.19834,35.10374],[128.20056,35.10803],[128.21093,35.11512],[128.22414,35.1136],[128.22868,35.11699],[128.23435,35.11696],[128.2414,35.12087],[128.24254,35.12615],[128.2488,35.12774],[128.26397,35.12708],[128.26957,35.13172],[128.28896,35.13141],[128.29981,35.12553],[128.30696,35.12521],[128.31594,35.12955],[128.32229,35.1296],[128.32808,35.12435],[128.33833,35.12792],[128.34795,35.12684],[128.3488,35.13101],[128.35811,35.1356],[128.35688,35.13827],[128.36212,35.14193],[128.35861,35.14688],[128.3622,35.15227],[128.36132,35.16231],[128.36512,35.17186],[128.36754,35.19413]]]},"properties":{"osm_id":7820650,"name":"진주시","sgg_code":"48170","mois_admin":"4817000000","admin_level":6,"code_source":"osm"}},
{"type":"Feature","geometry":{"type":"MultiPolygon","coordinates":[[[[128.44261,34.97287],[128.43231,34.97648],[128.42346,34.97532],[128.41558,34.96667],[128.40122,34.97092],[128.40047,34.9643],[128.38896,34.96084],[128.39114,34.95188],[128.38272,34.94742],[128.37047,34.94618],[128.34754,34.93989],[128.34434,34.93751],[128.34556,34.92911],[128.34289,34.92556],[128.35086,34.92354],[128.34628,34.922],[128.35343,34.92015],[128.35129,34.91558],[128.35582,34.90928],[128.34605,34.90435],[128.33914,34.90837],[128.32205,34.9067],[128.31889,34.9096],[128.30793,34.90857],[128.29802,34.90213],[128.30898,34.89375],[128.31073,34.88646],[128.31956,34.87943],[128.32607,34.8868],[128.32968,34.88509],[128.32532,34.8794],[128.32816,34.87588],[128.33224,34.87927],[128.33688,34.8776],[128.33373,34.88296],[128.34134,34.88212],[128.34175,34.87451],[128.34861,34.87342],[128.34955,34.88463],[128.35633,34.88062],[128.356,34.8711],[128.36366,34.87018],[128.36764,34.87263],[128.3725,34.86945],[128.3755,34.87287],[128.37172,34.87539],[128.36967,34.88593],[128.37521,34.88191],[128.37986,34.88509],[128.37629,34.89117],[128.38125,34.8892],[128.38504,34.88046],[128.38234,34.87253],[128.38845,34.8762],[128.38508,34.87106],[128.38824,34.86729],[128.40511,34.86544],[128.40581,34.86782],[128.41325,34.86473],[128.41644,34.86731],[128.42083,34.86245],[128.41394,34.85916],[128.40077,34.86233],[128.38829,34.86257],[128.38515,34.85629],[128.37804,34.85124],[128.37325,34.85289],[128.36958,34.84981],[128.37722,34.84642],[128.37317,34.84348],[128.37648,34.84017],[128.3815,34.84378],[128.38858,34.84233],[128.38892,34.83902],[128.38296,34.83794],[128.39352,34.83406],[128.39555,34.82933],[128.39847,34.83532],[128.40492,34.83269],[128.418,34.83977],[128.43504,34.83835],[128.43361,34.84465],[128.44134,34.84254],[128.452,34.84643],[128.45057,34.85195],[128.45268,34.85841],[128.44697,34.863],[128.44957,34.868],[128.45641,34.86474],[128.45531,34.87344],[128.45783,34.88264],[128.46039,34.87303],[128.4673,34.8717],[128.46787,34.88217],[128.4703,34.8886],[128.47518,34.88926],[128.47353,34.89377],[128.46657,34.89141],[128.46522,34.89892],[128.45857,34.8977],[128.45388,34.90086],[128.46056,34.90485],[128.45211,34.91082],[128.45139,34.91517],[128.43833,34.91205],[128.44332,34.91015],[128.4464,34.9046],[128.45132,34.90218],[128.44401,34.89985],[128.43901,34.89264],[128.44594,34.88884],[128.4366,34.89005],[128.43258,34.87724],[128.42507,34.87288],[128.42173,34.87505],[128.42324,34.88427],[128.41838,34.89161],[128.42259,34.90354],[128.41812,34.90807],[128.42067,34.91361],[128.42948,34.91749],[128.42851,34.92836],[128.4335,34.93128],[128.42531,34.93923],[128.43013,34.94476],[128.42908,34.95699],[128.43137,34.95695],[128.44379,34.9685],[128.44261,34.97287]]],[[[128.43726,34.53957],[128.44145,34.53862],[128.44933,34.54678],[128.44463,34.54834],[128.43462,34.54001],[128.43726,34.53957]]],[[[128.34403,34.55817],[128.34786,34.55795],[128.34529,34.56378],[128.34403,34.55817]]],[[[128.18164,34.55876],[128.18856,34.56326],[128.18903,34.5724],[128.18293,34.57257],[128.18562,34.56893],[128.18354,34.56264],[128.17654,34.55882],[128.18164,34.55876]]],[[[128.30547,34.61671],[128.3082,34.61529],[128.30517,34.62388],[128.30127,34.62542],[128.29886,34.61827],[128.30547,34.61671]]],[[[128.3163,34.62168],[128.31842,34.61934],[128.32556,34.6204],[128.31617,34.62377],[128.3163,34.62168]]],[[[128.27295,34.64005],[128.26491,34.64598],[128.25769,34.64513],[128.24818,34.65157],[128.2422,34.65236],[128.22787,34.64879],[128.23503,34.6441],[128.23397,34.63912],[128.22385,34.63811],[128.22789,34.63123],[128.23769,34.63466],[128.23503,34.62835],[128.24277,34.62351],[128.24214,34.61885],[128.23125,34.6165],[128.2355,34.61185],[128.24302,34.61155],[128.24405,34.61897],[128.25868,34.62119],[128.26437,34.6275],[128.27183,34.62445],[128.2762,34.61931],[128.2873,34.6217],[128.28646,34.62609],[128.29231,34.62895],[128.29362,34.6344],[128.29895,34.63976],[128.29092,34.64072],[128.28056,34.63536],[128.27591,34.62491],[128.26582,34.63195],[128.27317,34.63618],[128.27295,34.64005]]],[[[128.35423,34.65092],[128.34424,34.64949],[128.3438,34.64578],[128.34896,34.64012],[128.3562,34.63894],[128.36014,34.64319],[128.37401,34.63765],[128.37912,34.64072],[128.37721,34.64534],[128.37351,34.63985],[128.36823,34.64172],[128.36827,34.64563],[128.35423,34.65092]]],[[[128.34705,34.65617],[128.35121,34.65517],[128.34773,34.66196],[128.33965,34.66273],[128.34126,34.65786],[128.34705,34.65617]]],[[[128.25202,34.66211],[128.25711,34.6658],[128.25185,34.66814],[128.2433,34.66631],[128.24537,34.66319],[128.25202,34.66211]]],[[[128.24381,34.6682],[128.25507,34.67101],[128.25109,34.6806],[128.23669,34.67566],[128.23381,34.67772],[128.23282,34.67063],[128.24296,34.6713],[128.24381,34.6682]]],[[[128.28145,34.68863],[128.28743,34.68749],[128.28527,34.69106],[128.28145,34.68863]]],[[[128.1942,34.68636],[128.20224,34.69114],[128.19819,34.70669],[128.18894,34.71066],[128.18261,34.70901],[128.17522,34.71142],[128.16813,34.70663],[128.16924,34.70054],[128.18307,34.69121],[128.19428,34.69232],[128.1942,34.68636]]],[[[128.47119,34.72932],[128.46531,34.73542],[128.45457,34.72722],[128.45936,34.72172],[128.45788,34.71562],[128.45042,34.71288],[128.44735,34.70886],[128.4515,34.70426],[128.4572,34.70251],[128.46773,34.70813],[128.46079,34.71673],[128.47119,34.72932]]],[[[128.4256,34.72076],[128.42974,34.72862],[128.42797,34.73386],[128.42312,34.72701],[128.4256,34.72076]]],[[[128.39979,34.72971],[128.40612,34.72939],[128.40633,34.7345],[128.39965,34.74014],[128.39529,34.73638],[128.39979,34.72971]]],[[[128.40256,34.74314],[128.415,34.74692],[128.41694,34.74422],[128.42235,34.74599],[128.42628,34.75453],[128.42155,34.75439],[128.42182,34.74888],[128.41842,34.74512],[128.41655,34.74857],[128.4106,34.74711],[128.40351,34.75126],[128.39923,34.74653],[128.40256,34.74314]]],[[[128.39379,34.75183],[128.40028,34.7507],[128.4014,34.75566],[128.39379,34.75183]]],[[[128.30105,34.74666],[128.29772,34.74997],[128.30079,34.75381],[128.30612,34.75123],[128.30856,34.75574],[128.30108,34.75779],[128.29533,34.7627],[128.2863,34.75911],[128.2873,34.75343],[128.29257,34.74775],[128.30105,34.74666]]],[[[128.35751,34.77708],[128.36019,34.77452],[128.36518,34.77831],[128.37074,34.77571],[128.37409,34.78264],[128.36876,34.78591],[128.36156,34.78384],[128.35751,34.77708]]],[[[128.3892,34.78331],[128.38576,34.77985],[128.39733,34.77955],[128.39442,34.77347],[128.39883,34.76508],[128.40774,34.76758],[128.40651,34.76246],[128.42231,34.76482],[128.42358,34.76957],[128.43288,34.77831],[128.4346,34.78291],[128.42555,34.78821],[128.42139,34.78838],[128.42084,34.79355],[128.43448,34.78915],[128.44011,34.79455],[128.43513,34.79995],[128.43242,34.79893],[128.43142,34.80576],[128.4369,34.80213],[128.44173,34.80264],[128.43936,34.81229],[128.43988,34.8286],[128.43642,34.8253],[128.43253,34.83007],[128.41887,34.83509],[128.4081,34.8339],[128.40445,34.82823],[128.40066,34.82901],[128.39218,34.82284],[128.39033,34.82691],[128.3852,34.82816],[128.38487,34.82006],[128.38812,34.81548],[128.3852,34.81348],[128.38251,34.82328],[128.37218,34.82956],[128.37058,34.83408],[128.3666,34.83053],[128.36227,34.83308],[128.35635,34.83153],[128.35895,34.83781],[128.35478,34.84213],[128.34711,34.84034],[128.34944,34.83526],[128.34453,34.83137],[128.34187,34.83492],[128.34058,34.82846],[128.33089,34.82474],[128.34001,34.81782],[128.34567,34.82537],[128.35637,34.82421],[128.36704,34.81851],[128.3795,34.81489],[128.38173,34.8113],[128.37597,34.80695],[128.38061,34.80625],[128.37563,34.79836],[128.37256,34.80284],[128.36363,34.79635],[128.37377,34.79377],[128.38264,34.79746],[128.38169,34.79284],[128.3875,34.79101],[128.39151,34.7857],[128.3892,34.78331]]],[[[128.36279,34.81311],[128.35608,34.81435],[128.35981,34.8188],[128.35085,34.82189],[128.34682,34.81946],[128.35687,34.81282],[128.36279,34.81311]]],[[[128.24382,34.80625],[128.23827,34.80924],[128.24549,34.81396],[128.24583,34.80999],[128.2534,34.80818],[128.2603,34.8092],[128.26392,34.8182],[128.24973,34.82453],[128.24529,34.83264],[128.24283,34.82969],[128.23649,34.84141],[128.22528,34.83785],[128.2185,34.83889],[128.20686,34.827],[128.21355,34.82115],[128.20262,34.82201],[128.19976,34.81869],[128.21116,34.81714],[128.21534,34.81183],[128.20813,34.80925],[128.21265,34.8071],[128.22418,34.80817],[128.22288,34.80245],[128.22659,34.79997],[128.23659,34.80148],[128.24192,34.795],[128.24593,34.79968],[128.24382,34.80625]]],[[[128.13325,34.82489],[128.14022,34.82447],[128.14212,34.83259],[128.13264,34.8362],[128.12607,34.83549],[128.12454,34.83135],[128.13325,34.82489]]],[[[128.33911,34.83497],[128.34177,34.84156],[128.33674,34.84098],[128.33911,34.83497]]],[[[128.21429,34.8522],[128.20998,34.85248],[128.20192,34.85974],[128.1903,34.85922],[128.18229,34.85539],[128.17074,34.85359],[128.16762,34.85135],[128.16712,34.84363],[128.16965,34.84016],[128.18169,34.83788],[128.18435,34.83388],[128.17928,34.83141],[128.18264,34.82678],[128.1905,34.82634],[128.19861,34.8316],[128.20019,34.83964],[128.2062,34.84301],[128.22112,34.84443],[128.22815,34.8423],[128.23239,34.84466],[128.22286,34.85228],[128.21429,34.8522]]],[[[128.42107,34.89397],[128.42363,34.88965],[128.42462,34.89651],[128.42107,34.89397]]],[[[128.46787,34.90536],[128.47644,34.90474],[128.47629,34.91062],[128.47269,34.91473],[128.47444,34.91879],[128.469,34.91828],[128.4638,34.91048],[128.46787,34.90536]]],[[[128.56374,34.63373],[128.57281,34.63375],[128.57743,34.63955],[128.58515,34.64457],[128.57877,34.64543],[128.5757,34.6504],[128.5717,34.64228],[128.55789,34.63487],[128.56374,34.63373]]],[[[128.57282,34.65421],[128.57796,34.65718],[128.57334,34.65859],[128.57282,34.65421]]],[[[128.58075,34.68095],[128.58437,34.68086],[128.57833,34.68852],[128.574,34.68264],[128.58075,34.68095]]],[[[128.54702,34.6968],[128.54884,34.70036],[128.54221,34.70069],[128.54702,34.6968]]],[[[128.56172,34.70693],[128.56533,34.70751],[128.55966,34.71573],[128.5574,34.71435],[128.56172,34.70693]]],[[[128.52901,34.7279],[128.53742,34.7321],[128.52925,34.73478],[128.5201,34.72923],[128.52901,34.7279]]],[[[128.49547,34.73171],[128.50126,34.73836],[128.50436,34.73227],[128.51446,34.7362],[128.50167,34.74002],[128.49451,34.75035],[128.48606,34.74533],[128.47538,34.74624],[128.46614,34.74231],[128.46703,34.73926],[128.48086,34.73985],[128.48811,34.73325],[128.49303,34.73538],[128.49547,34.73171]]],[[[128.55643,34.75568],[128.55863,34.75988],[128.54202,34.76039],[128.53871,34.75642],[128.5303,34.75767],[128.52989,34.7623],[128.52118,34.76646],[128.50949,34.76479],[128.51135,34.75967],[128.52547,34.75474],[128.53576,34.75507],[128.55197,34.74806],[128.56027,34.74974],[128.55394,34.75293],[128.55643,34.75568]]],[[[128.45982,34.78668],[128.4646,34.78197],[128.46814,34.78334],[128.4736,34.77255],[128.47096,34.76638],[128.47461,34.75906],[128.47852,34.76237],[128.48417,34.75817],[128.49071,34.75756],[128.50303,34.76648],[128.50844,34.76673],[128.51079,34.77886],[128.50486,34.78087],[128.50524,34.78432],[128.49339,34.78183],[128.48932,34.79572],[128.49104,34.80201],[128.48487,34.80864],[128.47931,34.80851],[128.47835,34.81555],[128.46962,34.81793],[128.46769,34.81042],[128.46916,34.80458],[128.47826,34.8063],[128.48538,34.79723],[128.48204,34.79761],[128.47632,34.8043],[128.47328,34.80336],[128.4751,34.7952],[128.46896,34.79489],[128.46741,34.78771],[128.46518,34.78943],[128.46812,34.80106],[128.46308,34.80436],[128.46439,34.7972],[128.45982,34.78668]]],[[[128.51513,34.7935],[128.51961,34.79209],[128.5191,34.79809],[128.51076,34.79554],[128.51513,34.7935]]],[[[128.50137,34.79027],[128.5046,34.79234],[128.50915,34.80133],[128.49892,34.80281],[128.49492,34.79165],[128.50137,34.79027]]],[[[128.48682,34.92899],[128.4913,34.93263],[128.48791,34.93875],[128.48425,34.93369],[128.48682,34.92899]]],[[[128.48601,34.95389],[128.4909,34.95411],[128.48507,34.96005],[128.49023,34.96554],[128.48612,34.96813],[128.48202,34.9636],[128.48601,34.95389]]]]},"properties":{"osm_id":7831215,"name":"통영시","sgg_code":"48220","mois_admin":"4822000000","admin_level":6,"code_source":"osm"}},
{"type":"Feature","geometry":{"type":"MultiPolygon","coordinates":[[[[128.18456,35.0503],[128.17905,35.05356],[128.1727,35.05194],[128.16293,35.06609],[128.15674,35.06589],[128.15248,35.07406],[128.14843,35.07709],[128.15301,35.08072],[128.16273,35.07969],[128.16868,35.08363],[128.16856,35.08869],[128.17302,35.0948],[128.16658,35.09688],[128.16309,35.10155],[128.15791,35.10132],[128.15389,35.11081],[128.14623,35.11524],[128.13437,35.11699],[128.12155,35.11465],[128.10891,35.10532],[128.09787,35.10647],[128.09116,35.10096],[128.08951,35.10472],[128.09116,35.11586],[128.08679,35.12019],[128.07577,35.1232],[128.07087,35.12837],[128.06057,35.12808],[128.05019,35.13131],[128.04856,35.1242],[128.04395,35.12085],[128.03673,35.12019],[128.028,35.12283],[128.02069,35.11719],[128.01936,35.11231],[128.01088,35.1116],[128.00124,35.11737],[128.00313,35.13364],[127.99756,35.1436],[128.00164,35.14859],[127.9981,35.15166],[127.99886,35.15621],[127.98373,35.15663],[127.97996,35.15888],[127.97129,35.15346],[127.96483,35.15719],[127.95696,35.15749],[127.95009,35.15444],[127.9424,35.15559],[127.93165,35.14943],[127.92979,35.14469],[127.92141,35.15015],[127.90965,35.14845],[127.9023,35.15485],[127.89594,35.15624],[127.89657,35.15284],[127.88852,35.15105],[127.88568,35.14735],[127.88023,35.1488],[127.87894,35.14556],[127.88598,35.13028],[127.88976,35.13068],[127.89604,35.12602],[127.90262,35.12511],[127.91035,35.11993],[127.90984,35.11524],[127.8998,35.10974],[127.90245,35.10319],[127.90957,35.09749],[127.90325,35.09543],[127.90174,35.08749],[127.89162,35.08642],[127.8961,35.07921],[127.90335,35.07973],[127.91196,35.07374],[127.91449,35.06463],[127.92034,35.06433],[127.92526,35.05354],[127.93131,35.04794],[127.92364,35.0418],[127.92483,35.03603],[127.9224,35.01449],[127.92995,35.01311],[127.93024,35.00923],[127.94465,34.99803],[127.93837,34.99728],[127.94074,34.99323],[127.93192,34.99233],[127.93388,34.98589],[127.93828,34.98979],[127.94391,34.98269],[127.93728,34.98436],[127.93475,34.98205],[127.94831,34.9787],[127.95158,34.98215],[127.94685,34.98293],[127.95313,34.9867],[127.95705,34.98532],[127.96171,34.99001],[127.96159,34.99459],[127.96824,34.99225],[127.97219,34.99405],[127.97269,34.98647],[127.98335,34.97572],[127.99183,34.98218],[127.9886,34.98875],[127.99443,34.98713],[127.99336,34.99159],[127.99796,34.9961],[128.00213,34.98997],[127.99981,34.9837],[128.00529,34.98823],[128.00375,34.98319],[128.01111,34.98551],[128.00745,34.98997],[128.00893,34.99665],[128.01399,34.99107],[128.01474,35.00172],[128.01963,35.00568],[128.00765,35.01264],[128.0088,35.02203],[127.99437,35.03201],[127.99685,35.03729],[127.98781,35.03902],[127.98908,35.03429],[127.97719,35.03135],[127.98714,35.04653],[127.99504,35.04662],[127.99948,35.04348],[128.00413,35.04462],[128.00781,35.0388],[128.01481,35.04155],[128.00833,35.04741],[128.00984,35.04982],[128.01947,35.04072],[128.01379,35.03616],[128.00568,35.03377],[128.00916,35.03059],[128.01856,35.02809],[128.02553,35.03316],[128.02626,35.04251],[128.02895,35.04598],[128.02522,35.05663],[128.03489,35.06276],[128.03201,35.06867],[128.03652,35.06884],[128.04098,35.07394],[128.05411,35.0817],[128.06195,35.07865],[128.04527,35.06739],[128.03864,35.05434],[128.0411,35.0471],[128.03885,35.03656],[128.04217,35.03121],[128.03551,35.02323],[128.03749,35.02086],[128.04488,35.02433],[128.05058,35.01602],[128.04805,35.01016],[128.03983,35.00286],[128.03981,34.99032],[128.04372,34.98317],[128.05168,34.97831],[128.05011,34.96914],[128.03973,34.96204],[128.0299,34.95707],[128.03943,34.94644],[128.0402,34.94128],[128.05505,34.92866],[128.06499,34.92625],[128.07873,34.92794],[128.088,34.92617],[128.08594,34.91896],[128.09193,34.92063],[128.09622,34.92641],[128.10166,34.92566],[128.10322,34.92042],[128.11086,34.92404],[128.11797,34.92459],[128.11433,34.93374],[128.12267,34.93887],[128.12317,34.94901],[128.13168,34.95815],[128.13529,34.96759],[128.13352,34.97915],[128.14374,34.98955],[128.14821,34.99131],[128.15608,34.98974],[128.16627,34.98326],[128.17053,34.98606],[128.16469,34.99717],[128.1578,35.00692],[128.16264,35.02739],[128.17259,35.03111],[128.18128,35.0399],[128.18456,35.0503]]],[[[128.07116,34.88916],[128.07491,34.88611],[128.08026,34.88901],[128.07559,34.89098],[128.08197,34.90248],[128.07647,34.90837],[128.07018,34.90401],[128.07264,34.90098],[128.07116,34.88916]]],[[[128.04197,34.92258],[128.03647,34.92751],[128.03286,34.92471],[128.03744,34.91894],[128.04197,34.92258]]],[[[127.97935,34.9641],[127.9923,34.96863],[127.99078,34.97232],[127.98653,34.96672],[127.9793,34.97045],[127.98279,34.97214],[127.97641,34.97463],[127.97348,34.98052],[127.96338,34.98191],[127.96475,34.97444],[127.9622,34.97191],[127.96904,34.96734],[127.97935,34.9641]]],[[[127.9659,34.98327],[127.96949,34.98875],[127.96579,34.98982],[127.9659,34.98327]]]]},"properties":{"osm_id":7830933,"name":"사천시","sgg_code":"48240","mois_admin":"4824000000","admin_level":6,"code_source":"osm"}},
{"type":"Feature","geometry":{"type":"Polygon","coordinates":[[[128.76163,35.34437],[128.76163,35.34051],[128.75413,35.33494],[128.75024,35.34026],[128.75037,35.33274],[128.74236,35.33163],[128.74247,35.32038],[128.73352,35.3159],[128.72507,35.31936],[128.71767,35.32552],[128.7131,35.32199],[128.71138,35.31472],[128.71616,35.31006],[128.70928,35.30889],[128.69667,35.31045],[128.69554,35.30367],[128.70452,35.29375],[128.7063,35.27834],[128.71163,35.26953],[128.71149,35.26327],[128.71743,35.25056],[128.71809,35.24341],[128.72404,35.23998],[128.72421,35.22911],[128.71983,35.22497],[128.72498,35.21221],[128.73056,35.20548],[128.73786,35.20401],[128.74421,35.20583],[128.75073,35.20043],[128.75228,35.19306],[128.74773,35.19257],[128.74041,35.16869],[128.76412,35.16935],[128.78137,35.15918],[128.79397,35.15739],[128.81564,35.16023],[128.82376,35.15634],[128.83315,35.15728],[128.84616,35.16419],[128.86251,35.16837],[128.87191,35.16707],[128.87306,35.16276],[128.86997,35.15837],[128.86525,35.15823],[128.87156,35.15118],[128.87693,35.15163],[128.87542,35.15851],[128.8822,35.16037],[128.87905,35.1693],[128.87354,35.17435],[128.88058,35.17167],[128.88145,35.18291],[128.87639,35.18782],[128.87626,35.19289],[128.87047,35.20171],[128.87896,35.20996],[128.88605,35.21432],[128.89672,35.2131],[128.90489,35.21531],[128.91203,35.21318],[128.90505,35.2201],[128.91259,35.22249],[128.92043,35.21394],[128.94121,35.22856],[128.95267,35.22611],[128.97205,35.22447],[128.98633,35.22736],[128.99302,35.23255],[128.99836,35.23203],[129.0011,35.23567],[129.01426,35.27095],[129.01284,35.27351],[129.01028,35.27902],[128.995,35.29135],[128.9823,35.2978],[128.97474,35.30803],[128.96942,35.32806],[128.9665,35.33156],[128.94384,35.33926],[128.91277,35.3639],[128.89406,35.36488],[128.88376,35.36684],[128.87655,35.3709],[128.87254,35.38052],[128.87055,35.38993],[128.86602,35.39428],[128.85441,35.39413],[128.83535,35.38406],[128.81072,35.37979],[128.80111,35.37335],[128.80079,35.36106],[128.79647,35.35557],[128.78926,35.35109],[128.76163,35.34437]]]},"properties":{"osm_id":7224485,"name":"김해시","sgg_code":"48250","mois_admin":"4825000000","admin_level":6,"code_source":"osm"}},
{"type":"Feature","geometry":{"type":"Polygon","coordinates":[[[128.99479,35.52775],[128.99882,35.53788],[128.99724,35.544],[128.98958,35.55093],[128.98275,35.54703],[128.97417,35.55304],[128.97074,35.56107],[128.98129,35.56582],[128.98773,35.56466],[128.99451,35.56662],[129.01241,35.58208],[129.01944,35.58355],[129.0255,35.59911],[129.02337,35.60196],[129.02324,35.61302],[129.02026,35.61537],[129.00747,35.61607],[129.00307,35.62051],[128.99989,35.6164],[128.98539,35.60747],[128.97997,35.60819],[128.97174,35.61424],[128.96221,35.61458],[128.95983,35.62005],[128.95503,35.62221],[128.94928,35.62898],[128.93898,35.6347],[128.93529,35.634],[128.91726,35.63881],[128.90576,35.63437],[128.88559,35.63009],[128.8829,35.6351],[128.87409,35.6347],[128.87229,35.62026],[128.86445,35.60886],[128.85853,35.6067],[128.85358,35.59674],[128.84388,35.58934],[128.83372,35.59791],[128.82225,35.59625],[128.82062,35.59346],[128.81152,35.58976],[128.80174,35.58966],[128.79736,35.57531],[128.78668,35.56673],[128.77169,35.56764],[128.76849,35.56991],[128.75871,35.56785],[128.74931,35.57056],[128.73597,35.57672],[128.7225,35.58077],[128.70346,35.57873],[128.69573,35.58348],[128.69041,35.59423],[128.68372,35.59367],[128.67339,35.59606],[128.6638,35.59419],[128.65793,35.59772],[128.6471,35.59386],[128.64389,35.58697],[128.63737,35.58278],[128.63033,35.58627],[128.62304,35.58607],[128.60344,35.58014],[128.59317,35.58431],[128.58554,35.57978],[128.58643,35.57318],[128.58394,35.567],[128.58881,35.56353],[128.58883,35.55748],[128.58559,35.55388],[128.58753,35.54772],[128.59374,35.54048],[128.59124,35.53679],[128.58594,35.53891],[128.57714,35.53703],[128.58192,35.53493],[128.58241,35.52429],[128.59059,35.51771],[128.58925,35.50866],[128.5765,35.50476],[128.57262,35.4974],[128.57356,35.47283],[128.57939,35.46605],[128.57712,35.45994],[128.58304,35.45378],[128.59524,35.45299],[128.60616,35.45017],[128.61509,35.44593],[128.61762,35.44918],[128.62604,35.45172],[128.63103,35.44909],[128.63604,35.4348],[128.64471,35.43272],[128.65108,35.4255],[128.64583,35.41271],[128.64814,35.40053],[128.64414,35.39309],[128.64462,35.38863],[128.63882,35.38442],[128.64984,35.38516],[128.64757,35.37946],[128.65052,35.37407],[128.65983,35.37265],[128.6897,35.37797],[128.71477,35.36529],[128.73416,35.35235],[128.76163,35.34437],[128.78926,35.35109],[128.79647,35.35557],[128.80079,35.36106],[128.80111,35.37335],[128.81072,35.37979],[128.83535,35.38406],[128.85441,35.39413],[128.86602,35.39428],[128.87055,35.38993],[128.87254,35.38052],[128.88066,35.38665],[128.87864,35.39704],[128.89084,35.40447],[128.89121,35.4141],[128.90342,35.42005],[128.91358,35.41558],[128.92366,35.42133],[128.92219,35.42581],[128.90723,35.43609],[128.91005,35.44482],[128.9189,35.45183],[128.93372,35.45289],[128.94318,35.45658],[128.95001,35.45457],[128.96272,35.45938],[128.96758,35.46281],[128.96833,35.47259],[128.96426,35.47805],[128.96281,35.48582],[128.9672,35.49069],[128.9596,35.4959],[128.95922,35.50544],[128.96249,35.5094],[128.97773,35.508],[128.98969,35.51726],[128.98844,35.52081],[128.99479,35.52775]]]},"properties":{"osm_id":7224486,"name":"밀양시","sgg_code":"48270","mois_admin":"4827000000","admin_level":6,"code_source":"osm"}},
{"type":"Feature","geometry":{"type":"MultiPolygon","coordinates":[[[[128.47214,34.82186],[128.47968,34.82396],[128.47626,34.82937],[128.47072,34.82924],[128.47388,34.83352],[128.46389,34.83359],[128.46454,34.82568],[128.46985,34.82634],[128.47214,34.82186]]],[[[128.53161,34.81463],[128.52661,34.81147],[128.52799,34.80286],[128.53488,34.80314],[128.54087,34.80747],[128.5469,34.81699],[128.54372,34.82463],[128.53484,34.82276],[128.53161,34.81463]]],[[[128.61503,34.89646],[128.61188,34.9019],[128.60616,34.89887],[128.60491,34.9036],[128.59734,34.90265],[128.59619,34.90642],[128.58951,34.90651],[128.58776,34.91492],[128.58004,34.91408],[128.57066,34.90721],[128.57634,34.90378],[128.5739,34.89934],[128.56548,34.89925],[128.55725,34.90564],[128.54956,34.90695],[128.54385,34.91104],[128.54529,34.91422],[128.52756,34.92365],[128.52257,34.92121],[128.51621,34.91],[128.50667,34.9073],[128.50645,34.9037],[128.49743,34.90716],[128.50221,34.90287],[128.49818,34.89808],[128.49327,34.90159],[128.49076,34.89558],[128.48446,34.88818],[128.47604,34.88365],[128.47212,34.87274],[128.47596,34.86818],[128.47487,34.86064],[128.48153,34.85533],[128.4783,34.84877],[128.48127,34.84137],[128.49299,34.83656],[128.49543,34.83325],[128.50158,34.8332],[128.5015,34.82278],[128.50918,34.81782],[128.51037,34.809],[128.51653,34.80823],[128.52408,34.81709],[128.51931,34.82247],[128.5224,34.8242],[128.52825,34.82137],[128.52715,34.82533],[128.52111,34.82698],[128.52786,34.82947],[128.52403,34.8325],[128.53404,34.83373],[128.53647,34.8293],[128.53793,34.83421],[128.56343,34.83285],[128.56257,34.8429],[128.57101,34.85002],[128.57245,34.85401],[128.57818,34.85375],[128.58893,34.8464],[128.58733,34.84077],[128.58147,34.84428],[128.5773,34.84306],[128.58692,34.83618],[128.5849,34.83368],[128.59563,34.82686],[128.58504,34.81821],[128.58653,34.8104],[128.58261,34.8052],[128.58423,34.79783],[128.57762,34.79345],[128.56515,34.79349],[128.55639,34.79023],[128.55387,34.79407],[128.54409,34.78568],[128.54062,34.7782],[128.54514,34.77813],[128.55452,34.78441],[128.55847,34.78998],[128.56641,34.78798],[128.56843,34.78417],[128.56,34.7779],[128.55233,34.77516],[128.55362,34.7675],[128.56381,34.76624],[128.56809,34.77375],[128.57646,34.7788],[128.5815,34.77565],[128.59755,34.77743],[128.5914,34.77073],[128.6015,34.76652],[128.5992,34.76285],[128.59202,34.76453],[128.58787,34.7617],[128.58464,34.76476],[128.57943,34.76177],[128.58212,34.75625],[128.57799,34.75343],[128.57729,34.7414],[128.58687,34.73689],[128.59181,34.73825],[128.59781,34.73533],[128.60664,34.73466],[128.6039,34.72685],[128.59303,34.7225],[128.58433,34.72288],[128.58811,34.71667],[128.58124,34.71607],[128.57734,34.70246],[128.59152,34.70919],[128.59912,34.70429],[128.60937,34.70148],[128.6181,34.70571],[128.62045,34.71137],[128.62645,34.71366],[128.63583,34.70882],[128.64184,34.71455],[128.63071,34.71963],[128.62693,34.72808],[128.62011,34.73124],[128.62724,34.73687],[128.62984,34.73187],[128.64059,34.73595],[128.6518,34.73441],[128.65371,34.73983],[128.66688,34.73548],[128.67254,34.73838],[128.67134,34.73105],[128.67636,34.72916],[128.67539,34.73644],[128.68308,34.73791],[128.67578,34.74428],[128.66893,34.74544],[128.65181,34.74231],[128.64691,34.74749],[128.64949,34.75029],[128.64392,34.75791],[128.63821,34.76154],[128.63782,34.7651],[128.64269,34.77599],[128.64911,34.77906],[128.6579,34.77423],[128.66465,34.77944],[128.66995,34.78072],[128.67375,34.78694],[128.66775,34.79063],[128.66878,34.79832],[128.66606,34.80109],[128.66927,34.80583],[128.66623,34.81058],[128.67238,34.81404],[128.69171,34.80788],[128.69354,34.80558],[128.68863,34.79767],[128.69906,34.79813],[128.69682,34.80739],[128.70953,34.81229],[128.7153,34.80061],[128.7096,34.79511],[128.72526,34.79212],[128.73036,34.79263],[128.73989,34.78684],[128.74059,34.7903],[128.7283,34.81134],[128.72173,34.81452],[128.71914,34.82539],[128.72552,34.82695],[128.72503,34.83188],[128.71748,34.83768],[128.71509,34.83201],[128.71028,34.82839],[128.70292,34.83259],[128.70304,34.84231],[128.71559,34.84918],[128.72044,34.84927],[128.72494,34.84157],[128.73415,34.84254],[128.73426,34.85146],[128.72964,34.85305],[128.72906,34.85807],[128.72386,34.86426],[128.72937,34.8672],[128.73383,34.86219],[128.74384,34.86839],[128.73848,34.87791],[128.74409,34.87979],[128.74293,34.88372],[128.74936,34.88934],[128.75204,34.89545],[128.73681,34.88512],[128.73387,34.89126],[128.72391,34.88692],[128.71695,34.88038],[128.71797,34.8775],[128.71008,34.86942],[128.70466,34.8724],[128.70834,34.87701],[128.70523,34.87839],[128.69875,34.87418],[128.69999,34.87859],[128.69666,34.8913],[128.70019,34.8896],[128.7079,34.89958],[128.71724,34.90062],[128.71052,34.91039],[128.71384,34.91296],[128.7203,34.90959],[128.72388,34.91517],[128.71778,34.92145],[128.71992,34.92771],[128.71879,34.94172],[128.72314,34.93735],[128.72735,34.93902],[128.72614,34.94805],[128.72046,34.94945],[128.71518,34.95945],[128.71634,34.96457],[128.70698,34.96552],[128.7035,34.97189],[128.69683,34.97294],[128.69483,34.97897],[128.69757,34.98205],[128.69999,34.99224],[128.69511,34.99054],[128.69396,34.99758],[128.70294,34.99876],[128.70105,35.00328],[128.70851,35.00937],[128.71265,35.0052],[128.72191,35.01898],[128.72151,35.02328],[128.71183,35.03173],[128.70657,35.03163],[128.69946,35.03664],[128.70001,35.03196],[128.69378,35.03034],[128.68953,35.03223],[128.68798,35.03723],[128.67525,35.04046],[128.68455,35.03576],[128.68456,35.03342],[128.67514,35.03146],[128.67585,35.02102],[128.67189,35.02217],[128.67099,35.01195],[128.66754,35.00705],[128.67694,35.00413],[128.67923,35.00865],[128.68261,35.00174],[128.67338,35.00101],[128.67896,34.99665],[128.68152,34.98981],[128.67792,34.98729],[128.67072,34.99846],[128.66597,34.99409],[128.65962,34.99766],[128.65998,34.99387],[128.66719,34.99003],[128.65553,34.99041],[128.65398,34.98293],[128.65948,34.98233],[128.64875,34.97207],[128.64767,34.96246],[128.6513,34.9616],[128.64224,34.95863],[128.63848,34.96252],[128.63153,34.96116],[128.62453,34.96389],[128.62036,34.96123],[128.61685,34.96365],[128.60911,34.95812],[128.60454,34.95878],[128.6089,34.96491],[128.6062,34.96988],[128.59794,34.96549],[128.60016,34.95629],[128.59328,34.94913],[128.58841,34.95248],[128.58613,34.94296],[128.59469,34.93703],[128.5923,34.9352],[128.60361,34.92484],[128.61029,34.92437],[128.60815,34.91513],[128.61703,34.91384],[128.61646,34.90932],[128.62531,34.8972],[128.6182,34.90011],[128.61503,34.89646]]],[[[128.51626,34.94895],[128.5178,34.94614],[128.51193,34.94349],[128.51258,34.94036],[128.52479,34.92786],[128.53013,34.92972],[128.52525,34.93429],[128.52598,34.93989],[128.53268,34.93825],[128.5341,34.94143],[128.52659,34.94601],[128.52114,34.95496],[128.52913,34.95896],[128.53643,34.96524],[128.53203,34.97269],[128.51793,34.97552],[128.51195,34.96415],[128.5185,34.95806],[128.51918,34.95155],[128.51626,34.94895]]],[[[128.64511,34.98018],[128.6478,34.9863],[128.64512,34.99397],[128.65209,34.99418],[128.64662,34.99748],[128.6503,35.00097],[128.6545,35.01137],[128.64878,35.02223],[128.64671,35.01602],[128.6412,35.01143],[128.6385,35.0157],[128.63116,35.00863],[128.63513,35.00254],[128.63359,34.99834],[128.61748,34.9994],[128.61579,34.99512],[128.62483,34.99545],[128.62661,34.9933],[128.61826,34.98439],[128.61596,34.98683],[128.61092,34.98347],[128.61248,34.97965],[128.60872,34.97568],[128.61231,34.97267],[128.6179,34.97561],[128.62168,34.9834],[128.63043,34.97768],[128.6382,34.97709],[128.64511,34.98018]]],[[[128.7146,34.76831],[128.71259,34.77203],[128.71,34.76766],[128.7146,34.76831]]],[[[128.71347,34.78248],[128.71623,34.78747],[128.71114,34.78707],[128.71347,34.78248]]],[[[128.72719,34.97056],[128.7298,34.96482],[128.73618,34.96787],[128.72719,34.97056]]],[[[128.74756,34.81768],[128.75143,34.81918],[128.75503,34.82652],[128.75004,34.82492],[128.74756,34.81768]]],[[[128.73534,35.02037],[128.73498,35.01789],[128.74608,35.01471],[128.74249,35.0212],[128.73534,35.02037]]]]},"properties":{"osm_id":7831149,"name":"거제시","sgg_code":"48310","mois_admin":"4831000000","admin_level":6,"code_source":"osm"}},
{"type":"Feature","geometry":{"type":"Polygon","coordinates":[[[129.20294,35.38788],[129.20969,35.39612],[129.21101,35.40132],[129.21889,35.40714],[129.2177,35.41315],[129.21084,35.41895],[129.20051,35.42354],[129.20265,35.42962],[129.19707,35.43914],[129.18978,35.43466],[129.17845,35.43214],[129.16815,35.43172],[129.16079,35.43515],[129.15183,35.44207],[129.13956,35.44908],[129.13564,35.45638],[129.1297,35.45857],[129.12174,35.46594],[129.11699,35.47619],[129.10983,35.47982],[129.10725,35.49502],[129.10197,35.49789],[129.09072,35.49809],[129.08678,35.50184],[129.07141,35.50582],[129.05279,35.5142],[129.052,35.52433],[129.05665,35.52679],[129.05605,35.53183],[129.03313,35.52547],[129.02701,35.52672],[129.01286,35.52273],[129.00599,35.52889],[128.99479,35.52775],[128.98844,35.52081],[128.98969,35.51726],[128.97773,35.508],[128.96249,35.5094],[128.95922,35.50544],[128.9596,35.4959],[128.9672,35.49069],[128.96281,35.48582],[128.96426,35.47805],[128.96833,35.47259],[128.96758,35.46281],[128.96272,35.45938],[128.95001,35.45457],[128.94318,35.45658],[128.93372,35.45289],[128.9189,35.45183],[128.91005,35.44482],[128.90723,35.43609],[128.92219,35.42581],[128.92366,35.42133],[128.91358,35.41558],[128.90342,35.42005],[128.89121,35.4141],[128.89084,35.40447],[128.87864,35.39704],[128.88066,35.38665],[128.87254,35.38052],[128.87655,35.3709],[128.88376,35.36684],[128.89406,35.36488],[128.91277,35.3639],[128.94384,35.33926],[128.9665,35.33156],[128.96942,35.32806],[128.97474,35.30803],[128.9823,35.2978],[128.995,35.29135],[129.01028,35.27902],[129.01284,35.27351],[129.02399,35.27679],[129.04067,35.27544],[129.04883,35.27741],[129.0525,35.28922],[129.06019,35.2956],[129.07028,35.29528],[129.0756,35.29148],[129.08756,35.30259],[129.09672,35.30374],[129.10431,35.3067],[129.10959,35.30551],[129.11377,35.32006],[129.12547,35.33149],[129.12375,35.33753],[129.13028,35.34917],[129.13392,35.35019],[129.13424,35.35703],[129.12326,35.36324],[129.11833,35.36833],[129.12609,35.36853],[129.1312,35.36572],[129.13888,35.36619],[129.16181,35.35828],[129.16222,35.35656],[129.1754,35.35141],[129.18253,35.35381],[129.18832,35.35974],[129.19308,35.36044],[129.19802,35.36678],[129.19875,35.37562],[129.19487,35.3837],[129.20294,35.38788]]]},"properties":{"osm_id":7224487,"name":"양산시","sgg_code":"48330","mois_admin":"4833000000","admin_level":6,"code_source":"osm"}},
{"type":"Feature","geometry":{"type":"Polygon","coordinates":[[[128.37141,35.51756],[128.36975,35.51124],[128.37328,35.50348],[128.36738,35.50006],[128.35603,35.50257],[128.35404,35.49812],[128.34836,35.49929],[128.33797,35.50965],[128.32994,35.50752],[128.3228,35.50811],[128.31546,35.51558],[128.30801,35.51701],[128.30414,35.51349],[128.29467,35.51725],[128.29017,35.51249],[128.27639,35.50979],[128.26626,35.50944],[128.26099,35.50176],[128.26189,35.49718],[128.25499,35.49373],[128.23987,35.49389],[128.23048,35.48896],[128.22835,35.49105],[128.22071,35.48597],[128.20945,35.48292],[128.2063,35.47762],[128.20058,35.47522],[128.20631,35.46913],[128.21507,35.46482],[128.21489,35.46094],[128.20812,35.45987],[128.20852,35.45305],[128.20423,35.44505],[128.20018,35.43208],[128.18572,35.41917],[128.1916,35.40902],[128.18946,35.39867],[128.17192,35.39426],[128.16662,35.39426],[128.14762,35.38583],[128.12926,35.38773],[128.12586,35.38315],[128.12975,35.3734],[128.11223,35.38226],[128.09552,35.36827],[128.08049,35.3705],[128.08802,35.36607],[128.1024,35.36608],[128.09481,35.35627],[128.09909,35.35332],[128.09387,35.34894],[128.09741,35.34171],[128.11037,35.33748],[128.11469,35.33086],[128.12404,35.33308],[128.14526,35.34795],[128.15448,35.35108],[128.16388,35.34179],[128.16423,35.33614],[128.17837,35.32247],[128.17277,35.30807],[128.17734,35.29775],[128.17417,35.29432],[128.17996,35.28513],[128.17861,35.28166],[128.18986,35.27232],[128.19079,35.26753],[128.19507,35.26606],[128.19408,35.25628],[128.2011,35.25359],[128.20552,35.26285],[128.21481,35.26269],[128.21919,35.26473],[128.23351,35.25419],[128.24811,35.25375],[128.26001,35.25733],[128.27424,35.25737],[128.27946,35.27152],[128.28581,35.27687],[128.29839,35.28033],[128.3007,35.28543],[128.29071,35.2971],[128.29055,35.30771],[128.29774,35.31477],[128.31232,35.31916],[128.31677,35.32294],[128.31732,35.32909],[128.31187,35.33813],[128.31104,35.34727],[128.31494,35.36103],[128.32579,35.36279],[128.33846,35.35959],[128.34586,35.35112],[128.35025,35.34278],[128.35716,35.33818],[128.38032,35.33327],[128.39402,35.33464],[128.39428,35.34059],[128.38385,35.34884],[128.38164,35.35306],[128.3856,35.3592],[128.40206,35.36083],[128.41425,35.35878],[128.41572,35.36219],[128.42245,35.36243],[128.42839,35.36627],[128.42023,35.37874],[128.42799,35.3884],[128.43652,35.3924],[128.42747,35.41046],[128.42029,35.41733],[128.4053,35.41978],[128.39382,35.42327],[128.38559,35.42805],[128.3784,35.43769],[128.37468,35.44573],[128.37596,35.4518],[128.38327,35.45853],[128.41355,35.47035],[128.42171,35.47729],[128.42589,35.48737],[128.42119,35.49403],[128.38921,35.51025],[128.37141,35.51756]]]},"properties":{"osm_id":7825714,"name":"의령군","sgg_code":"48720","mois_admin":"4872000000","admin_level":6,"code_source":"osm"}},
{"type":"Feature","geometry":{"type":"Polygon","coordinates":[[[128.43652,35.3924],[128.42799,35.3884],[128.42023,35.37874],[128.42839,35.36627],[128.42245,35.36243],[128.41572,35.36219],[128.41425,35.35878],[128.40206,35.36083],[128.3856,35.3592],[128.38164,35.35306],[128.38385,35.34884],[128.39428,35.34059],[128.39402,35.33464],[128.38032,35.33327],[128.35716,35.33818],[128.35025,35.34278],[128.34586,35.35112],[128.33846,35.35959],[128.32579,35.36279],[128.31494,35.36103],[128.31104,35.34727],[128.31187,35.33813],[128.31732,35.32909],[128.31677,35.32294],[128.31232,35.31916],[128.29774,35.31477],[128.29055,35.30771],[128.29071,35.2971],[128.3007,35.28543],[128.29839,35.28033],[128.28581,35.27687],[128.27946,35.27152],[128.27424,35.25737],[128.28595,35.25173],[128.29351,35.25352],[128.29899,35.24821],[128.29426,35.24114],[128.3036,35.23745],[128.3078,35.22916],[128.30734,35.22168],[128.31827,35.22173],[128.32244,35.21341],[128.32978,35.2067],[128.34258,35.20759],[128.34992,35.20983],[128.3559,35.20754],[128.36754,35.19413],[128.37434,35.19337],[128.37649,35.19818],[128.38928,35.20688],[128.40079,35.20485],[128.40788,35.19236],[128.40365,35.18407],[128.40991,35.17927],[128.41638,35.17059],[128.42996,35.16424],[128.43746,35.16519],[128.44392,35.16999],[128.44631,35.18028],[128.45733,35.18376],[128.46523,35.18885],[128.47896,35.18772],[128.48998,35.20207],[128.49007,35.20699],[128.48429,35.21165],[128.47921,35.21233],[128.4742,35.22234],[128.47579,35.23769],[128.47439,35.24141],[128.47868,35.25307],[128.48521,35.25766],[128.49114,35.26577],[128.49082,35.27376],[128.49734,35.27562],[128.50744,35.27315],[128.51107,35.26898],[128.52464,35.27024],[128.53487,35.2668],[128.53857,35.27272],[128.54485,35.27058],[128.55696,35.27734],[128.56281,35.27619],[128.5782,35.26914],[128.59125,35.27159],[128.59011,35.276],[128.58328,35.27856],[128.58108,35.2875],[128.57358,35.29581],[128.57229,35.30075],[128.58268,35.30861],[128.57219,35.31551],[128.57235,35.31978],[128.56335,35.32589],[128.56985,35.33423],[128.55945,35.35278],[128.56253,35.35702],[128.57155,35.35875],[128.57154,35.3618],[128.57779,35.36797],[128.577,35.37916],[128.56529,35.37825],[128.55359,35.37891],[128.51082,35.39751],[128.50051,35.39699],[128.48109,35.38212],[128.46906,35.38026],[128.45483,35.38249],[128.44187,35.38744],[128.43652,35.3924]]]},"properties":{"osm_id":7828253,"name":"함안군","sgg_code":"48730","mois_admin":"4873000000","admin_level":6,"code_source":"osm"}},
{"type":"Feature","geometry":{"type":"Polygon","coordinates":[[[128.577,35.37916],[128.5843,35.38171],[128.59774,35.394],[128.60219,35.39344],[128.61725,35.37848],[128.6271,35.37316],[128.65052,35.37407],[128.64757,35.37946],[128.64984,35.38516],[128.63882,35.38442],[128.64462,35.38863],[128.64414,35.39309],[128.64814,35.40053],[128.64583,35.41271],[128.65108,35.4255],[128.64471,35.43272],[128.63604,35.4348],[128.63103,35.44909],[128.62604,35.45172],[128.61762,35.44918],[128.61509,35.44593],[128.60616,35.45017],[128.59524,35.45299],[128.58304,35.45378],[128.57712,35.45994],[128.57939,35.46605],[128.57356,35.47283],[128.57262,35.4974],[128.5765,35.50476],[128.58925,35.50866],[128.59059,35.51771],[128.58241,35.52429],[128.58192,35.53493],[128.57714,35.53703],[128.58594,35.53891],[128.59124,35.53679],[128.59374,35.54048],[128.58753,35.54772],[128.58559,35.55388],[128.58883,35.55748],[128.58881,35.56353],[128.58394,35.567],[128.58643,35.57318],[128.58554,35.57978],[128.59317,35.58431],[128.58381,35.58662],[128.5762,35.59136],[128.57225,35.59815],[128.56656,35.60225],[128.55952,35.60407],[128.55832,35.61544],[128.53652,35.62375],[128.53849,35.63281],[128.53506,35.64335],[128.53772,35.65144],[128.53705,35.66087],[128.53173,35.66221],[128.52665,35.67389],[128.52646,35.68238],[128.51873,35.67946],[128.5159,35.67571],[128.50907,35.67456],[128.5068,35.65017],[128.5107,35.64645],[128.50504,35.63899],[128.49785,35.63899],[128.48286,35.63575],[128.47762,35.64042],[128.46984,35.63632],[128.46113,35.6406],[128.4566,35.6374],[128.44611,35.63814],[128.43793,35.63129],[128.4319,35.62357],[128.42168,35.62005],[128.41676,35.62175],[128.41107,35.61537],[128.39939,35.61593],[128.38159,35.60677],[128.37272,35.60855],[128.37072,35.61116],[128.36354,35.61186],[128.35383,35.61002],[128.35189,35.60675],[128.35473,35.59302],[128.36093,35.57729],[128.36003,35.56931],[128.35029,35.55303],[128.34922,35.54705],[128.35101,35.53812],[128.36262,35.52512],[128.37141,35.51756],[128.38921,35.51025],[128.42119,35.49403],[128.42589,35.48737],[128.42171,35.47729],[128.41355,35.47035],[128.38327,35.45853],[128.37596,35.4518],[128.37468,35.44573],[128.3784,35.43769],[128.38559,35.42805],[128.39382,35.42327],[128.4053,35.41978],[128.42029,35.41733],[128.42747,35.41046],[128.43652,35.3924],[128.44187,35.38744],[128.45483,35.38249],[128.46906,35.38026],[128.48109,35.38212],[128.50051,35.39699],[128.51082,35.39751],[128.55359,35.37891],[128.56529,35.37825],[128.577,35.37916]]]},"properties":{"osm_id":7825897,"name":"창녕군","sgg_code":"48740","mois_admin":"4874000000","admin_level":6,"code_source":"osm"}},
{"type":"Feature","geometry":{"type":"MultiPolygon","coordinates":[[[[128.18456,35.0503],[128.18128,35.0399],[128.17259,35.03111],[128.16264,35.02739],[128.1578,35.00692],[128.16469,34.99717],[128.17053,34.98606],[128.16627,34.98326],[128.15608,34.98974],[128.14821,34.99131],[128.14374,34.98955],[128.13352,34.97915],[128.13529,34.96759],[128.13168,34.95815],[128.12317,34.94901],[128.12267,34.93887],[128.11433,34.93374],[128.11797,34.92459],[128.12172,34.92137],[128.11225,34.92306],[128.10391,34.91938],[128.10139,34.91483],[128.11106,34.90227],[128.11445,34.90576],[128.11605,34.90123],[128.12231,34.89657],[128.12638,34.89718],[128.13235,34.88852],[128.14087,34.89346],[128.14093,34.90271],[128.14923,34.89969],[128.14537,34.9046],[128.15826,34.90898],[128.16001,34.90308],[128.16425,34.89925],[128.16558,34.90275],[128.16923,34.89678],[128.17652,34.89571],[128.17261,34.90418],[128.17932,34.90672],[128.17757,34.90044],[128.1839,34.89478],[128.18923,34.90574],[128.18718,34.89455],[128.20232,34.89388],[128.20335,34.89979],[128.19973,34.90183],[128.19654,34.91054],[128.19959,34.91942],[128.20374,34.92395],[128.19945,34.93318],[128.19528,34.93613],[128.20034,34.93973],[128.20776,34.94063],[128.20893,34.93607],[128.21403,34.9426],[128.21779,34.93921],[128.22291,34.94628],[128.22652,34.94093],[128.23917,34.94378],[128.2523,34.94111],[128.25683,34.93663],[128.25852,34.94049],[128.264,34.93718],[128.26588,34.9399],[128.26971,34.93393],[128.26856,34.92997],[128.26139,34.92713],[128.26139,34.92274],[128.2676,34.91878],[128.26662,34.91177],[128.27572,34.91024],[128.27565,34.90446],[128.28293,34.90395],[128.28058,34.90787],[128.28353,34.91636],[128.28685,34.91111],[128.29481,34.91115],[128.29825,34.91675],[128.30409,34.91844],[128.29941,34.93346],[128.30023,34.93645],[128.30769,34.93704],[128.30738,34.94169],[128.31406,34.93843],[128.31386,34.94288],[128.32036,34.94434],[128.31669,34.94904],[128.31879,34.95448],[128.31502,34.95763],[128.31971,34.96216],[128.32237,34.95705],[128.33176,34.957],[128.33069,34.94888],[128.33634,34.94518],[128.34055,34.94841],[128.34235,34.94282],[128.33982,34.93852],[128.34434,34.93751],[128.34754,34.93989],[128.37047,34.94618],[128.38272,34.94742],[128.39114,34.95188],[128.38896,34.96084],[128.40047,34.9643],[128.40122,34.97092],[128.41558,34.96667],[128.42346,34.97532],[128.43231,34.97648],[128.44261,34.97287],[128.44364,34.97772],[128.44099,34.98301],[128.42326,34.98634],[128.40615,34.98489],[128.40733,34.99401],[128.41398,34.99666],[128.42217,34.99293],[128.43802,34.99484],[128.46308,34.98835],[128.47044,34.99024],[128.46415,34.99783],[128.47828,34.99297],[128.47627,34.99851],[128.48433,34.9994],[128.48283,35.00459],[128.4852,35.01222],[128.49198,35.00539],[128.50124,35.01372],[128.50026,35.02099],[128.48941,35.02379],[128.48487,35.02933],[128.48102,35.029],[128.48607,35.03831],[128.475,35.04117],[128.47372,35.03458],[128.47173,35.03967],[128.46248,35.04352],[128.46174,35.04967],[128.47879,35.04803],[128.48217,35.05262],[128.47568,35.0538],[128.48192,35.06551],[128.47525,35.06551],[128.47701,35.06831],[128.46771,35.07501],[128.46881,35.06819],[128.46014,35.06271],[128.45253,35.07126],[128.44458,35.06622],[128.44234,35.06044],[128.44608,35.05409],[128.45056,35.05168],[128.43911,35.04951],[128.43818,35.04559],[128.43284,35.04743],[128.41823,35.04268],[128.40929,35.0432],[128.39589,35.0384],[128.39002,35.03464],[128.3881,35.02568],[128.38844,35.01674],[128.3826,35.01867],[128.37558,35.01546],[128.36771,35.01639],[128.3597,35.01005],[128.36085,35.01686],[128.37083,35.02593],[128.36942,35.03135],[128.37392,35.03024],[128.38221,35.03594],[128.36416,35.04694],[128.37144,35.04446],[128.37339,35.04963],[128.38186,35.04859],[128.39336,35.05301],[128.39485,35.05121],[128.40283,35.05796],[128.4097,35.05839],[128.41174,35.06187],[128.41745,35.0599],[128.41545,35.0552],[128.42278,35.05629],[128.42826,35.07124],[128.4256,35.08078],[128.42839,35.08526],[128.41186,35.09284],[128.3996,35.09061],[128.40044,35.08416],[128.39251,35.08854],[128.38916,35.10025],[128.38097,35.10389],[128.37436,35.10919],[128.35657,35.10781],[128.35007,35.11096],[128.35371,35.11849],[128.34795,35.12684],[128.33833,35.12792],[128.32808,35.12435],[128.32229,35.1296],[128.31594,35.12955],[128.30696,35.12521],[128.29981,35.12553],[128.28896,35.13141],[128.26957,35.13172],[128.26397,35.12708],[128.2488,35.12774],[128.24254,35.12615],[128.2414,35.12087],[128.23435,35.11696],[128.22868,35.11699],[128.22414,35.1136],[128.21093,35.11512],[128.20056,35.10803],[128.19834,35.10374],[128.20087,35.10019],[128.19721,35.09605],[128.1916,35.09805],[128.18738,35.08835],[128.19056,35.07669],[128.20315,35.07666],[128.21129,35.07386],[128.20212,35.06942],[128.19452,35.06345],[128.18889,35.05311],[128.18456,35.0503]]],[[[128.17743,34.88572],[128.18141,34.88972],[128.17783,34.8917],[128.17743,34.88572]]],[[[128.22113,34.92378],[128.22343,34.9229],[128.22748,34.92981],[128.22403,34.93385],[128.21807,34.9261],[128.22113,34.92378]]]]},"properties":{"osm_id":7831031,"name":"고성군","sgg_code":"48820","mois_admin":"4882000000","admin_level":6,"code_source":"osm"}},
{"type":"Feature","geometry":{"type":"MultiPolygon","coordinates":[[[[128.04538,34.68981],[128.04311,34.68434],[128.04545,34.68108],[128.05042,34.68284],[128.05145,34.68869],[128.04538,34.68981]]],[[[128.04983,34.69463],[128.05741,34.6957],[128.05242,34.6999],[128.04983,34.69463]]],[[[127.93706,34.72588],[127.94292,34.72354],[127.94166,34.73071],[127.93515,34.73048],[127.93706,34.72588]]],[[[127.96341,34.81192],[127.96581,34.80931],[127.95961,34.80555],[127.95369,34.80508],[127.94442,34.80926],[127.94104,34.81591],[127.94218,34.82637],[127.93259,34.83334],[127.92421,34.83074],[127.92193,34.83528],[127.91729,34.83555],[127.91327,34.85039],[127.90817,34.85227],[127.90271,34.86061],[127.898,34.87507],[127.90155,34.87829],[127.90125,34.88379],[127.91068,34.88407],[127.90999,34.88633],[127.92017,34.89221],[127.92535,34.89168],[127.92068,34.90019],[127.92725,34.90706],[127.92486,34.91059],[127.929,34.91222],[127.92753,34.92765],[127.92099,34.93483],[127.9257,34.93974],[127.92316,34.94184],[127.91602,34.93869],[127.91382,34.94176],[127.90822,34.93898],[127.89729,34.94366],[127.89535,34.9464],[127.87071,34.94195],[127.86528,34.93699],[127.86659,34.93189],[127.85424,34.92765],[127.85903,34.92369],[127.85419,34.92218],[127.85311,34.91568],[127.86452,34.90399],[127.86202,34.90126],[127.85405,34.90289],[127.84758,34.9009],[127.84041,34.90355],[127.84207,34.89817],[127.83095,34.89991],[127.82725,34.90354],[127.82926,34.89411],[127.83328,34.89052],[127.82616,34.88284],[127.82924,34.8812],[127.8271,34.87376],[127.8211,34.87621],[127.81774,34.87449],[127.8188,34.86921],[127.81362,34.8617],[127.81083,34.86476],[127.81163,34.85396],[127.80768,34.85345],[127.81236,34.84844],[127.81281,34.83482],[127.82348,34.81943],[127.82804,34.81692],[127.82827,34.8108],[127.83297,34.81119],[127.83206,34.80431],[127.83676,34.79885],[127.83479,34.79292],[127.8444,34.78797],[127.85215,34.76892],[127.84105,34.76723],[127.84376,34.76246],[127.84203,34.75759],[127.83642,34.75727],[127.83678,34.74995],[127.8492,34.75014],[127.8535,34.7475],[127.85601,34.74107],[127.85133,34.73806],[127.86246,34.73264],[127.85955,34.7287],[127.87521,34.7274],[127.89134,34.7218],[127.89138,34.72363],[127.90613,34.72777],[127.91243,34.73609],[127.90982,34.74356],[127.91025,34.75025],[127.90524,34.75381],[127.90676,34.75742],[127.90266,34.76344],[127.91141,34.76932],[127.91804,34.76885],[127.91947,34.77208],[127.92914,34.77603],[127.93917,34.77576],[127.94368,34.77802],[127.95262,34.77599],[127.9545,34.77261],[127.94831,34.76569],[127.94415,34.74699],[127.94735,34.74082],[127.94629,34.73276],[127.94956,34.72969],[127.9546,34.73105],[127.94975,34.72606],[127.95731,34.72295],[127.95901,34.7178],[127.95488,34.71766],[127.95494,34.71218],[127.96555,34.70969],[127.9688,34.71293],[127.98447,34.70933],[127.98794,34.71206],[127.98376,34.71715],[127.99227,34.71955],[127.9927,34.71408],[127.99857,34.71695],[128.00732,34.71121],[128.01108,34.71672],[128.00762,34.72127],[128.01552,34.72404],[128.02439,34.72029],[128.02219,34.70652],[128.01906,34.70272],[128.02473,34.70057],[128.02974,34.70838],[128.03667,34.70716],[128.03602,34.70276],[128.04439,34.70227],[128.04259,34.70654],[128.04765,34.71008],[128.04921,34.70689],[128.06057,34.70921],[128.0536,34.71513],[128.04548,34.71354],[128.03461,34.72161],[128.03583,34.73177],[128.04197,34.73806],[128.05111,34.73981],[128.04924,34.74314],[128.05633,34.74553],[128.05879,34.75174],[128.05421,34.75533],[128.05447,34.76965],[128.05002,34.77342],[128.0493,34.7825],[128.05812,34.79244],[128.05084,34.79494],[128.05522,34.80191],[128.0613,34.79952],[128.06499,34.80137],[128.06135,34.80561],[128.06583,34.81265],[128.06656,34.81814],[128.05494,34.82188],[128.05064,34.82794],[128.04632,34.82364],[128.03839,34.824],[128.03291,34.82868],[128.03055,34.8343],[128.01898,34.83277],[128.01958,34.83023],[128.00822,34.83023],[127.99849,34.833],[127.98999,34.83278],[127.98288,34.82661],[127.97684,34.82555],[127.97858,34.82079],[127.96875,34.81581],[127.95841,34.81369],[127.96341,34.81192]]],[[[128.01435,34.88774],[128.01606,34.89442],[128.02591,34.90282],[128.03276,34.91725],[128.02962,34.92209],[128.02283,34.91951],[128.01708,34.92102],[127.99592,34.90967],[127.991,34.90257],[127.98967,34.89369],[127.98547,34.89183],[127.97879,34.88084],[127.97211,34.878],[127.96214,34.86954],[127.96152,34.86338],[127.96521,34.85867],[127.96542,34.85222],[127.97059,34.84902],[127.97112,34.84211],[127.97879,34.84159],[127.98697,34.83679],[128.00177,34.836],[128.01231,34.83929],[128.01881,34.8387],[128.01927,34.84327],[128.02396,34.84724],[128.04662,34.83587],[128.05412,34.83873],[128.06012,34.83596],[128.06518,34.83053],[128.07048,34.83585],[128.07552,34.83471],[128.07759,34.82842],[128.08715,34.82823],[128.08431,34.83692],[128.07665,34.83855],[128.07808,34.84361],[128.06697,34.84582],[128.06345,34.84344],[128.06053,34.8485],[128.06427,34.8489],[128.06155,34.85555],[128.05429,34.85188],[128.05893,34.86002],[128.06438,34.86112],[128.06658,34.87019],[128.06389,34.87775],[128.05786,34.87902],[128.05536,34.88497],[128.04646,34.88346],[128.0498,34.88655],[128.04749,34.89028],[128.03973,34.8883],[128.04144,34.89341],[128.03536,34.89741],[128.02313,34.88317],[128.02182,34.87443],[128.02543,34.86803],[128.02014,34.86356],[128.01,34.86735],[128.00943,34.8727],[128.01274,34.87707],[128.01435,34.88774]]]]},"properties":{"osm_id":7584473,"name":"남해군","sgg_code":"48840","mois_admin":"4884000000","admin_level":6,"code_source":"osm"}},
{"type":"Feature","geometry":{"type":"MultiPolygon","coordinates":[[[[127.62042,35.33233],[127.60697,35.32427],[127.60587,35.31933],[127.59453,35.31222],[127.58551,35.30901],[127.57754,35.30888],[127.57589,35.30682],[127.57687,35.29533],[127.58542,35.29105],[127.59061,35.27529],[127.59573,35.26801],[127.60989,35.26235],[127.61505,35.2497],[127.61287,35.24146],[127.61904,35.23632],[127.62106,35.22471],[127.62087,35.21283],[127.61749,35.21015],[127.6181,35.20031],[127.62382,35.18378],[127.63702,35.17367],[127.64837,35.16076],[127.65708,35.15988],[127.67457,35.14785],[127.69126,35.13356],[127.69482,35.12637],[127.69448,35.10573],[127.70469,35.09769],[127.7166,35.08318],[127.73441,35.07542],[127.73727,35.07258],[127.74052,35.06204],[127.75254,35.05673],[127.76469,35.05435],[127.76744,35.05136],[127.76967,35.04057],[127.77396,35.02989],[127.78621,35.01819],[127.78533,35.00459],[127.7798,34.9894],[127.76801,34.9798],[127.76163,34.97069],[127.76579,34.97092],[127.77255,34.96335],[127.77362,34.95489],[127.78066,34.94961],[127.78121,34.94435],[127.7866,34.94087],[127.79199,34.94152],[127.79858,34.92282],[127.80564,34.92426],[127.80239,34.93586],[127.81102,34.93997],[127.81556,34.93983],[127.82121,34.94475],[127.82908,34.94797],[127.82933,34.95051],[127.83956,34.94919],[127.84053,34.96274],[127.84562,34.95779],[127.84396,34.95227],[127.84694,34.94679],[127.85914,34.94823],[127.87225,34.9464],[127.88206,34.94962],[127.88281,34.95526],[127.89426,34.95824],[127.89803,34.9562],[127.89868,34.9631],[127.90232,34.97216],[127.90908,34.97425],[127.91104,34.97981],[127.90732,34.98281],[127.91665,34.98513],[127.91808,34.98925],[127.91445,34.99267],[127.91957,34.99382],[127.91626,34.99706],[127.92215,35.00552],[127.91814,35.01052],[127.9224,35.01449],[127.92483,35.03603],[127.92364,35.0418],[127.93131,35.04794],[127.92526,35.05354],[127.92034,35.06433],[127.91449,35.06463],[127.91196,35.07374],[127.90335,35.07973],[127.8961,35.07921],[127.89162,35.08642],[127.90174,35.08749],[127.90325,35.09543],[127.90957,35.09749],[127.90245,35.10319],[127.8998,35.10974],[127.90984,35.11524],[127.91035,35.11993],[127.90262,35.12511],[127.89604,35.12602],[127.88976,35.13068],[127.88598,35.13028],[127.87894,35.14556],[127.88023,35.1488],[127.88568,35.14735],[127.88852,35.15105],[127.89657,35.15284],[127.89594,35.15624],[127.9023,35.15485],[127.90965,35.14845],[127.92141,35.15015],[127.92979,35.14469],[127.93165,35.14943],[127.9424,35.15559],[127.93697,35.15821],[127.93989,35.16635],[127.93784,35.1697],[127.91958,35.18042],[127.90719,35.18492],[127.89749,35.19492],[127.89347,35.19689],[127.8939,35.21062],[127.88855,35.21345],[127.89032,35.22649],[127.89085,35.23224],[127.88788,35.2374],[127.89245,35.25034],[127.87538,35.25169],[127.87668,35.25732],[127.87195,35.25966],[127.86394,35.25891],[127.86434,35.25393],[127.85686,35.24924],[127.85725,35.24028],[127.84584,35.2336],[127.84384,35.22714],[127.83552,35.22939],[127.82569,35.22194],[127.81422,35.22037],[127.7826,35.22117],[127.77568,35.21969],[127.76045,35.22915],[127.75303,35.23687],[127.74847,35.25002],[127.73762,35.25529],[127.73313,35.25469],[127.71777,35.25935],[127.70465,35.26524],[127.70021,35.27482],[127.69039,35.28322],[127.69262,35.28773],[127.68949,35.29608],[127.68793,35.31006],[127.68879,35.31916],[127.68269,35.32292],[127.66333,35.32141],[127.65771,35.32867],[127.64028,35.32465],[127.63147,35.32672],[127.62042,35.33233]]],[[[127.82896,34.92924],[127.83222,34.93136],[127.83399,34.93954],[127.82878,34.93406],[127.82896,34.92924]]]]},"properties":{"osm_id":7830999,"name":"하동군","sgg_code":"48850","mois_admin":"4885000000","admin_level":6,"code_source":"osm"}},
{"type":"Feature","geometry":{"type":"Polygon","coordinates":[[[127.95982,35.51858],[127.94959,35.5187],[127.94068,35.51445],[127.92512,35.51533],[127.92019,35.52007],[127.92137,35.52374],[127.91324,35.52577],[127.90427,35.53424],[127.89376,35.53018],[127.88783,35.5314],[127.88045,35.52709],[127.88051,35.53142],[127.87297,35.53603],[127.87574,35.54018],[127.87756,35.55051],[127.87215,35.55264],[127.86942,35.55963],[127.87488,35.56761],[127.86988,35.57501],[127.86289,35.57616],[127.85632,35.56942],[127.85234,35.56169],[127.84792,35.55814],[127.84109,35.54683],[127.8319,35.53924],[127.82422,35.52923],[127.81686,35.52576],[127.8158,35.52192],[127.82318,35.51663],[127.82025,35.50975],[127.82337,35.5],[127.81691,35.49128],[127.80545,35.48985],[127.80769,35.4804],[127.81449,35.47218],[127.81259,35.46911],[127.79644,35.46615],[127.78333,35.45992],[127.78828,35.45299],[127.7897,35.44626],[127.78468,35.4437],[127.77735,35.44683],[127.77218,35.44328],[127.77982,35.43426],[127.77223,35.42853],[127.77056,35.42055],[127.75927,35.415],[127.75986,35.40511],[127.75763,35.40174],[127.7491,35.39758],[127.74924,35.39032],[127.75245,35.3845],[127.74602,35.37625],[127.73936,35.37311],[127.73899,35.36498],[127.73407,35.36099],[127.73502,35.35061],[127.7312,35.33756],[127.71851,35.33438],[127.7081,35.32621],[127.70604,35.32006],[127.70066,35.31623],[127.68879,35.31916],[127.68793,35.31006],[127.68949,35.29608],[127.69262,35.28773],[127.69039,35.28322],[127.70021,35.27482],[127.70465,35.26524],[127.71777,35.25935],[127.73313,35.25469],[127.73762,35.25529],[127.74847,35.25002],[127.75303,35.23687],[127.76045,35.22915],[127.77568,35.21969],[127.7826,35.22117],[127.81422,35.22037],[127.82569,35.22194],[127.83552,35.22939],[127.84384,35.22714],[127.84584,35.2336],[127.85725,35.24028],[127.85686,35.24924],[127.86434,35.25393],[127.86394,35.25891],[127.87195,35.25966],[127.87668,35.25732],[127.87538,35.25169],[127.89245,35.25034],[127.88788,35.2374],[127.89085,35.23224],[127.89032,35.22649],[127.89767,35.22746],[127.90509,35.2227],[127.90899,35.22406],[127.91306,35.24365],[127.91956,35.2514],[127.92475,35.24922],[127.93805,35.24965],[127.94739,35.24145],[127.96628,35.24623],[127.97207,35.25445],[127.97388,35.27011],[127.98325,35.27081],[127.98628,35.27731],[127.98416,35.28165],[127.98617,35.28688],[127.99586,35.28652],[128.00198,35.29053],[128.00644,35.29788],[128.01285,35.29931],[128.01508,35.30338],[128.03314,35.30727],[128.04069,35.30392],[128.05246,35.31288],[128.05027,35.32092],[128.05878,35.33357],[128.0699,35.33248],[128.08012,35.33679],[128.10174,35.33528],[128.10748,35.33184],[128.11469,35.33086],[128.11037,35.33748],[128.09741,35.34171],[128.09387,35.34894],[128.09909,35.35332],[128.09481,35.35627],[128.1024,35.36608],[128.08802,35.36607],[128.08049,35.3705],[128.08674,35.37465],[128.08908,35.37916],[128.07903,35.3895],[128.07293,35.38892],[128.06492,35.3986],[128.0659,35.40224],[128.05949,35.40549],[128.05233,35.41809],[128.04533,35.41574],[128.04212,35.41887],[128.03496,35.4154],[128.02626,35.42034],[128.02316,35.42632],[128.01154,35.42628],[128.00822,35.43548],[127.99588,35.43828],[127.9871,35.44527],[127.9848,35.45657],[127.97892,35.46097],[127.97933,35.46755],[127.97413,35.47674],[127.97603,35.47996],[127.97434,35.49504],[127.96228,35.50012],[127.95982,35.51858]]]},"properties":{"osm_id":7825606,"name":"산청군","sgg_code":"48860","mois_admin":"4886000000","admin_level":6,"code_source":"osm"}},
{"type":"Feature","geometry":{"type":"Polygon","coordinates":[[[127.67908,35.7692],[127.66929,35.77154],[127.66557,35.76932],[127.66178,35.7592],[127.66312,35.74185],[127.66082,35.73872],[127.66342,35.72488],[127.65966,35.71579],[127.66093,35.71008],[127.65185,35.7053],[127.64475,35.69867],[127.63925,35.67867],[127.63854,35.66957],[127.6282,35.66248],[127.6296,35.65709],[127.62222,35.65092],[127.61983,35.64275],[127.62323,35.63962],[127.62408,35.63213],[127.62838,35.62498],[127.63532,35.61857],[127.62871,35.61845],[127.62092,35.61507],[127.61238,35.60681],[127.61279,35.5987],[127.60761,35.59448],[127.6109,35.58638],[127.60301,35.57868],[127.59475,35.57408],[127.58717,35.56486],[127.58668,35.55461],[127.59093,35.55433],[127.59524,35.54755],[127.60633,35.54298],[127.61249,35.53551],[127.61946,35.53694],[127.62594,35.53226],[127.62582,35.52528],[127.63463,35.52073],[127.63253,35.51455],[127.64238,35.50505],[127.64466,35.49932],[127.65019,35.49782],[127.65255,35.48531],[127.63646,35.47794],[127.63652,35.45955],[127.645,35.44959],[127.65279,35.45085],[127.67019,35.44693],[127.67324,35.44333],[127.66545,35.4362],[127.66594,35.42816],[127.66178,35.41693],[127.64908,35.40777],[127.6392,35.40462],[127.63186,35.3918],[127.62696,35.38777],[127.62564,35.37677],[127.62251,35.37278],[127.6106,35.36683],[127.61246,35.35556],[127.623,35.34335],[127.62042,35.33233],[127.63147,35.32672],[127.64028,35.32465],[127.65771,35.32867],[127.66333,35.32141],[127.68269,35.32292],[127.68879,35.31916],[127.70066,35.31623],[127.70604,35.32006],[127.7081,35.32621],[127.71851,35.33438],[127.7312,35.33756],[127.73502,35.35061],[127.73407,35.36099],[127.73899,35.36498],[127.73936,35.37311],[127.74602,35.37625],[127.75245,35.3845],[127.74924,35.39032],[127.7491,35.39758],[127.75763,35.40174],[127.75986,35.40511],[127.75927,35.415],[127.77056,35.42055],[127.77223,35.42853],[127.77982,35.43426],[127.77218,35.44328],[127.77735,35.44683],[127.78468,35.4437],[127.7897,35.44626],[127.78828,35.45299],[127.78333,35.45992],[127.79644,35.46615],[127.81259,35.46911],[127.81449,35.47218],[127.80769,35.4804],[127.80545,35.48985],[127.81691,35.49128],[127.82337,35.5],[127.82025,35.50975],[127.82318,35.51663],[127.8158,35.52192],[127.81686,35.52576],[127.82422,35.52923],[127.8319,35.53924],[127.84109,35.54683],[127.84792,35.55814],[127.85234,35.56169],[127.85632,35.56942],[127.85094,35.57721],[127.83619,35.57693],[127.83513,35.58307],[127.84364,35.58824],[127.8472,35.59482],[127.85305,35.59662],[127.8641,35.60804],[127.86323,35.6113],[127.87179,35.6217],[127.8708,35.63418],[127.87723,35.63942],[127.87428,35.65187],[127.87687,35.66935],[127.86889,35.67049],[127.8646,35.6664],[127.86142,35.65886],[127.84586,35.65681],[127.83363,35.66326],[127.83061,35.67],[127.82209,35.66954],[127.81485,35.67802],[127.81113,35.68557],[127.80317,35.68606],[127.8011,35.69596],[127.79357,35.70498],[127.78441,35.70532],[127.77688,35.713],[127.76392,35.72125],[127.76114,35.73081],[127.75506,35.73354],[127.74795,35.73089],[127.73411,35.71899],[127.7292,35.721],[127.71491,35.73116],[127.71291,35.74026],[127.70801,35.7495],[127.69877,35.75823],[127.68454,35.76292],[127.67908,35.7692]]]},"properties":{"osm_id":7833356,"name":"함양군","sgg_code":"48870","mois_admin":"4887000000","admin_level":6,"code_source":"osm"}},
{"type":"Feature","geometry":{"type":"Polygon","coordinates":[[[127.95982,35.51858],[127.95862,35.5238],[127.95374,35.52906],[127.95312,35.53434],[127.95505,35.54992],[127.97211,35.55585],[127.98104,35.56894],[127.97919,35.57357],[127.9833,35.58469],[127.98737,35.58576],[127.98822,35.59543],[127.9827,35.60221],[127.98471,35.60866],[127.99783,35.61127],[127.99783,35.62815],[128.00526,35.6373],[128.01793,35.64333],[128.02095,35.65215],[128.03596,35.65691],[128.04452,35.66148],[128.04475,35.67472],[128.05565,35.68014],[128.06637,35.68274],[128.07285,35.67303],[128.07782,35.67967],[128.09123,35.68202],[128.09507,35.69046],[128.08084,35.69566],[128.07428,35.70185],[128.073,35.71867],[128.06656,35.72326],[128.06119,35.72393],[128.05902,35.73226],[128.05407,35.74165],[128.04418,35.75217],[128.05125,35.76114],[128.04956,35.76951],[128.05271,35.77389],[128.05093,35.77783],[128.04024,35.78012],[128.03564,35.78614],[128.03807,35.79108],[128.04704,35.79544],[128.04978,35.80244],[128.05373,35.8056],[128.06855,35.80642],[128.0748,35.81275],[128.08495,35.81696],[128.08455,35.82252],[128.09068,35.83081],[128.08561,35.83628],[128.0778,35.83946],[128.07043,35.84135],[128.06303,35.8349],[128.05406,35.83368],[128.0509,35.82966],[128.04235,35.83128],[128.03017,35.83588],[128.01106,35.82962],[128.00675,35.83379],[127.99659,35.83829],[127.98438,35.85799],[127.98159,35.8591],[127.97433,35.85047],[127.961,35.85617],[127.95884,35.8601],[127.95105,35.86125],[127.94242,35.85438],[127.92575,35.85698],[127.93227,35.85952],[127.93315,35.86424],[127.92957,35.87016],[127.92753,35.88133],[127.92335,35.88204],[127.91895,35.88939],[127.92025,35.89286],[127.90085,35.88731],[127.89323,35.88677],[127.88473,35.89323],[127.88276,35.90537],[127.88506,35.90961],[127.87951,35.90985],[127.87071,35.90435],[127.85954,35.90649],[127.85708,35.89499],[127.85053,35.89028],[127.85367,35.88134],[127.84433,35.87513],[127.84175,35.86625],[127.83273,35.86892],[127.82656,35.86835],[127.81941,35.86253],[127.81435,35.85389],[127.80436,35.85869],[127.79205,35.85241],[127.78757,35.85263],[127.77917,35.84724],[127.77276,35.83958],[127.75666,35.83729],[127.75253,35.8414],[127.74445,35.84442],[127.73778,35.83439],[127.73947,35.82971],[127.73246,35.82091],[127.72965,35.813],[127.72526,35.81318],[127.72421,35.80589],[127.71939,35.79732],[127.70942,35.79139],[127.69978,35.78817],[127.68472,35.77774],[127.67908,35.7692],[127.68454,35.76292],[127.69877,35.75823],[127.70801,35.7495],[127.71291,35.74026],[127.71491,35.73116],[127.7292,35.721],[127.73411,35.71899],[127.74795,35.73089],[127.75506,35.73354],[127.76114,35.73081],[127.76392,35.72125],[127.77688,35.713],[127.78441,35.70532],[127.79357,35.70498],[127.8011,35.69596],[127.80317,35.68606],[127.81113,35.68557],[127.81485,35.67802],[127.82209,35.66954],[127.83061,35.67],[127.83363,35.66326],[127.84586,35.65681],[127.86142,35.65886],[127.8646,35.6664],[127.86889,35.67049],[127.87687,35.66935],[127.87428,35.65187],[127.87723,35.63942],[127.8708,35.63418],[127.87179,35.6217],[127.86323,35.6113],[127.8641,35.60804],[127.85305,35.59662],[127.8472,35.59482],[127.84364,35.58824],[127.83513,35.58307],[127.83619,35.57693],[127.85094,35.57721],[127.85632,35.56942],[127.86289,35.57616],[127.86988,35.57501],[127.87488,35.56761],[127.86942,35.55963],[127.87215,35.55264],[127.87756,35.55051],[127.87574,35.54018],[127.87297,35.53603],[127.88051,35.53142],[127.88045,35.52709],[127.88783,35.5314],[127.89376,35.53018],[127.90427,35.53424],[127.91324,35.52577],[127.92137,35.52374],[127.92019,35.52007],[127.92512,35.51533],[127.94068,35.51445],[127.94959,35.5187],[127.95982,35.51858]]]},"properties":{"osm_id":7828117,"name":"거창군","sgg_code":"48880","mois_admin":"4888000000","admin_level":6,"code_source":"osm"}},
{"type":"Feature","geometry":{"type":"Polygon","coordinates":[[[128.09068,35.83081],[128.08455,35.82252],[128.08495,35.81696],[128.0748,35.81275],[128.06855,35.80642],[128.05373,35.8056],[128.04978,35.80244],[128.04704,35.79544],[128.03807,35.79108],[128.03564,35.78614],[128.04024,35.78012],[128.05093,35.77783],[128.05271,35.77389],[128.04956,35.76951],[128.05125,35.76114],[128.04418,35.75217],[128.05407,35.74165],[128.05902,35.73226],[128.06119,35.72393],[128.06656,35.72326],[128.073,35.71867],[128.07428,35.70185],[128.08084,35.69566],[128.09507,35.69046],[128.09123,35.68202],[128.07782,35.67967],[128.07285,35.67303],[128.06637,35.68274],[128.05565,35.68014],[128.04475,35.67472],[128.04452,35.66148],[128.03596,35.65691],[128.02095,35.65215],[128.01793,35.64333],[128.00526,35.6373],[127.99783,35.62815],[127.99783,35.61127],[127.98471,35.60866],[127.9827,35.60221],[127.98822,35.59543],[127.98737,35.58576],[127.9833,35.58469],[127.97919,35.57357],[127.98104,35.56894],[127.97211,35.55585],[127.95505,35.54992],[127.95312,35.53434],[127.95374,35.52906],[127.95862,35.5238],[127.95982,35.51858],[127.96228,35.50012],[127.97434,35.49504],[127.97603,35.47996],[127.97413,35.47674],[127.97933,35.46755],[127.97892,35.46097],[127.9848,35.45657],[127.9871,35.44527],[127.99588,35.43828],[128.00822,35.43548],[128.01154,35.42628],[128.02316,35.42632],[128.02626,35.42034],[128.03496,35.4154],[128.04212,35.41887],[128.04533,35.41574],[128.05233,35.41809],[128.05949,35.40549],[128.0659,35.40224],[128.06492,35.3986],[128.07293,35.38892],[128.07903,35.3895],[128.08908,35.37916],[128.08674,35.37465],[128.08049,35.3705],[128.09552,35.36827],[128.11223,35.38226],[128.12975,35.3734],[128.12586,35.38315],[128.12926,35.38773],[128.14762,35.38583],[128.16662,35.39426],[128.17192,35.39426],[128.18946,35.39867],[128.1916,35.40902],[128.18572,35.41917],[128.20018,35.43208],[128.20423,35.44505],[128.20852,35.45305],[128.20812,35.45987],[128.21489,35.46094],[128.21507,35.46482],[128.20631,35.46913],[128.20058,35.47522],[128.2063,35.47762],[128.20945,35.48292],[128.22071,35.48597],[128.22835,35.49105],[128.23048,35.48896],[128.23987,35.49389],[128.25499,35.49373],[128.26189,35.49718],[128.26099,35.50176],[128.26626,35.50944],[128.27639,35.50979],[128.29017,35.51249],[128.29467,35.51725],[128.30414,35.51349],[128.30801,35.51701],[128.31546,35.51558],[128.3228,35.50811],[128.32994,35.50752],[128.33797,35.50965],[128.34836,35.49929],[128.35404,35.49812],[128.35603,35.50257],[128.36738,35.50006],[128.37328,35.50348],[128.36975,35.51124],[128.37141,35.51756],[128.36262,35.52512],[128.35101,35.53812],[128.34922,35.54705],[128.35029,35.55303],[128.36003,35.56931],[128.36093,35.57729],[128.35473,35.59302],[128.35189,35.60675],[128.35383,35.61002],[128.36354,35.61186],[128.36209,35.62769],[128.35731,35.6374],[128.33625,35.64183],[128.33379,35.64443],[128.32386,35.6463],[128.3185,35.65091],[128.30645,35.65504],[128.29714,35.65619],[128.29585,35.64917],[128.28907,35.65112],[128.27963,35.65112],[128.27534,35.64513],[128.27156,35.64554],[128.26178,35.64157],[128.25843,35.64589],[128.2409,35.65361],[128.23551,35.6498],[128.23715,35.64305],[128.23394,35.63883],[128.2247,35.6408],[128.21861,35.63878],[128.21002,35.64017],[128.21068,35.64329],[128.20118,35.64255],[128.19835,35.64792],[128.19148,35.65398],[128.18359,35.65733],[128.17088,35.65353],[128.16159,35.65239],[128.15655,35.65601],[128.16093,35.65928],[128.15973,35.6645],[128.16239,35.67141],[128.17835,35.67198],[128.18386,35.67701],[128.19519,35.68335],[128.20214,35.68377],[128.20154,35.69213],[128.20419,35.69584],[128.20102,35.70545],[128.20195,35.71011],[128.19771,35.71804],[128.1938,35.73059],[128.19791,35.73668],[128.19333,35.73829],[128.18934,35.75235],[128.17775,35.75567],[128.1638,35.76128],[128.1611,35.76838],[128.16325,35.77565],[128.15211,35.78665],[128.1462,35.78423],[128.13808,35.78442],[128.12839,35.7898],[128.12837,35.79433],[128.12118,35.80417],[128.1232,35.82264],[128.11609,35.82631],[128.10891,35.82409],[128.10403,35.82886],[128.09678,35.83205],[128.09068,35.83081]]]},"properties":{"osm_id":7828150,"name":"합천군","sgg_code":"48890","mois_admin":"4889000000","admin_level":6,"code_source":"osm"}},
{"type":"Feature","geometry":{"type":"MultiPolygon","coordinates":[[[[126.1688,33.28216],[126.17108,33.28837],[126.19166,33.29366],[126.19198,33.29839],[126.20186,33.2958],[126.23019,33.28384],[126.24465,33.27297],[126.24275,33.28316],[126.24455,33.2885],[126.25303,33.29281],[126.27922,33.29948],[126.29241,33.31049],[126.29632,33.32199],[126.30595,33.32665],[126.32385,33.32659],[126.34164,33.34363],[126.3495,33.34094],[126.3687,33.34138],[126.37531,33.34676],[126.39164,33.34356],[126.40206,33.34452],[126.4091,33.34212],[126.43259,33.34112],[126.43642,33.34665],[126.43697,33.35462],[126.44558,33.35889],[126.46775,33.3598],[126.47498,33.35604],[126.48333,33.3596],[126.49045,33.35495],[126.49909,33.35985],[126.50867,33.35867],[126.5111,33.36104],[126.52154,33.36085],[126.53474,33.36323],[126.55372,33.37368],[126.56492,33.37174],[126.57457,33.37182],[126.58209,33.37376],[126.59173,33.37385],[126.59322,33.37615],[126.60693,33.38224],[126.62492,33.38504],[126.62633,33.39019],[126.63588,33.39289],[126.65342,33.39505],[126.65497,33.39942],[126.66046,33.40196],[126.66834,33.40024],[126.68773,33.41328],[126.69962,33.41919],[126.70906,33.4219],[126.71728,33.42189],[126.73183,33.42672],[126.7414,33.42027],[126.75058,33.41942],[126.76128,33.42146],[126.77003,33.42626],[126.77848,33.43399],[126.78247,33.43445],[126.78856,33.44136],[126.79703,33.44009],[126.81821,33.44783],[126.82212,33.44671],[126.82394,33.45302],[126.8295,33.45364],[126.84666,33.46212],[126.85469,33.46331],[126.85774,33.46706],[126.86675,33.46896],[126.87251,33.47495],[126.88146,33.4771],[126.88449,33.4807],[126.90193,33.48253],[126.90516,33.48876],[126.9122,33.49057],[126.90935,33.49498],[126.91185,33.49759],[126.913,33.50688],[126.90755,33.51052],[126.89954,33.50967],[126.90166,33.51528],[126.89951,33.52175],[126.89166,33.52834],[126.88194,33.52948],[126.86599,33.5287],[126.86488,33.52554],[126.85813,33.52523],[126.85147,33.53256],[126.84025,33.53404],[126.83593,33.54077],[126.82819,33.5432],[126.82824,33.55311],[126.82638,33.55906],[126.81479,33.56044],[126.80771,33.55651],[126.7957,33.55644],[126.79341,33.5598],[126.77227,33.56537],[126.76531,33.56558],[126.75877,33.55763],[126.74119,33.55863],[126.72985,33.56075],[126.71363,33.55469],[126.69787,33.55268],[126.69025,33.54877],[126.6767,33.55194],[126.67387,33.5446],[126.66403,33.54343],[126.65246,33.55234],[126.64424,33.55555],[126.63931,33.54578],[126.6348,33.54531],[126.63552,33.53655],[126.62834,33.53551],[126.62321,33.53793],[126.6126,33.53795],[126.60375,33.53512],[126.59736,33.53766],[126.5912,33.53347],[126.58606,33.52632],[126.57994,33.52455],[126.57471,33.52765],[126.56527,33.5242],[126.56014,33.52573],[126.55553,33.52099],[126.54921,33.52172],[126.55345,33.52421],[126.54315,33.52377],[126.53343,33.51797],[126.51779,33.51943],[126.51468,33.51567],[126.5007,33.51762],[126.49413,33.52065],[126.48747,33.51849],[126.48032,33.50985],[126.46612,33.50855],[126.46308,33.50313],[126.45413,33.50348],[126.45081,33.49717],[126.44513,33.49867],[126.4319,33.49407],[126.42777,33.49509],[126.42006,33.49241],[126.41829,33.48904],[126.40982,33.48951],[126.4059,33.48484],[126.39448,33.4841],[126.39135,33.48945],[126.38557,33.48914],[126.36894,33.47842],[126.3596,33.47968],[126.35343,33.47745],[126.35196,33.47336],[126.34046,33.47067],[126.33353,33.46689],[126.33181,33.46961],[126.32655,33.46711],[126.32097,33.47229],[126.32062,33.46769],[126.31617,33.46927],[126.30806,33.46603],[126.30974,33.45876],[126.30611,33.45226],[126.29896,33.44691],[126.28902,33.44305],[126.27772,33.44341],[126.273,33.43473],[126.26262,33.43562],[126.26382,33.4271],[126.26022,33.41687],[126.25282,33.40913],[126.25006,33.40089],[126.24319,33.39886],[126.23267,33.38918],[126.22193,33.39095],[126.222,33.38804],[126.21424,33.38068],[126.213,33.37516],[126.20533,33.37157],[126.20001,33.36504],[126.19713,33.36629],[126.18753,33.36015],[126.18049,33.35861],[126.1818,33.35388],[126.17892,33.34605],[126.16909,33.34155],[126.16192,33.33368],[126.16834,33.31648],[126.1639,33.30905],[126.16696,33.29801],[126.1613,33.2926],[126.16289,33.28523],[126.1688,33.28216]]],[[[126.14778,33.30956],[126.15149,33.31366],[126.14412,33.31209],[126.14778,33.30956]]],[[[126.22284,33.40558],[126.2307,33.40544],[126.23197,33.41002],[126.22385,33.41101],[126.22284,33.40558]]],[[[126.32463,33.90912],[126.32617,33.91494],[126.32166,33.91535],[126.32463,33.90912]]],[[[126.33833,33.95292],[126.33675,33.95699],[126.32596,33.95153],[126.31679,33.9544],[126.31061,33.95233],[126.30398,33.95306],[126.30548,33.94775],[126.31656,33.94106],[126.32121,33.93023],[126.32859,33.93022],[126.32414,33.93902],[126.32729,33.9449],[126.33461,33.94408],[126.34168,33.94579],[126.34268,33.94905],[126.33833,33.95292]]],[[[126.29836,33.96021],[126.29626,33.9655],[126.28391,33.96759],[126.28264,33.96191],[126.28726,33.9602],[126.29716,33.95242],[126.30278,33.95432],[126.29836,33.96021]]],[[[126.34589,33.98157],[126.35406,33.98196],[126.34729,33.98517],[126.34589,33.98157]]],[[[126.24718,33.98686],[126.25208,33.9856],[126.25026,33.99014],[126.24718,33.98686]]],[[[126.347,34.00457],[126.3528,34.00671],[126.34319,34.01099],[126.33436,34.01283],[126.3297,34.01058],[126.34241,34.00769],[126.347,34.00457]]],[[[126.96368,33.49027],[126.96766,33.49148],[126.96672,33.49677],[126.97116,33.49879],[126.96413,33.51417],[126.95879,33.51285],[126.96007,33.52021],[126.95526,33.52499],[126.94905,33.52317],[126.94929,33.51511],[126.94443,33.51285],[126.94117,33.5065],[126.94368,33.49492],[126.96368,33.49027]]]]},"properties":{"osm_id":5523589,"name":"제주시","sgg_code":"50110","mois_admin":"5011000000","admin_level":6,"code_source":"osm"}},
{"type":"Feature","geometry":{"type":"MultiPolygon","coordinates":[[[[126.90193,33.48253],[126.88449,33.4807],[126.88146,33.4771],[126.87251,33.47495],[126.86675,33.46896],[126.85774,33.46706],[126.85469,33.46331],[126.84666,33.46212],[126.8295,33.45364],[126.82394,33.45302],[126.82212,33.44671],[126.81821,33.44783],[126.79703,33.44009],[126.78856,33.44136],[126.78247,33.43445],[126.77848,33.43399],[126.77003,33.42626],[126.76128,33.42146],[126.75058,33.41942],[126.7414,33.42027],[126.73183,33.42672],[126.71728,33.42189],[126.70906,33.4219],[126.69962,33.41919],[126.68773,33.41328],[126.66834,33.40024],[126.66046,33.40196],[126.65497,33.39942],[126.65342,33.39505],[126.63588,33.39289],[126.62633,33.39019],[126.62492,33.38504],[126.60693,33.38224],[126.59322,33.37615],[126.59173,33.37385],[126.58209,33.37376],[126.57457,33.37182],[126.56492,33.37174],[126.55372,33.37368],[126.53474,33.36323],[126.52154,33.36085],[126.5111,33.36104],[126.50867,33.35867],[126.49909,33.35985],[126.49045,33.35495],[126.48333,33.3596],[126.47498,33.35604],[126.46775,33.3598],[126.44558,33.35889],[126.43697,33.35462],[126.43642,33.34665],[126.43259,33.34112],[126.4091,33.34212],[126.40206,33.34452],[126.39164,33.34356],[126.37531,33.34676],[126.3687,33.34138],[126.3495,33.34094],[126.34164,33.34363],[126.32385,33.32659],[126.30595,33.32665],[126.29632,33.32199],[126.29241,33.31049],[126.27922,33.29948],[126.25303,33.29281],[126.24455,33.2885],[126.24275,33.28316],[126.24465,33.27297],[126.23019,33.28384],[126.20186,33.2958],[126.19198,33.29839],[126.19166,33.29366],[126.17108,33.28837],[126.1688,33.28216],[126.16947,33.27508],[126.17813,33.26875],[126.18284,33.25971],[126.19249,33.25462],[126.2026,33.24563],[126.2124,33.24221],[126.21982,33.24307],[126.22802,33.24076],[126.22838,33.23712],[126.23387,33.2363],[126.24043,33.22933],[126.24039,33.2242],[126.24595,33.22053],[126.25558,33.20983],[126.26309,33.20956],[126.26442,33.20479],[126.26181,33.19918],[126.27146,33.19505],[126.27498,33.1986],[126.28446,33.20095],[126.28988,33.19517],[126.29458,33.19831],[126.29039,33.20386],[126.29417,33.21296],[126.29483,33.21994],[126.30391,33.22761],[126.30861,33.22786],[126.31563,33.23599],[126.32606,33.24041],[126.33383,33.23906],[126.33544,33.23484],[126.34497,33.23694],[126.35074,33.2348],[126.36175,33.23713],[126.36297,33.23373],[126.36941,33.23052],[126.37868,33.23403],[126.38498,33.23417],[126.39678,33.24098],[126.40773,33.24493],[126.41821,33.2429],[126.42692,33.2355],[126.43388,33.23367],[126.43806,33.23894],[126.44236,33.23717],[126.44955,33.24091],[126.45731,33.24107],[126.46199,33.23732],[126.4627,33.23176],[126.47117,33.22589],[126.48806,33.22884],[126.49115,33.2326],[126.498,33.23308],[126.50807,33.23069],[126.5136,33.23335],[126.52106,33.24127],[126.5335,33.23929],[126.54039,33.24162],[126.54763,33.23763],[126.55094,33.24137],[126.55458,33.23901],[126.56089,33.24067],[126.5711,33.23605],[126.56635,33.24068],[126.57164,33.24486],[126.58611,33.24453],[126.59236,33.23741],[126.5996,33.23607],[126.60533,33.23936],[126.6194,33.24259],[126.61903,33.24786],[126.62431,33.25264],[126.64035,33.2574],[126.63936,33.26008],[126.64392,33.26692],[126.65788,33.26898],[126.65831,33.2738],[126.66419,33.26975],[126.67098,33.27103],[126.67718,33.2678],[126.67812,33.2705],[126.68631,33.26964],[126.69918,33.2709],[126.70609,33.27386],[126.71671,33.27514],[126.72329,33.27879],[126.73177,33.27875],[126.7331,33.28169],[126.743,33.27801],[126.75299,33.2872],[126.76416,33.29135],[126.7666,33.29895],[126.77411,33.30242],[126.77745,33.30703],[126.78682,33.30573],[126.79204,33.30271],[126.80537,33.30505],[126.80664,33.30228],[126.81236,33.30611],[126.81967,33.30752],[126.82886,33.30636],[126.83762,33.31207],[126.84311,33.31911],[126.84806,33.32096],[126.84844,33.32482],[126.83789,33.32583],[126.8378,33.32968],[126.85277,33.33882],[126.86842,33.3545],[126.86736,33.36401],[126.87262,33.36581],[126.87096,33.37204],[126.88113,33.37939],[126.88052,33.38264],[126.88998,33.38712],[126.90597,33.39137],[126.90689,33.39783],[126.90294,33.4026],[126.9085,33.40709],[126.91186,33.42026],[126.91779,33.42868],[126.916,33.43406],[126.92428,33.43429],[126.92315,33.42718],[126.92957,33.42325],[126.93572,33.43008],[126.92466,33.43503],[126.92228,33.43945],[126.92255,33.4495],[126.93003,33.45896],[126.93458,33.4608],[126.94147,33.45532],[126.94531,33.4594],[126.93635,33.46407],[126.93616,33.47368],[126.92583,33.47285],[126.92051,33.46938],[126.91168,33.47376],[126.90981,33.47969],[126.90399,33.47939],[126.90193,33.48253]]],[[[126.26944,33.12277],[126.26671,33.1222],[126.26519,33.11471],[126.26869,33.11287],[126.26944,33.12277]]],[[[126.26471,33.1687],[126.27341,33.16465],[126.279,33.16996],[126.27499,33.17458],[126.26597,33.17259],[126.26471,33.1687]]],[[[126.59832,33.23213],[126.59725,33.2281],[126.60273,33.22954],[126.59832,33.23213]]]]},"properties":{"osm_id":5524156,"name":"서귀포시","sgg_code":"50130","mois_admin":"5013000000","admin_level":6,"code_source":"osm"}},
{"type":"Feature","geometry":{"type":"Polygon","coordinates":[[[127.55991,37.72858],[127.56426,37.72784],[127.56755,37.73269],[127.57366,37.73266],[127.58921,37.7254],[127.59458,37.71974],[127.59154,37.71299],[127.59617,37.70319],[127.60693,37.7039],[127.61048,37.69842],[127.60794,37.68766],[127.60789,37.6768],[127.61587,37.67649],[127.6237,37.68397],[127.62335,37.69122],[127.62614,37.69481],[127.63815,37.6985],[127.64149,37.69463],[127.64261,37.68034],[127.6495,37.68025],[127.65216,37.68592],[127.65103,37.69824],[127.65839,37.70005],[127.67033,37.69569],[127.67783,37.69515],[127.68414,37.70192],[127.67952,37.71137],[127.68735,37.71622],[127.70099,37.71655],[127.70749,37.72123],[127.71075,37.72678],[127.72255,37.73335],[127.72586,37.7319],[127.73113,37.73538],[127.74645,37.74192],[127.75472,37.73246],[127.76403,37.73783],[127.77146,37.73772],[127.78181,37.74232],[127.78749,37.73668],[127.79486,37.73501],[127.80671,37.74633],[127.81628,37.74855],[127.82835,37.74088],[127.84481,37.74946],[127.8406,37.75502],[127.85486,37.7634],[127.8574,37.76852],[127.84667,37.78069],[127.84324,37.78969],[127.83733,37.79042],[127.82489,37.79826],[127.82716,37.80864],[127.82501,37.81569],[127.82761,37.82046],[127.81363,37.83328],[127.81548,37.84099],[127.82235,37.84566],[127.83227,37.84364],[127.84826,37.83563],[127.85465,37.83481],[127.87161,37.8375],[127.87272,37.84462],[127.87737,37.84754],[127.8765,37.85642],[127.88075,37.86069],[127.89067,37.86312],[127.89604,37.85939],[127.90882,37.85456],[127.90567,37.84941],[127.91848,37.84422],[127.92447,37.83832],[127.92927,37.82771],[127.93523,37.82851],[127.93705,37.83558],[127.94412,37.83835],[127.9456,37.84578],[127.94297,37.84773],[127.94822,37.8602],[127.95754,37.87378],[127.97278,37.88248],[127.97001,37.89266],[127.97191,37.89999],[127.97964,37.90816],[127.98633,37.91231],[127.98363,37.92342],[127.99292,37.9309],[127.99511,37.9412],[127.98964,37.94521],[127.98728,37.95182],[127.97751,37.95707],[127.98397,37.96377],[127.98475,37.98004],[127.98179,37.9835],[127.98402,37.98876],[127.9996,37.99138],[128.00343,37.99563],[128.0153,37.99664],[128.01878,38.00057],[128.01959,38.00737],[128.02961,38.01465],[128.02494,38.01953],[128.01296,38.01901],[128.00591,38.01374],[128.00065,38.00528],[127.99333,38.00162],[127.98382,38.0103],[127.98713,38.0201],[127.98543,38.02686],[127.96902,38.0309],[127.95543,38.03868],[127.95175,38.0382],[127.94701,38.03133],[127.94714,38.02258],[127.94333,38.01672],[127.93447,38.01382],[127.93137,38.01789],[127.91515,38.02217],[127.90407,38.03033],[127.90186,38.03822],[127.90404,38.04617],[127.90267,38.0506],[127.88827,38.05017],[127.879,38.04734],[127.86725,38.05025],[127.85913,38.04998],[127.85516,38.05231],[127.8512,38.04555],[127.84919,38.03626],[127.85081,38.03085],[127.8581,38.01882],[127.8474,38.01432],[127.83981,38.01383],[127.83037,38.00838],[127.8271,38.00078],[127.82031,38.00388],[127.81324,38.00367],[127.78821,37.99429],[127.78785,37.99828],[127.77916,38.01366],[127.77382,38.01357],[127.77369,38.02177],[127.76958,38.02824],[127.76093,38.02985],[127.75901,38.03424],[127.74756,38.0381],[127.73803,38.0383],[127.72925,38.03281],[127.72539,38.0251],[127.71353,38.02393],[127.70943,38.03233],[127.70022,38.0382],[127.69438,38.03557],[127.68158,38.03415],[127.67844,38.03589],[127.66956,38.03418],[127.66537,38.03039],[127.65076,38.02701],[127.6481,38.0334],[127.6489,38.04457],[127.65326,38.05213],[127.64614,38.05661],[127.6412,38.05198],[127.63289,38.05005],[127.62366,38.05155],[127.61803,38.05718],[127.61168,38.05652],[127.6054,38.06105],[127.60776,38.07167],[127.59817,38.07686],[127.59684,38.0799],[127.58566,38.0802],[127.57558,38.08481],[127.56609,38.08383],[127.56417,38.07168],[127.57693,38.06157],[127.57957,38.05577],[127.57411,38.05091],[127.57864,38.03977],[127.56695,38.03192],[127.56385,38.02199],[127.54476,38.01953],[127.54031,38.00116],[127.54717,37.97828],[127.54421,37.96958],[127.54738,37.96646],[127.56189,37.96277],[127.57133,37.964],[127.57934,37.96114],[127.58472,37.96175],[127.60244,37.955],[127.60374,37.94449],[127.61267,37.94048],[127.61658,37.92827],[127.61205,37.92406],[127.61658,37.9119],[127.61705,37.906],[127.6074,37.88966],[127.6091,37.88352],[127.60321,37.8742],[127.58462,37.87629],[127.57789,37.87401],[127.5686,37.86697],[127.56324,37.85588],[127.55853,37.85645],[127.55022,37.85166],[127.54965,37.84654],[127.54046,37.84655],[127.52944,37.83972],[127.52562,37.83292],[127.52564,37.82287],[127.53494,37.81771],[127.53719,37.81057],[127.52305,37.79617],[127.52226,37.78895],[127.54092,37.77088],[127.54499,37.76363],[127.54209,37.75466],[127.53408,37.7486],[127.51687,37.74027],[127.50711,37.73136],[127.50615,37.72415],[127.50951,37.71693],[127.51342,37.71759],[127.5247,37.72647],[127.52962,37.72642],[127.54017,37.71946],[127.54927,37.72393],[127.55123,37.72756],[127.55991,37.72858]]]},"properties":{"osm_id":2517796,"name":"춘천시","sgg_code":"51110","mois_admin":"5111000000","admin_level":6,"code_source":"osm"}},
{"type":"Feature","geometry":{"type":"Polygon","coordinates":[[[127.80041,37.43863],[127.804,37.4291],[127.79502,37.42498],[127.79218,37.41845],[127.78783,37.40113],[127.78168,37.39304],[127.78409,37.38883],[127.77862,37.38575],[127.77579,37.37896],[127.77894,37.37077],[127.76287,37.36998],[127.75966,37.36698],[127.76076,37.35264],[127.75798,37.34577],[127.76297,37.33443],[127.75978,37.3301],[127.7686,37.30834],[127.7682,37.30149],[127.76207,37.30214],[127.75461,37.29774],[127.75066,37.29798],[127.75004,37.29196],[127.75908,37.27705],[127.76066,37.26901],[127.75449,37.25224],[127.74859,37.24617],[127.74669,37.23935],[127.74616,37.22687],[127.74853,37.21759],[127.74612,37.21378],[127.7441,37.20955],[127.74802,37.20156],[127.75189,37.18226],[127.75558,37.17222],[127.76466,37.16002],[127.78943,37.14375],[127.79508,37.14615],[127.80204,37.14446],[127.80755,37.14742],[127.81905,37.14825],[127.82359,37.15376],[127.83009,37.15509],[127.83649,37.15177],[127.85032,37.15391],[127.85177,37.15965],[127.86176,37.15644],[127.86231,37.1618],[127.87205,37.16434],[127.88641,37.16109],[127.89543,37.15609],[127.89889,37.1498],[127.90164,37.1518],[127.90346,37.16005],[127.90863,37.16712],[127.91504,37.16888],[127.92384,37.16363],[127.92633,37.16553],[127.9273,37.16978],[127.93363,37.1758],[127.9326,37.18237],[127.93626,37.18877],[127.93092,37.20113],[127.93247,37.20699],[127.9271,37.22015],[127.92158,37.22505],[127.92662,37.2316],[127.93888,37.24074],[127.94519,37.24056],[127.95268,37.24792],[127.96455,37.25101],[127.96974,37.2557],[127.98546,37.25814],[127.99423,37.25357],[127.99973,37.25446],[128.00797,37.25212],[128.01921,37.2444],[128.02301,37.22563],[128.03213,37.2238],[128.03875,37.21604],[128.03308,37.21081],[128.0283,37.20232],[128.03222,37.19388],[128.0372,37.18928],[128.04981,37.18958],[128.06047,37.19409],[128.06356,37.19282],[128.07754,37.1937],[128.10505,37.20377],[128.1115,37.20767],[128.11551,37.22027],[128.12236,37.2252],[128.1208,37.2273],[128.12536,37.23459],[128.13348,37.22973],[128.14204,37.2286],[128.14232,37.22434],[128.15086,37.22074],[128.15467,37.21567],[128.16404,37.21331],[128.17307,37.21906],[128.17362,37.23101],[128.19317,37.24524],[128.20118,37.24897],[128.2078,37.24882],[128.21307,37.26206],[128.21074,37.27507],[128.21846,37.27856],[128.21412,37.28815],[128.20657,37.28783],[128.19736,37.29684],[128.19025,37.29346],[128.17837,37.29141],[128.17783,37.27952],[128.17328,37.27921],[128.16341,37.27392],[128.14256,37.27104],[128.13137,37.27448],[128.11555,37.27248],[128.1142,37.2783],[128.11042,37.27924],[128.10716,37.29276],[128.10857,37.29878],[128.10452,37.30091],[128.09368,37.30053],[128.07365,37.30439],[128.06811,37.3085],[128.05198,37.30846],[128.03838,37.32167],[128.03367,37.33248],[128.03775,37.3376],[128.03939,37.34469],[128.03686,37.34661],[128.03919,37.35596],[128.0458,37.35926],[128.04965,37.36601],[128.06437,37.36448],[128.07268,37.36742],[128.07679,37.37374],[128.07447,37.37965],[128.07631,37.38462],[128.0719,37.39178],[128.07874,37.3999],[128.08841,37.40128],[128.09745,37.40632],[128.09605,37.41024],[128.08858,37.41429],[128.08424,37.42673],[128.06217,37.43577],[128.05893,37.44513],[128.04272,37.44332],[128.03852,37.4471],[128.02741,37.44859],[128.01424,37.44525],[128.01202,37.44977],[128.00677,37.45011],[128.00262,37.45684],[127.99423,37.45616],[127.98271,37.46019],[127.97427,37.45763],[127.96817,37.45187],[127.9493,37.45444],[127.94858,37.45838],[127.94162,37.46689],[127.93697,37.47629],[127.93846,37.48251],[127.93289,37.48705],[127.93967,37.50115],[127.92915,37.50691],[127.91875,37.49797],[127.91913,37.49287],[127.90969,37.48644],[127.90611,37.47327],[127.89587,37.47235],[127.88895,37.46619],[127.88452,37.4702],[127.87699,37.46692],[127.87465,37.45501],[127.86565,37.44695],[127.86394,37.42533],[127.87126,37.41565],[127.868,37.39963],[127.8565,37.39865],[127.85099,37.39533],[127.84764,37.40079],[127.85127,37.40858],[127.84112,37.42866],[127.83968,37.43415],[127.8345,37.434],[127.81983,37.44658],[127.81344,37.44527],[127.8105,37.44139],[127.80041,37.43863]]]},"properties":{"osm_id":2529086,"name":"원주시","sgg_code":"51130","mois_admin":"5113000000","admin_level":6,"code_source":"osm"}},
{"type":"Feature","geometry":{"type":"Polygon","coordinates":[[[128.97338,37.53374],[128.98764,37.53387],[128.99856,37.54281],[129.01976,37.53863],[129.02577,37.54543],[129.03573,37.5478],[129.0471,37.54666],[129.0503,37.55393],[129.04837,37.55717],[129.05103,37.5764],[129.05669,37.58235],[129.05964,37.58995],[129.05568,37.59711],[129.06874,37.5989],[129.0748,37.60486],[129.05998,37.61853],[129.05419,37.62138],[129.04498,37.63714],[129.04392,37.64257],[129.05003,37.65224],[129.05407,37.65319],[129.05709,37.65877],[129.0531,37.66543],[129.05704,37.67288],[129.04486,37.68495],[129.03821,37.68796],[129.01431,37.70689],[129.01135,37.71301],[128.99586,37.72563],[128.98895,37.73609],[128.98916,37.74031],[128.97714,37.74737],[128.95516,37.76441],[128.95247,37.76919],[128.91715,37.79708],[128.90783,37.80666],[128.90016,37.81155],[128.88119,37.82733],[128.8767,37.83297],[128.87708,37.84088],[128.85886,37.85509],[128.84891,37.86416],[128.84833,37.86738],[128.83777,37.87576],[128.83024,37.88417],[128.82949,37.89271],[128.83489,37.89738],[128.82576,37.9069],[128.80996,37.91775],[128.80343,37.91301],[128.79315,37.91221],[128.78301,37.91469],[128.77314,37.91106],[128.75999,37.91007],[128.75695,37.91232],[128.7466,37.9092],[128.74466,37.90421],[128.73638,37.90341],[128.73241,37.89988],[128.72705,37.90267],[128.7192,37.90279],[128.70881,37.89729],[128.70217,37.89841],[128.68283,37.88991],[128.67634,37.88982],[128.66708,37.88573],[128.66483,37.8905],[128.65976,37.89177],[128.64777,37.89093],[128.64294,37.89489],[128.6348,37.88762],[128.62356,37.88052],[128.62077,37.87235],[128.60118,37.87071],[128.5977,37.86596],[128.59197,37.8656],[128.58802,37.86203],[128.58606,37.84514],[128.58161,37.83773],[128.58036,37.828],[128.58274,37.82139],[128.59192,37.81604],[128.59996,37.80882],[128.59979,37.79161],[128.60141,37.78133],[128.59879,37.7745],[128.60244,37.76935],[128.6104,37.76621],[128.6147,37.77058],[128.62562,37.77055],[128.63143,37.77436],[128.63496,37.78128],[128.63898,37.78244],[128.64309,37.77732],[128.6557,37.77143],[128.66738,37.7698],[128.67085,37.76688],[128.67984,37.77303],[128.69097,37.76972],[128.69837,37.77133],[128.7089,37.76805],[128.71806,37.75607],[128.72236,37.75513],[128.72536,37.7495],[128.73188,37.7477],[128.73966,37.74163],[128.7438,37.74143],[128.74567,37.72677],[128.74848,37.71995],[128.74783,37.7141],[128.75494,37.70755],[128.75456,37.69965],[128.75858,37.69417],[128.76071,37.68284],[128.76395,37.6807],[128.76511,37.67352],[128.75247,37.66978],[128.74576,37.66503],[128.74367,37.65883],[128.73347,37.6549],[128.73377,37.64684],[128.72863,37.63793],[128.73602,37.62768],[128.7371,37.61403],[128.73552,37.60909],[128.72302,37.61132],[128.71665,37.60427],[128.71635,37.59338],[128.71207,37.58864],[128.707,37.58892],[128.69892,37.59352],[128.69197,37.59204],[128.6841,37.59383],[128.68143,37.57383],[128.67896,37.56986],[128.68358,37.56341],[128.6835,37.55715],[128.68776,37.55432],[128.69405,37.54125],[128.7071,37.53219],[128.71716,37.53101],[128.71978,37.52871],[128.72289,37.53489],[128.73708,37.5473],[128.74979,37.54659],[128.76201,37.5415],[128.76703,37.54363],[128.78093,37.54349],[128.79296,37.53717],[128.79203,37.53276],[128.79815,37.52745],[128.79762,37.51845],[128.81169,37.50993],[128.81375,37.5033],[128.83049,37.51009],[128.83393,37.51315],[128.84311,37.51257],[128.84907,37.51555],[128.84815,37.52144],[128.85425,37.5242],[128.85551,37.53729],[128.85993,37.54242],[128.85916,37.54778],[128.86203,37.55363],[128.85879,37.56122],[128.8627,37.56507],[128.86379,37.57522],[128.86856,37.57907],[128.87354,37.58967],[128.87771,37.58849],[128.88249,37.59244],[128.88879,37.59223],[128.89025,37.58855],[128.89776,37.58669],[128.90139,37.5715],[128.90573,37.5671],[128.90574,37.55262],[128.91446,37.55193],[128.91622,37.54801],[128.92549,37.54664],[128.93438,37.53814],[128.94394,37.54069],[128.95513,37.54144],[128.96123,37.54875],[128.96278,37.54316],[128.97338,37.53374]]]},"properties":{"osm_id":2537817,"name":"강릉시","sgg_code":"51150","mois_admin":"5115000000","admin_level":6,"code_source":"osm"}},
{"type":"Feature","geometry":{"type":"Polygon","coordinates":[[[128.95762,37.44664],[128.95856,37.44425],[128.97093,37.43847],[128.97589,37.43302],[128.98463,37.43393],[128.99942,37.42987],[129.00444,37.4268],[129.0102,37.43593],[129.03556,37.44953],[129.0363,37.45227],[129.0482,37.45695],[129.06565,37.46038],[129.07406,37.45628],[129.0833,37.46042],[129.09585,37.46343],[129.1074,37.4558],[129.11616,37.46066],[129.12791,37.45681],[129.13309,37.45314],[129.14176,37.4665],[129.148,37.46506],[129.15517,37.47419],[129.16027,37.4761],[129.1607,37.47956],[129.14194,37.49505],[129.12671,37.48764],[129.12445,37.49067],[129.13617,37.49646],[129.13112,37.50142],[129.13553,37.5041],[129.12233,37.52173],[129.12364,37.52648],[129.11512,37.53577],[129.11191,37.54851],[129.11783,37.54959],[129.12109,37.55534],[129.12021,37.56626],[129.11643,37.57078],[129.11583,37.5783],[129.09154,37.59348],[129.0748,37.60486],[129.06874,37.5989],[129.05568,37.59711],[129.05964,37.58995],[129.05669,37.58235],[129.05103,37.5764],[129.04837,37.55717],[129.0503,37.55393],[129.0471,37.54666],[129.03573,37.5478],[129.02577,37.54543],[129.01976,37.53863],[128.99856,37.54281],[128.98764,37.53387],[128.97338,37.53374],[128.9692,37.53038],[128.96846,37.5227],[128.96098,37.51258],[128.96514,37.50541],[128.97251,37.50572],[128.97468,37.50273],[128.97002,37.49473],[128.97251,37.49164],[128.98679,37.49312],[128.98966,37.48451],[128.98471,37.47041],[128.97737,37.46862],[128.96898,37.46076],[128.96416,37.45917],[128.96434,37.45475],[128.95762,37.44664]]]},"properties":{"osm_id":2537816,"name":"동해시","sgg_code":"51170","mois_admin":"5117000000","admin_level":6,"code_source":"osm"}},
{"type":"Feature","geometry":{"type":"Polygon","coordinates":[[[129.09566,37.10031],[129.08815,37.11492],[129.09195,37.11947],[129.08906,37.12357],[129.09537,37.13846],[129.0887,37.14394],[129.08857,37.15821],[129.08475,37.16035],[129.07193,37.16019],[129.07453,37.16596],[129.07183,37.16992],[129.05841,37.17131],[129.05128,37.16994],[129.03655,37.17589],[129.0304,37.17452],[129.01655,37.18142],[129.01134,37.18653],[129.00827,37.19375],[129.00901,37.19851],[129.00132,37.20331],[128.99876,37.20781],[128.99998,37.21792],[129.01049,37.22082],[129.00438,37.22706],[129.00792,37.23264],[129.00499,37.23511],[128.99319,37.23526],[128.98997,37.24079],[128.99395,37.24462],[129.00177,37.24466],[129.00162,37.25056],[129.0065,37.25059],[129.00993,37.25956],[129.00559,37.26425],[129.00799,37.26939],[129.01513,37.27418],[129.00385,37.28837],[129.00561,37.29215],[129.01843,37.30351],[129.01102,37.31167],[128.99844,37.31899],[128.998,37.32456],[129.01428,37.33839],[129.01036,37.33966],[129.00831,37.34554],[129.00236,37.34374],[128.99932,37.3385],[128.98926,37.33528],[128.97811,37.33641],[128.97103,37.33442],[128.958,37.32231],[128.95097,37.30779],[128.94328,37.30553],[128.94231,37.29765],[128.94645,37.29023],[128.94154,37.28889],[128.94104,37.27937],[128.93396,37.27312],[128.92433,37.27254],[128.92755,37.27011],[128.93538,37.24536],[128.9296,37.24072],[128.92389,37.24275],[128.91811,37.24005],[128.91707,37.22553],[128.90797,37.21655],[128.91607,37.21185],[128.91608,37.20669],[128.91151,37.19689],[128.91486,37.18078],[128.91185,37.17726],[128.91592,37.16939],[128.91695,37.15792],[128.91194,37.14926],[128.90053,37.14708],[128.894,37.14623],[128.88818,37.14107],[128.88698,37.13449],[128.88924,37.12471],[128.87615,37.11459],[128.87046,37.11363],[128.86817,37.10725],[128.87555,37.10807],[128.8788,37.10447],[128.88741,37.10171],[128.88856,37.09171],[128.88157,37.08096],[128.8756,37.07847],[128.87641,37.07202],[128.89162,37.06204],[128.89876,37.06666],[128.9103,37.06831],[128.91687,37.07861],[128.91501,37.08368],[128.9232,37.09212],[128.93209,37.09087],[128.9457,37.09384],[128.95344,37.08496],[128.95482,37.07959],[128.95927,37.07758],[128.97551,37.08114],[128.98417,37.08469],[129.00063,37.08036],[129.02085,37.07654],[129.02435,37.07835],[129.03241,37.07492],[129.03669,37.07618],[129.04188,37.07104],[129.05322,37.07037],[129.05708,37.06496],[129.06398,37.06807],[129.06742,37.07619],[129.0656,37.07875],[129.07001,37.08738],[129.07686,37.09292],[129.0912,37.09715],[129.09566,37.10031]]]},"properties":{"osm_id":2537819,"name":"태백시","sgg_code":"51190","mois_admin":"5119000000","admin_level":6,"code_source":"osm"}},
{"type":"Feature","geometry":{"type":"Polygon","coordinates":[[[128.58499,38.23116],[128.57432,38.22179],[128.56123,38.22095],[128.55553,38.21802],[128.5337,38.21581],[128.52207,38.20755],[128.51399,38.20774],[128.49924,38.20221],[128.49776,38.19793],[128.4903,38.19399],[128.48455,38.18797],[128.4772,38.18889],[128.47711,38.1928],[128.46663,38.19862],[128.46261,38.19694],[128.45199,38.19901],[128.44231,38.20372],[128.43845,38.19256],[128.42651,38.18915],[128.42114,38.17669],[128.43319,38.16861],[128.43903,38.16258],[128.43792,38.15487],[128.44306,38.1496],[128.46596,38.13692],[128.46424,38.12867],[128.46486,38.11921],[128.46724,38.11901],[128.48128,38.13068],[128.49129,38.13649],[128.50048,38.13495],[128.50881,38.13653],[128.51588,38.13553],[128.52507,38.13816],[128.52987,38.13609],[128.53506,38.14855],[128.56136,38.14894],[128.56971,38.15381],[128.56984,38.16189],[128.59365,38.16099],[128.6034,38.15895],[128.60871,38.16128],[128.60781,38.17288],[128.60975,38.17935],[128.61404,38.17975],[128.60385,38.19152],[128.59343,38.20057],[128.59451,38.21066],[128.6018,38.21028],[128.59072,38.22228],[128.58499,38.23116]]]},"properties":{"osm_id":2517798,"name":"속초시","sgg_code":"51210","mois_admin":"5121000000","admin_level":6,"code_source":"osm"}},
{"type":"Feature","geometry":{"type":"Polygon","coordinates":[[[128.90797,37.21655],[128.91707,37.22553],[128.91811,37.24005],[128.92389,37.24275],[128.9296,37.24072],[128.93538,37.24536],[128.92755,37.27011],[128.92433,37.27254],[128.93396,37.27312],[128.94104,37.27937],[128.94154,37.28889],[128.94645,37.29023],[128.94231,37.29765],[128.94328,37.30553],[128.95097,37.30779],[128.958,37.32231],[128.97103,37.33442],[128.97811,37.33641],[128.98926,37.33528],[128.99932,37.3385],[129.00236,37.34374],[129.00831,37.34554],[129.01036,37.33966],[129.01428,37.33839],[128.998,37.32456],[128.99844,37.31899],[129.01102,37.31167],[129.01843,37.30351],[129.00561,37.29215],[129.00385,37.28837],[129.01513,37.27418],[129.00799,37.26939],[129.00559,37.26425],[129.00993,37.25956],[129.0065,37.25059],[129.00162,37.25056],[129.00177,37.24466],[128.99395,37.24462],[128.98997,37.24079],[128.99319,37.23526],[129.00499,37.23511],[129.00792,37.23264],[129.00438,37.22706],[129.01049,37.22082],[128.99998,37.21792],[128.99876,37.20781],[129.00132,37.20331],[129.00901,37.19851],[129.00827,37.19375],[129.01134,37.18653],[129.01655,37.18142],[129.0304,37.17452],[129.03655,37.17589],[129.05128,37.16994],[129.05841,37.17131],[129.07183,37.16992],[129.07453,37.16596],[129.07193,37.16019],[129.08475,37.16035],[129.08857,37.15821],[129.0887,37.14394],[129.09537,37.13846],[129.08906,37.12357],[129.09195,37.11947],[129.08815,37.11492],[129.09566,37.10031],[129.10458,37.09772],[129.10778,37.0935],[129.11807,37.09274],[129.12669,37.08893],[129.12719,37.08444],[129.13355,37.08175],[129.13947,37.08227],[129.14427,37.07658],[129.14805,37.07613],[129.16169,37.06888],[129.16618,37.06922],[129.1704,37.06036],[129.17571,37.0578],[129.18503,37.04658],[129.18541,37.04172],[129.19475,37.04063],[129.20505,37.04497],[129.2138,37.04303],[129.22531,37.04456],[129.23359,37.0404],[129.23177,37.05426],[129.22954,37.05474],[129.23307,37.06388],[129.22538,37.07372],[129.24046,37.08504],[129.24903,37.09615],[129.25907,37.10105],[129.26566,37.10215],[129.27024,37.10692],[129.27124,37.11638],[129.27674,37.11855],[129.282,37.1161],[129.29459,37.11437],[129.29523,37.1203],[129.30387,37.12824],[129.30889,37.12794],[129.3118,37.13221],[129.31815,37.13295],[129.32483,37.14229],[129.33057,37.1405],[129.34461,37.14602],[129.35638,37.14486],[129.364,37.14627],[129.35853,37.15771],[129.35315,37.1613],[129.35663,37.16575],[129.3499,37.17386],[129.34518,37.17142],[129.34277,37.17614],[129.34752,37.17659],[129.34366,37.2012],[129.34796,37.2103],[129.34077,37.22228],[129.3435,37.2296],[129.3567,37.23564],[129.35001,37.2391],[129.34892,37.24768],[129.34235,37.24846],[129.34024,37.25559],[129.3279,37.26305],[129.32905,37.2804],[129.32118,37.28199],[129.32069,37.28782],[129.31022,37.28654],[129.30037,37.29346],[129.30199,37.30325],[129.29568,37.31184],[129.28801,37.30977],[129.27456,37.31811],[129.26925,37.32335],[129.27013,37.32926],[129.266,37.33182],[129.26775,37.33921],[129.26216,37.34486],[129.26085,37.3527],[129.25085,37.36339],[129.25134,37.37358],[129.2537,37.37853],[129.23982,37.38756],[129.22459,37.39478],[129.21304,37.40227],[129.1976,37.41591],[129.18924,37.43437],[129.19281,37.43753],[129.1895,37.44577],[129.19014,37.45169],[129.18711,37.45631],[129.16027,37.4761],[129.15517,37.47419],[129.148,37.46506],[129.14176,37.4665],[129.13309,37.45314],[129.12791,37.45681],[129.11616,37.46066],[129.1074,37.4558],[129.09585,37.46343],[129.0833,37.46042],[129.07406,37.45628],[129.06565,37.46038],[129.0482,37.45695],[129.0363,37.45227],[129.03556,37.44953],[129.0102,37.43593],[129.00444,37.4268],[128.99942,37.42987],[128.98463,37.43393],[128.97589,37.43302],[128.97093,37.43847],[128.95856,37.44425],[128.95762,37.44664],[128.95508,37.44942],[128.94385,37.4493],[128.93872,37.45103],[128.93429,37.4476],[128.92756,37.44856],[128.91061,37.43634],[128.90407,37.43807],[128.89785,37.43029],[128.89859,37.42104],[128.89543,37.40956],[128.88954,37.40484],[128.88282,37.4044],[128.87072,37.4003],[128.86852,37.39102],[128.86537,37.39035],[128.85157,37.36543],[128.85192,37.35863],[128.84603,37.33973],[128.84915,37.34147],[128.86686,37.33894],[128.86998,37.3294],[128.87836,37.32399],[128.87013,37.31901],[128.85847,37.30423],[128.8598,37.29808],[128.87234,37.29016],[128.87169,37.28445],[128.8771,37.27869],[128.88874,37.27593],[128.88207,37.27185],[128.87992,37.26492],[128.88681,37.26176],[128.8947,37.25349],[128.9008,37.24291],[128.89865,37.23595],[128.9044,37.22784],[128.90546,37.21792],[128.90797,37.21655]]]},"properties":{"osm_id":2537818,"name":"삼척시","sgg_code":"51230","mois_admin":"5123000000","admin_level":6,"code_source":"osm"}},
{"type":"Feature","geometry":{"type":"Polygon","coordinates":[[[127.99511,37.9412],[127.99292,37.9309],[127.98363,37.92342],[127.98633,37.91231],[127.97964,37.90816],[127.97191,37.89999],[127.97001,37.89266],[127.97278,37.88248],[127.95754,37.87378],[127.94822,37.8602],[127.94297,37.84773],[127.9456,37.84578],[127.94412,37.83835],[127.93705,37.83558],[127.93523,37.82851],[127.92927,37.82771],[127.92447,37.83832],[127.91848,37.84422],[127.90567,37.84941],[127.90882,37.85456],[127.89604,37.85939],[127.89067,37.86312],[127.88075,37.86069],[127.8765,37.85642],[127.87737,37.84754],[127.87272,37.84462],[127.87161,37.8375],[127.85465,37.83481],[127.84826,37.83563],[127.83227,37.84364],[127.82235,37.84566],[127.81548,37.84099],[127.81363,37.83328],[127.82761,37.82046],[127.82501,37.81569],[127.82716,37.80864],[127.82489,37.79826],[127.83733,37.79042],[127.84324,37.78969],[127.84667,37.78069],[127.8574,37.76852],[127.85486,37.7634],[127.8406,37.75502],[127.84481,37.74946],[127.82835,37.74088],[127.81628,37.74855],[127.80671,37.74633],[127.79486,37.73501],[127.78749,37.73668],[127.78181,37.74232],[127.77146,37.73772],[127.76403,37.73783],[127.75472,37.73246],[127.74645,37.74192],[127.73113,37.73538],[127.72586,37.7319],[127.72255,37.73335],[127.71075,37.72678],[127.70749,37.72123],[127.70099,37.71655],[127.68735,37.71622],[127.67952,37.71137],[127.68414,37.70192],[127.67783,37.69515],[127.67033,37.69569],[127.65839,37.70005],[127.65103,37.69824],[127.65216,37.68592],[127.6495,37.68025],[127.64261,37.68034],[127.64149,37.69463],[127.63815,37.6985],[127.62614,37.69481],[127.62335,37.69122],[127.6237,37.68397],[127.61587,37.67649],[127.60789,37.6768],[127.60794,37.68766],[127.61048,37.69842],[127.60693,37.7039],[127.59617,37.70319],[127.59154,37.71299],[127.59458,37.71974],[127.58921,37.7254],[127.57366,37.73266],[127.56755,37.73269],[127.56426,37.72784],[127.55991,37.72858],[127.56186,37.72007],[127.55804,37.71391],[127.55863,37.70604],[127.55064,37.68704],[127.54905,37.66861],[127.55282,37.66153],[127.54622,37.65786],[127.54385,37.65173],[127.53565,37.65069],[127.53794,37.64148],[127.54725,37.63771],[127.54826,37.63321],[127.55946,37.62849],[127.56468,37.63316],[127.57142,37.632],[127.58065,37.6334],[127.58326,37.64013],[127.60031,37.64786],[127.60219,37.65154],[127.6155,37.64703],[127.6218,37.64283],[127.62644,37.64308],[127.63943,37.63264],[127.64699,37.63274],[127.64985,37.62415],[127.65339,37.62231],[127.66171,37.62432],[127.66473,37.62024],[127.69168,37.60134],[127.70084,37.59612],[127.69743,37.59185],[127.70789,37.58635],[127.72313,37.59063],[127.72682,37.58906],[127.7447,37.58788],[127.75411,37.59206],[127.75798,37.58681],[127.76128,37.58759],[127.76657,37.58267],[127.78444,37.57812],[127.79008,37.58061],[127.7929,37.58529],[127.80408,37.57931],[127.80909,37.57377],[127.81413,37.56415],[127.82704,37.56061],[127.83232,37.56157],[127.83951,37.55922],[127.8481,37.55226],[127.85955,37.55772],[127.8713,37.55625],[127.87241,37.56217],[127.87874,37.56626],[127.88902,37.5769],[127.89379,37.58509],[127.89504,37.59831],[127.90752,37.59842],[127.92261,37.6057],[127.927,37.60416],[127.93319,37.60982],[127.94524,37.60878],[127.95122,37.61114],[127.95236,37.6178],[127.95652,37.6195],[127.95974,37.62612],[127.96749,37.62694],[127.97121,37.63808],[127.97708,37.63624],[127.97928,37.63185],[127.99784,37.62685],[128.01215,37.62624],[128.01385,37.61609],[128.02012,37.61317],[128.03145,37.62271],[128.04842,37.62779],[128.04999,37.63104],[128.06628,37.63643],[128.06662,37.64013],[128.07556,37.64424],[128.07864,37.64859],[128.093,37.65299],[128.10408,37.64978],[128.11412,37.65454],[128.10559,37.65941],[128.11247,37.66488],[128.11168,37.67149],[128.11872,37.67862],[128.12539,37.67749],[128.1359,37.68016],[128.13997,37.67447],[128.14617,37.67249],[128.15256,37.65914],[128.15424,37.66169],[128.1641,37.6647],[128.16591,37.65929],[128.18128,37.65348],[128.18577,37.64964],[128.18651,37.64441],[128.19956,37.65167],[128.20872,37.64907],[128.21526,37.64382],[128.22854,37.62875],[128.23583,37.62522],[128.2539,37.62737],[128.26631,37.63353],[128.27034,37.63266],[128.27551,37.63916],[128.27339,37.64627],[128.27386,37.65601],[128.27883,37.66396],[128.27658,37.66888],[128.28444,37.67453],[128.28876,37.68013],[128.30445,37.6912],[128.30977,37.70138],[128.31334,37.70316],[128.32337,37.69004],[128.3369,37.69555],[128.34616,37.6956],[128.35748,37.69919],[128.36498,37.69779],[128.36915,37.6939],[128.37672,37.69149],[128.39552,37.69181],[128.40443,37.68833],[128.40852,37.69079],[128.41549,37.68798],[128.42486,37.69141],[128.43523,37.69239],[128.43593,37.69527],[128.44395,37.70073],[128.44614,37.71249],[128.4448,37.71733],[128.45438,37.72887],[128.46822,37.72944],[128.47113,37.73279],[128.4787,37.73466],[128.52222,37.72971],[128.52803,37.73299],[128.52406,37.74263],[128.52711,37.75281],[128.52406,37.75535],[128.52395,37.76401],[128.53323,37.77096],[128.5332,37.77979],[128.53959,37.78322],[128.54293,37.78958],[128.54376,37.80023],[128.55638,37.80946],[128.56966,37.80741],[128.57818,37.81816],[128.58274,37.82139],[128.58036,37.828],[128.58161,37.83773],[128.58606,37.84514],[128.58802,37.86203],[128.57376,37.86464],[128.56774,37.8754],[128.56007,37.87539],[128.55525,37.88172],[128.54407,37.8872],[128.53975,37.89114],[128.52998,37.88885],[128.52613,37.88296],[128.51077,37.88053],[128.50593,37.88687],[128.49867,37.88612],[128.48142,37.893],[128.47536,37.88529],[128.47214,37.88626],[128.46632,37.88096],[128.44767,37.87348],[128.44423,37.86489],[128.43578,37.86451],[128.43171,37.8667],[128.42838,37.8751],[128.42153,37.88288],[128.41227,37.88467],[128.41319,37.88205],[128.4089,37.87125],[128.40272,37.86716],[128.40059,37.86124],[128.39715,37.8623],[128.3904,37.85885],[128.3824,37.85862],[128.37818,37.85234],[128.36614,37.84705],[128.36281,37.83863],[128.36516,37.83356],[128.35356,37.83072],[128.34681,37.82625],[128.33453,37.82869],[128.32835,37.83388],[128.32012,37.8307],[128.31114,37.8415],[128.30743,37.84368],[128.30512,37.85761],[128.29759,37.86731],[128.29337,37.86977],[128.28752,37.86486],[128.28097,37.86612],[128.27308,37.86071],[128.26922,37.86139],[128.26136,37.85638],[128.26081,37.84959],[128.2561,37.83962],[128.2426,37.83209],[128.23471,37.82217],[128.22851,37.82188],[128.21952,37.81785],[128.21549,37.81314],[128.20866,37.81268],[128.19276,37.82289],[128.18011,37.83501],[128.18114,37.8428],[128.17819,37.84637],[128.1687,37.85125],[128.17169,37.85696],[128.16805,37.8653],[128.169,37.87176],[128.17392,37.87641],[128.17426,37.88492],[128.16423,37.88707],[128.16074,37.89523],[128.14962,37.89531],[128.14495,37.89286],[128.13317,37.89423],[128.13107,37.89836],[128.12603,37.89512],[128.10598,37.90006],[128.09715,37.89683],[128.08261,37.90171],[128.07722,37.9067],[128.06362,37.91123],[128.04973,37.92197],[128.04549,37.92252],[128.03452,37.93676],[128.03011,37.94446],[128.01614,37.94269],[128.01272,37.93832],[128.00122,37.93727],[127.99511,37.9412]]]},"properties":{"osm_id":2526324,"name":"홍천군","sgg_code":"51720","mois_admin":"5172000000","admin_level":6,"code_source":"osm"}},
{"type":"Feature","geometry":{"type":"Polygon","coordinates":[[[128.26514,37.40838],[128.25831,37.42319],[128.25409,37.42796],[128.25773,37.4385],[128.24898,37.44083],[128.24496,37.45396],[128.24667,37.46622],[128.24466,37.46885],[128.24363,37.47998],[128.25537,37.48186],[128.26666,37.48678],[128.26843,37.4926],[128.2748,37.49758],[128.27682,37.50252],[128.29006,37.50739],[128.29099,37.51124],[128.29756,37.51183],[128.29632,37.51784],[128.30082,37.52409],[128.30227,37.53796],[128.29389,37.545],[128.29602,37.55295],[128.29517,37.56528],[128.29089,37.57308],[128.28407,37.57985],[128.27899,37.59562],[128.28509,37.60325],[128.28081,37.60541],[128.28004,37.61467],[128.28367,37.61897],[128.2539,37.62737],[128.23583,37.62522],[128.22854,37.62875],[128.21526,37.64382],[128.20872,37.64907],[128.19956,37.65167],[128.18651,37.64441],[128.18577,37.64964],[128.18128,37.65348],[128.16591,37.65929],[128.1641,37.6647],[128.15424,37.66169],[128.15256,37.65914],[128.14617,37.67249],[128.13997,37.67447],[128.1359,37.68016],[128.12539,37.67749],[128.11872,37.67862],[128.11168,37.67149],[128.11247,37.66488],[128.10559,37.65941],[128.11412,37.65454],[128.10408,37.64978],[128.093,37.65299],[128.07864,37.64859],[128.07556,37.64424],[128.06662,37.64013],[128.06628,37.63643],[128.04999,37.63104],[128.04842,37.62779],[128.03145,37.62271],[128.02012,37.61317],[128.01385,37.61609],[128.01215,37.62624],[127.99784,37.62685],[127.97928,37.63185],[127.97708,37.63624],[127.97121,37.63808],[127.96749,37.62694],[127.95974,37.62612],[127.95652,37.6195],[127.95236,37.6178],[127.95122,37.61114],[127.94524,37.60878],[127.93319,37.60982],[127.927,37.60416],[127.92261,37.6057],[127.90752,37.59842],[127.89504,37.59831],[127.89379,37.58509],[127.88902,37.5769],[127.87874,37.56626],[127.87241,37.56217],[127.8713,37.55625],[127.85955,37.55772],[127.8481,37.55226],[127.84603,37.54447],[127.84202,37.5389],[127.83363,37.53921],[127.82827,37.53664],[127.82204,37.53845],[127.81006,37.53806],[127.80647,37.53117],[127.79634,37.52858],[127.7964,37.52311],[127.78879,37.51855],[127.7837,37.51214],[127.78112,37.51306],[127.77485,37.50666],[127.76466,37.50266],[127.75991,37.50331],[127.76019,37.49222],[127.77469,37.49175],[127.78019,37.48865],[127.78217,37.48168],[127.78958,37.4748],[127.79979,37.47238],[127.79943,37.46556],[127.79647,37.46372],[127.79938,37.45177],[127.79839,37.44259],[127.80041,37.43863],[127.8105,37.44139],[127.81344,37.44527],[127.81983,37.44658],[127.8345,37.434],[127.83968,37.43415],[127.84112,37.42866],[127.85127,37.40858],[127.84764,37.40079],[127.85099,37.39533],[127.8565,37.39865],[127.868,37.39963],[127.87126,37.41565],[127.86394,37.42533],[127.86565,37.44695],[127.87465,37.45501],[127.87699,37.46692],[127.88452,37.4702],[127.88895,37.46619],[127.89587,37.47235],[127.90611,37.47327],[127.90969,37.48644],[127.91913,37.49287],[127.91875,37.49797],[127.92915,37.50691],[127.93967,37.50115],[127.93289,37.48705],[127.93846,37.48251],[127.93697,37.47629],[127.94162,37.46689],[127.94858,37.45838],[127.9493,37.45444],[127.96817,37.45187],[127.97427,37.45763],[127.98271,37.46019],[127.99423,37.45616],[128.00262,37.45684],[128.00677,37.45011],[128.01202,37.44977],[128.01424,37.44525],[128.02741,37.44859],[128.03852,37.4471],[128.04272,37.44332],[128.05893,37.44513],[128.06217,37.43577],[128.08424,37.42673],[128.08858,37.41429],[128.09605,37.41024],[128.09745,37.40632],[128.08841,37.40128],[128.07874,37.3999],[128.0719,37.39178],[128.07631,37.38462],[128.07447,37.37965],[128.07679,37.37374],[128.07268,37.36742],[128.06437,37.36448],[128.04965,37.36601],[128.0458,37.35926],[128.03919,37.35596],[128.03686,37.34661],[128.03939,37.34469],[128.03775,37.3376],[128.03367,37.33248],[128.03838,37.32167],[128.05198,37.30846],[128.06811,37.3085],[128.07365,37.30439],[128.09368,37.30053],[128.10452,37.30091],[128.10857,37.29878],[128.11541,37.30409],[128.11209,37.31068],[128.1141,37.31864],[128.11819,37.3241],[128.12991,37.32955],[128.13414,37.32638],[128.14504,37.32288],[128.15117,37.32712],[128.15684,37.32336],[128.1651,37.32145],[128.17138,37.32446],[128.16737,37.33602],[128.18276,37.33858],[128.18438,37.34199],[128.18236,37.35456],[128.18479,37.35864],[128.18153,37.36278],[128.17792,37.3759],[128.1801,37.37761],[128.18001,37.38763],[128.18744,37.39282],[128.19346,37.39032],[128.20061,37.39097],[128.20811,37.39499],[128.21576,37.39286],[128.22032,37.3942],[128.23618,37.38794],[128.2447,37.39562],[128.25379,37.39324],[128.26054,37.40649],[128.26514,37.40838]]]},"properties":{"osm_id":2529083,"name":"횡성군","sgg_code":"51730","mois_admin":"5173000000","admin_level":6,"code_source":"osm"}},
{"type":"Feature","geometry":{"type":"Polygon","coordinates":[[[128.2078,37.24882],[128.21465,37.24607],[128.21478,37.24184],[128.22012,37.24019],[128.2285,37.22803],[128.23742,37.22932],[128.24431,37.22654],[128.25093,37.22958],[128.25798,37.22124],[128.25979,37.21641],[128.2684,37.20792],[128.27286,37.20986],[128.28395,37.21018],[128.28818,37.21507],[128.30794,37.21711],[128.31404,37.22269],[128.32606,37.21724],[128.3334,37.21579],[128.32639,37.19729],[128.32176,37.19555],[128.31339,37.19678],[128.31299,37.19114],[128.30766,37.186],[128.30264,37.18662],[128.29562,37.18329],[128.29807,37.17166],[128.28968,37.17015],[128.28111,37.1734],[128.27072,37.16636],[128.27038,37.16177],[128.26444,37.16042],[128.27059,37.15423],[128.27329,37.14763],[128.27993,37.14246],[128.28469,37.14315],[128.29267,37.1393],[128.29831,37.13418],[128.30636,37.13753],[128.30948,37.14315],[128.31672,37.14756],[128.32444,37.14796],[128.32784,37.15301],[128.33067,37.15034],[128.3355,37.15725],[128.3508,37.15757],[128.35972,37.15022],[128.36535,37.15764],[128.37816,37.15174],[128.38435,37.15812],[128.3928,37.1548],[128.39637,37.14857],[128.40087,37.14688],[128.40366,37.13962],[128.396,37.12859],[128.40729,37.12638],[128.41104,37.12213],[128.41847,37.11981],[128.42306,37.10325],[128.43012,37.10367],[128.43614,37.11199],[128.4448,37.10627],[128.45084,37.11236],[128.45805,37.11028],[128.47781,37.11015],[128.491,37.12382],[128.49658,37.12576],[128.50667,37.11544],[128.51076,37.11395],[128.51391,37.10511],[128.53414,37.09811],[128.53683,37.09014],[128.54975,37.08619],[128.5617,37.09024],[128.57051,37.08649],[128.57441,37.08132],[128.58173,37.08167],[128.5931,37.07839],[128.60162,37.08306],[128.60069,37.07955],[128.6061,37.07671],[128.62264,37.0874],[128.62828,37.08133],[128.62821,37.07516],[128.64267,37.07076],[128.6521,37.06544],[128.6574,37.06117],[128.67565,37.05885],[128.68373,37.05144],[128.68907,37.05305],[128.7004,37.04083],[128.7091,37.03936],[128.71867,37.04375],[128.73583,37.03975],[128.74908,37.02886],[128.75376,37.02783],[128.75455,37.03196],[128.76218,37.03616],[128.76142,37.04444],[128.75302,37.05372],[128.75258,37.05786],[128.75718,37.07001],[128.76475,37.06355],[128.77134,37.07635],[128.77777,37.07883],[128.77359,37.08751],[128.78028,37.09234],[128.78581,37.08785],[128.79942,37.08694],[128.79997,37.07897],[128.80787,37.076],[128.81257,37.07871],[128.81943,37.07703],[128.82938,37.07846],[128.83208,37.07508],[128.83167,37.0674],[128.83595,37.06594],[128.84687,37.05161],[128.86595,37.04794],[128.87248,37.04395],[128.87684,37.04608],[128.87854,37.05326],[128.88734,37.05036],[128.89642,37.04452],[128.89807,37.0576],[128.91042,37.06613],[128.9103,37.06831],[128.89876,37.06666],[128.89162,37.06204],[128.87641,37.07202],[128.8756,37.07847],[128.88157,37.08096],[128.88856,37.09171],[128.88741,37.10171],[128.8788,37.10447],[128.87555,37.10807],[128.86817,37.10725],[128.87046,37.11363],[128.87615,37.11459],[128.88924,37.12471],[128.88698,37.13449],[128.88818,37.14107],[128.894,37.14623],[128.90053,37.14708],[128.89317,37.15209],[128.89079,37.16227],[128.88485,37.16884],[128.87202,37.16731],[128.86235,37.16834],[128.8455,37.16648],[128.84001,37.16857],[128.83349,37.17573],[128.82034,37.17616],[128.81516,37.18525],[128.80936,37.19059],[128.79703,37.19601],[128.78456,37.19815],[128.77423,37.20256],[128.76775,37.20336],[128.76267,37.20868],[128.75024,37.21211],[128.73979,37.20605],[128.73189,37.19766],[128.72575,37.19842],[128.71505,37.19502],[128.70968,37.19079],[128.69918,37.19001],[128.69439,37.18457],[128.68251,37.18492],[128.67676,37.18707],[128.65528,37.18585],[128.6465,37.18183],[128.64207,37.1824],[128.63552,37.18778],[128.63348,37.19662],[128.62914,37.19604],[128.61754,37.20599],[128.62207,37.21173],[128.61926,37.21863],[128.60437,37.21828],[128.60023,37.21278],[128.58621,37.22115],[128.57735,37.22227],[128.57582,37.23651],[128.57686,37.24463],[128.56588,37.25326],[128.56492,37.26061],[128.56826,37.27088],[128.57602,37.26836],[128.579,37.27116],[128.57474,37.27972],[128.56453,37.27927],[128.55643,37.28852],[128.54647,37.28853],[128.53593,37.28388],[128.52902,37.29248],[128.51982,37.28762],[128.50088,37.28929],[128.49669,37.3034],[128.47993,37.30287],[128.47307,37.30623],[128.46471,37.30668],[128.46115,37.31126],[128.46471,37.31935],[128.46303,37.32418],[128.45401,37.3321],[128.45282,37.33569],[128.41899,37.34337],[128.41396,37.33939],[128.41196,37.33038],[128.40469,37.32085],[128.40735,37.3113],[128.41076,37.30873],[128.40663,37.30542],[128.40846,37.29429],[128.39715,37.29727],[128.38271,37.28895],[128.37121,37.29162],[128.36382,37.29911],[128.35759,37.30857],[128.34313,37.31171],[128.33038,37.32261],[128.32482,37.32087],[128.32428,37.32945],[128.32115,37.33921],[128.32165,37.34736],[128.31648,37.35349],[128.32025,37.36666],[128.32721,37.37611],[128.31942,37.37965],[128.31676,37.37826],[128.30701,37.38683],[128.29751,37.3887],[128.29341,37.39678],[128.29433,37.40101],[128.27146,37.40896],[128.26514,37.40838],[128.26054,37.40649],[128.25379,37.39324],[128.2447,37.39562],[128.23618,37.38794],[128.22032,37.3942],[128.21576,37.39286],[128.20811,37.39499],[128.20061,37.39097],[128.19346,37.39032],[128.18744,37.39282],[128.18001,37.38763],[128.1801,37.37761],[128.17792,37.3759],[128.18153,37.36278],[128.18479,37.35864],[128.18236,37.35456],[128.18438,37.34199],[128.18276,37.33858],[128.16737,37.33602],[128.17138,37.32446],[128.1651,37.32145],[128.15684,37.32336],[128.15117,37.32712],[128.14504,37.32288],[128.13414,37.32638],[128.12991,37.32955],[128.11819,37.3241],[128.1141,37.31864],[128.11209,37.31068],[128.11541,37.30409],[128.10857,37.29878],[128.10716,37.29276],[128.11042,37.27924],[128.1142,37.2783],[128.11555,37.27248],[128.13137,37.27448],[128.14256,37.27104],[128.16341,37.27392],[128.17328,37.27921],[128.17783,37.27952],[128.17837,37.29141],[128.19025,37.29346],[128.19736,37.29684],[128.20657,37.28783],[128.21412,37.28815],[128.21846,37.27856],[128.21074,37.27507],[128.21307,37.26206],[128.2078,37.24882]]]},"properties":{"osm_id":2537820,"name":"영월군","sgg_code":"51750","mois_admin":"5175000000","admin_level":6,"code_source":"osm"}},
{"type":"Feature","geometry":{"type":"Polygon","coordinates":[[[128.58274,37.82139],[128.57818,37.81816],[128.56966,37.80741],[128.55638,37.80946],[128.54376,37.80023],[128.54293,37.78958],[128.53959,37.78322],[128.5332,37.77979],[128.53323,37.77096],[128.52395,37.76401],[128.52406,37.75535],[128.52711,37.75281],[128.52406,37.74263],[128.52803,37.73299],[128.52222,37.72971],[128.4787,37.73466],[128.47113,37.73279],[128.46822,37.72944],[128.45438,37.72887],[128.4448,37.71733],[128.44614,37.71249],[128.44395,37.70073],[128.43593,37.69527],[128.43523,37.69239],[128.42486,37.69141],[128.41549,37.68798],[128.40852,37.69079],[128.40443,37.68833],[128.39552,37.69181],[128.37672,37.69149],[128.36915,37.6939],[128.36498,37.69779],[128.35748,37.69919],[128.34616,37.6956],[128.3369,37.69555],[128.32337,37.69004],[128.31334,37.70316],[128.30977,37.70138],[128.30445,37.6912],[128.28876,37.68013],[128.28444,37.67453],[128.27658,37.66888],[128.27883,37.66396],[128.27386,37.65601],[128.27339,37.64627],[128.27551,37.63916],[128.27034,37.63266],[128.26631,37.63353],[128.2539,37.62737],[128.28367,37.61897],[128.28004,37.61467],[128.28081,37.60541],[128.28509,37.60325],[128.27899,37.59562],[128.28407,37.57985],[128.29089,37.57308],[128.29517,37.56528],[128.29602,37.55295],[128.29389,37.545],[128.30227,37.53796],[128.30082,37.52409],[128.29632,37.51784],[128.29756,37.51183],[128.29099,37.51124],[128.29006,37.50739],[128.27682,37.50252],[128.2748,37.49758],[128.26843,37.4926],[128.26666,37.48678],[128.25537,37.48186],[128.24363,37.47998],[128.24466,37.46885],[128.24667,37.46622],[128.24496,37.45396],[128.24898,37.44083],[128.25773,37.4385],[128.25409,37.42796],[128.25831,37.42319],[128.26514,37.40838],[128.27146,37.40896],[128.29433,37.40101],[128.29341,37.39678],[128.29751,37.3887],[128.30701,37.38683],[128.31676,37.37826],[128.31942,37.37965],[128.32721,37.37611],[128.32025,37.36666],[128.31648,37.35349],[128.32165,37.34736],[128.32115,37.33921],[128.32428,37.32945],[128.32482,37.32087],[128.33038,37.32261],[128.34313,37.31171],[128.35759,37.30857],[128.36382,37.29911],[128.37121,37.29162],[128.38271,37.28895],[128.39715,37.29727],[128.40846,37.29429],[128.40663,37.30542],[128.41076,37.30873],[128.40735,37.3113],[128.40469,37.32085],[128.41196,37.33038],[128.41396,37.33939],[128.41899,37.34337],[128.45282,37.33569],[128.45401,37.3321],[128.46303,37.32418],[128.46471,37.31935],[128.46115,37.31126],[128.46471,37.30668],[128.47307,37.30623],[128.47993,37.30287],[128.49669,37.3034],[128.50088,37.28929],[128.51982,37.28762],[128.52902,37.29248],[128.53593,37.28388],[128.54647,37.28853],[128.55643,37.28852],[128.56453,37.27927],[128.57474,37.27972],[128.579,37.27116],[128.57602,37.26836],[128.58203,37.26672],[128.58427,37.27421],[128.59609,37.28008],[128.59635,37.28262],[128.58637,37.29337],[128.58303,37.29395],[128.5803,37.3004],[128.58461,37.30656],[128.57358,37.32438],[128.57096,37.3252],[128.56659,37.33958],[128.56621,37.34531],[128.5567,37.35283],[128.54725,37.35498],[128.55251,37.36105],[128.55308,37.36966],[128.5447,37.38193],[128.53888,37.39969],[128.52993,37.39966],[128.51972,37.40374],[128.51393,37.4041],[128.50809,37.4109],[128.50671,37.41873],[128.51353,37.42284],[128.5139,37.42828],[128.51842,37.43284],[128.51786,37.44055],[128.51303,37.44997],[128.51321,37.4551],[128.52201,37.4603],[128.5238,37.46362],[128.55219,37.45645],[128.56343,37.46137],[128.56151,37.47333],[128.55659,37.48903],[128.5655,37.50035],[128.57005,37.4977],[128.57211,37.49023],[128.58335,37.49086],[128.57533,37.49375],[128.57723,37.49808],[128.57717,37.51113],[128.58117,37.52804],[128.58451,37.53722],[128.58939,37.54049],[128.58701,37.54803],[128.5896,37.56028],[128.60091,37.56959],[128.61547,37.57551],[128.62517,37.57317],[128.62483,37.56555],[128.62688,37.55506],[128.63207,37.54894],[128.63462,37.53971],[128.6419,37.54149],[128.64511,37.55313],[128.65442,37.55585],[128.66999,37.55757],[128.66732,37.56873],[128.67896,37.56986],[128.68143,37.57383],[128.6841,37.59383],[128.69197,37.59204],[128.69892,37.59352],[128.707,37.58892],[128.71207,37.58864],[128.71635,37.59338],[128.71665,37.60427],[128.72302,37.61132],[128.73552,37.60909],[128.7371,37.61403],[128.73602,37.62768],[128.72863,37.63793],[128.73377,37.64684],[128.73347,37.6549],[128.74367,37.65883],[128.74576,37.66503],[128.75247,37.66978],[128.76511,37.67352],[128.76395,37.6807],[128.76071,37.68284],[128.75858,37.69417],[128.75456,37.69965],[128.75494,37.70755],[128.74783,37.7141],[128.74848,37.71995],[128.74567,37.72677],[128.7438,37.74143],[128.73966,37.74163],[128.73188,37.7477],[128.72536,37.7495],[128.72236,37.75513],[128.71806,37.75607],[128.7089,37.76805],[128.69837,37.77133],[128.69097,37.76972],[128.67984,37.77303],[128.67085,37.76688],[128.66738,37.7698],[128.6557,37.77143],[128.64309,37.77732],[128.63898,37.78244],[128.63496,37.78128],[128.63143,37.77436],[128.62562,37.77055],[128.6147,37.77058],[128.6104,37.76621],[128.60244,37.76935],[128.59879,37.7745],[128.60141,37.78133],[128.59979,37.79161],[128.59996,37.80882],[128.59192,37.81604],[128.58274,37.82139]]]},"properties":{"osm_id":2529085,"name":"평창군","sgg_code":"51760","mois_admin":"5176000000","admin_level":6,"code_source":"osm"}},
{"type":"Feature","geometry":{"type":"Polygon","coordinates":[[[128.67896,37.56986],[128.66732,37.56873],[128.66999,37.55757],[128.65442,37.55585],[128.64511,37.55313],[128.6419,37.54149],[128.63462,37.53971],[128.63207,37.54894],[128.62688,37.55506],[128.62483,37.56555],[128.62517,37.57317],[128.61547,37.57551],[128.60091,37.56959],[128.5896,37.56028],[128.58701,37.54803],[128.58939,37.54049],[128.58451,37.53722],[128.58117,37.52804],[128.57717,37.51113],[128.57723,37.49808],[128.57533,37.49375],[128.58335,37.49086],[128.57211,37.49023],[128.57005,37.4977],[128.5655,37.50035],[128.55659,37.48903],[128.56151,37.47333],[128.56343,37.46137],[128.55219,37.45645],[128.5238,37.46362],[128.52201,37.4603],[128.51321,37.4551],[128.51303,37.44997],[128.51786,37.44055],[128.51842,37.43284],[128.5139,37.42828],[128.51353,37.42284],[128.50671,37.41873],[128.50809,37.4109],[128.51393,37.4041],[128.51972,37.40374],[128.52993,37.39966],[128.53888,37.39969],[128.5447,37.38193],[128.55308,37.36966],[128.55251,37.36105],[128.54725,37.35498],[128.5567,37.35283],[128.56621,37.34531],[128.56659,37.33958],[128.57096,37.3252],[128.57358,37.32438],[128.58461,37.30656],[128.5803,37.3004],[128.58303,37.29395],[128.58637,37.29337],[128.59635,37.28262],[128.59609,37.28008],[128.58427,37.27421],[128.58203,37.26672],[128.57602,37.26836],[128.56826,37.27088],[128.56492,37.26061],[128.56588,37.25326],[128.57686,37.24463],[128.57582,37.23651],[128.57735,37.22227],[128.58621,37.22115],[128.60023,37.21278],[128.60437,37.21828],[128.61926,37.21863],[128.62207,37.21173],[128.61754,37.20599],[128.62914,37.19604],[128.63348,37.19662],[128.63552,37.18778],[128.64207,37.1824],[128.6465,37.18183],[128.65528,37.18585],[128.67676,37.18707],[128.68251,37.18492],[128.69439,37.18457],[128.69918,37.19001],[128.70968,37.19079],[128.71505,37.19502],[128.72575,37.19842],[128.73189,37.19766],[128.73979,37.20605],[128.75024,37.21211],[128.76267,37.20868],[128.76775,37.20336],[128.77423,37.20256],[128.78456,37.19815],[128.79703,37.19601],[128.80936,37.19059],[128.81516,37.18525],[128.82034,37.17616],[128.83349,37.17573],[128.84001,37.16857],[128.8455,37.16648],[128.86235,37.16834],[128.87202,37.16731],[128.88485,37.16884],[128.89079,37.16227],[128.89317,37.15209],[128.90053,37.14708],[128.91194,37.14926],[128.91695,37.15792],[128.91592,37.16939],[128.91185,37.17726],[128.91486,37.18078],[128.91151,37.19689],[128.91608,37.20669],[128.91607,37.21185],[128.90797,37.21655],[128.90546,37.21792],[128.9044,37.22784],[128.89865,37.23595],[128.9008,37.24291],[128.8947,37.25349],[128.88681,37.26176],[128.87992,37.26492],[128.88207,37.27185],[128.88874,37.27593],[128.8771,37.27869],[128.87169,37.28445],[128.87234,37.29016],[128.8598,37.29808],[128.85847,37.30423],[128.87013,37.31901],[128.87836,37.32399],[128.86998,37.3294],[128.86686,37.33894],[128.84915,37.34147],[128.84603,37.33973],[128.85192,37.35863],[128.85157,37.36543],[128.86537,37.39035],[128.86852,37.39102],[128.87072,37.4003],[128.88282,37.4044],[128.88954,37.40484],[128.89543,37.40956],[128.89859,37.42104],[128.89785,37.43029],[128.90407,37.43807],[128.91061,37.43634],[128.92756,37.44856],[128.93429,37.4476],[128.93872,37.45103],[128.94385,37.4493],[128.95508,37.44942],[128.95762,37.44664],[128.96434,37.45475],[128.96416,37.45917],[128.96898,37.46076],[128.97737,37.46862],[128.98471,37.47041],[128.98966,37.48451],[128.98679,37.49312],[128.97251,37.49164],[128.97002,37.49473],[128.97468,37.50273],[128.97251,37.50572],[128.96514,37.50541],[128.96098,37.51258],[128.96846,37.5227],[128.9692,37.53038],[128.97338,37.53374],[128.96278,37.54316],[128.96123,37.54875],[128.95513,37.54144],[128.94394,37.54069],[128.93438,37.53814],[128.92549,37.54664],[128.91622,37.54801],[128.91446,37.55193],[128.90574,37.55262],[128.90573,37.5671],[128.90139,37.5715],[128.89776,37.58669],[128.89025,37.58855],[128.88879,37.59223],[128.88249,37.59244],[128.87771,37.58849],[128.87354,37.58967],[128.86856,37.57907],[128.86379,37.57522],[128.8627,37.56507],[128.85879,37.56122],[128.86203,37.55363],[128.85916,37.54778],[128.85993,37.54242],[128.85551,37.53729],[128.85425,37.5242],[128.84815,37.52144],[128.84907,37.51555],[128.84311,37.51257],[128.83393,37.51315],[128.83049,37.51009],[128.81375,37.5033],[128.81169,37.50993],[128.79762,37.51845],[128.79815,37.52745],[128.79203,37.53276],[128.79296,37.53717],[128.78093,37.54349],[128.76703,37.54363],[128.76201,37.5415],[128.74979,37.54659],[128.73708,37.5473],[128.72289,37.53489],[128.71978,37.52871],[128.71716,37.53101],[128.7071,37.53219],[128.69405,37.54125],[128.68776,37.55432],[128.6835,37.55715],[128.68358,37.56341],[128.67896,37.56986]]]},"properties":{"osm_id":2529084,"name":"정선군","sgg_code":"51770","mois_admin":"5177000000","admin_level":6,"code_source":"osm"}},
{"type":"Feature","geometry":{"type":"Polygon","coordinates":[[[127.43053,38.11537],[127.44134,38.12434],[127.44724,38.11993],[127.44591,38.11712],[127.45384,38.11744],[127.45899,38.12324],[127.46885,38.12522],[127.48428,38.12522],[127.49529,38.13299],[127.49817,38.14171],[127.5028,38.14849],[127.49499,38.15313],[127.4907,38.15919],[127.50422,38.17351],[127.5048,38.18627],[127.50857,38.19915],[127.52451,38.20062],[127.53162,38.2106],[127.53671,38.21062],[127.54242,38.21681],[127.53908,38.22203],[127.54315,38.23094],[127.55874,38.23254],[127.56651,38.23829],[127.57007,38.24897],[127.579,38.25616],[127.58926,38.25743],[127.59733,38.26266],[127.59858,38.26989],[127.59397,38.27792],[127.59943,38.28285],[127.6074,38.28473],[127.6085,38.28046],[127.61832,38.27415],[127.61969,38.26946],[127.62708,38.26385],[127.64814,38.25983],[127.65987,38.26383],[127.67197,38.26385],[127.68099,38.2533],[127.68965,38.24938],[127.70463,38.24811],[127.71378,38.25164],[127.71221,38.25932],[127.72085,38.26499],[127.7233,38.27066],[127.73289,38.27866],[127.73744,38.27799],[127.75062,38.28334],[127.76041,38.28338],[127.78224,38.28806],[127.79584,38.278],[127.80155,38.27715],[127.80898,38.28708],[127.81646,38.28804],[127.83082,38.28614],[127.83882,38.2871],[127.84462,38.28379],[127.85228,38.28465],[127.86262,38.28322],[127.86699,38.28797],[127.87517,38.29212],[127.8774,38.29645],[127.88847,38.30877],[127.87477,38.31739],[127.85712,38.31139],[127.84741,38.31455],[127.82969,38.30586],[127.82167,38.30406],[127.82071,38.30655],[127.79673,38.32318],[127.78867,38.33741],[127.78463,38.34831],[127.7799,38.34812],[127.76926,38.33546],[127.76198,38.33736],[127.75254,38.33474],[127.74228,38.34084],[127.71672,38.32942],[127.71419,38.33497],[127.70256,38.33667],[127.6956,38.33378],[127.69167,38.32626],[127.68531,38.33066],[127.67934,38.32501],[127.66893,38.32292],[127.66391,38.32675],[127.6605,38.32457],[127.64396,38.32612],[127.63818,38.32275],[127.63182,38.3253],[127.61753,38.32468],[127.61625,38.33361],[127.57364,38.33355],[127.57043,38.33122],[127.54689,38.32444],[127.54358,38.32023],[127.53415,38.31687],[127.52466,38.30856],[127.50556,38.30111],[127.48162,38.30686],[127.47646,38.31508],[127.45941,38.31733],[127.45083,38.3125],[127.42556,38.32333],[127.41694,38.325],[127.41154,38.32976],[127.39631,38.33479],[127.38532,38.33703],[127.36291,38.32673],[127.36301,38.32439],[127.34869,38.32932],[127.33402,38.32106],[127.33061,38.31747],[127.32442,38.32007],[127.30615,38.31732],[127.30024,38.31313],[127.29532,38.31844],[127.28262,38.32257],[127.25077,38.32807],[127.24228,38.33245],[127.22341,38.32824],[127.16828,38.30884],[127.15195,38.30522],[127.13948,38.31492],[127.132,38.31248],[127.1283,38.30029],[127.11046,38.29559],[127.10611,38.2875],[127.09594,38.281],[127.10454,38.27943],[127.10168,38.27339],[127.10983,38.27168],[127.11181,38.26717],[127.10891,38.25611],[127.11157,38.24739],[127.1099,38.24184],[127.11442,38.23635],[127.12305,38.2328],[127.13509,38.23413],[127.13508,38.2365],[127.14323,38.23768],[127.14892,38.24234],[127.16329,38.23848],[127.16027,38.2199],[127.17117,38.21349],[127.17513,38.20548],[127.16962,38.19812],[127.18055,38.18613],[127.18922,38.18832],[127.18901,38.18108],[127.18586,38.17388],[127.1889,38.16243],[127.19895,38.15582],[127.21246,38.14351],[127.22227,38.1376],[127.22381,38.14703],[127.23396,38.14564],[127.23709,38.15439],[127.25616,38.16302],[127.26011,38.17038],[127.26435,38.17158],[127.26464,38.17801],[127.27011,38.18207],[127.28392,38.18259],[127.2885,38.1768],[127.29774,38.17628],[127.29619,38.17248],[127.289,38.16946],[127.28857,38.16456],[127.28401,38.15735],[127.28641,38.15264],[127.28195,38.14374],[127.27591,38.1389],[127.27581,38.12418],[127.28057,38.12514],[127.28275,38.11649],[127.29255,38.11415],[127.30982,38.11803],[127.31627,38.09864],[127.32067,38.09468],[127.32872,38.09438],[127.33762,38.09007],[127.33927,38.10077],[127.34813,38.10483],[127.36594,38.10693],[127.37861,38.11843],[127.38389,38.1146],[127.40345,38.11296],[127.40552,38.10295],[127.41341,38.10201],[127.42174,38.10618],[127.43053,38.11537]]]},"properties":{"osm_id":2505634,"name":"철원군","sgg_code":"51780","mois_admin":"5178000000","admin_level":6,"code_source":"osm"}},
{"type":"Feature","geometry":{"type":"Polygon","coordinates":[[[127.86262,38.28322],[127.85228,38.28465],[127.84462,38.28379],[127.83882,38.2871],[127.83082,38.28614],[127.81646,38.28804],[127.80898,38.28708],[127.80155,38.27715],[127.79584,38.278],[127.78224,38.28806],[127.76041,38.28338],[127.75062,38.28334],[127.73744,38.27799],[127.73289,38.27866],[127.7233,38.27066],[127.72085,38.26499],[127.71221,38.25932],[127.71378,38.25164],[127.70463,38.24811],[127.68965,38.24938],[127.68099,38.2533],[127.67197,38.26385],[127.65987,38.26383],[127.64814,38.25983],[127.62708,38.26385],[127.61969,38.26946],[127.61832,38.27415],[127.6085,38.28046],[127.6074,38.28473],[127.59943,38.28285],[127.59397,38.27792],[127.59858,38.26989],[127.59733,38.26266],[127.58926,38.25743],[127.579,38.25616],[127.57007,38.24897],[127.56651,38.23829],[127.55874,38.23254],[127.54315,38.23094],[127.53908,38.22203],[127.54242,38.21681],[127.53671,38.21062],[127.53162,38.2106],[127.52451,38.20062],[127.50857,38.19915],[127.5048,38.18627],[127.50422,38.17351],[127.4907,38.15919],[127.49499,38.15313],[127.5028,38.14849],[127.49817,38.14171],[127.49529,38.13299],[127.48428,38.12522],[127.46885,38.12522],[127.45899,38.12324],[127.45384,38.11744],[127.44591,38.11712],[127.44724,38.11993],[127.44134,38.12434],[127.43053,38.11537],[127.4343,38.11063],[127.44045,38.10883],[127.44517,38.09747],[127.4448,38.08798],[127.44708,38.08073],[127.44448,38.07478],[127.44674,38.07122],[127.44458,38.05726],[127.44578,38.05112],[127.45291,38.04719],[127.45102,38.03809],[127.45753,38.01699],[127.47156,38.00645],[127.48152,38.00623],[127.4974,38.00371],[127.50392,37.99795],[127.51237,38.00021],[127.53109,38.00239],[127.54031,38.00116],[127.54476,38.01953],[127.56385,38.02199],[127.56695,38.03192],[127.57864,38.03977],[127.57411,38.05091],[127.57957,38.05577],[127.57693,38.06157],[127.56417,38.07168],[127.56609,38.08383],[127.57558,38.08481],[127.58566,38.0802],[127.59684,38.0799],[127.59817,38.07686],[127.60776,38.07167],[127.6054,38.06105],[127.61168,38.05652],[127.61803,38.05718],[127.62366,38.05155],[127.63289,38.05005],[127.6412,38.05198],[127.64614,38.05661],[127.65326,38.05213],[127.6489,38.04457],[127.6481,38.0334],[127.65076,38.02701],[127.66537,38.03039],[127.66956,38.03418],[127.67844,38.03589],[127.68158,38.03415],[127.69438,38.03557],[127.70022,38.0382],[127.70943,38.03233],[127.71353,38.02393],[127.72539,38.0251],[127.72925,38.03281],[127.73803,38.0383],[127.74756,38.0381],[127.75901,38.03424],[127.76093,38.02985],[127.76958,38.02824],[127.77369,38.02177],[127.77382,38.01357],[127.77916,38.01366],[127.78785,37.99828],[127.78821,37.99429],[127.81324,38.00367],[127.82031,38.00388],[127.8271,38.00078],[127.83037,38.00838],[127.83981,38.01383],[127.8474,38.01432],[127.8581,38.01882],[127.85081,38.03085],[127.84919,38.03626],[127.8512,38.04555],[127.85516,38.05231],[127.85913,38.04998],[127.86725,38.05025],[127.879,38.04734],[127.88827,38.05017],[127.90267,38.0506],[127.91364,38.05854],[127.90435,38.07013],[127.90776,38.08043],[127.90111,38.09088],[127.88826,38.09351],[127.88401,38.10945],[127.88783,38.1153],[127.8762,38.11911],[127.87505,38.12711],[127.87688,38.13376],[127.87381,38.1392],[127.87768,38.15316],[127.87596,38.1604],[127.88125,38.16949],[127.8753,38.19124],[127.87816,38.19767],[127.86764,38.20519],[127.8596,38.20322],[127.85175,38.2089],[127.85266,38.23006],[127.85807,38.23412],[127.85773,38.24053],[127.85384,38.24569],[127.85388,38.25901],[127.85854,38.26341],[127.86039,38.2734],[127.8638,38.27666],[127.86262,38.28322]]]},"properties":{"osm_id":2517797,"name":"화천군","sgg_code":"51790","mois_admin":"5179000000","admin_level":6,"code_source":"osm"}},
{"type":"Feature","geometry":{"type":"Polygon","coordinates":[[[128.02961,38.01465],[128.03598,38.01561],[128.04325,38.02006],[128.0604,38.01509],[128.0619,38.01894],[128.05649,38.03029],[128.05898,38.03533],[128.06094,38.04727],[128.0691,38.04677],[128.07007,38.04365],[128.07762,38.03934],[128.08041,38.0342],[128.08777,38.0332],[128.09451,38.02837],[128.1032,38.02933],[128.11373,38.03702],[128.11297,38.04252],[128.11811,38.04756],[128.11444,38.05354],[128.11543,38.0628],[128.11155,38.07276],[128.10253,38.07603],[128.09715,38.08186],[128.08804,38.09581],[128.09014,38.10116],[128.09735,38.10104],[128.10495,38.10863],[128.10411,38.11502],[128.09814,38.12418],[128.10004,38.12981],[128.09351,38.13089],[128.08778,38.13846],[128.09016,38.14179],[128.08635,38.15222],[128.09697,38.16262],[128.09762,38.17504],[128.10351,38.17719],[128.10547,38.18488],[128.099,38.1923],[128.10715,38.20126],[128.11487,38.20512],[128.12144,38.21343],[128.11724,38.21819],[128.11669,38.22505],[128.12425,38.24089],[128.14548,38.25014],[128.14691,38.25404],[128.15531,38.25649],[128.16103,38.26199],[128.15923,38.26687],[128.16462,38.27504],[128.17239,38.28144],[128.16825,38.28892],[128.17133,38.29971],[128.16779,38.30236],[128.17068,38.31565],[128.16188,38.32079],[128.1549,38.32933],[128.14466,38.32446],[128.13457,38.32552],[128.12785,38.32848],[128.12347,38.32632],[128.11299,38.3277],[128.09063,38.31439],[128.08673,38.3182],[128.06734,38.30841],[128.0547,38.30628],[128.0396,38.30823],[128.03068,38.31127],[128.03338,38.31507],[128.02315,38.31619],[128.00206,38.31447],[127.98646,38.31603],[127.98558,38.32052],[127.96749,38.31898],[127.95826,38.31564],[127.95284,38.31589],[127.93875,38.32116],[127.90012,38.32503],[127.89674,38.33023],[127.88223,38.33092],[127.87477,38.31739],[127.88847,38.30877],[127.8774,38.29645],[127.87517,38.29212],[127.86699,38.28797],[127.86262,38.28322],[127.8638,38.27666],[127.86039,38.2734],[127.85854,38.26341],[127.85388,38.25901],[127.85384,38.24569],[127.85773,38.24053],[127.85807,38.23412],[127.85266,38.23006],[127.85175,38.2089],[127.8596,38.20322],[127.86764,38.20519],[127.87816,38.19767],[127.8753,38.19124],[127.88125,38.16949],[127.87596,38.1604],[127.87768,38.15316],[127.87381,38.1392],[127.87688,38.13376],[127.87505,38.12711],[127.8762,38.11911],[127.88783,38.1153],[127.88401,38.10945],[127.88826,38.09351],[127.90111,38.09088],[127.90776,38.08043],[127.90435,38.07013],[127.91364,38.05854],[127.90267,38.0506],[127.90404,38.04617],[127.90186,38.03822],[127.90407,38.03033],[127.91515,38.02217],[127.93137,38.01789],[127.93447,38.01382],[127.94333,38.01672],[127.94714,38.02258],[127.94701,38.03133],[127.95175,38.0382],[127.95543,38.03868],[127.96902,38.0309],[127.98543,38.02686],[127.98713,38.0201],[127.98382,38.0103],[127.99333,38.00162],[128.00065,38.00528],[128.00591,38.01374],[128.01296,38.01901],[128.02494,38.01953],[128.02961,38.01465]]]},"properties":{"osm_id":2505637,"name":"양구군","sgg_code":"51800","mois_admin":"5180000000","admin_level":6,"code_source":"osm"}},
{"type":"Feature","geometry":{"type":"Polygon","coordinates":[[[128.08673,38.3182],[128.09063,38.31439],[128.11299,38.3277],[128.12347,38.32632],[128.12785,38.32848],[128.13457,38.32552],[128.14466,38.32446],[128.1549,38.32933],[128.16188,38.32079],[128.17068,38.31565],[128.16779,38.30236],[128.17133,38.29971],[128.16825,38.28892],[128.17239,38.28144],[128.16462,38.27504],[128.15923,38.26687],[128.16103,38.26199],[128.15531,38.25649],[128.14691,38.25404],[128.14548,38.25014],[128.12425,38.24089],[128.11669,38.22505],[128.11724,38.21819],[128.12144,38.21343],[128.11487,38.20512],[128.10715,38.20126],[128.099,38.1923],[128.10547,38.18488],[128.10351,38.17719],[128.09762,38.17504],[128.09697,38.16262],[128.08635,38.15222],[128.09016,38.14179],[128.08778,38.13846],[128.09351,38.13089],[128.10004,38.12981],[128.09814,38.12418],[128.10411,38.11502],[128.10495,38.10863],[128.09735,38.10104],[128.09014,38.10116],[128.08804,38.09581],[128.09715,38.08186],[128.10253,38.07603],[128.11155,38.07276],[128.11543,38.0628],[128.11444,38.05354],[128.11811,38.04756],[128.11297,38.04252],[128.11373,38.03702],[128.1032,38.02933],[128.09451,38.02837],[128.08777,38.0332],[128.08041,38.0342],[128.07762,38.03934],[128.07007,38.04365],[128.0691,38.04677],[128.06094,38.04727],[128.05898,38.03533],[128.05649,38.03029],[128.0619,38.01894],[128.0604,38.01509],[128.04325,38.02006],[128.03598,38.01561],[128.02961,38.01465],[128.01959,38.00737],[128.01878,38.00057],[128.0153,37.99664],[128.00343,37.99563],[127.9996,37.99138],[127.98402,37.98876],[127.98179,37.9835],[127.98475,37.98004],[127.98397,37.96377],[127.97751,37.95707],[127.98728,37.95182],[127.98964,37.94521],[127.99511,37.9412],[128.00122,37.93727],[128.01272,37.93832],[128.01614,37.94269],[128.03011,37.94446],[128.03452,37.93676],[128.04549,37.92252],[128.04973,37.92197],[128.06362,37.91123],[128.07722,37.9067],[128.08261,37.90171],[128.09715,37.89683],[128.10598,37.90006],[128.12603,37.89512],[128.13107,37.89836],[128.13317,37.89423],[128.14495,37.89286],[128.14962,37.89531],[128.16074,37.89523],[128.16423,37.88707],[128.17426,37.88492],[128.17392,37.87641],[128.169,37.87176],[128.16805,37.8653],[128.17169,37.85696],[128.1687,37.85125],[128.17819,37.84637],[128.18114,37.8428],[128.18011,37.83501],[128.19276,37.82289],[128.20866,37.81268],[128.21549,37.81314],[128.21952,37.81785],[128.22851,37.82188],[128.23471,37.82217],[128.2426,37.83209],[128.2561,37.83962],[128.26081,37.84959],[128.26136,37.85638],[128.26922,37.86139],[128.27308,37.86071],[128.28097,37.86612],[128.28752,37.86486],[128.29337,37.86977],[128.29759,37.86731],[128.30512,37.85761],[128.30743,37.84368],[128.31114,37.8415],[128.32012,37.8307],[128.32835,37.83388],[128.33453,37.82869],[128.34681,37.82625],[128.35356,37.83072],[128.36516,37.83356],[128.36281,37.83863],[128.36614,37.84705],[128.37818,37.85234],[128.3824,37.85862],[128.3904,37.85885],[128.39715,37.8623],[128.40059,37.86124],[128.40272,37.86716],[128.4089,37.87125],[128.41319,37.88205],[128.41227,37.88467],[128.42153,37.88288],[128.42838,37.8751],[128.43171,37.8667],[128.43578,37.86451],[128.44423,37.86489],[128.44767,37.87348],[128.46632,37.88096],[128.47214,37.88626],[128.47536,37.88529],[128.48142,37.893],[128.47354,37.90111],[128.47513,37.92547],[128.46357,37.93565],[128.46754,37.94029],[128.46636,37.94923],[128.47284,37.95347],[128.47197,37.9593],[128.4773,37.96296],[128.48825,37.96127],[128.49686,37.96743],[128.49789,37.97628],[128.49567,37.98374],[128.50004,37.98483],[128.50218,37.99492],[128.51286,38.00483],[128.51357,38.01295],[128.50812,38.01226],[128.50256,38.01733],[128.50425,38.02018],[128.49981,38.02484],[128.49864,38.03422],[128.50081,38.03807],[128.49624,38.04071],[128.49342,38.04861],[128.48617,38.05394],[128.47656,38.04817],[128.46659,38.05078],[128.46324,38.04915],[128.46011,38.05337],[128.45199,38.05628],[128.44038,38.0579],[128.43502,38.05237],[128.42561,38.04873],[128.41526,38.06191],[128.40886,38.07665],[128.41092,38.07932],[128.40425,38.09607],[128.41028,38.09897],[128.41065,38.11092],[128.42772,38.10799],[128.44042,38.11407],[128.45007,38.11516],[128.45829,38.12128],[128.46486,38.11921],[128.46424,38.12867],[128.46596,38.13692],[128.44306,38.1496],[128.43792,38.15487],[128.43903,38.16258],[128.43319,38.16861],[128.42114,38.17669],[128.42651,38.18915],[128.43845,38.19256],[128.44231,38.20372],[128.43774,38.21408],[128.44074,38.22293],[128.43724,38.23029],[128.43972,38.24127],[128.43294,38.24242],[128.42482,38.25316],[128.41759,38.25428],[128.40388,38.24257],[128.39417,38.23959],[128.38836,38.24804],[128.37976,38.24394],[128.37206,38.24265],[128.36846,38.23585],[128.36465,38.24203],[128.36568,38.24703],[128.36007,38.2589],[128.35929,38.26569],[128.35579,38.26658],[128.34026,38.26475],[128.33708,38.26312],[128.32621,38.26645],[128.31923,38.26607],[128.31777,38.27027],[128.31992,38.28012],[128.31881,38.28773],[128.32146,38.29092],[128.32045,38.30025],[128.31488,38.3028],[128.31445,38.31002],[128.30861,38.32106],[128.31211,38.33058],[128.30904,38.33328],[128.30087,38.3336],[128.28746,38.34009],[128.28211,38.34],[128.27375,38.33546],[128.26794,38.34015],[128.2676,38.34778],[128.26452,38.35161],[128.26896,38.35637],[128.27254,38.36569],[128.26957,38.37615],[128.26201,38.37647],[128.25766,38.37275],[128.24852,38.37078],[128.23867,38.37629],[128.23368,38.37238],[128.22964,38.38203],[128.23361,38.38733],[128.22687,38.38809],[128.22932,38.39684],[128.21564,38.37921],[128.2108,38.36891],[128.2061,38.37545],[128.20528,38.3815],[128.19819,38.38017],[128.1843,38.35999],[128.17639,38.36373],[128.16058,38.34812],[128.15763,38.34312],[128.15016,38.34161],[128.14106,38.34398],[128.13839,38.34684],[128.13297,38.34461],[128.12825,38.34792],[128.12234,38.34786],[128.11898,38.34299],[128.11065,38.34077],[128.10709,38.33359],[128.09774,38.32483],[128.08673,38.3182]]]},"properties":{"osm_id":2505636,"name":"인제군","sgg_code":"51810","mois_admin":"5181000000","admin_level":6,"code_source":"osm"}},
{"type":"Feature","geometry":{"type":"Polygon","coordinates":[[[128.44231,38.20372],[128.45199,38.19901],[128.46261,38.19694],[128.46663,38.19862],[128.47711,38.1928],[128.4772,38.18889],[128.48455,38.18797],[128.4903,38.19399],[128.49776,38.19793],[128.49924,38.20221],[128.51399,38.20774],[128.52207,38.20755],[128.5337,38.21581],[128.55553,38.21802],[128.56123,38.22095],[128.57432,38.22179],[128.58499,38.23116],[128.5777,38.23817],[128.57055,38.24882],[128.56009,38.25825],[128.56014,38.26591],[128.55748,38.26677],[128.55383,38.28074],[128.54699,38.29182],[128.55029,38.29611],[128.54696,38.29865],[128.55095,38.30368],[128.54358,38.30685],[128.54445,38.3106],[128.53813,38.31315],[128.52798,38.32228],[128.52958,38.33393],[128.52256,38.33638],[128.513,38.34677],[128.5137,38.35004],[128.50701,38.36282],[128.51295,38.3686],[128.51227,38.37149],[128.50408,38.37713],[128.48252,38.3988],[128.46857,38.41492],[128.45703,38.43192],[128.45464,38.44025],[128.45628,38.44628],[128.46695,38.45029],[128.45563,38.46328],[128.45025,38.46756],[128.44974,38.47161],[128.43946,38.478],[128.43825,38.48753],[128.43018,38.49124],[128.42985,38.49623],[128.42455,38.5002],[128.43015,38.50404],[128.42437,38.50447],[128.41948,38.51127],[128.41922,38.52346],[128.41706,38.52871],[128.40678,38.54125],[128.41061,38.54781],[128.41033,38.55666],[128.40553,38.55519],[128.40322,38.5668],[128.40093,38.56568],[128.39022,38.57436],[128.37602,38.58859],[128.36665,38.60066],[128.35886,38.61532],[128.35206,38.61173],[128.34243,38.61016],[128.33709,38.60169],[128.32125,38.59723],[128.31634,38.59379],[128.3095,38.59356],[128.31356,38.58656],[128.31492,38.57477],[128.31212,38.57009],[128.31226,38.553],[128.31069,38.53714],[128.31374,38.52138],[128.3132,38.51236],[128.30439,38.50261],[128.30575,38.49852],[128.30157,38.49183],[128.3014,38.4862],[128.30672,38.47858],[128.29886,38.47107],[128.2947,38.45831],[128.28563,38.445],[128.28493,38.43946],[128.27992,38.43383],[128.27196,38.43143],[128.26067,38.42165],[128.2458,38.41498],[128.24325,38.41088],[128.24591,38.40675],[128.24338,38.40268],[128.23473,38.40171],[128.22932,38.39684],[128.22687,38.38809],[128.23361,38.38733],[128.22964,38.38203],[128.23368,38.37238],[128.23867,38.37629],[128.24852,38.37078],[128.25766,38.37275],[128.26201,38.37647],[128.26957,38.37615],[128.27254,38.36569],[128.26896,38.35637],[128.26452,38.35161],[128.2676,38.34778],[128.26794,38.34015],[128.27375,38.33546],[128.28211,38.34],[128.28746,38.34009],[128.30087,38.3336],[128.30904,38.33328],[128.31211,38.33058],[128.30861,38.32106],[128.31445,38.31002],[128.31488,38.3028],[128.32045,38.30025],[128.32146,38.29092],[128.31881,38.28773],[128.31992,38.28012],[128.31777,38.27027],[128.31923,38.26607],[128.32621,38.26645],[128.33708,38.26312],[128.34026,38.26475],[128.35579,38.26658],[128.35929,38.26569],[128.36007,38.2589],[128.36568,38.24703],[128.36465,38.24203],[128.36846,38.23585],[128.37206,38.24265],[128.37976,38.24394],[128.38836,38.24804],[128.39417,38.23959],[128.40388,38.24257],[128.41759,38.25428],[128.42482,38.25316],[128.43294,38.24242],[128.43972,38.24127],[128.43724,38.23029],[128.44074,38.22293],[128.43774,38.21408],[128.44231,38.20372]]]},"properties":{"osm_id":2505635,"name":"고성군","sgg_code":"51820","mois_admin":"5182000000","admin_level":6,"code_source":"osm"}},
{"type":"Feature","geometry":{"type":"Polygon","coordinates":[[[128.60871,38.16128],[128.6034,38.15895],[128.59365,38.16099],[128.56984,38.16189],[128.56971,38.15381],[128.56136,38.14894],[128.53506,38.14855],[128.52987,38.13609],[128.52507,38.13816],[128.51588,38.13553],[128.50881,38.13653],[128.50048,38.13495],[128.49129,38.13649],[128.48128,38.13068],[128.46724,38.11901],[128.46486,38.11921],[128.45829,38.12128],[128.45007,38.11516],[128.44042,38.11407],[128.42772,38.10799],[128.41065,38.11092],[128.41028,38.09897],[128.40425,38.09607],[128.41092,38.07932],[128.40886,38.07665],[128.41526,38.06191],[128.42561,38.04873],[128.43502,38.05237],[128.44038,38.0579],[128.45199,38.05628],[128.46011,38.05337],[128.46324,38.04915],[128.46659,38.05078],[128.47656,38.04817],[128.48617,38.05394],[128.49342,38.04861],[128.49624,38.04071],[128.50081,38.03807],[128.49864,38.03422],[128.49981,38.02484],[128.50425,38.02018],[128.50256,38.01733],[128.50812,38.01226],[128.51357,38.01295],[128.51286,38.00483],[128.50218,37.99492],[128.50004,37.98483],[128.49567,37.98374],[128.49789,37.97628],[128.49686,37.96743],[128.48825,37.96127],[128.4773,37.96296],[128.47197,37.9593],[128.47284,37.95347],[128.46636,37.94923],[128.46754,37.94029],[128.46357,37.93565],[128.47513,37.92547],[128.47354,37.90111],[128.48142,37.893],[128.49867,37.88612],[128.50593,37.88687],[128.51077,37.88053],[128.52613,37.88296],[128.52998,37.88885],[128.53975,37.89114],[128.54407,37.8872],[128.55525,37.88172],[128.56007,37.87539],[128.56774,37.8754],[128.57376,37.86464],[128.58802,37.86203],[128.59197,37.8656],[128.5977,37.86596],[128.60118,37.87071],[128.62077,37.87235],[128.62356,37.88052],[128.6348,37.88762],[128.64294,37.89489],[128.64777,37.89093],[128.65976,37.89177],[128.66483,37.8905],[128.66708,37.88573],[128.67634,37.88982],[128.68283,37.88991],[128.70217,37.89841],[128.70881,37.89729],[128.7192,37.90279],[128.72705,37.90267],[128.73241,37.89988],[128.73638,37.90341],[128.74466,37.90421],[128.7466,37.9092],[128.75695,37.91232],[128.75999,37.91007],[128.77314,37.91106],[128.78301,37.91469],[128.79315,37.91221],[128.80343,37.91301],[128.80996,37.91775],[128.796,37.92816],[128.78819,37.93627],[128.78873,37.93977],[128.7824,37.94697],[128.7692,37.95797],[128.76446,37.96518],[128.75996,37.97669],[128.76366,37.9802],[128.75749,37.98205],[128.7449,37.99222],[128.73569,38.00381],[128.73064,38.00714],[128.73369,38.01805],[128.73645,38.02049],[128.72672,38.02265],[128.70779,38.03626],[128.68401,38.05769],[128.67617,38.0669],[128.6774,38.07395],[128.66566,38.09162],[128.66239,38.09213],[128.63213,38.12052],[128.62851,38.12887],[128.62384,38.12991],[128.6096,38.14848],[128.60871,38.16128]]]},"properties":{"osm_id":2517799,"name":"양양군","sgg_code":"51830","mois_admin":"5183000000","admin_level":6,"code_source":"osm"}},
{"type":"Feature","geometry":{"type":"Polygon","coordinates":[[[127.06509,35.79098],[127.06461,35.78639],[127.07086,35.78263],[127.07347,35.77376],[127.06415,35.76961],[127.06119,35.76543],[127.0535,35.76376],[127.05076,35.75515],[127.05836,35.75214],[127.06321,35.7531],[127.0704,35.74747],[127.07036,35.74216],[127.08091,35.73387],[127.08514,35.72857],[127.0856,35.73164],[127.09448,35.73791],[127.09572,35.74529],[127.101,35.75101],[127.11628,35.74975],[127.12435,35.75372],[127.12568,35.75759],[127.13083,35.75651],[127.13731,35.76138],[127.14581,35.76003],[127.1495,35.76685],[127.1489,35.77402],[127.15332,35.77925],[127.1616,35.78325],[127.17164,35.78015],[127.17906,35.77375],[127.18713,35.77952],[127.1952,35.77444],[127.19825,35.77496],[127.20187,35.78555],[127.21192,35.79418],[127.21784,35.8023],[127.22813,35.80853],[127.23106,35.81985],[127.22701,35.82223],[127.21938,35.8198],[127.21385,35.82228],[127.20787,35.82935],[127.21014,35.84094],[127.20572,35.84443],[127.20026,35.85654],[127.19641,35.86047],[127.18988,35.8594],[127.18546,35.85451],[127.1685,35.8537],[127.16711,35.8589],[127.16042,35.87064],[127.15114,35.87933],[127.14563,35.89333],[127.14066,35.89828],[127.13364,35.90132],[127.11866,35.90122],[127.10759,35.89752],[127.08884,35.89368],[127.07845,35.89796],[127.06227,35.89865],[127.0519,35.89273],[127.04618,35.89327],[127.03831,35.89781],[127.0275,35.89796],[127.00069,35.89321],[127.00155,35.8893],[126.99784,35.88418],[127.00743,35.87541],[127.00642,35.86605],[127.01304,35.86353],[127.01572,35.85871],[127.02675,35.86762],[127.02676,35.85671],[127.03412,35.85047],[127.0448,35.85323],[127.04948,35.85247],[127.05566,35.83964],[127.05859,35.83962],[127.05847,35.83303],[127.05149,35.83324],[127.05113,35.82719],[127.06749,35.82494],[127.06574,35.82111],[127.06824,35.80752],[127.06455,35.80008],[127.06509,35.79098]]]},"properties":{"osm_id":7619919,"name":"전주시","sgg_code":"52110","mois_admin":"5211000000","admin_level":6,"code_source":"osm"}},
{"type":"Feature","geometry":{"type":"MultiPolygon","coordinates":[[[[126.86505,36.06071],[126.84054,36.05296],[126.8211,36.04992],[126.80832,36.03574],[126.80277,36.03352],[126.76971,36.02964],[126.76166,36.02602],[126.74805,36.02575],[126.74351,36.01777],[126.75601,36.01305],[126.75627,36.00884],[126.74718,35.99177],[126.73598,35.98553],[126.72942,35.98534],[126.71808,35.98907],[126.70599,35.99473],[126.69417,35.98736],[126.68414,35.98386],[126.66534,35.98315],[126.64682,35.97893],[126.62475,35.97748],[126.6244,35.97107],[126.61835,35.97072],[126.6173,35.97751],[126.59823,35.97746],[126.52584,35.97362],[126.52591,35.96648],[126.52138,35.9725],[126.52313,35.95021],[126.52525,35.94416],[126.53075,35.94412],[126.52498,35.93772],[126.52909,35.93833],[126.53192,35.93322],[126.49681,35.84682],[126.48633,35.84643],[126.49089,35.83824],[126.47629,35.82287],[126.4595,35.8254],[126.45766,35.8296],[126.44989,35.83213],[126.44186,35.8293],[126.44675,35.82673],[126.44461,35.82371],[126.45267,35.82023],[126.44834,35.81361],[126.44982,35.80773],[126.45714,35.8101],[126.45275,35.81157],[126.46172,35.81914],[126.46537,35.81935],[126.46312,35.81254],[126.47327,35.81085],[126.47859,35.81617],[126.47967,35.81279],[126.48635,35.81703],[126.55812,35.84787],[126.59702,35.85144],[126.63218,35.85832],[126.65442,35.86109],[126.67736,35.85958],[126.67649,35.86986],[126.71494,35.87376],[126.75717,35.87954],[126.76826,35.87596],[126.7904,35.87778],[126.79036,35.89572],[126.82356,35.90489],[126.83773,35.91213],[126.8432,35.91767],[126.85141,35.91691],[126.85912,35.91728],[126.87866,35.93449],[126.88183,35.93946],[126.883,35.94799],[126.89367,35.95513],[126.89006,35.95975],[126.88509,35.96082],[126.90298,35.97213],[126.90229,35.97837],[126.90948,35.98129],[126.90822,35.98707],[126.91277,35.99018],[126.91514,35.99671],[126.91389,36.00558],[126.90094,36.00812],[126.89022,36.01778],[126.87906,36.02996],[126.87043,36.03311],[126.87414,36.04243],[126.86854,36.04586],[126.86505,36.06071]]],[[[125.98498,36.11344],[125.98267,36.12098],[125.98648,36.12108],[125.98978,36.11352],[125.99539,36.1187],[125.99358,36.12326],[125.98666,36.12219],[125.97898,36.12613],[125.96683,36.12644],[125.96755,36.12112],[125.97936,36.11029],[125.98498,36.11344]]],[[[126.22376,35.98886],[126.23009,35.98859],[126.22263,35.99232],[126.22376,35.98886]]],[[[126.373,35.80233],[126.38074,35.80346],[126.37681,35.81393],[126.37212,35.81287],[126.36817,35.82133],[126.36757,35.80919],[126.373,35.80233]]],[[[126.34995,35.84975],[126.35236,35.85337],[126.33826,35.85433],[126.33793,35.85231],[126.34995,35.84975]]],[[[126.37051,35.84663],[126.37903,35.84786],[126.38767,35.85309],[126.38652,35.85651],[126.37863,35.85335],[126.36711,35.85333],[126.36438,35.84785],[126.37051,35.84663]]],[[[126.32433,35.85244],[126.32554,35.85686],[126.31593,35.85904],[126.3178,35.85427],[126.32433,35.85244]]],[[[126.44872,35.73123],[126.45333,35.72829],[126.456,35.73395],[126.46159,35.73531],[126.45445,35.74215],[126.45502,35.74459],[126.4477,35.74842],[126.44017,35.74318],[126.4505,35.73871],[126.44872,35.73123]]],[[[126.4668,35.75155],[126.4639,35.74799],[126.47013,35.74754],[126.4668,35.75155]]],[[[126.43688,35.80596],[126.43124,35.8024],[126.42511,35.80613],[126.41698,35.80674],[126.41857,35.80423],[126.41372,35.79884],[126.41925,35.79379],[126.43842,35.80043],[126.44004,35.81113],[126.43688,35.80596]]],[[[126.39951,35.8121],[126.39432,35.80886],[126.39813,35.80745],[126.39951,35.8121]]],[[[126.39239,35.81525],[126.39714,35.81905],[126.38922,35.82186],[126.39239,35.81525]]],[[[126.40164,35.80712],[126.40587,35.8086],[126.41495,35.80693],[126.41683,35.81196],[126.41103,35.81512],[126.41287,35.81985],[126.41916,35.82049],[126.41506,35.8295],[126.40368,35.83259],[126.39916,35.82683],[126.40538,35.82712],[126.41305,35.82254],[126.41031,35.8156],[126.40336,35.81279],[126.40164,35.80712]]],[[[126.47437,35.84288],[126.48424,35.84238],[126.47974,35.84567],[126.47437,35.84288]]],[[[126.39743,35.85575],[126.40726,35.85815],[126.42353,35.85487],[126.4325,35.85597],[126.40713,35.85941],[126.39873,35.85828],[126.39743,35.85575]]],[[[126.52416,36.03762],[126.52999,36.03545],[126.52916,36.04155],[126.52416,36.03762]]],[[[126.55033,36.04575],[126.54487,36.04632],[126.54101,36.03744],[126.55581,36.03167],[126.55774,36.03844],[126.55626,36.04416],[126.55033,36.04575]]],[[[126.43679,36.07673],[126.44176,36.07992],[126.43645,36.08796],[126.42893,36.08576],[126.43102,36.08013],[126.43679,36.07673]]],[[[126.6575,35.98658],[126.68419,35.98625],[126.70013,35.99335],[126.69997,35.99572],[126.67971,35.99143],[126.65789,35.99038],[126.6575,35.98658]]]]},"properties":{"osm_id":7619922,"name":"군산시","sgg_code":"52130","mois_admin":"5213000000","admin_level":6,"code_source":"osm"}},
{"type":"Feature","geometry":{"type":"Polygon","coordinates":[[[127.13106,36.06577],[127.12205,36.06303],[127.11812,36.06712],[127.10203,36.07578],[127.09038,36.0718],[127.07627,36.08443],[127.06045,36.09391],[127.06105,36.10548],[127.05781,36.10705],[127.05725,36.11604],[127.06106,36.11719],[127.06301,36.12522],[127.05611,36.12678],[127.05012,36.13416],[127.04476,36.13446],[127.04364,36.14629],[127.03971,36.13789],[127.01668,36.13538],[127.01679,36.13897],[127.01084,36.14341],[127.00475,36.14333],[127.00298,36.14951],[126.99803,36.14685],[126.97719,36.14852],[126.96303,36.15628],[126.95663,36.15657],[126.93892,36.15077],[126.93081,36.14225],[126.91969,36.1363],[126.91109,36.13657],[126.9008,36.1424],[126.8897,36.13962],[126.88221,36.13129],[126.87748,36.11714],[126.87381,36.11044],[126.87359,36.08683],[126.8712,36.07225],[126.87082,36.0674],[126.86505,36.06071],[126.86854,36.04586],[126.87414,36.04243],[126.87043,36.03311],[126.87906,36.02996],[126.89022,36.01778],[126.90094,36.00812],[126.91389,36.00558],[126.91514,35.99671],[126.91277,35.99018],[126.90822,35.98707],[126.90948,35.98129],[126.90229,35.97837],[126.90298,35.97213],[126.88509,35.96082],[126.89006,35.95975],[126.89367,35.95513],[126.883,35.94799],[126.88183,35.93946],[126.87866,35.93449],[126.85912,35.91728],[126.85141,35.91691],[126.85312,35.9096],[126.86081,35.90566],[126.87302,35.91153],[126.89156,35.91407],[126.90891,35.90337],[126.93186,35.91079],[126.93213,35.91467],[126.94497,35.91147],[126.95095,35.90854],[126.95192,35.91305],[126.95664,35.91577],[126.95668,35.90862],[126.96203,35.90199],[126.97136,35.90021],[126.97311,35.89685],[126.97865,35.8991],[126.98837,35.89663],[126.99077,35.89206],[126.99526,35.89172],[126.99453,35.88376],[126.99784,35.88418],[127.00155,35.8893],[127.00069,35.89321],[127.0275,35.89796],[127.03831,35.89781],[127.03863,35.90071],[127.03259,35.90602],[127.02891,35.91654],[127.03587,35.91853],[127.04076,35.9256],[127.05659,35.92134],[127.06677,35.91569],[127.07684,35.92216],[127.0801,35.92121],[127.09176,35.93036],[127.09451,35.94007],[127.1064,35.96079],[127.1041,35.96854],[127.10972,35.98812],[127.10746,35.99539],[127.12555,36.00536],[127.12551,36.01168],[127.12115,36.02039],[127.1158,36.0241],[127.1163,36.03049],[127.13164,36.04532],[127.13972,36.05697],[127.13123,36.06334],[127.13106,36.06577]]]},"properties":{"osm_id":7619924,"name":"익산시","sgg_code":"52140","mois_admin":"5214000000","admin_level":6,"code_source":"osm"}},
{"type":"Feature","geometry":{"type":"Polygon","coordinates":[[[127.0638,35.67744],[127.06064,35.67031],[127.05603,35.66873],[127.0488,35.67027],[127.04156,35.66618],[127.03475,35.66816],[127.02864,35.66644],[127.02178,35.66944],[127.0163,35.67629],[127.00467,35.68002],[127.0021,35.68614],[126.99121,35.68993],[126.99303,35.69753],[126.98971,35.70518],[126.98104,35.7124],[126.98124,35.71452],[126.96766,35.72121],[126.95961,35.72362],[126.95034,35.72411],[126.94272,35.72226],[126.93245,35.72239],[126.92532,35.7366],[126.91665,35.74559],[126.91308,35.74464],[126.89638,35.75338],[126.88347,35.75282],[126.88419,35.75767],[126.87314,35.75851],[126.87502,35.75242],[126.88221,35.74837],[126.8818,35.74132],[126.86728,35.72754],[126.84263,35.72664],[126.8279,35.71897],[126.82747,35.71475],[126.82634,35.71201],[126.83932,35.70016],[126.83459,35.68703],[126.8288,35.68438],[126.8271,35.67999],[126.81411,35.68276],[126.8088,35.68076],[126.80579,35.67579],[126.7985,35.68472],[126.78822,35.67507],[126.78346,35.6758],[126.77298,35.68358],[126.76499,35.67318],[126.76312,35.66203],[126.75155,35.66774],[126.7501,35.66353],[126.744,35.66643],[126.74221,35.65847],[126.7356,35.6492],[126.72683,35.6482],[126.72284,35.63202],[126.72066,35.6311],[126.72319,35.61776],[126.71996,35.6104],[126.72442,35.59183],[126.72425,35.58364],[126.71779,35.58379],[126.71558,35.57963],[126.71813,35.57327],[126.72789,35.57247],[126.73683,35.56839],[126.74191,35.57138],[126.74458,35.56911],[126.75709,35.57351],[126.76018,35.57199],[126.76937,35.56077],[126.76198,35.5551],[126.76623,35.54914],[126.76256,35.54533],[126.76114,35.53299],[126.77399,35.52284],[126.76092,35.51693],[126.75984,35.51124],[126.76989,35.50884],[126.76842,35.49614],[126.76478,35.49345],[126.76677,35.48568],[126.7703,35.48222],[126.77288,35.46808],[126.7819,35.47063],[126.79235,35.46763],[126.81397,35.4688],[126.81388,35.48419],[126.81887,35.48654],[126.82837,35.4857],[126.83048,35.4808],[126.84285,35.47895],[126.83791,35.46453],[126.85032,35.46573],[126.86324,35.46121],[126.86864,35.46204],[126.86517,35.46392],[126.86081,35.47423],[126.86255,35.48052],[126.87311,35.47967],[126.87706,35.48419],[126.8895,35.47839],[126.89381,35.48086],[126.91354,35.47681],[126.92265,35.48289],[126.9277,35.47912],[126.93586,35.48196],[126.93589,35.48802],[126.94169,35.49089],[126.93551,35.4958],[126.93365,35.50717],[126.92981,35.50955],[126.9283,35.51888],[126.93196,35.52536],[126.93554,35.5238],[126.93938,35.52785],[126.94692,35.5289],[126.95148,35.53268],[126.9512,35.53822],[126.96098,35.54462],[126.96274,35.54928],[126.97507,35.55613],[126.9812,35.55362],[126.98216,35.54813],[126.99286,35.53696],[126.99597,35.54007],[127.00822,35.54197],[127.01914,35.54613],[127.02209,35.53626],[127.02851,35.5323],[127.03913,35.52874],[127.04546,35.52146],[127.05184,35.51804],[127.05087,35.51174],[127.05431,35.50937],[127.06131,35.51128],[127.06681,35.51631],[127.07445,35.5138],[127.07598,35.51023],[127.08291,35.50679],[127.09174,35.50615],[127.1095,35.5093],[127.10963,35.51944],[127.0939,35.51874],[127.09915,35.52338],[127.09721,35.52687],[127.10556,35.5336],[127.11568,35.53239],[127.11624,35.53724],[127.09267,35.54801],[127.08393,35.55056],[127.09198,35.56961],[127.08439,35.57894],[127.08313,35.58453],[127.08634,35.58681],[127.09648,35.58744],[127.10258,35.59021],[127.10482,35.59598],[127.10002,35.60448],[127.09125,35.61299],[127.09297,35.62173],[127.08986,35.6272],[127.09358,35.63345],[127.08953,35.638],[127.08743,35.64679],[127.08959,35.65334],[127.07902,35.66228],[127.08197,35.66811],[127.0638,35.67744]]]},"properties":{"osm_id":7621808,"name":"정읍시","sgg_code":"52180","mois_admin":"5218000000","admin_level":6,"code_source":"osm"}},
{"type":"Feature","geometry":{"type":"Polygon","coordinates":[[[127.38451,35.30328],[127.39987,35.31397],[127.40089,35.32481],[127.40848,35.32935],[127.4156,35.33716],[127.4159,35.34105],[127.42265,35.35097],[127.43035,35.35857],[127.44164,35.36445],[127.44291,35.36111],[127.45448,35.36033],[127.45872,35.36365],[127.47179,35.36664],[127.4806,35.36369],[127.48595,35.35843],[127.4957,35.36101],[127.50355,35.35795],[127.50845,35.35331],[127.51418,35.35162],[127.51614,35.34784],[127.5239,35.34496],[127.52967,35.33797],[127.54195,35.33305],[127.54204,35.3285],[127.55049,35.32577],[127.56228,35.31941],[127.5678,35.31898],[127.57234,35.31126],[127.57754,35.30888],[127.58551,35.30901],[127.59453,35.31222],[127.60587,35.31933],[127.60697,35.32427],[127.62042,35.33233],[127.623,35.34335],[127.61246,35.35556],[127.6106,35.36683],[127.62251,35.37278],[127.62564,35.37677],[127.62696,35.38777],[127.63186,35.3918],[127.6392,35.40462],[127.64908,35.40777],[127.66178,35.41693],[127.66594,35.42816],[127.66545,35.4362],[127.67324,35.44333],[127.67019,35.44693],[127.65279,35.45085],[127.645,35.44959],[127.63652,35.45955],[127.63646,35.47794],[127.65255,35.48531],[127.65019,35.49782],[127.64466,35.49932],[127.64238,35.50505],[127.63253,35.51455],[127.63463,35.52073],[127.62582,35.52528],[127.62594,35.53226],[127.61946,35.53694],[127.61249,35.53551],[127.60633,35.54298],[127.59524,35.54755],[127.59093,35.55433],[127.58668,35.55461],[127.57966,35.54765],[127.57337,35.5453],[127.57188,35.53538],[127.56867,35.53322],[127.56793,35.52474],[127.57112,35.51812],[127.57914,35.51511],[127.58081,35.50751],[127.57793,35.49854],[127.57066,35.49134],[127.56355,35.48771],[127.55948,35.4803],[127.56179,35.4734],[127.54577,35.46719],[127.52454,35.4721],[127.51937,35.47715],[127.5139,35.47825],[127.5251,35.48444],[127.52851,35.49174],[127.52712,35.49508],[127.51251,35.49859],[127.51199,35.50633],[127.50083,35.5151],[127.50078,35.52009],[127.49611,35.52071],[127.49047,35.52562],[127.49163,35.53247],[127.46893,35.54006],[127.4679,35.54371],[127.45646,35.54414],[127.4523,35.5387],[127.44568,35.54385],[127.44148,35.54413],[127.4385,35.55063],[127.43325,35.54808],[127.42376,35.54831],[127.41735,35.55206],[127.41201,35.5581],[127.40879,35.55821],[127.40627,35.55136],[127.40107,35.54526],[127.3908,35.54337],[127.37722,35.54561],[127.3628,35.55566],[127.3631,35.55833],[127.35955,35.55882],[127.35017,35.55107],[127.34045,35.55382],[127.33438,35.55269],[127.33532,35.54619],[127.34412,35.54075],[127.34828,35.5405],[127.35068,35.53371],[127.34635,35.52585],[127.33905,35.52629],[127.33927,35.52315],[127.35249,35.5126],[127.35635,35.51113],[127.35686,35.50082],[127.35266,35.4959],[127.34193,35.4946],[127.33279,35.49125],[127.32575,35.49412],[127.31116,35.4924],[127.30828,35.48713],[127.30864,35.47791],[127.31427,35.46622],[127.31103,35.46302],[127.30647,35.45286],[127.29793,35.44473],[127.2965,35.4334],[127.2881,35.4245],[127.27732,35.42423],[127.27542,35.42089],[127.26014,35.42697],[127.2574,35.42119],[127.2517,35.41732],[127.25061,35.40892],[127.24589,35.39828],[127.23718,35.40009],[127.23321,35.39749],[127.22607,35.39877],[127.21967,35.38489],[127.21181,35.37312],[127.21659,35.3716],[127.20717,35.36384],[127.20092,35.35649],[127.19308,35.3564],[127.18806,35.3488],[127.1871,35.34248],[127.19372,35.34012],[127.18677,35.33621],[127.18403,35.32879],[127.18726,35.32297],[127.20497,35.31556],[127.21627,35.3175],[127.21664,35.33012],[127.22142,35.3346],[127.22729,35.33461],[127.23782,35.32843],[127.25157,35.31773],[127.25381,35.31353],[127.26067,35.31185],[127.28588,35.31317],[127.29189,35.31233],[127.3058,35.30449],[127.30977,35.30379],[127.32193,35.30659],[127.33047,35.31134],[127.33041,35.31518],[127.33676,35.31452],[127.34038,35.31789],[127.3564,35.32155],[127.36777,35.31457],[127.37696,35.31108],[127.37876,35.3043],[127.38451,35.30328]]]},"properties":{"osm_id":7621810,"name":"남원시","sgg_code":"52190","mois_admin":"5219000000","admin_level":6,"code_source":"osm"}},
{"type":"Feature","geometry":{"type":"MultiPolygon","coordinates":[[[[126.85141,35.91691],[126.8432,35.91767],[126.83773,35.91213],[126.82356,35.90489],[126.79036,35.89572],[126.7904,35.87778],[126.76826,35.87596],[126.75717,35.87954],[126.71494,35.87376],[126.67649,35.86986],[126.67736,35.85958],[126.65442,35.86109],[126.63218,35.85832],[126.59702,35.85144],[126.55812,35.84787],[126.48635,35.81703],[126.47967,35.81279],[126.48,35.81241],[126.48299,35.81087],[126.5189,35.73547],[126.5233,35.73135],[126.53091,35.73864],[126.53744,35.75327],[126.56928,35.79401],[126.58988,35.80807],[126.59898,35.81266],[126.61254,35.81677],[126.64222,35.82162],[126.65867,35.81778],[126.68307,35.80556],[126.70436,35.80109],[126.6982,35.81287],[126.73528,35.80314],[126.76296,35.79664],[126.77102,35.77885],[126.77966,35.75702],[126.78405,35.75446],[126.79626,35.75321],[126.79666,35.74448],[126.79893,35.74264],[126.8067,35.74542],[126.80761,35.72622],[126.81365,35.72897],[126.81216,35.72302],[126.81712,35.72718],[126.81632,35.71977],[126.81306,35.71563],[126.82248,35.71681],[126.82747,35.71475],[126.8279,35.71897],[126.84263,35.72664],[126.86728,35.72754],[126.8818,35.74132],[126.88221,35.74837],[126.87502,35.75242],[126.87314,35.75851],[126.88419,35.75767],[126.88347,35.75282],[126.89638,35.75338],[126.91308,35.74464],[126.91665,35.74559],[126.92532,35.7366],[126.93245,35.72239],[126.94272,35.72226],[126.95034,35.72411],[126.95961,35.72362],[126.96766,35.72121],[126.98124,35.71452],[126.98104,35.7124],[126.98971,35.70518],[126.99303,35.69753],[126.99121,35.68993],[127.0021,35.68614],[127.00467,35.68002],[127.0163,35.67629],[127.02178,35.66944],[127.02864,35.66644],[127.03475,35.66816],[127.04156,35.66618],[127.0488,35.67027],[127.05603,35.66873],[127.06064,35.67031],[127.0638,35.67744],[127.06987,35.68874],[127.06931,35.69453],[127.06152,35.70153],[127.06169,35.70443],[127.06993,35.71126],[127.07182,35.71714],[127.08684,35.7245],[127.08514,35.72857],[127.08091,35.73387],[127.07036,35.74216],[127.0704,35.74747],[127.06321,35.7531],[127.05836,35.75214],[127.05076,35.75515],[127.0535,35.76376],[127.06119,35.76543],[127.06415,35.76961],[127.07347,35.77376],[127.07086,35.78263],[127.06461,35.78639],[127.06509,35.79098],[127.0555,35.79146],[127.04187,35.79547],[127.04276,35.79834],[127.0328,35.79848],[127.02836,35.80267],[127.02103,35.79946],[127.00567,35.80828],[126.99815,35.81519],[126.99515,35.82806],[127.00132,35.83496],[127.00157,35.83877],[127.00954,35.84672],[127.00642,35.86605],[127.00743,35.87541],[126.99784,35.88418],[126.99453,35.88376],[126.99526,35.89172],[126.99077,35.89206],[126.98837,35.89663],[126.97865,35.8991],[126.97311,35.89685],[126.97136,35.90021],[126.96203,35.90199],[126.95668,35.90862],[126.95664,35.91577],[126.95192,35.91305],[126.95095,35.90854],[126.94497,35.91147],[126.93213,35.91467],[126.93186,35.91079],[126.90891,35.90337],[126.89156,35.91407],[126.87302,35.91153],[126.86081,35.90566],[126.85312,35.9096],[126.85141,35.91691]]],[[[126.46657,35.78814],[126.46665,35.788],[126.47689,35.78742],[126.48028,35.78033],[126.48865,35.78299],[126.48372,35.79338],[126.46657,35.78814]]]]},"properties":{"osm_id":7619923,"name":"김제시","sgg_code":"52210","mois_admin":"5221000000","admin_level":6,"code_source":"osm"}},
{"type":"Feature","geometry":{"type":"MultiPolygon","coordinates":[[[[127.13106,36.06577],[127.13123,36.06334],[127.13972,36.05697],[127.13164,36.04532],[127.1163,36.03049],[127.1158,36.0241],[127.12115,36.02039],[127.12551,36.01168],[127.12555,36.00536],[127.10746,35.99539],[127.10972,35.98812],[127.1041,35.96854],[127.1064,35.96079],[127.09451,35.94007],[127.09176,35.93036],[127.0801,35.92121],[127.07684,35.92216],[127.06677,35.91569],[127.05659,35.92134],[127.04076,35.9256],[127.03587,35.91853],[127.02891,35.91654],[127.03259,35.90602],[127.03863,35.90071],[127.03831,35.89781],[127.04618,35.89327],[127.0519,35.89273],[127.06227,35.89865],[127.07845,35.89796],[127.08884,35.89368],[127.10759,35.89752],[127.11866,35.90122],[127.13364,35.90132],[127.14066,35.89828],[127.14563,35.89333],[127.15114,35.87933],[127.16042,35.87064],[127.16711,35.8589],[127.1685,35.8537],[127.18546,35.85451],[127.18988,35.8594],[127.19641,35.86047],[127.20026,35.85654],[127.20572,35.84443],[127.21014,35.84094],[127.20787,35.82935],[127.21385,35.82228],[127.21938,35.8198],[127.22701,35.82223],[127.23106,35.81985],[127.22813,35.80853],[127.21784,35.8023],[127.21192,35.79418],[127.20187,35.78555],[127.19825,35.77496],[127.1952,35.77444],[127.18713,35.77952],[127.17906,35.77375],[127.17164,35.78015],[127.1616,35.78325],[127.15332,35.77925],[127.1489,35.77402],[127.1495,35.76685],[127.14581,35.76003],[127.13731,35.76138],[127.13083,35.75651],[127.12568,35.75759],[127.12435,35.75372],[127.11628,35.74975],[127.101,35.75101],[127.09572,35.74529],[127.09448,35.73791],[127.0856,35.73164],[127.08514,35.72857],[127.08684,35.7245],[127.07182,35.71714],[127.06993,35.71126],[127.06169,35.70443],[127.06152,35.70153],[127.06931,35.69453],[127.06987,35.68874],[127.0638,35.67744],[127.08197,35.66811],[127.07902,35.66228],[127.08959,35.65334],[127.08743,35.64679],[127.08953,35.638],[127.09358,35.63345],[127.08986,35.6272],[127.09297,35.62173],[127.10512,35.61799],[127.11409,35.6234],[127.11851,35.63257],[127.12739,35.63452],[127.13615,35.64614],[127.13246,35.6528],[127.12744,35.65663],[127.13143,35.6649],[127.1313,35.66964],[127.12649,35.67201],[127.12495,35.67846],[127.12529,35.68993],[127.12975,35.69132],[127.1386,35.69836],[127.13722,35.70631],[127.13911,35.71767],[127.15156,35.72422],[127.16108,35.72408],[127.17018,35.73293],[127.17859,35.73732],[127.18589,35.73509],[127.1876,35.73063],[127.19743,35.72777],[127.19739,35.72551],[127.20572,35.72202],[127.20529,35.71366],[127.20816,35.7093],[127.22395,35.71059],[127.23593,35.70261],[127.24061,35.69777],[127.23945,35.69049],[127.24189,35.68494],[127.25078,35.69073],[127.25713,35.69],[127.25932,35.69617],[127.2558,35.70129],[127.25625,35.70712],[127.25062,35.71795],[127.25129,35.72283],[127.25665,35.72996],[127.25246,35.73452],[127.25335,35.7416],[127.2462,35.74817],[127.24481,35.75612],[127.25432,35.76639],[127.26347,35.77171],[127.26501,35.77681],[127.27145,35.77761],[127.27512,35.78174],[127.27395,35.79041],[127.28621,35.79291],[127.28725,35.79535],[127.30308,35.80077],[127.29513,35.80794],[127.29844,35.8128],[127.29718,35.81734],[127.30575,35.82038],[127.31068,35.8252],[127.30872,35.83294],[127.31075,35.84112],[127.32143,35.84743],[127.32501,35.85693],[127.31898,35.86302],[127.32449,35.8715],[127.33329,35.87343],[127.33455,35.88762],[127.33227,35.89871],[127.33301,35.90848],[127.34115,35.90846],[127.34761,35.91256],[127.35378,35.91315],[127.35031,35.9176],[127.34791,35.92618],[127.35166,35.93314],[127.34739,35.93993],[127.35281,35.94952],[127.34432,35.95912],[127.34555,35.96851],[127.34204,35.97116],[127.34375,35.98086],[127.3499,35.98347],[127.35269,35.98908],[127.36534,35.98954],[127.36168,35.99421],[127.36342,36.00006],[127.36037,36.00546],[127.36052,36.01138],[127.36487,36.01827],[127.3701,36.02197],[127.37764,36.02277],[127.37927,36.03033],[127.37472,36.0345],[127.37353,36.04352],[127.36065,36.05539],[127.36395,36.06794],[127.35929,36.0703],[127.36194,36.07554],[127.35687,36.08161],[127.36022,36.08883],[127.35122,36.0938],[127.34792,36.09834],[127.3508,36.10512],[127.35527,36.10876],[127.3509,36.11624],[127.34476,36.11819],[127.33761,36.13074],[127.32354,36.1301],[127.32257,36.12543],[127.31482,36.1186],[127.30647,36.12528],[127.29667,36.1222],[127.29386,36.11222],[127.28451,36.11222],[127.27447,36.10643],[127.26357,36.10875],[127.25966,36.11285],[127.25636,36.10917],[127.25107,36.10959],[127.24617,36.10386],[127.24684,36.09459],[127.25688,36.0876],[127.24962,36.08214],[127.24194,36.08559],[127.23508,36.09377],[127.22607,36.09908],[127.22045,36.09717],[127.21213,36.10056],[127.20508,36.10035],[127.20167,36.08765],[127.19469,36.0858],[127.18803,36.09184],[127.18061,36.09475],[127.17014,36.0859],[127.15881,36.08341],[127.15279,36.08577],[127.15145,36.08994],[127.14566,36.09041],[127.13774,36.08642],[127.13383,36.08185],[127.13414,36.07033],[127.13106,36.06577]]],[[[127.00642,35.86605],[127.00954,35.84672],[127.00157,35.83877],[127.00132,35.83496],[126.99515,35.82806],[126.99815,35.81519],[127.00567,35.80828],[127.02103,35.79946],[127.02836,35.80267],[127.0328,35.79848],[127.04276,35.79834],[127.04187,35.79547],[127.0555,35.79146],[127.06509,35.79098],[127.06455,35.80008],[127.06824,35.80752],[127.06574,35.82111],[127.06749,35.82494],[127.05113,35.82719],[127.05149,35.83324],[127.05847,35.83303],[127.05859,35.83962],[127.05566,35.83964],[127.04948,35.85247],[127.0448,35.85323],[127.03412,35.85047],[127.02676,35.85671],[127.02675,35.86762],[127.01572,35.85871],[127.01304,35.86353],[127.00642,35.86605]]]]},"properties":{"osm_id":7621813,"name":"완주군","sgg_code":"52710","mois_admin":"5271000000","admin_level":6,"code_source":"osm"}},
{"type":"Feature","geometry":{"type":"Polygon","coordinates":[[[127.52442,35.98508],[127.51411,35.98337],[127.50671,35.97961],[127.49934,35.98738],[127.49441,35.98618],[127.48773,35.97826],[127.47457,35.9815],[127.46837,35.98809],[127.46393,35.98394],[127.45675,35.98328],[127.44861,35.99315],[127.44812,35.99892],[127.44359,36.00806],[127.43724,36.00933],[127.43536,36.01357],[127.43676,36.02301],[127.43456,36.0295],[127.41959,36.0227],[127.41341,36.01516],[127.40732,36.01422],[127.40122,36.00874],[127.39185,36.01703],[127.37764,36.02277],[127.3701,36.02197],[127.36487,36.01827],[127.36052,36.01138],[127.36037,36.00546],[127.36342,36.00006],[127.36168,35.99421],[127.36534,35.98954],[127.35269,35.98908],[127.3499,35.98347],[127.34375,35.98086],[127.34204,35.97116],[127.34555,35.96851],[127.34432,35.95912],[127.35281,35.94952],[127.34739,35.93993],[127.35166,35.93314],[127.34791,35.92618],[127.35031,35.9176],[127.35378,35.91315],[127.34761,35.91256],[127.34115,35.90846],[127.33301,35.90848],[127.33227,35.89871],[127.33455,35.88762],[127.33329,35.87343],[127.32449,35.8715],[127.31898,35.86302],[127.32501,35.85693],[127.32143,35.84743],[127.31075,35.84112],[127.30872,35.83294],[127.31068,35.8252],[127.30575,35.82038],[127.29718,35.81734],[127.29844,35.8128],[127.29513,35.80794],[127.30308,35.80077],[127.28725,35.79535],[127.28621,35.79291],[127.27395,35.79041],[127.27512,35.78174],[127.27145,35.77761],[127.27248,35.77403],[127.26607,35.76929],[127.26559,35.76245],[127.27426,35.7552],[127.28115,35.74291],[127.28119,35.73718],[127.28756,35.73324],[127.29347,35.71781],[127.29215,35.71],[127.29217,35.69083],[127.28807,35.68705],[127.29799,35.68278],[127.30621,35.68484],[127.31841,35.67667],[127.32327,35.66374],[127.32793,35.66095],[127.33568,35.66508],[127.34665,35.66539],[127.35687,35.66915],[127.36204,35.66697],[127.36498,35.6603],[127.37774,35.66446],[127.37826,35.65415],[127.38759,35.65553],[127.39301,35.65116],[127.40014,35.65014],[127.4209,35.64063],[127.42824,35.64219],[127.43268,35.63453],[127.43043,35.62999],[127.43629,35.62214],[127.44195,35.61902],[127.45385,35.6187],[127.46207,35.62221],[127.46872,35.62137],[127.47028,35.62684],[127.46642,35.63753],[127.47389,35.64711],[127.47658,35.66115],[127.4642,35.66759],[127.45973,35.67293],[127.46687,35.68484],[127.46488,35.69304],[127.47689,35.70071],[127.47845,35.70621],[127.47605,35.71845],[127.48356,35.72243],[127.492,35.73447],[127.5021,35.74053],[127.50876,35.74693],[127.51998,35.75055],[127.52276,35.7564],[127.51911,35.7584],[127.51741,35.76745],[127.51285,35.77119],[127.51121,35.77945],[127.51336,35.78638],[127.51105,35.7909],[127.51386,35.80033],[127.51837,35.80298],[127.52272,35.81306],[127.53314,35.8153],[127.54997,35.80574],[127.55287,35.80819],[127.55983,35.79867],[127.56731,35.79758],[127.57101,35.79288],[127.57866,35.79387],[127.58537,35.79777],[127.58556,35.8009],[127.59191,35.80285],[127.59569,35.80819],[127.59838,35.8053],[127.60251,35.81172],[127.60244,35.81712],[127.60751,35.83111],[127.61996,35.83894],[127.62455,35.84662],[127.61769,35.85926],[127.61281,35.85846],[127.59923,35.87229],[127.59791,35.87749],[127.60103,35.87971],[127.5931,35.88172],[127.59056,35.87831],[127.58242,35.87525],[127.57465,35.87891],[127.58485,35.89789],[127.58147,35.90579],[127.56884,35.91222],[127.56314,35.92286],[127.55496,35.92241],[127.54857,35.93306],[127.55301,35.93748],[127.55488,35.94694],[127.55233,35.94746],[127.5467,35.95994],[127.53385,35.97116],[127.53695,35.97816],[127.52731,35.97793],[127.52442,35.98508]]]},"properties":{"osm_id":7621812,"name":"진안군","sgg_code":"52720","mois_admin":"5272000000","admin_level":6,"code_source":"osm"}},
{"type":"Feature","geometry":{"type":"Polygon","coordinates":[[[127.69978,35.78817],[127.70942,35.79139],[127.71939,35.79732],[127.72421,35.80589],[127.72526,35.81318],[127.72965,35.813],[127.73246,35.82091],[127.73947,35.82971],[127.73778,35.83439],[127.74445,35.84442],[127.75253,35.8414],[127.75666,35.83729],[127.77276,35.83958],[127.77917,35.84724],[127.78757,35.85263],[127.79205,35.85241],[127.80436,35.85869],[127.81435,35.85389],[127.81941,35.86253],[127.82656,35.86835],[127.83273,35.86892],[127.84175,35.86625],[127.84433,35.87513],[127.85367,35.88134],[127.85053,35.89028],[127.85708,35.89499],[127.85954,35.90649],[127.87071,35.90435],[127.87951,35.90985],[127.88506,35.90961],[127.88807,35.91495],[127.88253,35.91924],[127.88321,35.93001],[127.89568,35.93419],[127.89896,35.9376],[127.90859,35.9416],[127.91137,35.94918],[127.90395,35.95409],[127.89645,35.97158],[127.89635,35.97766],[127.88961,35.97966],[127.89415,35.98464],[127.88697,35.99127],[127.87549,35.99698],[127.87827,36.00102],[127.8757,36.00894],[127.87677,36.02251],[127.86774,36.02377],[127.8606,36.03146],[127.85566,36.03293],[127.85281,36.03911],[127.8304,36.03523],[127.81979,36.0298],[127.8055,36.02596],[127.80108,36.02659],[127.79081,36.0188],[127.78756,36.01435],[127.78345,36.01644],[127.76998,36.01266],[127.76317,36.01259],[127.75727,36.01763],[127.76307,36.02174],[127.76189,36.02522],[127.75538,36.02415],[127.7462,36.02925],[127.73967,36.02529],[127.73709,36.03026],[127.73185,36.03262],[127.72759,36.03012],[127.73026,36.02148],[127.72523,36.01476],[127.71258,36.01886],[127.71754,36.02239],[127.72006,36.03051],[127.71669,36.0349],[127.70362,36.03441],[127.69646,36.0411],[127.69461,36.05898],[127.69074,36.05803],[127.68555,36.06219],[127.66917,36.05115],[127.67274,36.04163],[127.66441,36.03751],[127.65942,36.03963],[127.65444,36.05662],[127.64905,36.05799],[127.64809,36.06313],[127.6435,36.06739],[127.6383,36.06794],[127.62392,36.06727],[127.62055,36.06421],[127.61863,36.0496],[127.62084,36.03969],[127.62854,36.04204],[127.63145,36.03598],[127.63909,36.034],[127.64223,36.02842],[127.65844,36.0236],[127.65798,36.01992],[127.65112,36.01684],[127.64113,36.01875],[127.63528,36.02516],[127.63523,36.02941],[127.62999,36.03281],[127.62492,36.0245],[127.61256,36.02651],[127.60975,36.02353],[127.6169,36.01856],[127.6191,36.00797],[127.61682,35.98904],[127.6075,35.9878],[127.60566,35.99146],[127.60901,36.00042],[127.60423,36.00729],[127.60645,36.01193],[127.60011,36.01178],[127.59124,36.02515],[127.58256,36.02723],[127.57453,36.0233],[127.56776,36.03047],[127.55886,36.03339],[127.5522,36.03277],[127.54778,36.03821],[127.54098,36.03812],[127.53142,36.04084],[127.532,36.03457],[127.53688,36.03259],[127.53884,36.02588],[127.5361,36.02107],[127.5387,36.01055],[127.53216,36.00752],[127.53666,35.99645],[127.52442,35.98508],[127.52731,35.97793],[127.53695,35.97816],[127.53385,35.97116],[127.5467,35.95994],[127.55233,35.94746],[127.55488,35.94694],[127.55301,35.93748],[127.54857,35.93306],[127.55496,35.92241],[127.56314,35.92286],[127.56884,35.91222],[127.58147,35.90579],[127.58485,35.89789],[127.57465,35.87891],[127.58242,35.87525],[127.59056,35.87831],[127.5931,35.88172],[127.60103,35.87971],[127.59791,35.87749],[127.59923,35.87229],[127.61281,35.85846],[127.61769,35.85926],[127.62455,35.84662],[127.61996,35.83894],[127.62272,35.83132],[127.62091,35.82472],[127.63105,35.81246],[127.63426,35.81853],[127.64666,35.8122],[127.65491,35.81175],[127.66351,35.81808],[127.67077,35.80979],[127.6773,35.81026],[127.68677,35.80392],[127.68821,35.79552],[127.69978,35.78817]]]},"properties":{"osm_id":7621811,"name":"무주군","sgg_code":"52730","mois_admin":"5273000000","admin_level":6,"code_source":"osm"}},
{"type":"Feature","geometry":{"type":"Polygon","coordinates":[[[127.69978,35.78817],[127.68821,35.79552],[127.68677,35.80392],[127.6773,35.81026],[127.67077,35.80979],[127.66351,35.81808],[127.65491,35.81175],[127.64666,35.8122],[127.63426,35.81853],[127.63105,35.81246],[127.62091,35.82472],[127.62272,35.83132],[127.61996,35.83894],[127.60751,35.83111],[127.60244,35.81712],[127.60251,35.81172],[127.59838,35.8053],[127.59569,35.80819],[127.59191,35.80285],[127.58556,35.8009],[127.58537,35.79777],[127.57866,35.79387],[127.57101,35.79288],[127.56731,35.79758],[127.55983,35.79867],[127.55287,35.80819],[127.54997,35.80574],[127.53314,35.8153],[127.52272,35.81306],[127.51837,35.80298],[127.51386,35.80033],[127.51105,35.7909],[127.51336,35.78638],[127.51121,35.77945],[127.51285,35.77119],[127.51741,35.76745],[127.51911,35.7584],[127.52276,35.7564],[127.51998,35.75055],[127.50876,35.74693],[127.5021,35.74053],[127.492,35.73447],[127.48356,35.72243],[127.47605,35.71845],[127.47845,35.70621],[127.47689,35.70071],[127.46488,35.69304],[127.46687,35.68484],[127.45973,35.67293],[127.4642,35.66759],[127.47658,35.66115],[127.47389,35.64711],[127.46642,35.63753],[127.47028,35.62684],[127.46872,35.62137],[127.46207,35.62221],[127.45385,35.6187],[127.44195,35.61902],[127.43629,35.62214],[127.42586,35.61462],[127.41125,35.61492],[127.39901,35.61282],[127.3904,35.61697],[127.38261,35.61458],[127.3772,35.60864],[127.37896,35.60035],[127.37469,35.58929],[127.37689,35.58015],[127.38155,35.57757],[127.36774,35.57161],[127.36201,35.56205],[127.3631,35.55833],[127.3628,35.55566],[127.37722,35.54561],[127.3908,35.54337],[127.40107,35.54526],[127.40627,35.55136],[127.40879,35.55821],[127.41201,35.5581],[127.41735,35.55206],[127.42376,35.54831],[127.43325,35.54808],[127.4385,35.55063],[127.44148,35.54413],[127.44568,35.54385],[127.4523,35.5387],[127.45646,35.54414],[127.4679,35.54371],[127.46893,35.54006],[127.49163,35.53247],[127.49047,35.52562],[127.49611,35.52071],[127.50078,35.52009],[127.50083,35.5151],[127.51199,35.50633],[127.51251,35.49859],[127.52712,35.49508],[127.52851,35.49174],[127.5251,35.48444],[127.5139,35.47825],[127.51937,35.47715],[127.52454,35.4721],[127.54577,35.46719],[127.56179,35.4734],[127.55948,35.4803],[127.56355,35.48771],[127.57066,35.49134],[127.57793,35.49854],[127.58081,35.50751],[127.57914,35.51511],[127.57112,35.51812],[127.56793,35.52474],[127.56867,35.53322],[127.57188,35.53538],[127.57337,35.5453],[127.57966,35.54765],[127.58668,35.55461],[127.58717,35.56486],[127.59475,35.57408],[127.60301,35.57868],[127.6109,35.58638],[127.60761,35.59448],[127.61279,35.5987],[127.61238,35.60681],[127.62092,35.61507],[127.62871,35.61845],[127.63532,35.61857],[127.62838,35.62498],[127.62408,35.63213],[127.62323,35.63962],[127.61983,35.64275],[127.62222,35.65092],[127.6296,35.65709],[127.6282,35.66248],[127.63854,35.66957],[127.63925,35.67867],[127.64475,35.69867],[127.65185,35.7053],[127.66093,35.71008],[127.65966,35.71579],[127.66342,35.72488],[127.66082,35.73872],[127.66312,35.74185],[127.66178,35.7592],[127.66557,35.76932],[127.66929,35.77154],[127.67908,35.7692],[127.68472,35.77774],[127.69978,35.78817]]]},"properties":{"osm_id":7812364,"name":"장수군","sgg_code":"52740","mois_admin":"5274000000","admin_level":6,"code_source":"osm"}},
{"type":"Feature","geometry":{"type":"Polygon","coordinates":[[[127.27145,35.77761],[127.26501,35.77681],[127.26347,35.77171],[127.25432,35.76639],[127.24481,35.75612],[127.2462,35.74817],[127.25335,35.7416],[127.25246,35.73452],[127.25665,35.72996],[127.25129,35.72283],[127.25062,35.71795],[127.25625,35.70712],[127.2558,35.70129],[127.25932,35.69617],[127.25713,35.69],[127.25078,35.69073],[127.24189,35.68494],[127.23945,35.69049],[127.24061,35.69777],[127.23593,35.70261],[127.22395,35.71059],[127.20816,35.7093],[127.20529,35.71366],[127.20572,35.72202],[127.19739,35.72551],[127.19743,35.72777],[127.1876,35.73063],[127.18589,35.73509],[127.17859,35.73732],[127.17018,35.73293],[127.16108,35.72408],[127.15156,35.72422],[127.13911,35.71767],[127.13722,35.70631],[127.1386,35.69836],[127.12975,35.69132],[127.12529,35.68993],[127.12495,35.67846],[127.12649,35.67201],[127.1313,35.66964],[127.13143,35.6649],[127.12744,35.65663],[127.13246,35.6528],[127.13615,35.64614],[127.12739,35.63452],[127.11851,35.63257],[127.11409,35.6234],[127.10512,35.61799],[127.09297,35.62173],[127.09125,35.61299],[127.10002,35.60448],[127.10482,35.59598],[127.10258,35.59021],[127.09648,35.58744],[127.08634,35.58681],[127.08313,35.58453],[127.08439,35.57894],[127.09198,35.56961],[127.08393,35.55056],[127.09267,35.54801],[127.11624,35.53724],[127.11568,35.53239],[127.10556,35.5336],[127.09721,35.52687],[127.09915,35.52338],[127.0939,35.51874],[127.10963,35.51944],[127.1095,35.5093],[127.11593,35.50417],[127.12908,35.5037],[127.13366,35.49381],[127.13412,35.4862],[127.14133,35.4774],[127.14006,35.4699],[127.14419,35.46191],[127.15611,35.46079],[127.16496,35.46304],[127.17287,35.45979],[127.17788,35.46542],[127.17553,35.47303],[127.19443,35.48641],[127.19582,35.48908],[127.21013,35.49027],[127.21865,35.48663],[127.22804,35.47912],[127.23017,35.47459],[127.23656,35.47702],[127.24462,35.48448],[127.24877,35.48431],[127.25535,35.47927],[127.25714,35.48119],[127.26363,35.47468],[127.27144,35.47322],[127.2843,35.47894],[127.28874,35.47634],[127.29842,35.47821],[127.30864,35.47791],[127.30828,35.48713],[127.31116,35.4924],[127.32575,35.49412],[127.33279,35.49125],[127.34193,35.4946],[127.35266,35.4959],[127.35686,35.50082],[127.35635,35.51113],[127.35249,35.5126],[127.33927,35.52315],[127.33905,35.52629],[127.34635,35.52585],[127.35068,35.53371],[127.34828,35.5405],[127.34412,35.54075],[127.33532,35.54619],[127.33438,35.55269],[127.34045,35.55382],[127.35017,35.55107],[127.35955,35.55882],[127.3631,35.55833],[127.36201,35.56205],[127.36774,35.57161],[127.38155,35.57757],[127.37689,35.58015],[127.37469,35.58929],[127.37896,35.60035],[127.3772,35.60864],[127.38261,35.61458],[127.3904,35.61697],[127.39901,35.61282],[127.41125,35.61492],[127.42586,35.61462],[127.43629,35.62214],[127.43043,35.62999],[127.43268,35.63453],[127.42824,35.64219],[127.4209,35.64063],[127.40014,35.65014],[127.39301,35.65116],[127.38759,35.65553],[127.37826,35.65415],[127.37774,35.66446],[127.36498,35.6603],[127.36204,35.66697],[127.35687,35.66915],[127.34665,35.66539],[127.33568,35.66508],[127.32793,35.66095],[127.32327,35.66374],[127.31841,35.67667],[127.30621,35.68484],[127.29799,35.68278],[127.28807,35.68705],[127.29217,35.69083],[127.29215,35.71],[127.29347,35.71781],[127.28756,35.73324],[127.28119,35.73718],[127.28115,35.74291],[127.27426,35.7552],[127.26559,35.76245],[127.26607,35.76929],[127.27248,35.77403],[127.27145,35.77761]]]},"properties":{"osm_id":7621807,"name":"임실군","sgg_code":"52750","mois_admin":"5275000000","admin_level":6,"code_source":"osm"}},
{"type":"Feature","geometry":{"type":"Polygon","coordinates":[[[127.18677,35.33621],[127.19372,35.34012],[127.1871,35.34248],[127.18806,35.3488],[127.19308,35.3564],[127.20092,35.35649],[127.20717,35.36384],[127.21659,35.3716],[127.21181,35.37312],[127.21967,35.38489],[127.22607,35.39877],[127.23321,35.39749],[127.23718,35.40009],[127.24589,35.39828],[127.25061,35.40892],[127.2517,35.41732],[127.2574,35.42119],[127.26014,35.42697],[127.27542,35.42089],[127.27732,35.42423],[127.2881,35.4245],[127.2965,35.4334],[127.29793,35.44473],[127.30647,35.45286],[127.31103,35.46302],[127.31427,35.46622],[127.30864,35.47791],[127.29842,35.47821],[127.28874,35.47634],[127.2843,35.47894],[127.27144,35.47322],[127.26363,35.47468],[127.25714,35.48119],[127.25535,35.47927],[127.24877,35.48431],[127.24462,35.48448],[127.23656,35.47702],[127.23017,35.47459],[127.22804,35.47912],[127.21865,35.48663],[127.21013,35.49027],[127.19582,35.48908],[127.19443,35.48641],[127.17553,35.47303],[127.17788,35.46542],[127.17287,35.45979],[127.16496,35.46304],[127.15611,35.46079],[127.14419,35.46191],[127.14006,35.4699],[127.14133,35.4774],[127.13412,35.4862],[127.13366,35.49381],[127.12908,35.5037],[127.11593,35.50417],[127.1095,35.5093],[127.09174,35.50615],[127.08291,35.50679],[127.07598,35.51023],[127.07445,35.5138],[127.06681,35.51631],[127.06131,35.51128],[127.05431,35.50937],[127.05087,35.51174],[127.05184,35.51804],[127.04546,35.52146],[127.03913,35.52874],[127.02851,35.5323],[127.02209,35.53626],[127.01914,35.54613],[127.00822,35.54197],[126.99597,35.54007],[126.99286,35.53696],[126.98216,35.54813],[126.9812,35.55362],[126.97507,35.55613],[126.96274,35.54928],[126.96098,35.54462],[126.9512,35.53822],[126.95148,35.53268],[126.94692,35.5289],[126.93938,35.52785],[126.93554,35.5238],[126.93196,35.52536],[126.9283,35.51888],[126.92981,35.50955],[126.93365,35.50717],[126.93551,35.4958],[126.94169,35.49089],[126.93589,35.48802],[126.93586,35.48196],[126.9277,35.47912],[126.92265,35.48289],[126.91354,35.47681],[126.89381,35.48086],[126.8895,35.47839],[126.87706,35.48419],[126.87311,35.47967],[126.86255,35.48052],[126.86081,35.47423],[126.86517,35.46392],[126.86864,35.46204],[126.8811,35.45591],[126.88288,35.45236],[126.89677,35.44799],[126.89964,35.4427],[126.90511,35.44082],[126.89808,35.43605],[126.89761,35.43295],[126.90432,35.4297],[126.90187,35.42302],[126.90738,35.42023],[126.90825,35.41627],[126.91615,35.41584],[126.92078,35.41086],[126.91661,35.40492],[126.91945,35.40194],[126.93324,35.40609],[126.93293,35.39524],[126.94129,35.39413],[126.95427,35.39664],[126.9631,35.39495],[126.97647,35.40074],[126.97598,35.40727],[126.97029,35.41979],[126.97138,35.42767],[126.98163,35.42665],[126.98507,35.43006],[126.98337,35.43375],[126.98956,35.43909],[126.99455,35.4398],[127.00056,35.45396],[126.99802,35.4573],[127.00303,35.46446],[127.01429,35.45782],[127.02348,35.46397],[127.03472,35.46657],[127.03652,35.45981],[127.03499,35.44764],[127.04018,35.43179],[127.04461,35.43355],[127.05231,35.42652],[127.04514,35.40722],[127.04693,35.40219],[127.04171,35.39872],[127.02702,35.39986],[127.03046,35.39009],[127.03954,35.38401],[127.0391,35.38014],[127.05055,35.37803],[127.05586,35.38454],[127.06498,35.37595],[127.06359,35.3699],[127.07061,35.36551],[127.06522,35.35591],[127.0699,35.3514],[127.06717,35.34564],[127.07029,35.3398],[127.06238,35.33625],[127.05525,35.34106],[127.05233,35.34026],[127.05076,35.32915],[127.04309,35.32189],[127.04621,35.3186],[127.06178,35.31713],[127.06896,35.31144],[127.07185,35.31243],[127.08928,35.30669],[127.09679,35.3018],[127.10524,35.29923],[127.11685,35.29996],[127.12457,35.30344],[127.12998,35.30913],[127.14382,35.3084],[127.14634,35.31529],[127.15169,35.31786],[127.16025,35.32725],[127.17115,35.33289],[127.17296,35.33047],[127.18677,35.33621]]]},"properties":{"osm_id":7621809,"name":"순창군","sgg_code":"52770","mois_admin":"5277000000","admin_level":6,"code_source":"osm"}},
{"type":"Feature","geometry":{"type":"Polygon","coordinates":[[[126.71813,35.57327],[126.70243,35.57447],[126.69805,35.56925],[126.69325,35.57118],[126.68662,35.5695],[126.67776,35.57195],[126.67334,35.56977],[126.66423,35.56602],[126.66815,35.55259],[126.66257,35.55902],[126.645,35.5725],[126.63389,35.57466],[126.62606,35.57346],[126.62382,35.56828],[126.6141,35.57044],[126.61091,35.55766],[126.59779,35.54441],[126.5992,35.54182],[126.59413,35.53493],[126.59977,35.52431],[126.59867,35.52271],[126.59244,35.5342],[126.59547,35.54012],[126.58115,35.54451],[126.56168,35.54178],[126.55588,35.5369],[126.5487,35.53755],[126.5419,35.52736],[126.53695,35.52946],[126.54112,35.53407],[126.52682,35.53481],[126.5255,35.53255],[126.51506,35.53237],[126.50234,35.52531],[126.49423,35.51383],[126.50065,35.51103],[126.49112,35.51177],[126.48605,35.52249],[126.47762,35.5082],[126.47343,35.50335],[126.46279,35.48454],[126.44101,35.45069],[126.43728,35.45003],[126.42852,35.43514],[126.4316,35.43215],[126.44135,35.43561],[126.44795,35.43469],[126.44696,35.42924],[126.45336,35.42688],[126.46855,35.42515],[126.47603,35.42933],[126.48088,35.42104],[126.49288,35.40924],[126.48941,35.39779],[126.48972,35.39347],[126.47738,35.38618],[126.48318,35.38389],[126.48328,35.38057],[126.49241,35.37399],[126.49664,35.37402],[126.49615,35.3576],[126.49214,35.35411],[126.49648,35.34989],[126.49919,35.35426],[126.50824,35.36164],[126.51315,35.35812],[126.52053,35.34835],[126.51751,35.33414],[126.514,35.32711],[126.52101,35.32512],[126.52438,35.31349],[126.52949,35.31257],[126.53232,35.30674],[126.54813,35.31347],[126.56129,35.31169],[126.56391,35.30907],[126.57267,35.31006],[126.57866,35.3032],[126.58491,35.30079],[126.58797,35.30554],[126.58945,35.31751],[126.58333,35.31813],[126.5804,35.32389],[126.58706,35.33081],[126.59461,35.32902],[126.6045,35.33556],[126.61553,35.32851],[126.61986,35.32402],[126.63143,35.32029],[126.6448,35.31978],[126.64879,35.32249],[126.64438,35.32738],[126.65153,35.32564],[126.65915,35.33397],[126.66026,35.34321],[126.6669,35.35183],[126.68052,35.34601],[126.68406,35.34175],[126.69185,35.35196],[126.69891,35.34868],[126.70484,35.36548],[126.7196,35.36506],[126.73076,35.37588],[126.7317,35.39293],[126.72282,35.39999],[126.737,35.40322],[126.74493,35.40862],[126.7474,35.41391],[126.75442,35.41563],[126.75184,35.42265],[126.75218,35.43477],[126.73841,35.44894],[126.7412,35.45214],[126.74931,35.45065],[126.76364,35.46582],[126.77288,35.46808],[126.7703,35.48222],[126.76677,35.48568],[126.76478,35.49345],[126.76842,35.49614],[126.76989,35.50884],[126.75984,35.51124],[126.76092,35.51693],[126.77399,35.52284],[126.76114,35.53299],[126.76256,35.54533],[126.76623,35.54914],[126.76198,35.5551],[126.76937,35.56077],[126.76018,35.57199],[126.75709,35.57351],[126.74458,35.56911],[126.74191,35.57138],[126.73683,35.56839],[126.72789,35.57247],[126.71813,35.57327]]]},"properties":{"osm_id":7624186,"name":"고창군","sgg_code":"52790","mois_admin":"5279000000","admin_level":6,"code_source":"osm"}},
{"type":"Feature","geometry":{"type":"MultiPolygon","coordinates":[[[[126.82747,35.71475],[126.82248,35.71681],[126.81306,35.71563],[126.81632,35.71977],[126.81712,35.72718],[126.81216,35.72302],[126.81365,35.72897],[126.80761,35.72622],[126.8067,35.74542],[126.79893,35.74264],[126.79666,35.74448],[126.79626,35.75321],[126.78405,35.75446],[126.77966,35.75702],[126.77102,35.77885],[126.76296,35.79664],[126.73528,35.80314],[126.6982,35.81287],[126.70436,35.80109],[126.68307,35.80556],[126.65867,35.81778],[126.64222,35.82162],[126.61254,35.81677],[126.59898,35.81266],[126.58988,35.80807],[126.56928,35.79401],[126.53744,35.75327],[126.53091,35.73864],[126.5233,35.73135],[126.52423,35.73176],[126.5255,35.73097],[126.53235,35.72585],[126.55643,35.69777],[126.53798,35.68969],[126.53329,35.69053],[126.5322,35.68429],[126.52625,35.67489],[126.52502,35.6782],[126.51323,35.66545],[126.5107,35.6655],[126.49952,35.65686],[126.49198,35.65515],[126.47954,35.64347],[126.46699,35.64218],[126.46034,35.63442],[126.46703,35.63493],[126.46971,35.62807],[126.4658,35.62465],[126.46974,35.61871],[126.46366,35.61762],[126.46126,35.61006],[126.46494,35.60477],[126.47547,35.60306],[126.48828,35.59446],[126.48809,35.58933],[126.49204,35.58587],[126.50037,35.58513],[126.51141,35.57923],[126.51062,35.58277],[126.51526,35.58762],[126.51678,35.58063],[126.53187,35.5799],[126.53154,35.58388],[126.54105,35.58828],[126.5473,35.58416],[126.57516,35.59037],[126.58514,35.58774],[126.59293,35.58832],[126.59888,35.5944],[126.60473,35.58591],[126.6224,35.58858],[126.62167,35.59407],[126.62685,35.59117],[126.63981,35.59541],[126.63983,35.59257],[126.64641,35.59],[126.65148,35.59529],[126.65895,35.58993],[126.66828,35.57255],[126.67334,35.56977],[126.67776,35.57195],[126.68662,35.5695],[126.69325,35.57118],[126.69805,35.56925],[126.70243,35.57447],[126.71813,35.57327],[126.71558,35.57963],[126.71779,35.58379],[126.72425,35.58364],[126.72442,35.59183],[126.71996,35.6104],[126.72319,35.61776],[126.72066,35.6311],[126.72284,35.63202],[126.72683,35.6482],[126.7356,35.6492],[126.74221,35.65847],[126.744,35.66643],[126.7501,35.66353],[126.75155,35.66774],[126.76312,35.66203],[126.76499,35.67318],[126.77298,35.68358],[126.78346,35.6758],[126.78822,35.67507],[126.7985,35.68472],[126.80579,35.67579],[126.8088,35.68076],[126.81411,35.68276],[126.8271,35.67999],[126.8288,35.68438],[126.83459,35.68703],[126.83932,35.70016],[126.82634,35.71201],[126.82747,35.71475]]],[[[126.12469,35.64373],[126.12152,35.6458],[126.11313,35.64451],[126.11162,35.63977],[126.11629,35.63785],[126.12086,35.64056],[126.12406,35.63412],[126.13031,35.63678],[126.12469,35.64373]]],[[[126.106,35.65896],[126.11206,35.66534],[126.11009,35.66746],[126.10035,35.65985],[126.106,35.65896]]],[[[126.24294,35.57486],[126.24938,35.57428],[126.2453,35.57833],[126.24294,35.57486]]],[[[126.28405,35.60743],[126.27534,35.6043],[126.27083,35.60867],[126.26858,35.60638],[126.27267,35.59893],[126.26339,35.59539],[126.25714,35.59834],[126.2582,35.59378],[126.27081,35.59263],[126.27012,35.58963],[126.24958,35.5887],[126.25147,35.58026],[126.25502,35.58013],[126.25444,35.57303],[126.26321,35.57088],[126.26641,35.57663],[126.2749,35.57761],[126.28744,35.58842],[126.29001,35.59256],[126.30272,35.59506],[126.30472,35.60018],[126.31138,35.60396],[126.31552,35.61017],[126.30735,35.62064],[126.30054,35.61744],[126.30274,35.6121],[126.29685,35.61248],[126.29494,35.60478],[126.29185,35.6099],[126.28712,35.60872],[126.28402,35.61445],[126.2759,35.6128],[126.28405,35.60743]]],[[[126.29446,35.61792],[126.28777,35.61475],[126.29161,35.6108],[126.29446,35.61792]]],[[[126.2844,35.62203],[126.29491,35.629],[126.29173,35.63276],[126.28482,35.63156],[126.27883,35.63494],[126.27618,35.62767],[126.28603,35.63023],[126.28244,35.62449],[126.2844,35.62203]]]]},"properties":{"osm_id":7619921,"name":"부안군","sgg_code":"52800","mois_admin":"5280000000","admin_level":6,"code_source":"osm"}},
{"type":"Feature","geometry":{"type":"Polygon","coordinates":[[[126.72529,37.59203],[126.71617,37.59961],[126.71547,37.6039],[126.70829,37.60493],[126.704,37.60277],[126.70554,37.61175],[126.69865,37.61744],[126.68368,37.6253],[126.67262,37.63394],[126.65923,37.63863],[126.65116,37.63802],[126.6468,37.62813],[126.63725,37.62782],[126.63796,37.62379],[126.62924,37.61154],[126.62533,37.60288],[126.61649,37.60335],[126.614,37.60634],[126.60302,37.59863],[126.57592,37.58694],[126.5888,37.56978],[126.58663,37.5667],[126.59026,37.56238],[126.60117,37.5615],[126.60219,37.55799],[126.61718,37.56467],[126.63863,37.57056],[126.66693,37.57241],[126.68358,37.57125],[126.70067,37.57187],[126.68253,37.57718],[126.682,37.58374],[126.70766,37.57983],[126.71365,37.57757],[126.71704,37.58019],[126.71813,37.58748],[126.72529,37.59203]]]},"properties":{"osm_id":15864779,"name":"검단구","sgg_code":null,"mois_admin":null,"admin_level":6,"code_source":null}},
{"type":"Feature","geometry":{"type":"Polygon","coordinates":[[[129.34819,35.54923],[129.33141,35.55042],[129.32543,35.54959],[129.3071,35.55289],[129.30331,35.54702],[129.29688,35.54489],[129.28035,35.55313],[129.27156,35.55326],[129.2658,35.55688],[129.2602,35.55161],[129.25629,35.55412],[129.2497,35.54447],[129.23897,35.53959],[129.23675,35.53601],[129.2458,35.53591],[129.24811,35.53313],[129.25714,35.53434],[129.26214,35.52903],[129.2645,35.53075],[129.275,35.52837],[129.27427,35.52356],[129.28857,35.5149],[129.28915,35.50928],[129.30296,35.4947],[129.3062,35.49759],[129.3105,35.49255],[129.31887,35.49111],[129.32009,35.48746],[129.32699,35.48923],[129.33727,35.4817],[129.33953,35.47518],[129.35037,35.46826],[129.35432,35.45928],[129.36866,35.45425],[129.37351,35.46211],[129.37757,35.46095],[129.38324,35.46825],[129.38091,35.47168],[129.38549,35.47757],[129.38474,35.48423],[129.38917,35.48766],[129.37928,35.49993],[129.36754,35.4979],[129.36363,35.50402],[129.37134,35.50086],[129.38008,35.50296],[129.38675,35.50113],[129.38588,35.5164],[129.375,35.51755],[129.37243,35.52358],[129.37797,35.52799],[129.3653,35.54056],[129.35651,35.54607],[129.34819,35.54923]]]},"properties":{"osm_id":8127814,"name":"남구","sgg_code":"31140","mois_admin":"3114000000","admin_level":6,"code_source":"manual"}},
{"type":"Feature","geometry":{"type":"Polygon","coordinates":[[[129.45288,35.57175],[129.44562,35.56769],[129.43177,35.56743],[129.42043,35.56407],[129.4135,35.55897],[129.41354,35.55489],[129.40727,35.55037],[129.40875,35.54553],[129.4068,35.53781],[129.40159,35.52957],[129.41062,35.52446],[129.40927,35.51695],[129.40347,35.52046],[129.39326,35.52234],[129.38775,35.5273],[129.39709,35.51195],[129.39575,35.50124],[129.40328,35.49979],[129.40845,35.49325],[129.40422,35.48731],[129.40445,35.4774],[129.41184,35.47203],[129.41832,35.48214],[129.42475,35.48124],[129.42887,35.48481],[129.43418,35.48113],[129.44435,35.49425],[129.43422,35.49215],[129.43114,35.49538],[129.435,35.49931],[129.44272,35.50123],[129.44325,35.50587],[129.43202,35.50533],[129.43282,35.51097],[129.44539,35.51112],[129.45058,35.52479],[129.44026,35.52225],[129.43867,35.52858],[129.4464,35.52905],[129.45407,35.52587],[129.45141,35.53777],[129.45236,35.54348],[129.45753,35.55252],[129.45825,35.55742],[129.45288,35.57175]]]},"properties":{"osm_id":8127813,"name":"동구","sgg_code":"31170","mois_admin":"3117000000","admin_level":6,"code_source":"manual"}},
{"type":"Feature","geometry":{"type":"Polygon","coordinates":[[[129.34819,35.54923],[129.35651,35.54607],[129.36883,35.54475],[129.37481,35.53936],[129.37678,35.53788],[129.38775,35.5273],[129.39326,35.52234],[129.40347,35.52046],[129.40927,35.51695],[129.41062,35.52446],[129.40159,35.52957],[129.4068,35.53781],[129.40875,35.54553],[129.40727,35.55037],[129.41354,35.55489],[129.4135,35.55897],[129.42043,35.56407],[129.43177,35.56743],[129.44562,35.56769],[129.45288,35.57175],[129.45384,35.58056],[129.46387,35.5859],[129.46442,35.59946],[129.46217,35.6063],[129.45713,35.60893],[129.45776,35.61398],[129.45115,35.61445],[129.44976,35.61945],[129.44373,35.62503],[129.44117,35.63222],[129.44345,35.63461],[129.44144,35.64249],[129.44979,35.65107],[129.44201,35.65494],[129.43514,35.65245],[129.43275,35.65668],[129.42841,35.65559],[129.41096,35.66383],[129.4031,35.66306],[129.40068,35.6672],[129.38155,35.67113],[129.37265,35.66927],[129.36404,35.67891],[129.35358,35.6794],[129.3399,35.66964],[129.33411,35.66976],[129.32864,35.66261],[129.32987,35.65877],[129.31874,35.65659],[129.31118,35.66051],[129.30443,35.65696],[129.30292,35.64771],[129.29837,35.64758],[129.29655,35.64345],[129.29841,35.63237],[129.29501,35.62561],[129.29507,35.6179],[129.30058,35.61399],[129.29634,35.60749],[129.29074,35.59275],[129.30384,35.59382],[129.31022,35.58901],[129.3226,35.59737],[129.33166,35.59883],[129.33451,35.59356],[129.34174,35.59622],[129.34843,35.59535],[129.34867,35.58172],[129.3522,35.57485],[129.35327,35.56031],[129.34932,35.55798],[129.34819,35.54923]]]},"properties":{"osm_id":8127817,"name":"북구","sgg_code":"31200","mois_admin":"3120000000","admin_level":6,"code_source":"manual"}},
{"type":"Feature","geometry":{"type":"MultiPolygon","coordinates":[[[[126.70067,37.57187],[126.68358,37.57125],[126.66693,37.57241],[126.63863,37.57056],[126.61718,37.56467],[126.60219,37.55799],[126.60693,37.55446],[126.59657,37.54861],[126.59927,37.53321],[126.60246,37.53324],[126.60278,37.51381],[126.60441,37.50877],[126.60459,37.49588],[126.62279,37.49624],[126.63077,37.50047],[126.63078,37.50414],[126.63941,37.50421],[126.63983,37.49555],[126.6606,37.48526],[126.67437,37.47576],[126.68579,37.47158],[126.68799,37.47114],[126.68427,37.4736],[126.69101,37.47946],[126.69264,37.48538],[126.69925,37.48523],[126.69764,37.49016],[126.69224,37.49247],[126.69352,37.49754],[126.6833,37.51455],[126.68615,37.52175],[126.68989,37.52358],[126.68366,37.53551],[126.69152,37.53555],[126.69274,37.54127],[126.70538,37.54139],[126.71161,37.55284],[126.69949,37.5589],[126.70316,37.56496],[126.69854,37.56896],[126.70067,37.57187]]],[[[126.56165,37.57519],[126.55575,37.57896],[126.5553,37.57553],[126.56934,37.57011],[126.57121,37.57252],[126.56165,37.57519]]]]},"properties":{"osm_id":19416425,"name":"서해구","sgg_code":null,"mois_admin":null,"admin_level":6,"code_source":null}},
{"type":"Feature","geometry":{"type":"MultiPolygon","coordinates":[[[[126.43966,37.38597],[126.4316,37.38986],[126.42264,37.40112],[126.41329,37.40551],[126.41408,37.40928],[126.40755,37.41232],[126.3999,37.4019],[126.40062,37.39603],[126.39582,37.39268],[126.40465,37.39176],[126.40846,37.38614],[126.40995,37.37438],[126.40751,37.37288],[126.41629,37.36517],[126.42434,37.36818],[126.4336,37.36891],[126.43381,37.37455],[126.44031,37.37842],[126.43502,37.38189],[126.44164,37.382],[126.43966,37.38597]]],[[[126.38941,37.40167],[126.39036,37.39647],[126.39609,37.40282],[126.38941,37.40167]]],[[[126.35809,37.45748],[126.36682,37.45762],[126.37196,37.44688],[126.37046,37.44366],[126.36389,37.44251],[126.38998,37.43949],[126.39504,37.44607],[126.40411,37.43884],[126.41323,37.43545],[126.41822,37.42829],[126.4204,37.42137],[126.42776,37.42296],[126.4427,37.42113],[126.48423,37.44453],[126.49222,37.45432],[126.50713,37.46602],[126.53864,37.47599],[126.54941,37.47631],[126.56454,37.47954],[126.57047,37.48467],[126.58062,37.48924],[126.57672,37.50406],[126.56925,37.5079],[126.56487,37.51445],[126.5541,37.51806],[126.54693,37.51755],[126.53161,37.52463],[126.52481,37.52495],[126.52252,37.53044],[126.51185,37.53392],[126.49938,37.53092],[126.49661,37.5261],[126.49389,37.50752],[126.47802,37.50055],[126.46968,37.49867],[126.44886,37.4994],[126.41911,37.49706],[126.41667,37.49621],[126.37424,37.47212],[126.36427,37.47465],[126.35908,37.4727],[126.35556,37.46757],[126.35809,37.45748]]],[[[126.54701,37.52448],[126.55812,37.52118],[126.57523,37.5212],[126.57512,37.53735],[126.57636,37.54355],[126.56803,37.54097],[126.55978,37.54786],[126.54928,37.54782],[126.54175,37.54375],[126.54399,37.5388],[126.53527,37.53053],[126.54701,37.52448]]]]},"properties":{"osm_id":13349474,"name":"영종구","sgg_code":null,"mois_admin":null,"admin_level":6,"code_source":null}},
{"type":"Feature","geometry":{"type":"Polygon","coordinates":[[[129.00307,35.62051],[129.00747,35.61607],[129.02026,35.61537],[129.02324,35.61302],[129.02337,35.60196],[129.0255,35.59911],[129.01944,35.58355],[129.01241,35.58208],[128.99451,35.56662],[128.98773,35.56466],[128.98129,35.56582],[128.97074,35.56107],[128.97417,35.55304],[128.98275,35.54703],[128.98958,35.55093],[128.99724,35.544],[128.99882,35.53788],[128.99479,35.52775],[129.00599,35.52889],[129.01286,35.52273],[129.02701,35.52672],[129.03313,35.52547],[129.05605,35.53183],[129.05665,35.52679],[129.052,35.52433],[129.05279,35.5142],[129.07141,35.50582],[129.08678,35.50184],[129.09072,35.49809],[129.10197,35.49789],[129.10725,35.49502],[129.10983,35.47982],[129.11699,35.47619],[129.12174,35.46594],[129.1297,35.45857],[129.13564,35.45638],[129.13956,35.44908],[129.15183,35.44207],[129.16079,35.43515],[129.16815,35.43172],[129.17845,35.43214],[129.18978,35.43466],[129.19707,35.43914],[129.20265,35.42962],[129.20051,35.42354],[129.21084,35.41895],[129.2177,35.41315],[129.21889,35.40714],[129.21101,35.40132],[129.20969,35.39612],[129.20294,35.38788],[129.20838,35.38107],[129.21849,35.37881],[129.23098,35.38219],[129.23606,35.37929],[129.24294,35.38629],[129.26217,35.38513],[129.26565,35.38744],[129.26816,35.37948],[129.27754,35.37161],[129.27943,35.36622],[129.2837,35.36587],[129.28091,35.35621],[129.28389,35.35309],[129.28319,35.34338],[129.28076,35.34109],[129.28865,35.34021],[129.30312,35.33575],[129.30659,35.33085],[129.30741,35.3286],[129.30772,35.32807],[129.3125,35.32986],[129.31642,35.33878],[129.32513,35.34768],[129.33217,35.34716],[129.33455,35.35535],[129.34066,35.35636],[129.34465,35.35133],[129.35012,35.35495],[129.35874,35.35533],[129.3625,35.35914],[129.36053,35.36453],[129.35532,35.36595],[129.35485,35.37158],[129.34506,35.37537],[129.34568,35.38927],[129.35437,35.39302],[129.35436,35.39854],[129.36284,35.40177],[129.36431,35.42471],[129.3625,35.42605],[129.37141,35.4353],[129.36653,35.43711],[129.37338,35.44717],[129.36957,35.44885],[129.36459,35.44145],[129.35522,35.43827],[129.35978,35.44792],[129.34988,35.44823],[129.3474,35.46436],[129.33739,35.47423],[129.33953,35.47518],[129.33727,35.4817],[129.32699,35.48923],[129.32009,35.48746],[129.31887,35.49111],[129.3105,35.49255],[129.3062,35.49759],[129.30296,35.4947],[129.28915,35.50928],[129.28857,35.5149],[129.27427,35.52356],[129.275,35.52837],[129.2645,35.53075],[129.26214,35.52903],[129.25714,35.53434],[129.24811,35.53313],[129.2458,35.53591],[129.23675,35.53601],[129.23897,35.53959],[129.2497,35.54447],[129.25629,35.55412],[129.2602,35.55161],[129.2658,35.55688],[129.25926,35.56095],[129.25695,35.56678],[129.25936,35.57771],[129.25572,35.57988],[129.25302,35.58969],[129.26665,35.5849],[129.27082,35.58707],[129.28201,35.58386],[129.28111,35.58087],[129.29449,35.57604],[129.29413,35.58515],[129.29074,35.59275],[129.29634,35.60749],[129.30058,35.61399],[129.29507,35.6179],[129.29501,35.62561],[129.29841,35.63237],[129.29655,35.64345],[129.2832,35.65113],[129.27598,35.65269],[129.26908,35.65074],[129.26002,35.65478],[129.25518,35.66009],[129.25409,35.6663],[129.25981,35.67299],[129.2587,35.68351],[129.2623,35.68568],[129.26265,35.69188],[129.25867,35.69904],[129.23423,35.70493],[129.23303,35.70996],[129.22503,35.71131],[129.20649,35.72266],[129.19928,35.71507],[129.18119,35.72296],[129.17851,35.71716],[129.17027,35.71256],[129.161,35.71409],[129.15307,35.72216],[129.14755,35.72421],[129.13895,35.72081],[129.13542,35.71144],[129.12901,35.71488],[129.12615,35.70852],[129.11957,35.70679],[129.10279,35.70659],[129.09689,35.70279],[129.08425,35.69784],[129.07691,35.69279],[129.06997,35.68181],[129.07259,35.67736],[129.06898,35.67003],[129.0682,35.65845],[129.07362,35.65536],[129.08165,35.64645],[129.08144,35.64269],[129.07605,35.64005],[129.0732,35.64338],[129.06062,35.64746],[129.0472,35.65016],[129.04024,35.63595],[129.03579,35.63188],[129.02747,35.63569],[129.02103,35.63478],[129.01871,35.62915],[129.00307,35.62051]]]},"properties":{"osm_id":8127815,"name":"울주군","sgg_code":"31710","mois_admin":"3171000000","admin_level":6,"code_source":"manual"}},
{"type":"Feature","geometry":{"type":"Polygon","coordinates":[[[126.67437,37.47576],[126.6606,37.48526],[126.63983,37.49555],[126.63632,37.49591],[126.60807,37.48681],[126.60275,37.48433],[126.59506,37.47017],[126.60029,37.46696],[126.59574,37.46423],[126.59577,37.45808],[126.60213,37.46032],[126.60327,37.45668],[126.59344,37.45483],[126.59697,37.44933],[126.59318,37.44934],[126.5943,37.43833],[126.60106,37.4387],[126.61096,37.4543],[126.6139,37.45309],[126.61065,37.44794],[126.61862,37.4447],[126.61667,37.44154],[126.60996,37.44433],[126.60786,37.44106],[126.6154,37.43797],[126.61024,37.43015],[126.63252,37.42999],[126.63212,37.43201],[126.62925,37.44723],[126.63039,37.45014],[126.6295,37.45167],[126.63898,37.4634],[126.64404,37.46625],[126.64188,37.46929],[126.64986,37.46931],[126.65509,37.48407],[126.67437,37.47576]]]},"properties":{"osm_id":14550622,"name":"제물포구","sgg_code":null,"mois_admin":null,"admin_level":6,"code_source":null}},
{"type":"Feature","geometry":{"type":"Polygon","coordinates":[[[129.2658,35.55688],[129.27156,35.55326],[129.28035,35.55313],[129.29688,35.54489],[129.30331,35.54702],[129.3071,35.55289],[129.32543,35.54959],[129.33141,35.55042],[129.34819,35.54923],[129.34932,35.55798],[129.35327,35.56031],[129.3522,35.57485],[129.34867,35.58172],[129.34843,35.59535],[129.34174,35.59622],[129.33451,35.59356],[129.33166,35.59883],[129.3226,35.59737],[129.31022,35.58901],[129.30384,35.59382],[129.29074,35.59275],[129.29413,35.58515],[129.29449,35.57604],[129.28111,35.58087],[129.28201,35.58386],[129.27082,35.58707],[129.26665,35.5849],[129.25302,35.58969],[129.25572,35.57988],[129.25936,35.57771],[129.25695,35.56678],[129.25926,35.56095],[129.2658,35.55688]]]},"properties":{"osm_id":8127816,"name":"중구","sgg_code":"31110","mois_admin":"3111000000","admin_level":6,"code_source":"manual"}}
]}