{"type":"FeatureCollection", "features": [
{"type":"Feature","geometry":{"type":"Polygon","coordinates":[[[126.96671,37.5658],[126.96904,37.5682],[126.97637,37.56948],[126.98647,37.56827],[127.01742,37.57014],[127.02342,37.57192],[127.02318,37.57805],[127.01872,37.57762],[127.01468,37.58225],[127.00886,37.58035],[127.00662,37.58605],[127.00092,37.59227],[126.98905,37.59136],[126.97673,37.59794],[126.97847,37.60102],[126.98667,37.60403],[126.98653,37.61399],[126.98013,37.62788],[126.97491,37.62878],[126.97526,37.63164],[126.97295,37.63235],[126.95848,37.62937],[126.9489,37.62526],[126.95041,37.61075],[126.95408,37.60511],[126.95326,37.59861],[126.95805,37.59821],[126.9573,37.58867],[126.95824,37.58112],[126.9536,37.57881],[126.96671,37.5658]]]},"properties":{"osm_id":2419946,"name":"종로구","sgg_code":"11110","mois_admin":"1111000000","admin_level":6,"code_source":"osm"}},
{"type":"Feature","geometry":{"type":"Polygon","coordinates":[[[126.96163,37.55908],[126.96244,37.55155],[126.96916,37.55564],[126.97637,37.55311],[126.98536,37.55373],[126.99522,37.54764],[127.00414,37.55039],[127.00482,37.54644],[127.009,37.54398],[127.00927,37.54721],[127.01613,37.55263],[127.01792,37.55666],[127.02245,37.5591],[127.02676,37.56508],[127.02359,37.56523],[127.02342,37.57192],[127.01742,37.57014],[126.98647,37.56827],[126.97637,37.56948],[126.96904,37.5682],[126.96671,37.5658],[126.96947,37.56197],[126.96163,37.55908]]]},"properties":{"osm_id":2419947,"name":"중구","sgg_code":"11140","mois_admin":"1114000000","admin_level":6,"code_source":"osm"}},
{"type":"Feature","geometry":{"type":"Polygon","coordinates":[[[126.94886,37.51967],[126.96513,37.51269],[126.97327,37.50712],[126.9808,37.50647],[126.9854,37.50652],[126.98815,37.50965],[127.0042,37.52168],[127.00838,37.52588],[127.01752,37.53498],[127.01715,37.53744],[127.00961,37.53953],[127.009,37.54398],[127.00482,37.54644],[127.00414,37.55039],[126.99522,37.54764],[126.98536,37.55373],[126.97637,37.55311],[126.96916,37.55564],[126.96244,37.55155],[126.9639,37.54975],[126.95791,37.54545],[126.95835,37.54276],[126.95337,37.53751],[126.94458,37.53377],[126.94993,37.52655],[126.94886,37.51967]]]},"properties":{"osm_id":2419955,"name":"용산구","sgg_code":"11170","mois_admin":"1117000000","admin_level":6,"code_source":"osm"}},
{"type":"Feature","geometry":{"type":"Polygon","coordinates":[[[127.07225,37.56002],[127.05938,37.56228],[127.04849,37.56998],[127.03822,37.57302],[127.03036,37.56981],[127.02342,37.57192],[127.02359,37.56523],[127.02676,37.56508],[127.02245,37.5591],[127.01792,37.55666],[127.01613,37.55263],[127.00927,37.54721],[127.009,37.54398],[127.00961,37.53953],[127.01715,37.53744],[127.01752,37.53498],[127.02595,37.53998],[127.05203,37.53255],[127.0572,37.53012],[127.07376,37.55943],[127.07225,37.56002]]]},"properties":{"osm_id":2419953,"name":"성동구","sgg_code":"11200","mois_admin":"1120000000","admin_level":6,"code_source":"osm"}},
{"type":"Feature","geometry":{"type":"Polygon","coordinates":[[[127.0572,37.53012],[127.06659,37.52488],[127.07948,37.52277],[127.08717,37.52508],[127.105,37.5379],[127.10951,37.54403],[127.11517,37.55648],[127.11312,37.56023],[127.10448,37.55564],[127.10124,37.56091],[127.10398,37.57116],[127.10096,37.57343],[127.09177,37.56955],[127.07842,37.57183],[127.07225,37.56002],[127.07376,37.55943],[127.0572,37.53012]]]},"properties":{"osm_id":2419945,"name":"광진구","sgg_code":"11215","mois_admin":"1121500000","admin_level":6,"code_source":"osm"}},
{"type":"Feature","geometry":{"type":"Polygon","coordinates":[[[127.02342,37.57192],[127.03036,37.56981],[127.03822,37.57302],[127.04849,37.56998],[127.05938,37.56228],[127.07225,37.56002],[127.07842,37.57183],[127.07775,37.58006],[127.07117,37.58856],[127.06938,37.5959],[127.07238,37.60069],[127.07177,37.60683],[127.06229,37.60515],[127.05918,37.60103],[127.05047,37.60062],[127.04729,37.59617],[127.04299,37.59697],[127.02954,37.58268],[127.02318,37.57805],[127.02342,37.57192]]]},"properties":{"osm_id":2419941,"name":"동대문구","sgg_code":"11230","mois_admin":"1123000000","admin_level":6,"code_source":"osm"}},
{"type":"Feature","geometry":{"type":"Polygon","coordinates":[[[127.07842,37.57183],[127.09177,37.56955],[127.10096,37.57343],[127.10418,37.58122],[127.10843,37.58319],[127.11027,37.58889],[127.11606,37.59441],[127.11394,37.59932],[127.11821,37.60376],[127.11603,37.61938],[127.10573,37.62087],[127.0958,37.61742],[127.08878,37.6202],[127.08182,37.61924],[127.07137,37.61524],[127.07177,37.60683],[127.07238,37.60069],[127.06938,37.5959],[127.07117,37.58856],[127.07775,37.58006],[127.07842,37.57183]]]},"properties":{"osm_id":2419948,"name":"중랑구","sgg_code":"11260","mois_admin":"1126000000","admin_level":6,"code_source":"osm"}},
{"type":"Feature","geometry":{"type":"Polygon","coordinates":[[[126.98452,37.63654],[126.97526,37.63164],[126.97491,37.62878],[126.98013,37.62788],[126.98653,37.61399],[126.98667,37.60403],[126.97847,37.60102],[126.97673,37.59794],[126.98905,37.59136],[127.00092,37.59227],[127.00662,37.58605],[127.00886,37.58035],[127.01468,37.58225],[127.01872,37.57762],[127.02318,37.57805],[127.02954,37.58268],[127.04299,37.59697],[127.04729,37.59617],[127.05047,37.60062],[127.05918,37.60103],[127.06229,37.60515],[127.07177,37.60683],[127.07137,37.61524],[127.06251,37.61431],[127.04999,37.62441],[127.03721,37.61286],[127.03031,37.60912],[127.03003,37.61234],[127.02221,37.61132],[127.01736,37.61469],[127.01082,37.61632],[127.00777,37.61968],[127.00809,37.62407],[126.99996,37.62586],[126.99293,37.63249],[126.98452,37.63654]]]},"properties":{"osm_id":2419952,"name":"성북구","sgg_code":"11290","mois_admin":"1129000000","admin_level":6,"code_source":"osm"}},
{"type":"Feature","geometry":{"type":"Polygon","coordinates":[[[127.00832,37.68484],[127.00216,37.68377],[126.99583,37.68542],[126.99639,37.68281],[126.99119,37.67928],[126.99354,37.67392],[126.99421,37.66629],[126.98719,37.66262],[126.9829,37.65649],[126.97971,37.65619],[126.98399,37.64955],[126.98338,37.64364],[126.98594,37.6407],[126.98452,37.63654],[126.99293,37.63249],[126.99996,37.62586],[127.00809,37.62407],[127.00777,37.61968],[127.01082,37.61632],[127.01736,37.61469],[127.02221,37.61132],[127.03003,37.61234],[127.03031,37.60912],[127.03721,37.61286],[127.04999,37.62441],[127.04172,37.6312],[127.03249,37.64191],[127.02055,37.64907],[127.01257,37.65232],[127.01547,37.66614],[127.01858,37.66961],[127.0119,37.67937],[127.00878,37.67958],[127.00832,37.68484]]]},"properties":{"osm_id":2419943,"name":"강북구","sgg_code":"11305","mois_admin":"1130500000","admin_level":6,"code_source":"osm"}},
{"type":"Feature","geometry":{"type":"Polygon","coordinates":[[[127.01546,37.70148],[127.01051,37.69733],[127.00824,37.69211],[127.00832,37.68484],[127.00878,37.67958],[127.0119,37.67937],[127.01858,37.66961],[127.01547,37.66614],[127.01257,37.65232],[127.02055,37.64907],[127.03249,37.64191],[127.04172,37.6312],[127.0465,37.64105],[127.05069,37.6449],[127.05426,37.64064],[127.0559,37.64545],[127.05378,37.65634],[127.04917,37.6675],[127.04914,37.67366],[127.05151,37.68594],[127.04836,37.69392],[127.04608,37.69245],[127.04105,37.69528],[127.03242,37.69185],[127.02891,37.6999],[127.01546,37.70148]]]},"properties":{"osm_id":2419940,"name":"도봉구","sgg_code":"11320","mois_admin":"1132000000","admin_level":6,"code_source":"osm"}},
{"type":"Feature","geometry":{"type":"Polygon","coordinates":[[[127.11109,37.64257],[127.1071,37.64494],[127.0928,37.64564],[127.09431,37.65374],[127.09147,37.6578],[127.09559,37.66813],[127.09483,37.67514],[127.09174,37.67861],[127.09602,37.68484],[127.09637,37.68892],[127.08555,37.69061],[127.08107,37.69622],[127.07313,37.69384],[127.06347,37.69487],[127.0585,37.68965],[127.05151,37.68594],[127.04914,37.67366],[127.04917,37.6675],[127.05378,37.65634],[127.0559,37.64545],[127.05426,37.64064],[127.05069,37.6449],[127.0465,37.64105],[127.04172,37.6312],[127.04999,37.62441],[127.06251,37.61431],[127.07137,37.61524],[127.08182,37.61924],[127.08878,37.6202],[127.0958,37.61742],[127.10573,37.62087],[127.10531,37.62706],[127.11196,37.63253],[127.11109,37.64257]]]},"properties":{"osm_id":2419950,"name":"노원구","sgg_code":"11350","mois_admin":"1135000000","admin_level":6,"code_source":"osm"}},
{"type":"Feature","geometry":{"type":"Polygon","coordinates":[[[126.95041,37.61075],[126.9489,37.62526],[126.95848,37.62937],[126.96338,37.63315],[126.95916,37.64229],[126.95721,37.65285],[126.95112,37.65504],[126.94689,37.65897],[126.9399,37.65645],[126.93592,37.65092],[126.92889,37.65024],[126.92304,37.64597],[126.91404,37.64509],[126.91079,37.64773],[126.89836,37.65135],[126.90355,37.64743],[126.9123,37.64426],[126.91115,37.63593],[126.90614,37.63321],[126.9091,37.62818],[126.9072,37.62188],[126.90327,37.6186],[126.90033,37.61119],[126.90202,37.60441],[126.9002,37.60323],[126.90185,37.59517],[126.89689,37.58864],[126.88652,37.58876],[126.88779,37.59425],[126.88203,37.59083],[126.88869,37.58474],[126.90208,37.576],[126.91317,37.58713],[126.916,37.58318],[126.92091,37.58302],[126.92386,37.58721],[126.92776,37.58812],[126.92781,37.59166],[126.93351,37.59659],[126.94088,37.59878],[126.94212,37.60504],[126.95041,37.61075]]]},"properties":{"osm_id":2419942,"name":"은평구","sgg_code":"11380","mois_admin":"1138000000","admin_level":6,"code_source":"osm"}},
{"type":"Feature","geometry":{"type":"Polygon","coordinates":[[[126.96163,37.55908],[126.96947,37.56197],[126.96671,37.5658],[126.9536,37.57881],[126.95824,37.58112],[126.9573,37.58867],[126.95805,37.59821],[126.95326,37.59861],[126.95408,37.60511],[126.95041,37.61075],[126.94212,37.60504],[126.94088,37.59878],[126.93351,37.59659],[126.92781,37.59166],[126.92776,37.58812],[126.92386,37.58721],[126.92091,37.58302],[126.916,37.58318],[126.91317,37.58713],[126.90208,37.576],[126.90981,37.57083],[126.92828,37.56338],[126.92659,37.55885],[126.93686,37.5551],[126.94137,37.55654],[126.95913,37.55724],[126.96163,37.55908]]]},"properties":{"osm_id":2419951,"name":"서대문구","sgg_code":"11410","mois_admin":"1141000000","admin_level":6,"code_source":"osm"}},
{"type":"Feature","geometry":{"type":"Polygon","coordinates":[[[126.88046,37.55625],[126.89894,37.54801],[126.90484,37.54142],[126.92242,37.54143],[126.92766,37.53908],[126.93033,37.54136],[126.94458,37.53377],[126.95337,37.53751],[126.95835,37.54276],[126.95791,37.54545],[126.9639,37.54975],[126.96244,37.55155],[126.96163,37.55908],[126.95913,37.55724],[126.94137,37.55654],[126.93686,37.5551],[126.92659,37.55885],[126.92828,37.56338],[126.90981,37.57083],[126.90208,37.576],[126.88869,37.58474],[126.88203,37.59083],[126.87793,37.58625],[126.87587,37.57909],[126.85363,37.5738],[126.85363,37.57179],[126.86624,37.563],[126.88046,37.55625]]]},"properties":{"osm_id":2419949,"name":"마포구","sgg_code":"11440","mois_admin":"1144000000","admin_level":6,"code_source":"osm"}},
{"type":"Feature","geometry":{"type":"Polygon","coordinates":[[[126.82205,37.54066],[126.82192,37.53483],[126.82815,37.52583],[126.82514,37.52301],[126.8231,37.51622],[126.82406,37.51048],[126.83103,37.50803],[126.83525,37.50287],[126.84269,37.50549],[126.84729,37.50948],[126.85833,37.50992],[126.86314,37.50532],[126.87358,37.50356],[126.87948,37.51778],[126.87861,37.52468],[126.88769,37.53037],[126.89013,37.53438],[126.88509,37.54331],[126.88079,37.54809],[126.87243,37.54711],[126.86421,37.55115],[126.86212,37.54449],[126.86378,37.54026],[126.86397,37.52979],[126.84049,37.52648],[126.83441,37.53646],[126.8331,37.54185],[126.82999,37.54166],[126.82976,37.54773],[126.82539,37.54168],[126.82205,37.54066]]]},"properties":{"osm_id":2414780,"name":"양천구","sgg_code":"11470","mois_admin":"1147000000","admin_level":6,"code_source":"osm"}},
{"type":"Feature","geometry":{"type":"Polygon","coordinates":[[[126.76624,37.55432],[126.77168,37.54831],[126.78728,37.54609],[126.79401,37.54009],[126.7945,37.53573],[126.79944,37.53773],[126.80164,37.54252],[126.80721,37.54354],[126.81232,37.54076],[126.82205,37.54066],[126.82539,37.54168],[126.82976,37.54773],[126.82999,37.54166],[126.8331,37.54185],[126.83441,37.53646],[126.84049,37.52648],[126.86397,37.52979],[126.86378,37.54026],[126.86212,37.54449],[126.86421,37.55115],[126.87243,37.54711],[126.88079,37.54809],[126.87804,37.55172],[126.88046,37.55625],[126.86624,37.563],[126.85363,37.57179],[126.84758,37.57619],[126.81934,37.59281],[126.81755,37.59535],[126.80311,37.6046],[126.79535,37.59832],[126.80016,37.59222],[126.80082,37.58785],[126.79524,37.58534],[126.7937,37.58158],[126.79274,37.57695],[126.7843,37.57547],[126.78022,37.56756],[126.77511,37.56589],[126.77782,37.56373],[126.77176,37.5565],[126.76663,37.5572],[126.76624,37.55432]]]},"properties":{"osm_id":2414775,"name":"강서구","sgg_code":"11500","mois_admin":"1150000000","admin_level":6,"code_source":"osm"}},
{"type":"Feature","geometry":{"type":"Polygon","coordinates":[[[126.83305,37.47725],[126.83465,37.47442],[126.84504,37.47425],[126.84684,37.48175],[126.85366,37.4826],[126.86166,37.49026],[126.86982,37.49572],[126.8704,37.48954],[126.87679,37.48851],[126.87453,37.48532],[126.88136,37.48556],[126.88854,37.47991],[126.89895,37.47895],[126.90315,37.48497],[126.89683,37.48849],[126.89298,37.50212],[126.89354,37.50695],[126.88927,37.51227],[126.87948,37.51778],[126.87358,37.50356],[126.86314,37.50532],[126.85833,37.50992],[126.84729,37.50948],[126.84269,37.50549],[126.83525,37.50287],[126.83103,37.50803],[126.82406,37.51048],[126.82154,37.50995],[126.82162,37.5021],[126.81416,37.49816],[126.81456,37.49317],[126.82269,37.49],[126.81899,37.48571],[126.82006,37.48182],[126.81466,37.47458],[126.8195,37.47636],[126.83305,37.47725]]]},"properties":{"osm_id":2414777,"name":"구로구","sgg_code":"11530","mois_admin":"1153000000","admin_level":6,"code_source":"osm"}},
{"type":"Feature","geometry":{"type":"Polygon","coordinates":[[[126.87453,37.48532],[126.87184,37.48525],[126.87801,37.47383],[126.88432,37.46647],[126.88275,37.46439],[126.88964,37.45232],[126.89398,37.45272],[126.89993,37.43956],[126.89898,37.4387],[126.90297,37.43405],[126.90877,37.43367],[126.91411,37.44],[126.91855,37.44028],[126.9231,37.44635],[126.92909,37.4502],[126.92223,37.45657],[126.91491,37.45726],[126.9144,37.46162],[126.90826,37.47271],[126.91188,37.47777],[126.90978,37.48095],[126.89895,37.47895],[126.88854,37.47991],[126.88136,37.48556],[126.87453,37.48532]]]},"properties":{"osm_id":2414776,"name":"금천구","sgg_code":"11545","mois_admin":"1154500000","admin_level":6,"code_source":"osm"}},
{"type":"Feature","geometry":{"type":"Polygon","coordinates":[[[126.94886,37.51967],[126.94993,37.52655],[126.94458,37.53377],[126.93033,37.54136],[126.92766,37.53908],[126.92242,37.54143],[126.90484,37.54142],[126.89894,37.54801],[126.88046,37.55625],[126.87804,37.55172],[126.88079,37.54809],[126.88509,37.54331],[126.89013,37.53438],[126.88769,37.53037],[126.87861,37.52468],[126.87948,37.51778],[126.88927,37.51227],[126.89354,37.50695],[126.89298,37.50212],[126.89683,37.48849],[126.90315,37.48497],[126.9128,37.49644],[126.91903,37.4975],[126.92522,37.51225],[126.92771,37.51567],[126.93164,37.51553],[126.94886,37.51967]]]},"properties":{"osm_id":2414781,"name":"영등포구","sgg_code":"11560","mois_admin":"1156000000","admin_level":6,"code_source":"osm"}},
{"type":"Feature","geometry":{"type":"Polygon","coordinates":[[[126.9808,37.50647],[126.97327,37.50712],[126.96513,37.51269],[126.94886,37.51967],[126.93164,37.51553],[126.92771,37.51567],[126.92522,37.51225],[126.91903,37.4975],[126.9128,37.49644],[126.90315,37.48497],[126.91179,37.48667],[126.91662,37.48949],[126.92424,37.48996],[126.92741,37.49504],[126.93724,37.49186],[126.94705,37.49407],[126.95388,37.49104],[126.96106,37.49345],[126.96108,37.48353],[126.97085,37.47543],[126.98174,37.47655],[126.9829,37.49694],[126.98523,37.49977],[126.98055,37.50363],[126.9808,37.50647]]]},"properties":{"osm_id":2414774,"name":"동작구","sgg_code":"11590","mois_admin":"1159000000","admin_level":6,"code_source":"osm"}},
{"type":"Feature","geometry":{"type":"Polygon","coordinates":[[[126.89895,37.47895],[126.90978,37.48095],[126.91188,37.47777],[126.90826,37.47271],[126.9144,37.46162],[126.91491,37.45726],[126.92223,37.45657],[126.92909,37.4502],[126.93166,37.44541],[126.93829,37.44054],[126.93887,37.43538],[126.94818,37.439],[126.96367,37.441],[126.96398,37.44492],[126.97286,37.448],[126.98097,37.45314],[126.98233,37.45661],[126.98854,37.45795],[126.98815,37.46559],[126.98381,37.4705],[126.98174,37.47655],[126.97085,37.47543],[126.96108,37.48353],[126.96106,37.49345],[126.95388,37.49104],[126.94705,37.49407],[126.93724,37.49186],[126.92741,37.49504],[126.92424,37.48996],[126.91662,37.48949],[126.91179,37.48667],[126.90315,37.48497],[126.89895,37.47895]]]},"properties":{"osm_id":2414778,"name":"관악구","sgg_code":"11620","mois_admin":"1162000000","admin_level":6,"code_source":"osm"}},
{"type":"Feature","geometry":{"type":"Polygon","coordinates":[[[126.9808,37.50647],[126.98055,37.50363],[126.98523,37.49977],[126.9829,37.49694],[126.98174,37.47655],[126.98381,37.4705],[126.98815,37.46559],[126.98854,37.45795],[126.99655,37.46221],[126.99659,37.46687],[127.00312,37.46731],[127.00509,37.46204],[127.01097,37.4554],[127.01515,37.4548],[127.0263,37.45799],[127.03118,37.46575],[127.03723,37.45597],[127.03564,37.45319],[127.03779,37.44367],[127.03595,37.43905],[127.04077,37.43837],[127.04753,37.43059],[127.05161,37.42871],[127.06079,37.43021],[127.07066,37.43018],[127.07135,37.43597],[127.07401,37.4372],[127.07161,37.44193],[127.08234,37.44118],[127.08847,37.44517],[127.08817,37.44899],[127.09298,37.45546],[127.09645,37.45648],[127.09116,37.467],[127.08594,37.47039],[127.08452,37.47538],[127.07686,37.47503],[127.07274,37.47196],[127.0637,37.46897],[127.05082,37.46687],[127.05097,37.47143],[127.04507,37.47713],[127.04149,37.48543],[127.034,37.48441],[127.02053,37.51268],[127.01774,37.52177],[127.00838,37.52588],[127.0042,37.52168],[126.98815,37.50965],[126.9854,37.50652],[126.9808,37.50647]]]},"properties":{"osm_id":2414779,"name":"서초구","sgg_code":"11650","mois_admin":"1165000000","admin_level":6,"code_source":"osm"}},
{"type":"Feature","geometry":{"type":"Polygon","coordinates":[[[127.12281,37.46701],[127.11224,37.48404],[127.10634,37.49142],[127.09922,37.49524],[127.08571,37.49955],[127.07082,37.50313],[127.06932,37.50593],[127.06659,37.52488],[127.0572,37.53012],[127.05203,37.53255],[127.02595,37.53998],[127.01752,37.53498],[127.00838,37.52588],[127.01774,37.52177],[127.02053,37.51268],[127.034,37.48441],[127.04149,37.48543],[127.04507,37.47713],[127.05097,37.47143],[127.05082,37.46687],[127.0637,37.46897],[127.07274,37.47196],[127.07686,37.47503],[127.08452,37.47538],[127.08594,37.47039],[127.09116,37.467],[127.09645,37.45648],[127.10169,37.45842],[127.10398,37.46271],[127.11421,37.46121],[127.12281,37.46701]]]},"properties":{"osm_id":2410520,"name":"강남구","sgg_code":"11680","mois_admin":"1168000000","admin_level":6,"code_source":"osm"}},
{"type":"Feature","geometry":{"type":"Polygon","coordinates":[[[127.06659,37.52488],[127.06932,37.50593],[127.07082,37.50313],[127.08571,37.49955],[127.09922,37.49524],[127.10634,37.49142],[127.11224,37.48404],[127.12281,37.46701],[127.13266,37.46823],[127.1326,37.47471],[127.14696,37.47385],[127.14867,37.48403],[127.15838,37.48957],[127.16113,37.50044],[127.1413,37.5054],[127.13994,37.50862],[127.14504,37.51691],[127.11909,37.52796],[127.12344,37.53864],[127.10951,37.54403],[127.105,37.5379],[127.08717,37.52508],[127.07948,37.52277],[127.06659,37.52488]]]},"properties":{"osm_id":2419954,"name":"송파구","sgg_code":"11710","mois_admin":"1171000000","admin_level":6,"code_source":"osm"}},
{"type":"Feature","geometry":{"type":"Polygon","coordinates":[[[127.10951,37.54403],[127.12344,37.53864],[127.11909,37.52796],[127.14504,37.51691],[127.14579,37.52196],[127.15317,37.52913],[127.15354,37.53367],[127.16317,37.54498],[127.17954,37.54557],[127.1828,37.54668],[127.18151,37.56227],[127.17614,37.5741],[127.17692,37.58084],[127.16821,37.57898],[127.16675,37.57898],[127.14895,37.56843],[127.13767,37.56842],[127.12861,37.56616],[127.11734,37.55946],[127.11517,37.55648],[127.10951,37.54403]]]},"properties":{"osm_id":2419944,"name":"강동구","sgg_code":"11740","mois_admin":"1174000000","admin_level":6,"code_source":"osm"}},
{"type":"Feature","geometry":{"type":"Polygon","coordinates":[[[129.0539,35.10532],[129.0477,35.10942],[129.03776,35.11209],[129.03225,35.11623],[129.02771,35.11562],[129.02749,35.10979],[129.02303,35.10919],[129.02158,35.10188],[129.02808,35.09411],[129.03785,35.09585],[129.0539,35.10532]]]},"properties":{"osm_id":3987205,"name":"중구","sgg_code":"26110","mois_admin":"2611000000","admin_level":6,"code_source":"osm"}},
{"type":"Feature","geometry":{"type":"Polygon","coordinates":[[[128.99934,35.12262],[129.00321,35.11144],[129.0103,35.1057],[129.00719,35.09966],[129.00987,35.09962],[129.01437,35.09318],[129.01077,35.07686],[129.00564,35.07995],[128.9991,35.07937],[129.00351,35.06016],[129.00833,35.04821],[129.06584,34.89505],[129.10083,34.94944],[129.0441,35.05363],[129.03304,35.0772],[129.03175,35.08629],[129.02808,35.09411],[129.02158,35.10188],[129.02303,35.10919],[129.02749,35.10979],[129.02771,35.11562],[129.02495,35.11807],[129.02644,35.132],[129.02548,35.13467],[129.0202,35.13663],[129.01664,35.13506],[129.01103,35.13797],[129.00548,35.14019],[129.00317,35.13462],[129.00503,35.13299],[129.00397,35.12674],[128.99934,35.12262]]]},"properties":{"osm_id":4000722,"name":"서구","sgg_code":"26140","mois_admin":"2614000000","admin_level":6,"code_source":"osm"}},
{"type":"Feature","geometry":{"type":"Polygon","coordinates":[[[129.02771,35.11562],[129.03225,35.11623],[129.03776,35.11209],[129.0477,35.10942],[129.0539,35.10532],[129.06576,35.12632],[129.06591,35.13939],[129.06453,35.14144],[129.05178,35.14208],[129.0464,35.14551],[129.04157,35.14579],[129.03466,35.13666],[129.02548,35.13467],[129.02644,35.132],[129.02495,35.11807],[129.02771,35.11562]]]},"properties":{"osm_id":3972401,"name":"동구","sgg_code":"26170","mois_admin":"2617000000","admin_level":6,"code_source":"osm"}},
{"type":"Feature","geometry":{"type":"Polygon","coordinates":[[[129.0539,35.10532],[129.03785,35.09585],[129.02808,35.09411],[129.03175,35.08629],[129.03304,35.0772],[129.0441,35.05363],[129.10083,34.94944],[129.14747,35.00477],[129.17411,35.04173],[129.08141,35.09457],[129.06296,35.10489],[129.0539,35.10532]]]},"properties":{"osm_id":3972384,"name":"영도구","sgg_code":"26200","mois_admin":"2620000000","admin_level":6,"code_source":"osm"}},
{"type":"Feature","geometry":{"type":"Polygon","coordinates":[[[129.02548,35.13467],[129.03466,35.13666],[129.04157,35.14579],[129.0464,35.14551],[129.05178,35.14208],[129.06453,35.14144],[129.0631,35.14861],[129.07113,35.14821],[129.0797,35.15261],[129.08301,35.15841],[129.07823,35.16478],[129.08284,35.17098],[129.07206,35.17983],[129.07029,35.17582],[129.06289,35.1779],[129.0602,35.18408],[129.05111,35.18482],[129.04653,35.19139],[129.04736,35.19412],[129.04381,35.19838],[129.04019,35.19939],[129.02568,35.19357],[129.02124,35.18761],[129.02138,35.18196],[129.0099,35.17252],[129.01276,35.16516],[129.01177,35.15836],[129.01548,35.15623],[129.01634,35.14164],[129.01103,35.13797],[129.01664,35.13506],[129.0202,35.13663],[129.02548,35.13467]]]},"properties":{"osm_id":4114426,"name":"부산진구","sgg_code":"26230","mois_admin":"2623000000","admin_level":6,"code_source":"osm"}},
{"type":"Feature","geometry":{"type":"Polygon","coordinates":[[[129.11505,35.18268],[129.11633,35.18426],[129.11403,35.19289],[129.11645,35.20116],[129.11025,35.20474],[129.1102,35.21006],[129.10637,35.2096],[129.09196,35.21655],[129.08469,35.21801],[129.08705,35.22169],[129.07676,35.22553],[129.06017,35.22588],[129.05169,35.21383],[129.05159,35.20955],[129.04381,35.19838],[129.04736,35.19412],[129.05238,35.19243],[129.0623,35.19311],[129.07189,35.19528],[129.0781,35.19949],[129.08738,35.19405],[129.10806,35.19044],[129.11505,35.18268]]]},"properties":{"osm_id":4110492,"name":"동래구","sgg_code":"26260","mois_admin":"2626000000","admin_level":6,"code_source":"osm"}},
{"type":"Feature","geometry":{"type":"Polygon","coordinates":[[[129.06453,35.14144],[129.06591,35.13939],[129.06576,35.12632],[129.0539,35.10532],[129.06296,35.10489],[129.08141,35.09457],[129.17411,35.04173],[129.21247,35.08288],[129.13957,35.13539],[129.11161,35.13546],[129.10277,35.14227],[129.10196,35.15117],[129.09472,35.16108],[129.08846,35.16087],[129.08301,35.15841],[129.0797,35.15261],[129.07113,35.14821],[129.0631,35.14861],[129.06453,35.14144]]]},"properties":{"osm_id":4068408,"name":"남구","sgg_code":"26290","mois_admin":"2629000000","admin_level":6,"code_source":"osm"}},
{"type":"Feature","geometry":{"type":"Polygon","coordinates":[[[128.9853,35.19892],[129.0015,35.18943],[129.00829,35.18756],[129.01554,35.18948],[129.02124,35.18761],[129.02568,35.19357],[129.04019,35.19939],[129.04381,35.19838],[129.05159,35.20955],[129.05169,35.21383],[129.06017,35.22588],[129.05688,35.22777],[129.04916,35.22787],[129.04525,35.22992],[129.04573,35.23346],[129.05094,35.24111],[129.04613,35.24656],[129.04548,35.25219],[129.04772,35.25677],[129.03687,35.25992],[129.04144,35.26341],[129.04244,35.26838],[129.04748,35.27448],[129.04067,35.27544],[129.02399,35.27679],[129.01284,35.27351],[129.01426,35.27095],[129.0011,35.23567],[128.99836,35.23203],[128.99438,35.21139],[128.9928,35.20682],[128.9853,35.19892]]]},"properties":{"osm_id":4061473,"name":"북구","sgg_code":"26320","mois_admin":"2632000000","admin_level":6,"code_source":"osm"}},
{"type":"Feature","geometry":{"type":"Polygon","coordinates":[[[129.13957,35.13539],[129.21247,35.08288],[129.25784,35.12434],[129.206,35.18252],[129.20704,35.19682],[129.19936,35.19989],[129.19624,35.19876],[129.1914,35.18995],[129.18451,35.18926],[129.18544,35.1974],[129.16999,35.20121],[129.15751,35.20562],[129.15666,35.20773],[129.16542,35.21523],[129.16915,35.22848],[129.1604,35.23567],[129.15545,35.23569],[129.15727,35.24105],[129.15199,35.24763],[129.14813,35.24699],[129.14542,35.25031],[129.14159,35.2426],[129.13123,35.23087],[129.12194,35.22679],[129.11745,35.22065],[129.11987,35.21311],[129.1102,35.21006],[129.11025,35.20474],[129.11645,35.20116],[129.11403,35.19289],[129.11633,35.18426],[129.11939,35.17628],[129.12666,35.16607],[129.13183,35.1627],[129.13928,35.15278],[129.13957,35.13539]]]},"properties":{"osm_id":4062934,"name":"해운대구","sgg_code":"26350","mois_admin":"2635000000","admin_level":6,"code_source":"osm"}},
{"type":"Feature","geometry":{"type":"Polygon","coordinates":[[[128.99934,35.12262],[128.98867,35.12372],[128.97968,35.11683],[128.97281,35.11777],[128.96441,35.12124],[128.96097,35.11898],[128.95606,35.1198],[128.95759,35.12673],[128.94751,35.12152],[128.93291,35.10608],[128.92549,35.08314],[128.92209,34.76605],[128.94853,34.72525],[129.06584,34.89505],[129.00833,35.04821],[129.00351,35.06016],[128.9991,35.07937],[129.00564,35.07995],[129.01077,35.07686],[129.01437,35.09318],[129.00987,35.09962],[129.00719,35.09966],[129.0103,35.1057],[129.00321,35.11144],[128.99934,35.12262]]]},"properties":{"osm_id":4055199,"name":"사하구","sgg_code":"26380","mois_admin":"2638000000","admin_level":6,"code_source":"osm"}},
{"type":"Feature","geometry":{"type":"Polygon","coordinates":[[[129.06017,35.22588],[129.07676,35.22553],[129.08705,35.22169],[129.08469,35.21801],[129.09196,35.21655],[129.10637,35.2096],[129.1102,35.21006],[129.11987,35.21311],[129.11745,35.22065],[129.12194,35.22679],[129.13123,35.23087],[129.14159,35.2426],[129.14542,35.25031],[129.13937,35.25418],[129.14107,35.26057],[129.13087,35.26006],[129.12466,35.26198],[129.12043,35.26049],[129.12105,35.2676],[129.12657,35.27728],[129.12509,35.279],[129.1285,35.28801],[129.13266,35.29134],[129.13169,35.2975],[129.11646,35.30191],[129.10959,35.30551],[129.10431,35.3067],[129.09672,35.30374],[129.08756,35.30259],[129.0756,35.29148],[129.07028,35.29528],[129.06741,35.29374],[129.06019,35.2956],[129.0525,35.28922],[129.05124,35.28068],[129.04883,35.27741],[129.04067,35.27544],[129.04748,35.27448],[129.04244,35.26838],[129.04144,35.26341],[129.03687,35.25992],[129.04772,35.25677],[129.04548,35.25219],[129.04613,35.24656],[129.05094,35.24111],[129.04573,35.23346],[129.04525,35.22992],[129.04916,35.22787],[129.05688,35.22777],[129.06017,35.22588]]]},"properties":{"osm_id":4064527,"name":"금정구","sgg_code":"26410","mois_admin":"2641000000","admin_level":6,"code_source":"osm"}},
{"type":"Feature","geometry":{"type":"Polygon","coordinates":[[[128.9853,35.19892],[128.9928,35.20682],[128.99438,35.21139],[128.99836,35.23203],[128.99302,35.23255],[128.98633,35.22736],[128.97205,35.22447],[128.95267,35.22611],[128.94121,35.22856],[128.92043,35.21394],[128.91837,35.2142],[128.91259,35.22249],[128.90505,35.2201],[128.91203,35.21318],[128.90489,35.21531],[128.89672,35.2131],[128.88605,35.21432],[128.87896,35.20996],[128.87047,35.20171],[128.87626,35.19289],[128.87639,35.18782],[128.88145,35.18291],[128.88058,35.17167],[128.87354,35.17435],[128.87244,35.17237],[128.87905,35.1693],[128.8822,35.16037],[128.87542,35.15851],[128.87693,35.15163],[128.87156,35.15118],[128.86525,35.15823],[128.86997,35.15837],[128.87306,35.16276],[128.87191,35.16707],[128.86251,35.16837],[128.85289,35.1663],[128.84762,35.16704],[128.84616,35.16419],[128.83315,35.15728],[128.82706,35.15813],[128.82376,35.15634],[128.81564,35.16023],[128.79397,35.15739],[128.795,35.14981],[128.80238,35.14883],[128.8026,35.1424],[128.81586,35.13295],[128.82545,35.13121],[128.82857,35.12856],[128.83481,35.13062],[128.83783,35.12293],[128.83598,35.11911],[128.84289,35.11336],[128.8421,35.10716],[128.8357,35.10132],[128.82375,35.10193],[128.82186,35.0977],[128.82408,35.09413],[128.83205,35.0879],[128.82852,35.08607],[128.81824,35.08607],[128.81817,35.07406],[128.78704,35.07379],[128.78317,35.07146],[128.78427,35.05683],[128.77776,35.03733],[128.76114,35.03591],[128.75736,35.01819],[128.75681,35.00726],[128.79625,34.97518],[128.92209,34.76605],[128.92549,35.08314],[128.93291,35.10608],[128.94751,35.12152],[128.95759,35.12673],[128.95935,35.13363],[128.96023,35.1509],[128.9626,35.1633],[128.9629,35.18324],[128.9692,35.18941],[128.9853,35.19892]]]},"properties":{"osm_id":3972378,"name":"강서구","sgg_code":"26440","mois_admin":"2644000000","admin_level":6,"code_source":"osm"}},
{"type":"Feature","geometry":{"type":"Polygon","coordinates":[[[129.11505,35.18268],[129.10806,35.19044],[129.08738,35.19405],[129.0781,35.19949],[129.07189,35.19528],[129.0623,35.19311],[129.05238,35.19243],[129.04736,35.19412],[129.04653,35.19139],[129.05111,35.18482],[129.0602,35.18408],[129.06289,35.1779],[129.07029,35.17582],[129.07206,35.17983],[129.08284,35.17098],[129.07823,35.16478],[129.08301,35.15841],[129.08846,35.16087],[129.09472,35.16108],[129.09369,35.16628],[129.09714,35.17163],[129.09734,35.17958],[129.10352,35.18142],[129.10957,35.17622],[129.11221,35.17688],[129.11505,35.18268]]]},"properties":{"osm_id":4112499,"name":"연제구","sgg_code":"26470","mois_admin":"2647000000","admin_level":6,"code_source":"osm"}},
{"type":"Feature","geometry":{"type":"Polygon","coordinates":[[[129.13957,35.13539],[129.13928,35.15278],[129.13183,35.1627],[129.12666,35.16607],[129.11939,35.17628],[129.11633,35.18426],[129.11505,35.18268],[129.11221,35.17688],[129.10957,35.17622],[129.10352,35.18142],[129.09734,35.17958],[129.09714,35.17163],[129.09369,35.16628],[129.09472,35.16108],[129.10196,35.15117],[129.10277,35.14227],[129.11161,35.13546],[129.13957,35.13539]]]},"properties":{"osm_id":4010740,"name":"수영구","sgg_code":"26500","mois_admin":"2650000000","admin_level":6,"code_source":"osm"}},
{"type":"Feature","geometry":{"type":"Polygon","coordinates":[[[128.95759,35.12673],[128.95606,35.1198],[128.96097,35.11898],[128.96441,35.12124],[128.97281,35.11777],[128.97968,35.11683],[128.98867,35.12372],[128.99934,35.12262],[129.00397,35.12674],[129.00503,35.13299],[129.00317,35.13462],[129.00548,35.14019],[129.01103,35.13797],[129.01634,35.14164],[129.01548,35.15623],[129.01177,35.15836],[129.01276,35.16516],[129.0099,35.17252],[129.02138,35.18196],[129.02124,35.18761],[129.01554,35.18948],[129.00829,35.18756],[129.0015,35.18943],[128.9853,35.19892],[128.9692,35.18941],[128.9629,35.18324],[128.9626,35.1633],[128.96023,35.1509],[128.95935,35.13363],[128.95759,35.12673]]]},"properties":{"osm_id":4010399,"name":"사상구","sgg_code":"26530","mois_admin":"2653000000","admin_level":6,"code_source":"osm"}},
{"type":"Feature","geometry":{"type":"Polygon","coordinates":[[[129.48895,35.18617],[129.31589,35.31712],[129.31045,35.32339],[129.30642,35.33246],[129.30312,35.33575],[129.28865,35.34021],[129.28076,35.34109],[129.28319,35.34338],[129.28389,35.35309],[129.28091,35.35621],[129.2837,35.36587],[129.27943,35.36622],[129.27754,35.37161],[129.26816,35.37948],[129.26565,35.38744],[129.26217,35.38513],[129.25556,35.38506],[129.25115,35.38922],[129.25111,35.3859],[129.24294,35.38629],[129.23723,35.38297],[129.23606,35.37929],[129.23098,35.38219],[129.21849,35.37881],[129.20838,35.38107],[129.20308,35.38496],[129.20294,35.38788],[129.20064,35.38879],[129.19487,35.3837],[129.19875,35.37562],[129.19802,35.36678],[129.19407,35.36461],[129.19308,35.36044],[129.18832,35.35974],[129.18253,35.35381],[129.1754,35.35141],[129.16222,35.35656],[129.16181,35.35828],[129.15034,35.36295],[129.13888,35.36619],[129.1312,35.36572],[129.12609,35.36853],[129.11833,35.36833],[129.12326,35.36324],[129.13424,35.35703],[129.13392,35.35019],[129.13028,35.34917],[129.12375,35.33753],[129.12547,35.33149],[129.1209,35.32876],[129.11938,35.324],[129.11377,35.32006],[129.10959,35.30551],[129.11646,35.30191],[129.13169,35.2975],[129.13266,35.29134],[129.1285,35.28801],[129.12509,35.279],[129.12657,35.27728],[129.12105,35.2676],[129.12043,35.26049],[129.12466,35.26198],[129.13087,35.26006],[129.14107,35.26057],[129.13937,35.25418],[129.14542,35.25031],[129.14813,35.24699],[129.15199,35.24763],[129.15727,35.24105],[129.15545,35.23569],[129.1604,35.23567],[129.16915,35.22848],[129.16542,35.21523],[129.15666,35.20773],[129.15751,35.20562],[129.16999,35.20121],[129.18544,35.1974],[129.18451,35.18926],[129.1914,35.18995],[129.19624,35.19876],[129.19936,35.19989],[129.20704,35.19682],[129.206,35.18252],[129.25784,35.12434],[129.26658,35.13371],[129.46559,35.13086],[129.46564,35.14097],[129.48895,35.18617]]]},"properties":{"osm_id":3972379,"name":"기장군","sgg_code":"26710","mois_admin":"2671000000","admin_level":6,"code_source":"osm"}},
{"type":"Feature","geometry":{"type":"Polygon","coordinates":[[[128.60822,35.85492],[128.60781,35.85927],[128.61423,35.86817],[128.61026,35.87469],[128.60614,35.87371],[128.58059,35.87897],[128.57559,35.87308],[128.57941,35.86995],[128.57378,35.86535],[128.57421,35.86264],[128.57458,35.86001],[128.58288,35.85631],[128.59038,35.85699],[128.60822,35.85492]]]},"properties":{"osm_id":3966394,"name":"중구","sgg_code":"27110","mois_admin":"2711000000","admin_level":6,"code_source":"osm"}},
{"type":"Feature","geometry":{"type":"Polygon","coordinates":[[[128.61423,35.86817],[128.62904,35.86669],[128.6343,35.8717],[128.64911,35.87818],[128.66013,35.87659],[128.66714,35.87331],[128.67551,35.87388],[128.67847,35.8709],[128.67815,35.86542],[128.68085,35.86108],[128.6878,35.85771],[128.69749,35.85645],[128.70788,35.85767],[128.71398,35.8614],[128.72224,35.86043],[128.72595,35.85793],[128.73462,35.85139],[128.73899,35.85146],[128.74616,35.85626],[128.7518,35.85738],[128.75406,35.86227],[128.76054,35.86631],[128.75908,35.87086],[128.76127,35.87424],[128.75736,35.87865],[128.7621,35.88548],[128.7577,35.89586],[128.75716,35.90489],[128.76038,35.9068],[128.75595,35.91558],[128.74688,35.91955],[128.73822,35.92827],[128.73991,35.93633],[128.74528,35.94363],[128.74054,35.95376],[128.73781,35.95537],[128.74426,35.96098],[128.74573,35.97383],[128.73922,35.9765],[128.73685,35.98195],[128.73193,35.98553],[128.73502,35.99286],[128.72595,36.00437],[128.71871,36.0079],[128.70375,36.01054],[128.69708,36.0134],[128.69558,36.01649],[128.68729,36.01392],[128.68242,36.01507],[128.66746,36.01409],[128.66464,36.01077],[128.65414,36.00973],[128.65096,36.00752],[128.64134,36.01033],[128.6317,36.00717],[128.62747,36.0082],[128.62112,36.00583],[128.61625,36.00691],[128.61074,35.99945],[128.60999,35.9953],[128.60378,35.98882],[128.61349,35.98283],[128.61512,35.97842],[128.62046,35.97605],[128.61956,35.97042],[128.6236,35.96583],[128.62285,35.96228],[128.62685,35.9579],[128.62439,35.95469],[128.62294,35.94739],[128.62689,35.94466],[128.62484,35.93647],[128.63053,35.92681],[128.63201,35.92058],[128.63179,35.9125],[128.62797,35.90606],[128.62919,35.89629],[128.63218,35.89386],[128.62797,35.88951],[128.62211,35.89241],[128.61755,35.88932],[128.61167,35.88055],[128.60655,35.87656],[128.61026,35.87469],[128.61423,35.86817]]]},"properties":{"osm_id":3891544,"name":"동구","sgg_code":"27140","mois_admin":"2714000000","admin_level":6,"code_source":"osm"}},
{"type":"Feature","geometry":{"type":"Polygon","coordinates":[[[128.58059,35.87897],[128.58186,35.88511],[128.576,35.88759],[128.55527,35.89072],[128.55078,35.89537],[128.54124,35.89249],[128.536,35.88694],[128.53122,35.88547],[128.52649,35.88794],[128.52582,35.88545],[128.51728,35.88241],[128.52003,35.87852],[128.5214,35.87174],[128.51985,35.86925],[128.52766,35.8651],[128.52746,35.86156],[128.5339,35.86183],[128.53331,35.85877],[128.53993,35.85869],[128.54019,35.85599],[128.54745,35.85651],[128.54812,35.8543],[128.55741,35.85783],[128.57421,35.86264],[128.57378,35.86535],[128.57941,35.86995],[128.57559,35.87308],[128.58059,35.87897]]]},"properties":{"osm_id":3969938,"name":"서구","sgg_code":"27170","mois_admin":"2717000000","admin_level":6,"code_source":"osm"}},
{"type":"Feature","geometry":{"type":"Polygon","coordinates":[[[128.59189,35.81156],[128.60038,35.81481],[128.60416,35.82152],[128.6051,35.82691],[128.60777,35.82732],[128.60605,35.83245],[128.6075,35.84228],[128.60668,35.84798],[128.60822,35.85492],[128.59038,35.85699],[128.58288,35.85631],[128.57458,35.86001],[128.57342,35.85102],[128.56178,35.84319],[128.55541,35.83443],[128.56014,35.83042],[128.56331,35.82411],[128.56908,35.82403],[128.57069,35.81865],[128.57643,35.81631],[128.58499,35.8068],[128.58814,35.80711],[128.59189,35.81156]]]},"properties":{"osm_id":3972089,"name":"남구","sgg_code":"27200","mois_admin":"2720000000","admin_level":6,"code_source":"osm"}},
{"type":"Feature","geometry":{"type":"Polygon","coordinates":[[[128.61026,35.87469],[128.60655,35.87656],[128.61167,35.88055],[128.61755,35.88932],[128.62211,35.89241],[128.62797,35.88951],[128.63218,35.89386],[128.62919,35.89629],[128.62797,35.90606],[128.63179,35.9125],[128.63201,35.92058],[128.63053,35.92681],[128.62484,35.93647],[128.62689,35.94466],[128.62294,35.94739],[128.62439,35.95469],[128.62685,35.9579],[128.62285,35.96228],[128.6236,35.96583],[128.61956,35.97042],[128.62046,35.97605],[128.61512,35.97842],[128.61349,35.98283],[128.60378,35.98882],[128.60252,35.98467],[128.59383,35.98236],[128.59016,35.97828],[128.58347,35.97647],[128.56991,35.97605],[128.56355,35.97119],[128.55633,35.97049],[128.55615,35.96632],[128.5516,35.9602],[128.54611,35.9668],[128.54302,35.975],[128.52957,35.9805],[128.52708,35.9756],[128.52966,35.96964],[128.53116,35.95965],[128.53444,35.95764],[128.53272,35.95214],[128.53524,35.93955],[128.53402,35.93263],[128.5292,35.92386],[128.52619,35.92268],[128.51635,35.91192],[128.51126,35.91093],[128.50596,35.90566],[128.50461,35.89143],[128.51208,35.89337],[128.5199,35.89147],[128.52649,35.88794],[128.53122,35.88547],[128.536,35.88694],[128.54124,35.89249],[128.55078,35.89537],[128.55527,35.89072],[128.576,35.88759],[128.58186,35.88511],[128.58059,35.87897],[128.60614,35.87371],[128.61026,35.87469]]]},"properties":{"osm_id":3966426,"name":"북구","sgg_code":"27230","mois_admin":"2723000000","admin_level":6,"code_source":"osm"}},
{"type":"Feature","geometry":{"type":"Polygon","coordinates":[[[128.72595,35.85793],[128.72224,35.86043],[128.71398,35.8614],[128.70788,35.85767],[128.69749,35.85645],[128.6878,35.85771],[128.68085,35.86108],[128.67815,35.86542],[128.67847,35.8709],[128.67551,35.87388],[128.66714,35.87331],[128.66013,35.87659],[128.64911,35.87818],[128.6343,35.8717],[128.62904,35.86669],[128.61423,35.86817],[128.60781,35.85927],[128.60822,35.85492],[128.60668,35.84798],[128.6075,35.84228],[128.60605,35.83245],[128.60777,35.82732],[128.6051,35.82691],[128.60416,35.82152],[128.60038,35.81481],[128.59189,35.81156],[128.59893,35.80621],[128.60199,35.80689],[128.61738,35.80355],[128.62159,35.8066],[128.6291,35.80318],[128.63402,35.80414],[128.64072,35.80241],[128.65135,35.80279],[128.65347,35.79956],[128.6753,35.79528],[128.68275,35.79009],[128.68904,35.79261],[128.69296,35.79684],[128.6976,35.79423],[128.70287,35.79893],[128.70794,35.80046],[128.71103,35.80526],[128.71638,35.80601],[128.71311,35.81833],[128.70754,35.82341],[128.71457,35.83272],[128.71961,35.83602],[128.72511,35.83644],[128.72326,35.83983],[128.72604,35.84341],[128.72515,35.85307],[128.72193,35.85613],[128.72595,35.85793]]]},"properties":{"osm_id":3959027,"name":"수성구","sgg_code":"27260","mois_admin":"2726000000","admin_level":6,"code_source":"osm"}},
{"type":"Feature","geometry":{"type":"Polygon","coordinates":[[[128.57421,35.86264],[128.55741,35.85783],[128.54812,35.8543],[128.54745,35.85651],[128.54019,35.85599],[128.53993,35.85869],[128.53331,35.85877],[128.5339,35.86183],[128.52746,35.86156],[128.52766,35.8651],[128.51985,35.86925],[128.51638,35.86754],[128.50996,35.8694],[128.50814,35.86574],[128.50171,35.86348],[128.49376,35.86478],[128.48755,35.86814],[128.48088,35.86677],[128.47185,35.85359],[128.46854,35.83688],[128.48073,35.82512],[128.4801,35.81536],[128.49012,35.81972],[128.50028,35.81781],[128.50904,35.81232],[128.51528,35.81065],[128.50945,35.80811],[128.51493,35.80543],[128.51682,35.79893],[128.52785,35.79214],[128.52928,35.78805],[128.54607,35.7855],[128.55198,35.77911],[128.55494,35.77238],[128.56385,35.77379],[128.57049,35.77963],[128.57075,35.78555],[128.56727,35.79499],[128.56968,35.79731],[128.57841,35.79565],[128.58647,35.79955],[128.58814,35.80711],[128.58499,35.8068],[128.57643,35.81631],[128.57069,35.81865],[128.56908,35.82403],[128.56331,35.82411],[128.56014,35.83042],[128.55541,35.83443],[128.56178,35.84319],[128.57342,35.85102],[128.57458,35.86001],[128.57421,35.86264]]]},"properties":{"osm_id":3970414,"name":"달서구","sgg_code":"27290","mois_admin":"2729000000","admin_level":6,"code_source":"osm"}},
{"type":"Feature","geometry":{"type":"MultiPolygon","coordinates":[[[[128.58814,35.80711],[128.58647,35.79955],[128.57841,35.79565],[128.56968,35.79731],[128.56727,35.79499],[128.57075,35.78555],[128.57049,35.77963],[128.56385,35.77379],[128.55494,35.77238],[128.55198,35.77911],[128.54607,35.7855],[128.52928,35.78805],[128.52785,35.79214],[128.51682,35.79893],[128.51493,35.80543],[128.50945,35.80811],[128.51528,35.81065],[128.50904,35.81232],[128.50028,35.81781],[128.49012,35.81972],[128.4801,35.81536],[128.47032,35.80847],[128.46542,35.8077],[128.44365,35.80821],[128.4377,35.81174],[128.42348,35.80918],[128.4195,35.80749],[128.41109,35.79963],[128.40637,35.79273],[128.39753,35.7756],[128.38374,35.75863],[128.39344,35.74595],[128.42374,35.73007],[128.43386,35.72129],[128.43447,35.70714],[128.43195,35.70273],[128.41964,35.69466],[128.40897,35.69473],[128.39092,35.69967],[128.37753,35.70148],[128.36474,35.70636],[128.35651,35.70775],[128.35136,35.70329],[128.35221,35.69207],[128.35513,35.68398],[128.36329,35.67255],[128.36921,35.66669],[128.38846,35.65395],[128.39703,35.64625],[128.39947,35.64238],[128.40048,35.63271],[128.38983,35.61774],[128.38596,35.61366],[128.38036,35.61141],[128.37072,35.61116],[128.37272,35.60855],[128.38159,35.60677],[128.39939,35.61593],[128.41107,35.61537],[128.41676,35.62175],[128.42168,35.62005],[128.42671,35.62355],[128.4319,35.62357],[128.43793,35.63129],[128.44611,35.63814],[128.4566,35.6374],[128.46113,35.6406],[128.46984,35.63632],[128.47762,35.64042],[128.48286,35.63575],[128.49785,35.63899],[128.50504,35.63899],[128.5107,35.64645],[128.5068,35.65017],[128.50921,35.66933],[128.50907,35.67456],[128.5159,35.67571],[128.51873,35.67946],[128.52646,35.68238],[128.53197,35.68379],[128.53158,35.68819],[128.53497,35.69444],[128.53254,35.69614],[128.53355,35.7044],[128.52809,35.71352],[128.54121,35.71908],[128.5544,35.72739],[128.56133,35.72946],[128.56413,35.73597],[128.57111,35.73341],[128.58009,35.73862],[128.58832,35.73255],[128.59411,35.73689],[128.59915,35.73583],[128.60962,35.73869],[128.61484,35.73576],[128.61528,35.73096],[128.6099,35.7261],[128.61471,35.72282],[128.61723,35.71802],[128.61375,35.71334],[128.61448,35.70939],[128.62006,35.70351],[128.63042,35.70703],[128.63836,35.70587],[128.64612,35.70804],[128.65771,35.71851],[128.66291,35.72113],[128.66626,35.71911],[128.6754,35.7212],[128.68355,35.72115],[128.68299,35.72548],[128.6904,35.73004],[128.69179,35.73285],[128.68904,35.73717],[128.69462,35.74376],[128.69282,35.74678],[128.69662,35.75609],[128.69299,35.76002],[128.69129,35.76598],[128.68715,35.76865],[128.68674,35.77707],[128.68187,35.78388],[128.68275,35.79009],[128.6753,35.79528],[128.65347,35.79956],[128.65135,35.80279],[128.64072,35.80241],[128.63402,35.80414],[128.6291,35.80318],[128.62159,35.8066],[128.61738,35.80355],[128.60199,35.80689],[128.59893,35.80621],[128.59189,35.81156],[128.58814,35.80711]]],[[[128.38743,35.85288],[128.38853,35.85209],[128.41155,35.85189],[128.41575,35.85031],[128.44897,35.84377],[128.46854,35.83688],[128.47185,35.85359],[128.48088,35.86677],[128.48755,35.86814],[128.49376,35.86478],[128.50171,35.86348],[128.50814,35.86574],[128.50996,35.8694],[128.51638,35.86754],[128.51985,35.86925],[128.5214,35.87174],[128.52003,35.87852],[128.51728,35.88241],[128.52582,35.88545],[128.52649,35.88794],[128.5199,35.89147],[128.51208,35.89337],[128.50461,35.89143],[128.50107,35.88647],[128.4964,35.88898],[128.49413,35.89541],[128.48843,35.89779],[128.48468,35.89336],[128.47884,35.89816],[128.47429,35.89468],[128.4682,35.90031],[128.46528,35.90879],[128.47275,35.91554],[128.47283,35.92283],[128.47704,35.93507],[128.46826,35.93859],[128.46588,35.93785],[128.45367,35.94311],[128.45059,35.93482],[128.44131,35.93561],[128.43907,35.93171],[128.43218,35.93141],[128.42527,35.92882],[128.42302,35.92268],[128.4179,35.92172],[128.4167,35.91276],[128.41015,35.90655],[128.40689,35.90071],[128.39839,35.90064],[128.3973,35.89211],[128.39146,35.88029],[128.39049,35.87429],[128.38406,35.86552],[128.38443,35.85365],[128.38743,35.85288]]]]},"properties":{"osm_id":3972253,"name":"달성군","sgg_code":"27710","mois_admin":"2771000000","admin_level":6,"code_source":"osm"}},
{"type":"Feature","geometry":{"type":"Polygon","coordinates":[[[128.64134,36.01033],[128.65096,36.00752],[128.65414,36.00973],[128.66464,36.01077],[128.66746,36.01409],[128.68242,36.01507],[128.68729,36.01392],[128.69558,36.01649],[128.69958,36.02866],[128.69647,36.03487],[128.70301,36.0419],[128.70473,36.04677],[128.70365,36.05817],[128.71151,36.06652],[128.71365,36.07522],[128.72353,36.07328],[128.72916,36.08079],[128.72734,36.08651],[128.72312,36.09043],[128.73588,36.09671],[128.73593,36.09934],[128.74363,36.10208],[128.74507,36.10832],[128.75133,36.1033],[128.75273,36.09074],[128.75779,36.09612],[128.7647,36.10031],[128.76925,36.09702],[128.77625,36.09544],[128.78773,36.08894],[128.78878,36.08568],[128.79502,36.08674],[128.79811,36.08492],[128.80968,36.0883],[128.81873,36.09426],[128.82212,36.10035],[128.83234,36.10206],[128.83656,36.10742],[128.83772,36.11297],[128.84274,36.11267],[128.84482,36.11612],[128.85,36.11767],[128.85272,36.12663],[128.8503,36.1377],[128.85708,36.14168],[128.85834,36.14451],[128.86723,36.14508],[128.87376,36.14251],[128.8907,36.14299],[128.88934,36.14593],[128.89113,36.15462],[128.89943,36.162],[128.89385,36.16859],[128.89542,36.17297],[128.89113,36.17609],[128.89019,36.18217],[128.88377,36.18395],[128.88241,36.19226],[128.88292,36.19895],[128.87585,36.19879],[128.87126,36.20507],[128.85871,36.20772],[128.84781,36.21475],[128.84271,36.21623],[128.83483,36.21448],[128.831,36.21805],[128.82611,36.21815],[128.81215,36.21036],[128.80436,36.21005],[128.80522,36.20693],[128.80122,36.20603],[128.8039,36.20315],[128.79645,36.19055],[128.7873,36.19319],[128.77458,36.19491],[128.7696,36.19371],[128.7579,36.20267],[128.75288,36.20287],[128.74981,36.19583],[128.74615,36.19429],[128.74079,36.1992],[128.73522,36.20047],[128.71913,36.1979],[128.71875,36.20013],[128.7053,36.19896],[128.69611,36.20202],[128.69985,36.20871],[128.69432,36.2141],[128.68977,36.21214],[128.68232,36.21523],[128.67411,36.21211],[128.67266,36.20844],[128.66905,36.20919],[128.66768,36.21489],[128.66011,36.22148],[128.65347,36.21719],[128.64871,36.21822],[128.63956,36.20772],[128.63522,36.20899],[128.63207,36.21671],[128.63628,36.22389],[128.63288,36.22526],[128.637,36.22746],[128.63671,36.23303],[128.63292,36.23871],[128.63951,36.24115],[128.64126,36.24493],[128.63845,36.25193],[128.64028,36.25793],[128.63607,36.26123],[128.63015,36.26253],[128.62564,36.26627],[128.61675,36.26696],[128.61007,36.27104],[128.60173,36.26994],[128.59751,36.27166],[128.59462,36.27742],[128.5759,36.27979],[128.57185,36.27516],[128.55832,36.27399],[128.55151,36.27488],[128.54815,36.28874],[128.54305,36.29399],[128.53573,36.29574],[128.52939,36.29361],[128.52522,36.29985],[128.51785,36.30191],[128.51092,36.3005],[128.50802,36.30342],[128.49722,36.30301],[128.49096,36.304],[128.48866,36.30784],[128.48453,36.3074],[128.47956,36.31086],[128.47326,36.31196],[128.47339,36.31792],[128.47096,36.32104],[128.45551,36.32509],[128.4519,36.32701],[128.44526,36.31827],[128.43815,36.31419],[128.43879,36.30548],[128.43419,36.30572],[128.4279,36.29899],[128.41687,36.29893],[128.41258,36.29382],[128.4136,36.29054],[128.4105,36.28709],[128.41426,36.28241],[128.42688,36.27514],[128.42079,36.26749],[128.42103,36.26042],[128.41607,36.25777],[128.42023,36.2538],[128.41747,36.24576],[128.42399,36.24205],[128.42347,36.23762],[128.43504,36.23395],[128.43793,36.22258],[128.44104,36.21833],[128.44529,36.22135],[128.45078,36.22171],[128.46771,36.2308],[128.47117,36.22879],[128.48028,36.23487],[128.48623,36.23117],[128.47949,36.22546],[128.48568,36.22434],[128.48913,36.21956],[128.48786,36.21472],[128.49354,36.20846],[128.49314,36.20037],[128.49557,36.19621],[128.4988,36.19608],[128.50243,36.18982],[128.50316,36.18465],[128.50905,36.18726],[128.51375,36.19228],[128.5159,36.19969],[128.52264,36.2012],[128.52734,36.19772],[128.53352,36.19653],[128.53816,36.19343],[128.54899,36.17788],[128.5561,36.17752],[128.55305,36.16666],[128.55081,36.16421],[128.54473,36.16589],[128.54008,36.16123],[128.54296,36.15412],[128.55049,36.15063],[128.54841,36.14054],[128.55321,36.13912],[128.54857,36.13135],[128.55354,36.1289],[128.55482,36.12178],[128.56356,36.11714],[128.5629,36.11101],[128.56516,36.10926],[128.56278,36.1004],[128.56761,36.09546],[128.56899,36.08835],[128.56377,36.07123],[128.56908,36.06166],[128.56923,36.05817],[128.5834,36.06773],[128.58765,36.06367],[128.59452,36.06275],[128.59757,36.06688],[128.59806,36.07524],[128.61896,36.07696],[128.62768,36.08016],[128.63172,36.07644],[128.62782,36.06899],[128.63285,36.06693],[128.62846,36.05972],[128.62959,36.0523],[128.62633,36.04182],[128.62251,36.03815],[128.62134,36.02514],[128.63703,36.01669],[128.64134,36.01033]]]},"properties":{"osm_id":7816959,"name":"군위군","sgg_code":"27720","mois_admin":"2772000000","admin_level":6,"code_source":"osm"}},
{"type":"Feature","geometry":{"type":"Polygon","coordinates":[[[126.67437,37.47576],[126.65509,37.48407],[126.65214,37.4754],[126.65373,37.47354],[126.64986,37.46931],[126.64188,37.46929],[126.64404,37.46625],[126.63898,37.4634],[126.62905,37.4483],[126.63253,37.42998],[126.64453,37.43174],[126.64711,37.43464],[126.66019,37.43592],[126.66896,37.43212],[126.68555,37.43031],[126.68715,37.43345],[126.69795,37.43359],[126.69523,37.43871],[126.70273,37.43908],[126.70293,37.4432],[126.69326,37.44668],[126.69468,37.45883],[126.69727,37.46129],[126.69348,37.46567],[126.68679,37.46619],[126.68579,37.47158],[126.67437,37.47576]]]},"properties":{"osm_id":2505207,"name":"미추홀구","sgg_code":"28177","mois_admin":"2817700000","admin_level":6,"code_source":"osm"}},
{"type":"Feature","geometry":{"type":"Polygon","coordinates":[[[126.6229,37.33249],[126.66033,37.33294],[126.68455,37.35801],[126.6937,37.36067],[126.72237,37.37998],[126.67474,37.3877],[126.6675,37.39081],[126.67869,37.40141],[126.6844,37.40386],[126.68758,37.41086],[126.69602,37.41683],[126.70534,37.42588],[126.70681,37.43325],[126.70531,37.43866],[126.70273,37.43908],[126.69523,37.43871],[126.69795,37.43359],[126.68715,37.43345],[126.68555,37.43031],[126.66896,37.43212],[126.66019,37.43592],[126.64711,37.43464],[126.64453,37.43174],[126.63253,37.42998],[126.63132,37.42839],[126.60934,37.42832],[126.5965,37.43056],[126.554,37.44018],[126.53335,37.33154],[126.6229,37.33249]]]},"properties":{"osm_id":2505211,"name":"연수구","sgg_code":"28185","mois_admin":"2818500000","admin_level":6,"code_source":"osm"}},
{"type":"Feature","geometry":{"type":"Polygon","coordinates":[[[126.76771,37.47167],[126.76603,37.46966],[126.75704,37.46911],[126.75273,37.46507],[126.7463,37.46445],[126.74163,37.46952],[126.73124,37.47263],[126.7222,37.47049],[126.71118,37.47966],[126.70805,37.46932],[126.7033,37.46784],[126.69454,37.47101],[126.68799,37.47114],[126.68579,37.47158],[126.68679,37.46619],[126.69348,37.46567],[126.69727,37.46129],[126.69468,37.45883],[126.69326,37.44668],[126.70293,37.4432],[126.70273,37.43908],[126.70531,37.43866],[126.70681,37.43325],[126.70534,37.42588],[126.69602,37.41683],[126.68758,37.41086],[126.6844,37.40386],[126.67869,37.40141],[126.6675,37.39081],[126.67474,37.3877],[126.72237,37.37998],[126.73862,37.39602],[126.7457,37.40068],[126.75259,37.40959],[126.75535,37.41737],[126.75333,37.42266],[126.75845,37.42655],[126.76886,37.42744],[126.7716,37.43155],[126.76816,37.44354],[126.77331,37.45057],[126.77882,37.45187],[126.77793,37.46269],[126.77972,37.46527],[126.7782,37.4718],[126.76771,37.47167]]]},"properties":{"osm_id":2505208,"name":"남동구","sgg_code":"28200","mois_admin":"2820000000","admin_level":6,"code_source":"osm"}},
{"type":"Feature","geometry":{"type":"Polygon","coordinates":[[[126.68799,37.47114],[126.69454,37.47101],[126.7033,37.46784],[126.70805,37.46932],[126.71118,37.47966],[126.7222,37.47049],[126.73124,37.47263],[126.74163,37.46952],[126.7463,37.46445],[126.75273,37.46507],[126.75704,37.46911],[126.76603,37.46966],[126.76771,37.47167],[126.76511,37.47516],[126.7603,37.47633],[126.75002,37.4854],[126.74229,37.48687],[126.7417,37.49518],[126.74391,37.50166],[126.7417,37.50894],[126.74566,37.51472],[126.75315,37.51677],[126.76034,37.51597],[126.76028,37.52412],[126.68989,37.52358],[126.68615,37.52175],[126.6833,37.51455],[126.6866,37.51217],[126.68845,37.50525],[126.69352,37.49754],[126.69224,37.49247],[126.69764,37.49016],[126.69925,37.48523],[126.69264,37.48538],[126.69101,37.47946],[126.68427,37.4736],[126.68799,37.47114]]]},"properties":{"osm_id":2503127,"name":"부평구","sgg_code":"28237","mois_admin":"2823700000","admin_level":6,"code_source":"osm"}},
{"type":"Feature","geometry":{"type":"Polygon","coordinates":[[[126.7937,37.58158],[126.78707,37.58554],[126.7842,37.58258],[126.77262,37.58511],[126.7674,37.58827],[126.76341,37.5851],[126.7579,37.58527],[126.75576,37.58056],[126.75173,37.57956],[126.74453,37.59154],[126.7362,37.59048],[126.72907,37.59284],[126.72529,37.59203],[126.71813,37.58748],[126.71704,37.58019],[126.71365,37.57757],[126.70766,37.57983],[126.682,37.58374],[126.68253,37.57718],[126.69927,37.57329],[126.70067,37.57187],[126.69854,37.56896],[126.70316,37.56496],[126.69949,37.5589],[126.70199,37.55608],[126.70773,37.55627],[126.71161,37.55284],[126.70538,37.54139],[126.69274,37.54127],[126.69152,37.53555],[126.68366,37.53551],[126.68294,37.53124],[126.68671,37.53078],[126.68989,37.52358],[126.76028,37.52412],[126.76003,37.53536],[126.7615,37.5418],[126.76386,37.54287],[126.76397,37.55069],[126.76624,37.55432],[126.76663,37.5572],[126.77176,37.5565],[126.77782,37.56373],[126.77511,37.56589],[126.78022,37.56756],[126.7843,37.57547],[126.79274,37.57695],[126.7937,37.58158]]]},"properties":{"osm_id":2503128,"name":"계양구","sgg_code":"28245","mois_admin":"2824500000","admin_level":6,"code_source":"osm"}},
{"type":"Feature","geometry":{"type":"Polygon","coordinates":[[[126.51998,37.79202],[126.50175,37.79906],[126.48558,37.80603],[126.46849,37.8119],[126.45676,37.81991],[126.4532,37.82797],[126.44217,37.83702],[126.41358,37.8447],[126.3084,37.82908],[126.29364,37.82542],[126.27579,37.82555],[126.2648,37.82786],[126.23751,37.83165],[126.22292,37.82976],[126.20609,37.82325],[126.19805,37.81549],[126.19412,37.80845],[126.18841,37.78378],[126.1837,37.77841],[126.18411,37.76133],[126.18716,37.74903],[126.17752,37.73361],[126.16655,37.72848],[126.16074,37.7175],[126.13623,37.71469],[126.11111,37.71249],[126.10276,37.7077],[126.01444,37.67998],[125.75001,37.71471],[125.87187,37.59261],[126.31292,37.60012],[126.37806,37.568],[126.48848,37.56838],[126.52973,37.56188],[126.54511,37.59147],[126.54188,37.6026],[126.54908,37.61801],[126.54559,37.6262],[126.54015,37.63275],[126.528,37.6531],[126.52839,37.65578],[126.53575,37.65925],[126.53512,37.66621],[126.53266,37.66844],[126.52448,37.6699],[126.5223,37.67561],[126.5274,37.69183],[126.5286,37.70243],[126.51761,37.7139],[126.51852,37.72375],[126.52551,37.73685],[126.52817,37.74914],[126.5162,37.76026],[126.51517,37.76617],[126.52028,37.77438],[126.51998,37.79202]]]},"properties":{"osm_id":2505205,"name":"강화군","sgg_code":"28710","mois_admin":"2871000000","admin_level":6,"code_source":"osm"}},
{"type":"Feature","geometry":{"type":"MultiPolygon","coordinates":[[[[126.48848,37.56838],[126.37806,37.568],[126.31292,37.60012],[125.87187,37.59261],[125.75001,37.71471],[125.695,37.69166],[125.66667,37.69028],[125.51667,37.68193],[125.42631,37.64921],[125.42728,37.6455],[125.46303,37.54547],[125.47104,37.52704],[125.55242,37.44534],[125.56563,37.43733],[125.57775,37.43098],[125.60201,37.42145],[125.63107,37.41119],[125.70635,37.39547],[125.72059,37.39331],[125.73907,37.3936],[125.79833,37.39956],[125.81932,37.40318],[125.84389,37.41049],[125.85204,37.41205],[125.86334,37.41043],[125.86357,37.40612],[125.85684,37.39922],[125.75247,37.30211],[125.71298,37.1811],[125.63486,37.17021],[125.56109,37.1155],[125.51706,37.05933],[125.39493,36.85442],[125.81818,36.85855],[126.05048,36.93123],[126.17924,37.0129],[126.27795,37.05619],[126.34879,37.13816],[126.36904,37.15239],[126.42282,37.15211],[126.51324,37.20586],[126.53813,37.22828],[126.54247,37.23798],[126.55341,37.23908],[126.55586,37.24372],[126.54998,37.2563],[126.50625,37.29017],[126.49448,37.30727],[126.49886,37.32062],[126.51946,37.33144],[126.38824,37.33212],[126.34821,37.3459],[126.3236,37.37274],[126.31685,37.39688],[126.31733,37.44631],[126.3265,37.4666],[126.34055,37.48492],[126.40713,37.50641],[126.45302,37.50622],[126.46824,37.50773],[126.47408,37.51252],[126.48332,37.52464],[126.48848,37.56838]]],[[[124.85,38],[124.63333,38.05],[124.41826,38.05],[124.37972,38.05],[124.3735,37.99374],[124.37273,37.90986],[124.41105,37.84015],[124.40748,37.78705],[124.41606,37.7427],[124.44463,37.69458],[124.48136,37.65718],[124.575,37.59751],[124.65947,37.56838],[124.78404,37.56661],[124.86629,37.58545],[124.87738,37.58861],[124.89022,37.5954],[124.93445,37.62653],[124.94345,37.63602],[124.97755,37.68737],[124.86667,37.76667],[124.859,37.87412],[124.85,38]]]]},"properties":{"osm_id":2505209,"name":"옹진군","sgg_code":"28720","mois_admin":"2872000000","admin_level":6,"code_source":"osm"}},
{"type":"Feature","geometry":{"type":"Polygon","coordinates":[[[126.9096,35.14933],[126.92444,35.13348],[126.92973,35.12634],[126.92423,35.12469],[126.9192,35.11734],[126.91194,35.1151],[126.91404,35.1064],[126.92113,35.09692],[126.9194,35.09171],[126.92449,35.0876],[126.93213,35.07454],[126.95003,35.07272],[126.95981,35.07946],[126.95809,35.08255],[126.96734,35.08972],[126.97964,35.09182],[126.98882,35.09569],[126.98893,35.10101],[126.98639,35.10569],[126.98917,35.1097],[126.99967,35.11307],[127.00425,35.12109],[126.9927,35.1227],[126.98801,35.12821],[126.98423,35.13615],[126.979,35.13779],[126.96779,35.13708],[126.96291,35.14041],[126.95356,35.14228],[126.95521,35.15221],[126.9457,35.15561],[126.94435,35.15872],[126.93838,35.15938],[126.93887,35.16178],[126.93074,35.16022],[126.92838,35.16241],[126.91636,35.16546],[126.91247,35.15582],[126.90721,35.15146],[126.9096,35.14933]]]},"properties":{"osm_id":4162635,"name":"동구","sgg_code":"29110","mois_admin":"2911000000","admin_level":6,"code_source":"osm"}},
{"type":"Feature","geometry":{"type":"Polygon","coordinates":[[[126.83874,35.17844],[126.83736,35.17078],[126.83067,35.16938],[126.82515,35.16585],[126.8254,35.15352],[126.82838,35.15041],[126.8297,35.14147],[126.82387,35.13529],[126.81941,35.13338],[126.81892,35.12978],[126.8223,35.12663],[126.81695,35.12076],[126.81594,35.11691],[126.80994,35.11671],[126.8094,35.11234],[126.80281,35.11142],[126.80626,35.10529],[126.80374,35.1005],[126.80049,35.09944],[126.80196,35.09434],[126.80701,35.09461],[126.81108,35.09095],[126.81636,35.09367],[126.82002,35.09091],[126.82553,35.09316],[126.83158,35.098],[126.83658,35.09862],[126.84773,35.10577],[126.87056,35.11018],[126.86803,35.11306],[126.8744,35.11995],[126.88335,35.11601],[126.88769,35.11697],[126.88839,35.12505],[126.88638,35.13008],[126.88732,35.1344],[126.88316,35.13834],[126.88832,35.14278],[126.88543,35.14656],[126.89753,35.15254],[126.90535,35.14829],[126.9096,35.14933],[126.90721,35.15146],[126.89825,35.15842],[126.88786,35.1621],[126.88417,35.16972],[126.87566,35.17137],[126.86035,35.17227],[126.84288,35.1762],[126.83874,35.17844]]]},"properties":{"osm_id":7348759,"name":"서구","sgg_code":"29140","mois_admin":"2914000000","admin_level":6,"code_source":"osm"}},
{"type":"Feature","geometry":{"type":"Polygon","coordinates":[[[126.77305,35.06909],[126.76674,35.06567],[126.76468,35.06787],[126.7574,35.06858],[126.75316,35.06477],[126.75749,35.05958],[126.75071,35.0522],[126.75638,35.0541],[126.76387,35.05428],[126.77607,35.05279],[126.78158,35.05385],[126.79521,35.06122],[126.80085,35.05804],[126.80532,35.05256],[126.8187,35.05263],[126.82274,35.06029],[126.83601,35.06384],[126.83685,35.06621],[126.84385,35.06534],[126.84857,35.07244],[126.85278,35.07342],[126.85567,35.07799],[126.86016,35.07883],[126.8654,35.07553],[126.8743,35.0756],[126.88548,35.08171],[126.89166,35.07855],[126.89466,35.08066],[126.90582,35.08206],[126.91223,35.08894],[126.9194,35.09171],[126.92113,35.09692],[126.91404,35.1064],[126.91194,35.1151],[126.9192,35.11734],[126.92423,35.12469],[126.92973,35.12634],[126.92444,35.13348],[126.9096,35.14933],[126.90535,35.14829],[126.89753,35.15254],[126.88543,35.14656],[126.88832,35.14278],[126.88316,35.13834],[126.88732,35.1344],[126.88638,35.13008],[126.88839,35.12505],[126.88769,35.11697],[126.88335,35.11601],[126.8744,35.11995],[126.86803,35.11306],[126.87056,35.11018],[126.84773,35.10577],[126.83658,35.09862],[126.83158,35.098],[126.82553,35.09316],[126.82002,35.09091],[126.81636,35.09367],[126.81108,35.09095],[126.80701,35.09461],[126.80196,35.09434],[126.79926,35.08903],[126.79563,35.08681],[126.78436,35.07356],[126.77305,35.06909]]]},"properties":{"osm_id":7348741,"name":"남구","sgg_code":"29155","mois_admin":"2915500000","admin_level":6,"code_source":"osm"}},
{"type":"Feature","geometry":{"type":"Polygon","coordinates":[[[126.83507,35.22877],[126.83817,35.22393],[126.84471,35.2259],[126.84622,35.22198],[126.85305,35.22194],[126.85303,35.21807],[126.85704,35.21748],[126.85311,35.21363],[126.85533,35.2014],[126.85221,35.19707],[126.85845,35.19489],[126.86041,35.1857],[126.85875,35.18319],[126.84714,35.17957],[126.84139,35.18185],[126.83874,35.17844],[126.84288,35.1762],[126.86035,35.17227],[126.87566,35.17137],[126.88417,35.16972],[126.88786,35.1621],[126.89825,35.15842],[126.90721,35.15146],[126.91247,35.15582],[126.91636,35.16546],[126.92838,35.16241],[126.93074,35.16022],[126.93887,35.16178],[126.93838,35.15938],[126.94435,35.15872],[126.9457,35.15561],[126.95521,35.15221],[126.95356,35.14228],[126.96291,35.14041],[126.96779,35.13708],[126.979,35.13779],[126.98423,35.13615],[126.98801,35.12821],[126.9927,35.1227],[127.00425,35.12109],[127.01061,35.12432],[127.01183,35.12786],[127.00872,35.13376],[127.00936,35.14179],[127.00719,35.14397],[127.00968,35.14962],[127.00848,35.15515],[127.01169,35.16134],[127.01136,35.16617],[127.01685,35.16534],[127.0233,35.16974],[127.02142,35.17305],[127.01575,35.17564],[127.01344,35.18045],[126.99999,35.18885],[126.9911,35.18637],[126.98856,35.18847],[126.98281,35.18454],[126.97861,35.187],[126.97219,35.18507],[126.97174,35.1799],[126.95805,35.1925],[126.96144,35.19773],[126.96642,35.20054],[126.96573,35.20355],[126.95764,35.20678],[126.94891,35.21835],[126.95114,35.22417],[126.94762,35.23006],[126.94436,35.23034],[126.93984,35.23754],[126.93217,35.24078],[126.93346,35.24674],[126.92931,35.25235],[126.92247,35.25277],[126.91472,35.2588],[126.90357,35.25789],[126.89893,35.25312],[126.89303,35.2506],[126.88909,35.24639],[126.87884,35.24832],[126.87957,35.25151],[126.87372,35.2499],[126.86831,35.24492],[126.86319,35.24556],[126.86108,35.24149],[126.84495,35.23468],[126.84033,35.23399],[126.84008,35.23074],[126.83507,35.22877]]]},"properties":{"osm_id":7348583,"name":"북구","sgg_code":"29170","mois_admin":"2917000000","admin_level":6,"code_source":"osm"}},
{"type":"Feature","geometry":{"type":"Polygon","coordinates":[[[126.83874,35.17844],[126.84139,35.18185],[126.84714,35.17957],[126.85875,35.18319],[126.86041,35.1857],[126.85845,35.19489],[126.85221,35.19707],[126.85533,35.2014],[126.85311,35.21363],[126.85704,35.21748],[126.85303,35.21807],[126.85305,35.22194],[126.84622,35.22198],[126.84471,35.2259],[126.83817,35.22393],[126.83507,35.22877],[126.82535,35.23193],[126.82395,35.22579],[126.8157,35.2247],[126.80526,35.21843],[126.80439,35.22131],[126.79505,35.21987],[126.78954,35.2239],[126.78014,35.22569],[126.77536,35.23057],[126.75743,35.23366],[126.75421,35.23626],[126.75565,35.24332],[126.76077,35.24726],[126.76359,35.25647],[126.75994,35.25888],[126.74969,35.25587],[126.7483,35.25319],[126.74174,35.25082],[126.73722,35.25289],[126.72992,35.24335],[126.7291,35.23731],[126.72563,35.23491],[126.71851,35.2218],[126.7208,35.21881],[126.71766,35.21235],[126.71076,35.21227],[126.70256,35.20757],[126.69703,35.20927],[126.68711,35.21522],[126.68451,35.20982],[126.68069,35.20801],[126.67763,35.20259],[126.67682,35.19096],[126.67005,35.19436],[126.6679,35.19288],[126.65325,35.19245],[126.65792,35.18629],[126.66368,35.18222],[126.66847,35.17489],[126.67212,35.17309],[126.67043,35.16952],[126.66265,35.1664],[126.65708,35.16662],[126.65397,35.1642],[126.65534,35.15888],[126.65142,35.15482],[126.65356,35.15301],[126.64911,35.14718],[126.64471,35.14668],[126.64756,35.14404],[126.65332,35.14396],[126.65495,35.13701],[126.65166,35.12041],[126.6552,35.11486],[126.6626,35.11472],[126.66863,35.11175],[126.66844,35.1051],[126.67632,35.105],[126.68373,35.10774],[126.68334,35.11174],[126.6899,35.11127],[126.69152,35.10842],[126.69783,35.10761],[126.70201,35.11272],[126.70823,35.1097],[126.7164,35.11043],[126.72008,35.10836],[126.7303,35.10773],[126.73253,35.11261],[126.73495,35.10848],[126.74844,35.10203],[126.75388,35.0918],[126.7618,35.09053],[126.76476,35.07812],[126.77305,35.06909],[126.78436,35.07356],[126.79563,35.08681],[126.79926,35.08903],[126.80196,35.09434],[126.80049,35.09944],[126.80374,35.1005],[126.80626,35.10529],[126.80281,35.11142],[126.8094,35.11234],[126.80994,35.11671],[126.81594,35.11691],[126.81695,35.12076],[126.8223,35.12663],[126.81892,35.12978],[126.81941,35.13338],[126.82387,35.13529],[126.8297,35.14147],[126.82838,35.15041],[126.8254,35.15352],[126.82515,35.16585],[126.83067,35.16938],[126.83736,35.17078],[126.83874,35.17844]]]},"properties":{"osm_id":7348758,"name":"광산구","sgg_code":"29200","mois_admin":"2920000000","admin_level":6,"code_source":"osm"}},
{"type":"Feature","geometry":{"type":"Polygon","coordinates":[[[127.42229,36.20818],[127.42937,36.20538],[127.43345,36.19838],[127.443,36.19407],[127.45579,36.20112],[127.45334,36.20656],[127.45864,36.20936],[127.46012,36.21265],[127.46872,36.21478],[127.46748,36.22136],[127.47106,36.22489],[127.47799,36.22679],[127.47802,36.22965],[127.48988,36.2337],[127.49275,36.23806],[127.49267,36.24457],[127.48788,36.25033],[127.48997,36.25805],[127.48647,36.25935],[127.48862,36.27289],[127.4989,36.28229],[127.49113,36.29682],[127.49581,36.29898],[127.49943,36.30555],[127.49449,36.31167],[127.49938,36.31526],[127.49865,36.31886],[127.50362,36.32647],[127.50204,36.32837],[127.50127,36.33985],[127.5081,36.34323],[127.50784,36.34641],[127.5129,36.346],[127.52041,36.35122],[127.52479,36.36131],[127.5241,36.36632],[127.52749,36.36988],[127.52522,36.37527],[127.52633,36.38595],[127.52513,36.38671],[127.53331,36.3935],[127.53798,36.39486],[127.54087,36.40102],[127.53313,36.39975],[127.52651,36.41116],[127.51246,36.41453],[127.51185,36.40875],[127.5091,36.40728],[127.50199,36.40864],[127.49186,36.43058],[127.49135,36.43337],[127.49553,36.43954],[127.48972,36.44104],[127.4827,36.43243],[127.47686,36.42019],[127.46495,36.40695],[127.45762,36.4026],[127.45384,36.39497],[127.45478,36.38904],[127.45129,36.37976],[127.4575,36.37187],[127.46372,36.36168],[127.46676,36.36006],[127.46395,36.35095],[127.45451,36.35447],[127.447,36.35409],[127.44521,36.35084],[127.44156,36.3523],[127.43876,36.35896],[127.43525,36.3607],[127.43071,36.35911],[127.42518,36.34921],[127.4196,36.34836],[127.4207,36.34454],[127.41324,36.3442],[127.41497,36.34072],[127.42163,36.33725],[127.4291,36.33024],[127.43609,36.32145],[127.44184,36.31145],[127.44504,36.31132],[127.45529,36.30127],[127.45743,36.29472],[127.44984,36.29432],[127.44704,36.29644],[127.44073,36.2959],[127.4337,36.2917],[127.42839,36.29242],[127.42769,36.28862],[127.43479,36.28153],[127.43323,36.27626],[127.4394,36.27109],[127.4292,36.2605],[127.42759,36.25451],[127.4337,36.25437],[127.43528,36.25008],[127.44127,36.24474],[127.44297,36.23847],[127.43899,36.23731],[127.43739,36.23148],[127.43107,36.22734],[127.42485,36.22908],[127.42659,36.21837],[127.42562,36.21077],[127.42229,36.20818]]]},"properties":{"osm_id":3889016,"name":"동구","sgg_code":"30110","mois_admin":"3011000000","admin_level":6,"code_source":"osm"}},
{"type":"Feature","geometry":{"type":"Polygon","coordinates":[[[127.42229,36.20818],[127.42562,36.21077],[127.42659,36.21837],[127.42485,36.22908],[127.43107,36.22734],[127.43739,36.23148],[127.43899,36.23731],[127.44297,36.23847],[127.44127,36.24474],[127.43528,36.25008],[127.4337,36.25437],[127.42759,36.25451],[127.4292,36.2605],[127.4394,36.27109],[127.43323,36.27626],[127.43479,36.28153],[127.42769,36.28862],[127.42839,36.29242],[127.4337,36.2917],[127.44073,36.2959],[127.44704,36.29644],[127.44984,36.29432],[127.45743,36.29472],[127.45529,36.30127],[127.44504,36.31132],[127.44184,36.31145],[127.43609,36.32145],[127.4291,36.33024],[127.42163,36.33725],[127.41497,36.34072],[127.40929,36.34758],[127.40331,36.34897],[127.40109,36.33736],[127.39178,36.32959],[127.38556,36.32138],[127.38679,36.31302],[127.3818,36.30615],[127.38315,36.29828],[127.37835,36.29263],[127.37267,36.29319],[127.36763,36.28514],[127.37134,36.279],[127.37246,36.27217],[127.378,36.27141],[127.39041,36.26383],[127.38899,36.2559],[127.38634,36.25109],[127.39081,36.24057],[127.38763,36.23448],[127.39948,36.23323],[127.40467,36.22226],[127.41088,36.21669],[127.408,36.21294],[127.41944,36.20716],[127.42229,36.20818]]]},"properties":{"osm_id":3889109,"name":"중구","sgg_code":"30140","mois_admin":"3014000000","admin_level":6,"code_source":"osm"}},
{"type":"Feature","geometry":{"type":"Polygon","coordinates":[[[127.37246,36.27217],[127.37134,36.279],[127.36763,36.28514],[127.37267,36.29319],[127.37835,36.29263],[127.38315,36.29828],[127.3818,36.30615],[127.38679,36.31302],[127.38556,36.32138],[127.39178,36.32959],[127.40109,36.33736],[127.40331,36.34897],[127.40342,36.35781],[127.3955,36.36614],[127.39554,36.37301],[127.37842,36.37257],[127.36279,36.36336],[127.35061,36.35339],[127.35032,36.34806],[127.35518,36.33215],[127.33814,36.3322],[127.33595,36.33015],[127.33658,36.32209],[127.33984,36.3147],[127.3333,36.31052],[127.33256,36.30185],[127.32558,36.30005],[127.32225,36.29726],[127.31937,36.28822],[127.31527,36.28892],[127.31332,36.28243],[127.3085,36.27698],[127.30991,36.27224],[127.30087,36.27014],[127.29155,36.26448],[127.28515,36.26089],[127.27985,36.25298],[127.27993,36.24521],[127.28231,36.24203],[127.28202,36.23573],[127.2879,36.23412],[127.29277,36.22937],[127.29464,36.22299],[127.30356,36.22202],[127.30275,36.22687],[127.30656,36.22626],[127.31564,36.22098],[127.32167,36.21379],[127.32077,36.20896],[127.3233,36.20301],[127.32815,36.2041],[127.33244,36.20155],[127.33146,36.18423],[127.33502,36.18356],[127.33794,36.18938],[127.34055,36.18915],[127.34364,36.19733],[127.34716,36.19759],[127.34669,36.2029],[127.35321,36.21208],[127.35746,36.2126],[127.36072,36.21883],[127.36433,36.21907],[127.36008,36.22683],[127.36343,36.23242],[127.36104,36.23462],[127.36673,36.24192],[127.36467,36.2494],[127.35987,36.25521],[127.36047,36.26286],[127.3635,36.26971],[127.37103,36.26995],[127.37246,36.27217]]]},"properties":{"osm_id":3890427,"name":"서구","sgg_code":"30170","mois_admin":"3017000000","admin_level":6,"code_source":"osm"}},
{"type":"Feature","geometry":{"type":"Polygon","coordinates":[[[127.29155,36.26448],[127.30087,36.27014],[127.30991,36.27224],[127.3085,36.27698],[127.31332,36.28243],[127.31527,36.28892],[127.31937,36.28822],[127.32225,36.29726],[127.32558,36.30005],[127.33256,36.30185],[127.3333,36.31052],[127.33984,36.3147],[127.33658,36.32209],[127.33595,36.33015],[127.33814,36.3322],[127.35518,36.33215],[127.35032,36.34806],[127.35061,36.35339],[127.36279,36.36336],[127.37842,36.37257],[127.39554,36.37301],[127.40713,36.37672],[127.41183,36.38292],[127.4117,36.39526],[127.41419,36.40586],[127.41872,36.41409],[127.41426,36.42239],[127.40605,36.42729],[127.38814,36.44152],[127.38782,36.44534],[127.40219,36.45667],[127.40098,36.45968],[127.40156,36.47229],[127.4043,36.48302],[127.40198,36.48742],[127.39576,36.49159],[127.38529,36.49999],[127.3795,36.49888],[127.3741,36.49243],[127.36656,36.48942],[127.3611,36.49121],[127.3581,36.48253],[127.36389,36.47522],[127.35607,36.46402],[127.35862,36.4559],[127.3558,36.45027],[127.34965,36.44776],[127.34426,36.44315],[127.34016,36.43616],[127.34101,36.43097],[127.32631,36.42212],[127.3217,36.4237],[127.31637,36.4205],[127.3103,36.42488],[127.3035,36.42468],[127.30147,36.42183],[127.29647,36.42326],[127.29108,36.41616],[127.28212,36.4146],[127.28076,36.40364],[127.27848,36.39719],[127.27887,36.37948],[127.28097,36.37495],[127.27747,36.36523],[127.2708,36.36179],[127.27224,36.3541],[127.27793,36.34907],[127.27561,36.34476],[127.2672,36.33885],[127.26814,36.33163],[127.26541,36.32837],[127.25992,36.32743],[127.26,36.31986],[127.2579,36.31803],[127.25863,36.30399],[127.26084,36.30225],[127.25911,36.2959],[127.25482,36.29723],[127.24632,36.29091],[127.24999,36.28324],[127.25751,36.27715],[127.26623,36.2741],[127.27429,36.26846],[127.28305,36.26473],[127.29155,36.26448]]]},"properties":{"osm_id":3890428,"name":"유성구","sgg_code":"30200","mois_admin":"3020000000","admin_level":6,"code_source":"osm"}},
{"type":"Feature","geometry":{"type":"Polygon","coordinates":[[[127.40219,36.45667],[127.38782,36.44534],[127.38814,36.44152],[127.40605,36.42729],[127.41426,36.42239],[127.41872,36.41409],[127.41419,36.40586],[127.4117,36.39526],[127.41183,36.38292],[127.40713,36.37672],[127.39554,36.37301],[127.3955,36.36614],[127.40342,36.35781],[127.40331,36.34897],[127.40929,36.34758],[127.41497,36.34072],[127.41324,36.3442],[127.4207,36.34454],[127.4196,36.34836],[127.42518,36.34921],[127.43071,36.35911],[127.43525,36.3607],[127.43876,36.35896],[127.44156,36.3523],[127.44521,36.35084],[127.447,36.35409],[127.45451,36.35447],[127.46395,36.35095],[127.46676,36.36006],[127.46372,36.36168],[127.4575,36.37187],[127.45129,36.37976],[127.45478,36.38904],[127.45384,36.39497],[127.45762,36.4026],[127.46495,36.40695],[127.47686,36.42019],[127.4827,36.43243],[127.48972,36.44104],[127.49553,36.43954],[127.50353,36.44911],[127.50353,36.45477],[127.50113,36.45574],[127.48568,36.45312],[127.47771,36.45878],[127.48423,36.47196],[127.48383,36.47752],[127.47882,36.47714],[127.4687,36.47189],[127.46499,36.46472],[127.46319,36.45705],[127.45462,36.44994],[127.442,36.45112],[127.43574,36.45719],[127.4304,36.45754],[127.41023,36.45443],[127.40219,36.45667]]]},"properties":{"osm_id":3888601,"name":"대덕구","sgg_code":"30230","mois_admin":"3023000000","admin_level":6,"code_source":"osm"}},
{"type":"Feature","geometry":{"type":"Polygon","coordinates":[[[127.39576,36.49159],[127.40983,36.49532],[127.40788,36.50015],[127.40904,36.50975],[127.40375,36.51738],[127.39764,36.52058],[127.40149,36.52365],[127.4086,36.52369],[127.40854,36.52852],[127.40562,36.5314],[127.40501,36.53731],[127.40182,36.54124],[127.39233,36.54001],[127.38388,36.54153],[127.38319,36.54786],[127.37853,36.54981],[127.37923,36.55259],[127.37271,36.55996],[127.37798,36.56294],[127.37204,36.56362],[127.37755,36.56783],[127.36826,36.5662],[127.36048,36.56228],[127.351,36.56221],[127.34713,36.56445],[127.33702,36.56284],[127.33655,36.56999],[127.33097,36.57505],[127.32719,36.57605],[127.32535,36.58012],[127.32006,36.58261],[127.30703,36.58305],[127.30186,36.58075],[127.29967,36.58639],[127.30442,36.59101],[127.30655,36.59984],[127.30159,36.6093],[127.2963,36.62424],[127.29201,36.62504],[127.29056,36.63689],[127.2859,36.63418],[127.27948,36.6335],[127.27565,36.6398],[127.28278,36.64229],[127.28162,36.64513],[127.2859,36.65015],[127.28916,36.65932],[127.29593,36.65957],[127.30101,36.66205],[127.30485,36.66809],[127.30763,36.68202],[127.30183,36.68574],[127.29666,36.68577],[127.28529,36.69067],[127.27771,36.69135],[127.27348,36.69527],[127.26523,36.6922],[127.25792,36.69222],[127.25122,36.69701],[127.24805,36.69505],[127.24387,36.69795],[127.24437,36.70109],[127.23705,36.70441],[127.2364,36.70745],[127.22862,36.7082],[127.22364,36.71166],[127.22363,36.71572],[127.21814,36.71559],[127.20481,36.72088],[127.20314,36.72646],[127.1953,36.72857],[127.18766,36.72797],[127.18339,36.7305],[127.17496,36.72907],[127.16856,36.73317],[127.16286,36.73075],[127.16073,36.72707],[127.1557,36.7263],[127.15055,36.72829],[127.14511,36.71752],[127.14093,36.71685],[127.12799,36.70797],[127.13438,36.70679],[127.14383,36.689],[127.15663,36.69114],[127.15711,36.69566],[127.16035,36.69273],[127.16366,36.6812],[127.16345,36.67623],[127.15856,36.67303],[127.15436,36.66442],[127.15904,36.66135],[127.16057,36.65612],[127.15429,36.65245],[127.15314,36.64521],[127.15756,36.63917],[127.15629,36.6317],[127.16011,36.62407],[127.15499,36.62421],[127.15043,36.61975],[127.15599,36.61515],[127.15588,36.60601],[127.16272,36.60438],[127.17073,36.59917],[127.17269,36.59552],[127.17839,36.59689],[127.18432,36.5912],[127.19135,36.59394],[127.18926,36.58684],[127.19447,36.58066],[127.2004,36.58257],[127.20754,36.57765],[127.20374,36.57267],[127.2031,36.56744],[127.19379,36.56481],[127.18611,36.55232],[127.19183,36.54603],[127.18504,36.54366],[127.17878,36.54552],[127.17424,36.54219],[127.17267,36.53614],[127.17522,36.52999],[127.18207,36.52077],[127.17353,36.51491],[127.16999,36.50904],[127.17856,36.50258],[127.17324,36.49744],[127.17683,36.49248],[127.18831,36.49262],[127.19468,36.48959],[127.19482,36.48439],[127.19048,36.47947],[127.19475,36.46876],[127.20328,36.46498],[127.20473,36.45929],[127.20308,36.45427],[127.1984,36.45221],[127.20134,36.44912],[127.20139,36.44198],[127.19893,36.43988],[127.20712,36.43615],[127.21771,36.43374],[127.22511,36.42665],[127.22564,36.42229],[127.23193,36.41991],[127.24366,36.41884],[127.24315,36.41546],[127.25058,36.40684],[127.25791,36.40823],[127.25981,36.41552],[127.26549,36.41717],[127.27569,36.41395],[127.28212,36.4146],[127.29108,36.41616],[127.29647,36.42326],[127.30147,36.42183],[127.3035,36.42468],[127.3103,36.42488],[127.31637,36.4205],[127.3217,36.4237],[127.32631,36.42212],[127.34101,36.43097],[127.34016,36.43616],[127.34426,36.44315],[127.34965,36.44776],[127.3558,36.45027],[127.35862,36.4559],[127.35607,36.46402],[127.36389,36.47522],[127.3581,36.48253],[127.3611,36.49121],[127.36656,36.48942],[127.3741,36.49243],[127.3795,36.49888],[127.38529,36.49999],[127.39576,36.49159]]]},"properties":{"osm_id":2349795,"name":"세종특별자치시","sgg_code":"36110","mois_admin":"3611000000","admin_level":4,"code_source":"osm"}},
{"type":"Feature","geometry":{"type":"Polygon","coordinates":[[[126.92735,37.27873],[126.92701,37.27135],[126.93066,37.26084],[126.93528,37.25708],[126.94654,37.25743],[126.95,37.25562],[126.95274,37.24884],[126.95605,37.24655],[126.95775,37.23975],[126.96726,37.23559],[126.9728,37.2287],[126.98112,37.23249],[126.98466,37.23066],[126.98613,37.23409],[126.99756,37.22912],[126.99824,37.22557],[127.00223,37.22891],[127.01115,37.2263],[127.02267,37.22501],[127.02324,37.23086],[127.02974,37.23249],[127.03794,37.23891],[127.04389,37.23873],[127.04606,37.23282],[127.05357,37.23367],[127.06701,37.24014],[127.06629,37.24386],[127.06975,37.24619],[127.08007,37.24759],[127.08469,37.25657],[127.081,37.25846],[127.08624,37.2649],[127.08557,37.2707],[127.07748,37.26601],[127.07041,37.26657],[127.06412,37.26932],[127.06888,37.27864],[127.07581,37.28279],[127.08932,37.28685],[127.08797,37.28973],[127.08987,37.29834],[127.08578,37.29855],[127.07905,37.29304],[127.06038,37.29661],[127.06105,37.30426],[127.05796,37.30475],[127.06105,37.3089],[127.05748,37.31556],[127.05079,37.31579],[127.03897,37.32124],[127.03767,37.32754],[127.03128,37.33863],[127.03324,37.34442],[127.02779,37.34769],[127.01803,37.35098],[127.01289,37.34764],[127.00897,37.33885],[127.00006,37.33851],[126.98948,37.3323],[126.98911,37.32989],[126.98081,37.32663],[126.9713,37.3317],[126.96678,37.32316],[126.96936,37.32049],[126.9665,37.31745],[126.96681,37.30986],[126.96166,37.30228],[126.95434,37.3031],[126.95088,37.30044],[126.94296,37.3004],[126.93295,37.30307],[126.93235,37.30085],[126.93944,37.29511],[126.93307,37.29166],[126.92907,37.28592],[126.92735,37.27873]]]},"properties":{"osm_id":2409182,"name":"수원시","sgg_code":"41110","mois_admin":"4111000000","admin_level":6,"code_source":"osm"}},
{"type":"Feature","geometry":{"type":"Polygon","coordinates":[[[127.14696,37.47385],[127.1326,37.47471],[127.13266,37.46823],[127.12281,37.46701],[127.11421,37.46121],[127.10398,37.46271],[127.10169,37.45842],[127.09645,37.45648],[127.09298,37.45546],[127.08817,37.44899],[127.08847,37.44517],[127.08234,37.44118],[127.07161,37.44193],[127.07401,37.4372],[127.07135,37.43597],[127.07066,37.43018],[127.06079,37.43021],[127.05161,37.42871],[127.04753,37.43059],[127.04247,37.42797],[127.04411,37.42207],[127.04216,37.41562],[127.04684,37.41337],[127.04234,37.40773],[127.04375,37.40426],[127.03772,37.40108],[127.03865,37.39003],[127.03392,37.38869],[127.03078,37.37922],[127.0275,37.379],[127.0278,37.37229],[127.04618,37.36836],[127.05329,37.36315],[127.05301,37.3609],[127.06363,37.36032],[127.0734,37.35569],[127.07583,37.35025],[127.08668,37.35129],[127.09784,37.3429],[127.10186,37.34307],[127.10376,37.33857],[127.1105,37.33441],[127.11678,37.33344],[127.12277,37.33702],[127.12942,37.33732],[127.13634,37.33964],[127.13662,37.34486],[127.13248,37.3491],[127.13501,37.35833],[127.15019,37.36135],[127.16087,37.37386],[127.16169,37.37971],[127.16891,37.38145],[127.17681,37.38725],[127.16839,37.39249],[127.16836,37.39491],[127.17715,37.40902],[127.17696,37.41465],[127.18489,37.41535],[127.18547,37.41815],[127.19137,37.42206],[127.19523,37.43103],[127.19366,37.43916],[127.19596,37.44388],[127.19394,37.45287],[127.18938,37.45835],[127.18477,37.45881],[127.18156,37.46436],[127.18098,37.47333],[127.17768,37.47328],[127.16896,37.46881],[127.163,37.47154],[127.15449,37.47177],[127.1546,37.47352],[127.14696,37.47385]]]},"properties":{"osm_id":2409180,"name":"성남시","sgg_code":"41130","mois_admin":"4113000000","admin_level":6,"code_source":"osm"}},
{"type":"Feature","geometry":{"type":"Polygon","coordinates":[[[127.01546,37.70148],[127.02891,37.6999],[127.03242,37.69185],[127.04105,37.69528],[127.04608,37.69245],[127.04836,37.69392],[127.05151,37.68594],[127.0585,37.68965],[127.06347,37.69487],[127.07313,37.69384],[127.08107,37.69622],[127.08042,37.69945],[127.08428,37.70195],[127.09658,37.70226],[127.10406,37.70721],[127.10907,37.70861],[127.10913,37.71348],[127.11254,37.71773],[127.11584,37.71703],[127.11812,37.7209],[127.12335,37.72209],[127.12594,37.72769],[127.12375,37.73903],[127.12906,37.74577],[127.12872,37.74808],[127.13641,37.74958],[127.14253,37.74794],[127.14656,37.75004],[127.14634,37.75537],[127.14319,37.75721],[127.13963,37.76409],[127.13381,37.76218],[127.12577,37.76399],[127.12918,37.76718],[127.12478,37.77336],[127.11607,37.7728],[127.11519,37.77697],[127.10443,37.77965],[127.09117,37.77618],[127.08117,37.77066],[127.07467,37.76887],[127.06962,37.76514],[127.06098,37.7622],[127.05114,37.76114],[127.04131,37.7668],[127.03341,37.76836],[127.0279,37.76661],[127.01769,37.76866],[127.00837,37.76244],[127.00161,37.76141],[127.00245,37.75515],[127.0062,37.7504],[127.00214,37.74054],[127.00908,37.72894],[127.01228,37.72608],[127.01051,37.72188],[127.01333,37.71827],[127.0124,37.71314],[127.0186,37.70532],[127.01546,37.70148]]]},"properties":{"osm_id":2409183,"name":"의정부시","sgg_code":"41150","mois_admin":"4115000000","admin_level":6,"code_source":"osm"}},
{"type":"Feature","geometry":{"type":"Polygon","coordinates":[[[126.96367,37.441],[126.94818,37.439],[126.93887,37.43538],[126.93829,37.44054],[126.93166,37.44541],[126.92909,37.4502],[126.9231,37.44635],[126.91855,37.44028],[126.91411,37.44],[126.90877,37.43367],[126.90297,37.43405],[126.89898,37.4387],[126.89806,37.43152],[126.89381,37.42035],[126.89074,37.41804],[126.88768,37.41085],[126.87838,37.40926],[126.87136,37.41283],[126.87044,37.40704],[126.87788,37.40536],[126.87731,37.40201],[126.87696,37.39361],[126.8793,37.38342],[126.88234,37.3763],[126.8911,37.37502],[126.89245,37.36708],[126.89729,37.35802],[126.90457,37.35699],[126.91049,37.36567],[126.91425,37.37508],[126.91771,37.37685],[126.93244,37.37767],[126.94007,37.37585],[126.94096,37.37931],[126.94668,37.37565],[126.9471,37.36997],[126.9522,37.36595],[126.95703,37.36589],[126.96215,37.3616],[126.96508,37.37176],[126.97273,37.38113],[126.97263,37.38673],[126.98187,37.39413],[126.97948,37.39588],[126.98246,37.4006],[126.97566,37.40658],[126.97586,37.41126],[126.97307,37.4159],[126.96356,37.4193],[126.96093,37.42588],[126.96546,37.43933],[126.96367,37.441]]]},"properties":{"osm_id":2409161,"name":"안양시","sgg_code":"41170","mois_admin":"4117000000","admin_level":6,"code_source":"osm"}},
{"type":"Feature","geometry":{"type":"Polygon","coordinates":[[[126.82608,37.45934],[126.82894,37.46415],[126.83292,37.46576],[126.83305,37.47725],[126.8195,37.47636],[126.81466,37.47458],[126.82006,37.48182],[126.81899,37.48571],[126.82269,37.49],[126.81456,37.49317],[126.81416,37.49816],[126.82162,37.5021],[126.82154,37.50995],[126.82406,37.51048],[126.8231,37.51622],[126.82514,37.52301],[126.82815,37.52583],[126.82192,37.53483],[126.82205,37.54066],[126.81232,37.54076],[126.80721,37.54354],[126.80164,37.54252],[126.79944,37.53773],[126.7945,37.53573],[126.79401,37.54009],[126.78728,37.54609],[126.77168,37.54831],[126.76624,37.55432],[126.76397,37.55069],[126.76386,37.54287],[126.7615,37.5418],[126.76003,37.53536],[126.76028,37.52412],[126.76034,37.51597],[126.75315,37.51677],[126.74566,37.51472],[126.7417,37.50894],[126.74391,37.50166],[126.7417,37.49518],[126.74229,37.48687],[126.75002,37.4854],[126.7603,37.47633],[126.76511,37.47516],[126.76771,37.47167],[126.7782,37.4718],[126.78426,37.47232],[126.78929,37.46555],[126.79485,37.46568],[126.80406,37.46151],[126.80873,37.46215],[126.81232,37.4591],[126.82608,37.45934]]]},"properties":{"osm_id":2409162,"name":"부천시","sgg_code":"41190","mois_admin":"4119000000","admin_level":6,"code_source":"osm"}},
{"type":"Feature","geometry":{"type":"Polygon","coordinates":[[[126.82608,37.45934],[126.82922,37.45774],[126.83458,37.4598],[126.83827,37.4573],[126.83809,37.43687],[126.84189,37.43375],[126.84023,37.43143],[126.84472,37.42145],[126.84616,37.41286],[126.85297,37.40831],[126.8551,37.40345],[126.86205,37.40151],[126.87731,37.40201],[126.87788,37.40536],[126.87044,37.40704],[126.87136,37.41283],[126.87838,37.40926],[126.88768,37.41085],[126.89074,37.41804],[126.89381,37.42035],[126.89806,37.43152],[126.89898,37.4387],[126.89993,37.43956],[126.89398,37.45272],[126.88964,37.45232],[126.88275,37.46439],[126.88432,37.46647],[126.87801,37.47383],[126.87184,37.48525],[126.87453,37.48532],[126.87679,37.48851],[126.8704,37.48954],[126.86982,37.49572],[126.86166,37.49026],[126.85366,37.4826],[126.84684,37.48175],[126.84504,37.47425],[126.83465,37.47442],[126.83305,37.47725],[126.83292,37.46576],[126.82894,37.46415],[126.82608,37.45934]]]},"properties":{"osm_id":2409171,"name":"광명시","sgg_code":"41210","mois_admin":"4121000000","admin_level":6,"code_source":"osm"}},
{"type":"Feature","geometry":{"type":"Polygon","coordinates":[[[127.03523,37.13606],[127.02166,37.13209],[127.01759,37.12993],[127.00148,37.12689],[126.99737,37.11582],[126.9963,37.1077],[126.99983,37.09104],[126.99194,37.08511],[126.99542,37.07007],[126.98438,37.07178],[126.9753,37.07081],[126.96908,37.07307],[126.96412,37.06772],[126.95932,37.06921],[126.94913,37.06885],[126.94855,37.06149],[126.94015,37.06081],[126.93173,37.06244],[126.92831,37.06812],[126.91996,37.06511],[126.91488,37.06567],[126.91146,37.06891],[126.90593,37.06947],[126.90521,37.07369],[126.90115,37.07021],[126.89153,37.06711],[126.88385,37.06671],[126.87882,37.05452],[126.86992,37.0431],[126.8605,37.02882],[126.85239,37.01984],[126.84267,37.01401],[126.81566,37.01308],[126.79866,37.01345],[126.79198,37.01477],[126.78598,37.01393],[126.76689,37.00869],[126.76073,37.00239],[126.79032,36.9874],[126.82432,36.9724],[126.82873,36.9687],[126.84084,36.95284],[126.82491,36.94559],[126.83233,36.92111],[126.83433,36.91231],[126.83805,36.90656],[126.85024,36.898],[126.85792,36.8976],[126.90318,36.90186],[126.92097,36.90794],[126.94011,36.91693],[126.97445,36.92661],[126.98455,36.93362],[126.99071,36.93333],[126.99544,36.93545],[127.01591,36.93446],[127.03205,36.92844],[127.03802,36.93251],[127.0509,36.9347],[127.06082,36.93954],[127.07223,36.93969],[127.07582,36.94029],[127.086,36.94783],[127.09443,36.94765],[127.1007,36.95273],[127.09595,36.95568],[127.09674,36.95952],[127.1007,36.96069],[127.10225,36.965],[127.1068,36.96594],[127.11237,36.97316],[127.12021,36.97035],[127.12531,36.97592],[127.13395,36.97686],[127.13645,36.98012],[127.14114,36.97974],[127.13641,36.98476],[127.13138,36.98559],[127.13566,36.99328],[127.14457,36.99718],[127.15399,36.99769],[127.15118,37.00486],[127.14499,37.00925],[127.1452,37.01676],[127.15244,37.02167],[127.15235,37.02838],[127.14381,37.03268],[127.13773,37.03379],[127.12637,37.03361],[127.12221,37.03514],[127.1168,37.02707],[127.10754,37.0322],[127.10556,37.03518],[127.10982,37.04089],[127.11932,37.04615],[127.12204,37.05058],[127.12756,37.05303],[127.13014,37.05824],[127.12498,37.06472],[127.11894,37.06204],[127.11503,37.06472],[127.10358,37.06619],[127.10362,37.07589],[127.12091,37.07616],[127.12631,37.08156],[127.12373,37.09031],[127.11251,37.11365],[127.10973,37.11743],[127.10894,37.12651],[127.11486,37.1298],[127.12072,37.12921],[127.1206,37.13925],[127.12282,37.1447],[127.11372,37.14459],[127.10631,37.1418],[127.10369,37.14347],[127.09759,37.13673],[127.08703,37.13749],[127.09069,37.13033],[127.08886,37.12741],[127.07926,37.12741],[127.07122,37.12558],[127.06644,37.12713],[127.06496,37.13193],[127.05545,37.13339],[127.0517,37.12942],[127.0455,37.12921],[127.04568,37.12636],[127.03817,37.13172],[127.03523,37.13606]]]},"properties":{"osm_id":2409179,"name":"평택시","sgg_code":"41220","mois_admin":"4122000000","admin_level":6,"code_source":"osm"}},
{"type":"Feature","geometry":{"type":"Polygon","coordinates":[[[127.00998,37.92821],[127.0096,37.92416],[127.01317,37.91852],[127.00775,37.91608],[127.01157,37.90362],[127.03754,37.89544],[127.04485,37.89559],[127.04773,37.88493],[127.0592,37.86903],[127.06614,37.87169],[127.0741,37.87268],[127.08021,37.86986],[127.08226,37.87166],[127.09213,37.87146],[127.09557,37.86776],[127.10085,37.86689],[127.10729,37.86252],[127.10893,37.8586],[127.11159,37.86495],[127.12317,37.86698],[127.12845,37.87407],[127.14699,37.87651],[127.1495,37.88512],[127.1553,37.8956],[127.14946,37.89817],[127.14641,37.90293],[127.14677,37.91089],[127.13292,37.91593],[127.12018,37.91788],[127.11967,37.92177],[127.11152,37.93178],[127.10817,37.93887],[127.09589,37.9436],[127.09843,37.95599],[127.09217,37.95932],[127.09409,37.96807],[127.09165,37.97142],[127.08544,37.97521],[127.07686,37.97666],[127.06843,37.9752],[127.06444,37.97863],[127.0538,37.98065],[127.04507,37.97295],[127.04551,37.96966],[127.03995,37.95789],[127.02914,37.95586],[127.02783,37.94357],[127.01691,37.93663],[127.01454,37.93054],[127.00998,37.92821]]]},"properties":{"osm_id":2409163,"name":"동두천시","sgg_code":"41250","mois_admin":"4125000000","admin_level":6,"code_source":"osm"}},
{"type":"Feature","geometry":{"type":"MultiPolygon","coordinates":[[[[126.27795,37.05619],[126.32029,37.06425],[126.35434,37.07073],[126.42138,37.08349],[126.46574,37.06271],[126.48679,37.07357],[126.50652,37.09605],[126.51303,37.11951],[126.53326,37.14312],[126.55498,37.15767],[126.59446,37.17537],[126.61938,37.18225],[126.63098,37.18127],[126.64356,37.185],[126.65083,37.19295],[126.65557,37.2046],[126.65774,37.2254],[126.64326,37.24674],[126.64161,37.25583],[126.64537,37.26067],[126.64865,37.26849],[126.64822,37.27245],[126.64275,37.27875],[126.62912,37.28807],[126.62597,37.29485],[126.63289,37.30877],[126.6229,37.33249],[126.53335,37.33154],[126.51946,37.33144],[126.49886,37.32062],[126.49448,37.30727],[126.50625,37.29017],[126.54998,37.2563],[126.55586,37.24372],[126.55341,37.23908],[126.54247,37.23798],[126.53813,37.22828],[126.51324,37.20586],[126.42282,37.15211],[126.36904,37.15239],[126.34879,37.13816],[126.27795,37.05619]]],[[[126.93024,37.30714],[126.91676,37.30504],[126.91432,37.31179],[126.91561,37.31553],[126.90778,37.32172],[126.89161,37.31967],[126.88816,37.31775],[126.88341,37.32085],[126.87767,37.31942],[126.87348,37.3233],[126.87366,37.32914],[126.88033,37.33301],[126.88538,37.33821],[126.88834,37.34929],[126.89451,37.35376],[126.89729,37.35802],[126.89245,37.36708],[126.8911,37.37502],[126.88234,37.3763],[126.86531,37.36198],[126.85445,37.36031],[126.84829,37.36492],[126.83131,37.36186],[126.82378,37.36558],[126.81926,37.36188],[126.81607,37.35534],[126.81404,37.3575],[126.80501,37.35356],[126.7967,37.35358],[126.7951,37.35518],[126.79011,37.35114],[126.793,37.34362],[126.78449,37.33685],[126.78332,37.34046],[126.76493,37.34246],[126.74971,37.33338],[126.74657,37.32475],[126.73856,37.32968],[126.71815,37.30851],[126.71174,37.30256],[126.73469,37.29761],[126.74246,37.29682],[126.76209,37.29178],[126.78391,37.29097],[126.80493,37.29487],[126.81215,37.29464],[126.82063,37.29064],[126.82425,37.28706],[126.82716,37.27869],[126.83669,37.27685],[126.84086,37.2684],[126.8465,37.26553],[126.85733,37.2734],[126.86393,37.27232],[126.86108,37.27855],[126.86308,37.28114],[126.87375,37.27985],[126.87943,37.28529],[126.88961,37.28179],[126.89299,37.2864],[126.90069,37.29131],[126.90538,37.28993],[126.91297,37.2915],[126.91766,37.28522],[126.92735,37.27873],[126.92907,37.28592],[126.93307,37.29166],[126.93944,37.29511],[126.93235,37.30085],[126.93295,37.30307],[126.93024,37.30714]]]]},"properties":{"osm_id":2409159,"name":"안산시","sgg_code":"41270","mois_admin":"4127000000","admin_level":6,"code_source":"osm"}},
{"type":"Feature","geometry":{"type":"Polygon","coordinates":[[[126.88203,37.59083],[126.88779,37.59425],[126.88652,37.58876],[126.89689,37.58864],[126.90185,37.59517],[126.9002,37.60323],[126.90202,37.60441],[126.90033,37.61119],[126.90327,37.6186],[126.9072,37.62188],[126.9091,37.62818],[126.90614,37.63321],[126.91115,37.63593],[126.9123,37.64426],[126.90355,37.64743],[126.89836,37.65135],[126.91079,37.64773],[126.91404,37.64509],[126.92304,37.64597],[126.92889,37.65024],[126.93592,37.65092],[126.9399,37.65645],[126.94689,37.65897],[126.95112,37.65504],[126.95721,37.65285],[126.95916,37.64229],[126.96338,37.63315],[126.95848,37.62937],[126.97295,37.63235],[126.97526,37.63164],[126.98452,37.63654],[126.98594,37.6407],[126.98338,37.64364],[126.98399,37.64955],[126.97971,37.65619],[126.9829,37.65649],[126.98719,37.66262],[126.99421,37.66629],[126.99354,37.67392],[126.99119,37.67928],[126.98065,37.6856],[126.97295,37.68603],[126.96499,37.69204],[126.95408,37.69287],[126.95105,37.68813],[126.94538,37.68598],[126.9426,37.68042],[126.94223,37.67212],[126.93822,37.67059],[126.93047,37.67218],[126.92744,37.67069],[126.92034,37.67168],[126.91103,37.66868],[126.9077,37.67033],[126.913,37.67608],[126.91423,37.6852],[126.92231,37.70021],[126.92527,37.70862],[126.92069,37.71381],[126.92491,37.71978],[126.92204,37.73178],[126.93065,37.73607],[126.93037,37.74408],[126.933,37.74593],[126.92917,37.74851],[126.92295,37.74702],[126.9175,37.74812],[126.90951,37.747],[126.90096,37.7372],[126.90275,37.7287],[126.89404,37.72696],[126.88854,37.72295],[126.88647,37.72483],[126.87305,37.72682],[126.87179,37.73016],[126.86804,37.7284],[126.86638,37.73152],[126.85628,37.73544],[126.84139,37.73126],[126.83937,37.72865],[126.83164,37.72895],[126.81432,37.72344],[126.80052,37.73078],[126.79846,37.73703],[126.79393,37.73457],[126.79571,37.7303],[126.79386,37.72611],[126.77817,37.71598],[126.77444,37.71141],[126.7734,37.70386],[126.76793,37.70692],[126.75974,37.70305],[126.75571,37.70529],[126.7502,37.70302],[126.7402,37.70648],[126.7383,37.70435],[126.72499,37.70455],[126.72091,37.70165],[126.70079,37.69692],[126.68996,37.68863],[126.68242,37.69631],[126.67062,37.70098],[126.66979,37.69171],[126.67273,37.67796],[126.67809,37.67149],[126.69201,37.6641],[126.72479,37.64893],[126.73631,37.64303],[126.74605,37.63522],[126.75515,37.63189],[126.77101,37.62379],[126.80311,37.6046],[126.81755,37.59535],[126.81934,37.59281],[126.84758,37.57619],[126.85363,37.57179],[126.85363,37.5738],[126.87587,37.57909],[126.87793,37.58625],[126.88203,37.59083]]]},"properties":{"osm_id":2409166,"name":"고양시","sgg_code":"41280","mois_admin":"4128000000","admin_level":6,"code_source":"osm"}},
{"type":"Feature","geometry":{"type":"Polygon","coordinates":[[[127.04216,37.41562],[127.04411,37.42207],[127.04247,37.42797],[127.04753,37.43059],[127.04077,37.43837],[127.03595,37.43905],[127.03779,37.44367],[127.03564,37.45319],[127.03723,37.45597],[127.03118,37.46575],[127.0263,37.45799],[127.01515,37.4548],[127.01097,37.4554],[127.00509,37.46204],[127.00312,37.46731],[126.99659,37.46687],[126.99655,37.46221],[126.98854,37.45795],[126.98233,37.45661],[126.98097,37.45314],[126.97286,37.448],[126.96398,37.44492],[126.96367,37.441],[126.96546,37.43933],[126.96093,37.42588],[126.96356,37.4193],[126.97307,37.4159],[126.97586,37.41126],[126.97566,37.40658],[126.98246,37.4006],[126.98513,37.40623],[126.99198,37.4077],[126.9942,37.405],[126.99962,37.40456],[127.01332,37.41373],[127.02751,37.41172],[127.04216,37.41562]]]},"properties":{"osm_id":2409169,"name":"과천시","sgg_code":"41290","mois_admin":"4129000000","admin_level":6,"code_source":"osm"}},
{"type":"Feature","geometry":{"type":"Polygon","coordinates":[[[127.10096,37.57343],[127.10398,37.57116],[127.10124,37.56091],[127.10448,37.55564],[127.11312,37.56023],[127.11517,37.55648],[127.11734,37.55946],[127.12861,37.56616],[127.13767,37.56842],[127.14895,37.56843],[127.16675,37.57898],[127.16821,37.57898],[127.17149,37.58193],[127.16224,37.58467],[127.16091,37.58826],[127.16819,37.59056],[127.1684,37.59369],[127.16331,37.59592],[127.15402,37.59708],[127.15124,37.59975],[127.14582,37.6126],[127.14296,37.6255],[127.14909,37.63355],[127.14964,37.63892],[127.14623,37.64407],[127.14083,37.64603],[127.1309,37.64092],[127.11556,37.64381],[127.11109,37.64257],[127.11196,37.63253],[127.10531,37.62706],[127.10573,37.62087],[127.11603,37.61938],[127.11821,37.60376],[127.11394,37.59932],[127.11606,37.59441],[127.11027,37.58889],[127.10843,37.58319],[127.10418,37.58122],[127.10096,37.57343]]]},"properties":{"osm_id":2409168,"name":"구리시","sgg_code":"41310","mois_admin":"4131000000","admin_level":6,"code_source":"osm"}},
{"type":"Feature","geometry":{"type":"Polygon","coordinates":[[[127.14634,37.75537],[127.14656,37.75004],[127.14253,37.74794],[127.13641,37.74958],[127.12872,37.74808],[127.12906,37.74577],[127.12375,37.73903],[127.12594,37.72769],[127.12335,37.72209],[127.11812,37.7209],[127.11584,37.71703],[127.11254,37.71773],[127.10913,37.71348],[127.10907,37.70861],[127.10406,37.70721],[127.09658,37.70226],[127.08428,37.70195],[127.08042,37.69945],[127.08107,37.69622],[127.08555,37.69061],[127.09637,37.68892],[127.09602,37.68484],[127.09174,37.67861],[127.09483,37.67514],[127.09559,37.66813],[127.09147,37.6578],[127.09431,37.65374],[127.0928,37.64564],[127.1071,37.64494],[127.11109,37.64257],[127.11556,37.64381],[127.1309,37.64092],[127.14083,37.64603],[127.14623,37.64407],[127.14964,37.63892],[127.14909,37.63355],[127.14296,37.6255],[127.14582,37.6126],[127.15124,37.59975],[127.15402,37.59708],[127.16331,37.59592],[127.1684,37.59369],[127.16819,37.59056],[127.16091,37.58826],[127.16224,37.58467],[127.17149,37.58193],[127.18339,37.5916],[127.19649,37.59126],[127.20215,37.5892],[127.2135,37.57675],[127.21982,37.57375],[127.22006,37.56677],[127.2287,37.56325],[127.23228,37.55991],[127.23756,37.54685],[127.26443,37.53243],[127.2814,37.52522],[127.28445,37.52162],[127.28562,37.51458],[127.28705,37.5072],[127.29484,37.50568],[127.30216,37.50864],[127.30677,37.51472],[127.30676,37.51951],[127.30594,37.52751],[127.30685,37.53751],[127.30885,37.54436],[127.31915,37.55564],[127.32971,37.57216],[127.34174,37.59311],[127.34663,37.61841],[127.35509,37.63126],[127.36582,37.64045],[127.36984,37.64598],[127.37708,37.66131],[127.37952,37.67326],[127.37468,37.6816],[127.36844,37.68587],[127.36672,37.6898],[127.3727,37.6918],[127.36085,37.69459],[127.3578,37.70032],[127.35326,37.70398],[127.35544,37.70695],[127.35335,37.71081],[127.35525,37.72373],[127.34481,37.72761],[127.34321,37.73435],[127.33902,37.74178],[127.33638,37.74259],[127.33124,37.75015],[127.33432,37.75268],[127.32747,37.75986],[127.31852,37.76728],[127.31019,37.76832],[127.30274,37.77337],[127.29262,37.77619],[127.29028,37.77502],[127.27448,37.77415],[127.26632,37.78029],[127.25987,37.76847],[127.23716,37.76291],[127.22902,37.75482],[127.22453,37.75333],[127.21371,37.76064],[127.21319,37.7663],[127.21016,37.76825],[127.20659,37.76334],[127.20269,37.765],[127.19626,37.76161],[127.18478,37.76476],[127.17969,37.76257],[127.177,37.75774],[127.17229,37.75724],[127.17163,37.75051],[127.16427,37.74697],[127.1546,37.75011],[127.14634,37.75537]]]},"properties":{"osm_id":2409175,"name":"남양주시","sgg_code":"41360","mois_admin":"4136000000","admin_level":6,"code_source":"osm"}},
{"type":"Feature","geometry":{"type":"Polygon","coordinates":[[[127.10369,37.14347],[127.09978,37.14708],[127.09815,37.15573],[127.0933,37.15955],[127.07617,37.16214],[127.07133,37.16828],[127.07117,37.18401],[127.06521,37.18636],[127.06869,37.1906],[127.0656,37.19219],[127.06444,37.19907],[127.04657,37.19602],[127.03708,37.19981],[127.02815,37.2002],[127.01219,37.19268],[127.00854,37.19307],[127.00976,37.18894],[127.0019,37.18197],[127.00478,37.18057],[126.99508,37.17532],[127.0004,37.17351],[127.00668,37.16802],[127.01654,37.16781],[127.02779,37.16315],[127.03076,37.15634],[127.02779,37.15168],[127.02849,37.14778],[127.03523,37.13606],[127.03817,37.13172],[127.04568,37.12636],[127.0455,37.12921],[127.0517,37.12942],[127.05545,37.13339],[127.06496,37.13193],[127.06644,37.12713],[127.07122,37.12558],[127.07926,37.12741],[127.08886,37.12741],[127.09069,37.13033],[127.08703,37.13749],[127.09759,37.13673],[127.10369,37.14347]]]},"properties":{"osm_id":2409176,"name":"오산시","sgg_code":"41370","mois_admin":"4137000000","admin_level":6,"code_source":"osm"}},
{"type":"Feature","geometry":{"type":"Polygon","coordinates":[[[126.82608,37.45934],[126.81232,37.4591],[126.80873,37.46215],[126.80406,37.46151],[126.79485,37.46568],[126.78929,37.46555],[126.78426,37.47232],[126.7782,37.4718],[126.77972,37.46527],[126.77793,37.46269],[126.77882,37.45187],[126.77331,37.45057],[126.76816,37.44354],[126.7716,37.43155],[126.76886,37.42744],[126.75845,37.42655],[126.75333,37.42266],[126.75535,37.41737],[126.75259,37.40959],[126.7457,37.40068],[126.73862,37.39602],[126.72237,37.37998],[126.6937,37.36067],[126.68455,37.35801],[126.66033,37.33294],[126.6229,37.33249],[126.63289,37.30877],[126.71174,37.30256],[126.71815,37.30851],[126.73856,37.32968],[126.74657,37.32475],[126.74971,37.33338],[126.76493,37.34246],[126.78332,37.34046],[126.78449,37.33685],[126.793,37.34362],[126.79011,37.35114],[126.7951,37.35518],[126.7967,37.35358],[126.80501,37.35356],[126.81404,37.3575],[126.81607,37.35534],[126.81926,37.36188],[126.82378,37.36558],[126.83131,37.36186],[126.84829,37.36492],[126.85445,37.36031],[126.86531,37.36198],[126.88234,37.3763],[126.8793,37.38342],[126.87696,37.39361],[126.87731,37.40201],[126.86205,37.40151],[126.8551,37.40345],[126.85297,37.40831],[126.84616,37.41286],[126.84472,37.42145],[126.84023,37.43143],[126.84189,37.43375],[126.83809,37.43687],[126.83827,37.4573],[126.83458,37.4598],[126.82922,37.45774],[126.82608,37.45934]]]},"properties":{"osm_id":2409181,"name":"시흥시","sgg_code":"41390","mois_admin":"4139000000","admin_level":6,"code_source":"osm"}},
{"type":"Feature","geometry":{"type":"Polygon","coordinates":[[[126.89729,37.35802],[126.89451,37.35376],[126.88834,37.34929],[126.88538,37.33821],[126.88033,37.33301],[126.87366,37.32914],[126.87348,37.3233],[126.87767,37.31942],[126.88341,37.32085],[126.88816,37.31775],[126.89161,37.31967],[126.90778,37.32172],[126.91561,37.31553],[126.91432,37.31179],[126.91676,37.30504],[126.93024,37.30714],[126.93296,37.30833],[126.92924,37.31672],[126.93785,37.32292],[126.94534,37.3203],[126.94758,37.32645],[126.94843,37.34024],[126.95306,37.34087],[126.9615,37.34965],[126.96215,37.3616],[126.95703,37.36589],[126.9522,37.36595],[126.9471,37.36997],[126.94668,37.37565],[126.94096,37.37931],[126.94007,37.37585],[126.93244,37.37767],[126.91771,37.37685],[126.91425,37.37508],[126.91049,37.36567],[126.90457,37.35699],[126.89729,37.35802]]]},"properties":{"osm_id":2409167,"name":"군포시","sgg_code":"41410","mois_admin":"4141000000","admin_level":6,"code_source":"osm"}},
{"type":"Feature","geometry":{"type":"Polygon","coordinates":[[[127.01803,37.35098],[127.0162,37.35753],[127.02374,37.36363],[127.02812,37.36925],[127.0278,37.37229],[127.0275,37.379],[127.03078,37.37922],[127.03392,37.38869],[127.03865,37.39003],[127.03772,37.40108],[127.04375,37.40426],[127.04234,37.40773],[127.04684,37.41337],[127.04216,37.41562],[127.02751,37.41172],[127.01332,37.41373],[126.99962,37.40456],[126.9942,37.405],[126.99198,37.4077],[126.98513,37.40623],[126.98246,37.4006],[126.97948,37.39588],[126.98187,37.39413],[126.97263,37.38673],[126.97273,37.38113],[126.96508,37.37176],[126.96215,37.3616],[126.9615,37.34965],[126.95306,37.34087],[126.94843,37.34024],[126.94758,37.32645],[126.94534,37.3203],[126.93785,37.32292],[126.92924,37.31672],[126.93296,37.30833],[126.93024,37.30714],[126.93295,37.30307],[126.94296,37.3004],[126.95088,37.30044],[126.95434,37.3031],[126.96166,37.30228],[126.96681,37.30986],[126.9665,37.31745],[126.96936,37.32049],[126.96678,37.32316],[126.9713,37.3317],[126.98081,37.32663],[126.98911,37.32989],[126.98948,37.3323],[127.00006,37.33851],[127.00897,37.33885],[127.01289,37.34764],[127.01803,37.35098]]]},"properties":{"osm_id":2409184,"name":"의왕시","sgg_code":"41430","mois_admin":"4143000000","admin_level":6,"code_source":"osm"}},
{"type":"Feature","geometry":{"type":"Polygon","coordinates":[[[127.18098,37.47333],[127.17539,37.47674],[127.1757,37.48535],[127.1844,37.48329],[127.18839,37.48038],[127.19323,37.48144],[127.19843,37.4796],[127.20022,37.48344],[127.20668,37.48035],[127.21554,37.48228],[127.22599,37.47981],[127.22839,37.47747],[127.24458,37.47657],[127.24695,37.48094],[127.24485,37.48548],[127.25258,37.485],[127.25857,37.48983],[127.25323,37.50325],[127.25437,37.50626],[127.26217,37.50737],[127.26865,37.50646],[127.27616,37.50844],[127.2803,37.5133],[127.28562,37.51458],[127.28445,37.52162],[127.2814,37.52522],[127.26443,37.53243],[127.23756,37.54685],[127.23228,37.55991],[127.2287,37.56325],[127.22006,37.56677],[127.21982,37.57375],[127.2135,37.57675],[127.20215,37.5892],[127.19649,37.59126],[127.18339,37.5916],[127.17149,37.58193],[127.16821,37.57898],[127.17692,37.58084],[127.17614,37.5741],[127.18151,37.56227],[127.1828,37.54668],[127.17954,37.54557],[127.16317,37.54498],[127.15354,37.53367],[127.15317,37.52913],[127.14579,37.52196],[127.14504,37.51691],[127.13994,37.50862],[127.1413,37.5054],[127.16113,37.50044],[127.15838,37.48957],[127.14867,37.48403],[127.14696,37.47385],[127.1546,37.47352],[127.15449,37.47177],[127.163,37.47154],[127.16896,37.46881],[127.17768,37.47328],[127.18098,37.47333]]]},"properties":{"osm_id":2409172,"name":"하남시","sgg_code":"41450","mois_admin":"4145000000","admin_level":6,"code_source":"osm"}},
{"type":"Feature","geometry":{"type":"Polygon","coordinates":[[[127.12282,37.1447],[127.1206,37.13925],[127.12072,37.12921],[127.11486,37.1298],[127.10894,37.12651],[127.10973,37.11743],[127.11251,37.11365],[127.12373,37.09031],[127.13578,37.0917],[127.14249,37.08774],[127.14487,37.09101],[127.16166,37.0894],[127.1661,37.08629],[127.17303,37.08586],[127.17633,37.08771],[127.18595,37.08364],[127.18835,37.08689],[127.19502,37.08929],[127.19748,37.09627],[127.20359,37.10241],[127.20948,37.10584],[127.20832,37.11106],[127.21405,37.1109],[127.22011,37.11356],[127.22522,37.11349],[127.22953,37.11721],[127.23361,37.11747],[127.23577,37.12141],[127.25014,37.12272],[127.25284,37.12811],[127.25049,37.13415],[127.25382,37.13801],[127.25069,37.1454],[127.25536,37.15129],[127.25972,37.1518],[127.26372,37.15589],[127.26885,37.15431],[127.26791,37.14936],[127.27357,37.1432],[127.27184,37.14099],[127.27425,37.13366],[127.28251,37.13392],[127.287,37.13235],[127.29303,37.1233],[127.2974,37.11997],[127.29941,37.11177],[127.31059,37.10531],[127.31578,37.10871],[127.32647,37.11936],[127.33008,37.11856],[127.33362,37.11198],[127.33981,37.10995],[127.34477,37.10332],[127.35179,37.10045],[127.35906,37.10759],[127.37312,37.10586],[127.3769,37.10117],[127.38077,37.10583],[127.3864,37.10561],[127.39049,37.1079],[127.39691,37.10119],[127.39886,37.09539],[127.40546,37.09429],[127.4153,37.08893],[127.41604,37.09603],[127.4241,37.10002],[127.42104,37.10651],[127.42504,37.11327],[127.42016,37.11569],[127.41652,37.11464],[127.41229,37.11921],[127.41454,37.12275],[127.42085,37.12609],[127.42678,37.13729],[127.42547,37.14195],[127.42745,37.1468],[127.42418,37.15163],[127.41663,37.15145],[127.41194,37.15495],[127.41002,37.16089],[127.41032,37.16744],[127.41386,37.17334],[127.40999,37.18387],[127.40159,37.17995],[127.38417,37.18201],[127.38207,37.18381],[127.37216,37.18581],[127.37324,37.18956],[127.37853,37.19523],[127.36916,37.20484],[127.36123,37.20023],[127.3474,37.20453],[127.34161,37.20821],[127.3374,37.21722],[127.33003,37.22205],[127.33364,37.22745],[127.33485,37.23868],[127.33122,37.24255],[127.33241,37.2482],[127.3387,37.25294],[127.33505,37.25724],[127.3366,37.26115],[127.34047,37.26202],[127.33869,37.27055],[127.33031,37.27021],[127.32248,37.27404],[127.31095,37.27344],[127.30374,37.27061],[127.30256,37.26688],[127.29653,37.26527],[127.29207,37.27164],[127.28168,37.26864],[127.27599,37.2734],[127.28173,37.27781],[127.27758,37.28974],[127.28155,37.29761],[127.27728,37.30885],[127.28301,37.31587],[127.28311,37.32009],[127.2798,37.33135],[127.28297,37.3363],[127.28296,37.34548],[127.27545,37.34316],[127.26503,37.34268],[127.26167,37.34806],[127.25221,37.35121],[127.24691,37.35565],[127.24102,37.3535],[127.23806,37.36042],[127.23369,37.35799],[127.22861,37.3589],[127.22496,37.35525],[127.2167,37.35465],[127.22363,37.34613],[127.21998,37.34692],[127.21681,37.34067],[127.20831,37.33088],[127.20147,37.32861],[127.19744,37.33354],[127.19818,37.34112],[127.19162,37.34724],[127.17876,37.34322],[127.17732,37.34447],[127.16206,37.34332],[127.1482,37.3377],[127.14186,37.33631],[127.13634,37.33964],[127.12942,37.33732],[127.12277,37.33702],[127.11678,37.33344],[127.1105,37.33441],[127.10376,37.33857],[127.10186,37.34307],[127.09784,37.3429],[127.08668,37.35129],[127.07583,37.35025],[127.0734,37.35569],[127.06363,37.36032],[127.05301,37.3609],[127.05329,37.36315],[127.04618,37.36836],[127.0278,37.37229],[127.02812,37.36925],[127.02374,37.36363],[127.0162,37.35753],[127.01803,37.35098],[127.02779,37.34769],[127.03324,37.34442],[127.03128,37.33863],[127.03767,37.32754],[127.03897,37.32124],[127.05079,37.31579],[127.05748,37.31556],[127.06105,37.3089],[127.05796,37.30475],[127.06105,37.30426],[127.06038,37.29661],[127.07905,37.29304],[127.08578,37.29855],[127.08987,37.29834],[127.08797,37.28973],[127.08932,37.28685],[127.07581,37.28279],[127.06888,37.27864],[127.06412,37.26932],[127.07041,37.26657],[127.07748,37.26601],[127.08557,37.2707],[127.08624,37.2649],[127.081,37.25846],[127.08469,37.25657],[127.08007,37.24759],[127.06975,37.24619],[127.06629,37.24386],[127.06701,37.24014],[127.06969,37.22858],[127.07258,37.2291],[127.07958,37.2218],[127.08879,37.21619],[127.10395,37.21973],[127.11738,37.22002],[127.13785,37.21564],[127.14977,37.21977],[127.15126,37.21424],[127.15718,37.20729],[127.15181,37.19919],[127.16209,37.19068],[127.15876,37.1832],[127.16051,37.18042],[127.15527,37.1768],[127.15161,37.17159],[127.14759,37.1695],[127.13371,37.16941],[127.13389,37.16496],[127.12886,37.16211],[127.13078,37.15139],[127.128,37.14529],[127.12282,37.1447]]]},"properties":{"osm_id":2409189,"name":"용인시","sgg_code":"41460","mois_admin":"4146000000","admin_level":6,"code_source":"osm"}},
{"type":"Feature","geometry":{"type":"Polygon","coordinates":[[[126.67062,37.70098],[126.68242,37.69631],[126.68996,37.68863],[126.70079,37.69692],[126.72091,37.70165],[126.72499,37.70455],[126.7383,37.70435],[126.7402,37.70648],[126.7502,37.70302],[126.75571,37.70529],[126.75974,37.70305],[126.76793,37.70692],[126.7734,37.70386],[126.77444,37.71141],[126.77817,37.71598],[126.79386,37.72611],[126.79571,37.7303],[126.79393,37.73457],[126.79846,37.73703],[126.80052,37.73078],[126.81432,37.72344],[126.83164,37.72895],[126.83937,37.72865],[126.84139,37.73126],[126.85628,37.73544],[126.86638,37.73152],[126.86804,37.7284],[126.87179,37.73016],[126.87305,37.72682],[126.88647,37.72483],[126.88854,37.72295],[126.89404,37.72696],[126.90275,37.7287],[126.90096,37.7372],[126.90951,37.747],[126.9175,37.74812],[126.92295,37.74702],[126.92917,37.74851],[126.93164,37.75435],[126.92815,37.75721],[126.93567,37.77613],[126.93431,37.77749],[126.93794,37.78687],[126.93186,37.78885],[126.92633,37.78546],[126.91895,37.79012],[126.91265,37.79161],[126.90387,37.79101],[126.905,37.80056],[126.91216,37.80622],[126.90866,37.81073],[126.90981,37.81673],[126.90471,37.81931],[126.90235,37.8265],[126.91119,37.8284],[126.91314,37.84072],[126.92505,37.84124],[126.927,37.83768],[126.93638,37.8408],[126.93372,37.84595],[126.94608,37.86784],[126.94513,37.88786],[126.94818,37.8947],[126.94591,37.90107],[126.95386,37.90958],[126.95359,37.91292],[126.949,37.91742],[126.95561,37.92156],[126.96032,37.91935],[126.96423,37.92778],[126.96486,37.93821],[126.97284,37.94218],[126.97714,37.94598],[126.97748,37.95152],[126.98856,37.95638],[126.98842,37.9622],[126.99124,37.96765],[127.00127,37.96795],[127.00293,37.97335],[127.01011,37.97479],[127.01251,37.98444],[127.01713,37.98603],[127.01602,37.99226],[127.0043,37.99433],[127.00046,37.99641],[126.98922,38.00784],[126.98945,38.01022],[126.97233,38.00712],[126.96894,38.00273],[126.9598,37.99588],[126.9532,37.98749],[126.93646,37.98054],[126.91312,37.98825],[126.90535,37.99412],[126.89359,37.9945],[126.89099,37.98915],[126.89293,37.97816],[126.89563,37.97308],[126.89458,37.96823],[126.88949,37.96622],[126.88259,37.96658],[126.87253,37.97047],[126.85599,37.98664],[126.8496,37.9871],[126.84097,37.98148],[126.83855,37.97419],[126.83729,37.96222],[126.83136,37.9631],[126.82853,37.9598],[126.82098,37.95763],[126.8184,37.96372],[126.81237,37.96925],[126.806,37.97215],[126.81042,37.97389],[126.8075,37.97634],[126.80025,37.98757],[126.80066,37.99257],[126.79573,37.9964],[126.79262,37.99811],[126.78747,37.99108],[126.77924,37.98894],[126.77432,37.9846],[126.76378,37.979],[126.76406,37.97687],[126.75618,37.97263],[126.75334,37.97398],[126.7448,37.97259],[126.73793,37.9666],[126.72639,37.96022],[126.7234,37.95721],[126.7087,37.95437],[126.70474,37.95258],[126.69475,37.95546],[126.69226,37.95872],[126.68553,37.95794],[126.67849,37.95493],[126.67053,37.95795],[126.66844,37.93164],[126.67945,37.91779],[126.68337,37.91737],[126.68673,37.91075],[126.68202,37.8976],[126.68311,37.88768],[126.68294,37.87374],[126.68483,37.86952],[126.68042,37.86095],[126.689,37.84823],[126.69125,37.8394],[126.67458,37.83344],[126.66637,37.82228],[126.66314,37.80373],[126.66549,37.79685],[126.66262,37.78072],[126.66469,37.76939],[126.67507,37.75307],[126.6803,37.73163],[126.67824,37.7174],[126.67196,37.70613],[126.67062,37.70098]]]},"properties":{"osm_id":2409177,"name":"파주시","sgg_code":"41480","mois_admin":"4148000000","admin_level":6,"code_source":"osm"}},
{"type":"Feature","geometry":{"type":"Polygon","coordinates":[[[127.4425,37.35836],[127.43511,37.35427],[127.43374,37.35039],[127.42598,37.34406],[127.42106,37.34256],[127.41996,37.33804],[127.41545,37.33399],[127.4073,37.33119],[127.40509,37.32731],[127.40006,37.32741],[127.39234,37.3206],[127.38706,37.31877],[127.37595,37.32065],[127.36986,37.31518],[127.36333,37.31593],[127.36409,37.30765],[127.35781,37.30584],[127.35438,37.30146],[127.35692,37.29433],[127.34808,37.29012],[127.34298,37.29117],[127.34003,37.28805],[127.34905,37.27678],[127.33869,37.27055],[127.34047,37.26202],[127.3366,37.26115],[127.33505,37.25724],[127.3387,37.25294],[127.33241,37.2482],[127.33122,37.24255],[127.33485,37.23868],[127.33364,37.22745],[127.33003,37.22205],[127.3374,37.21722],[127.34161,37.20821],[127.3474,37.20453],[127.36123,37.20023],[127.36916,37.20484],[127.37853,37.19523],[127.37324,37.18956],[127.37216,37.18581],[127.38207,37.18381],[127.38417,37.18201],[127.40159,37.17995],[127.40999,37.18387],[127.41386,37.17334],[127.41032,37.16744],[127.41002,37.16089],[127.41194,37.15495],[127.41663,37.15145],[127.42418,37.15163],[127.42745,37.1468],[127.43264,37.14892],[127.44226,37.14821],[127.44988,37.14314],[127.45461,37.13316],[127.45846,37.13033],[127.47169,37.12946],[127.47656,37.12704],[127.492,37.12297],[127.49686,37.12445],[127.49986,37.11635],[127.50371,37.11423],[127.50374,37.10953],[127.50771,37.10567],[127.51355,37.10569],[127.51569,37.10136],[127.51176,37.09839],[127.51608,37.08835],[127.51326,37.07917],[127.51481,37.07623],[127.51133,37.0702],[127.50692,37.0696],[127.50883,37.06447],[127.5048,37.06048],[127.4983,37.05744],[127.487,37.05437],[127.49605,37.04869],[127.50447,37.04796],[127.50919,37.04949],[127.51254,37.05634],[127.51632,37.05954],[127.52115,37.05685],[127.53093,37.05578],[127.53388,37.05278],[127.55036,37.04541],[127.5569,37.04384],[127.56141,37.04869],[127.5695,37.04828],[127.56692,37.05243],[127.56823,37.05601],[127.56504,37.0592],[127.56611,37.06298],[127.57921,37.07548],[127.58847,37.07298],[127.59515,37.074],[127.60415,37.0686],[127.60468,37.0715],[127.60002,37.07558],[127.59097,37.08787],[127.60046,37.08821],[127.60449,37.08626],[127.61334,37.08668],[127.61664,37.08924],[127.63181,37.09648],[127.63517,37.10367],[127.63372,37.11007],[127.63533,37.11524],[127.62913,37.13237],[127.63021,37.13536],[127.62826,37.15478],[127.633,37.16198],[127.62678,37.16603],[127.6195,37.16257],[127.61515,37.16398],[127.61144,37.17453],[127.59926,37.18312],[127.59568,37.18989],[127.58912,37.18758],[127.58044,37.18747],[127.57831,37.18934],[127.57249,37.18453],[127.57764,37.17722],[127.57083,37.17018],[127.5638,37.1785],[127.55906,37.18077],[127.55786,37.17759],[127.55281,37.17533],[127.5366,37.17348],[127.52681,37.17358],[127.52375,37.17984],[127.51714,37.18243],[127.51764,37.18473],[127.52623,37.19534],[127.53129,37.19993],[127.53155,37.20544],[127.52868,37.22212],[127.52603,37.22761],[127.52555,37.23992],[127.536,37.2452],[127.53805,37.25294],[127.53252,37.25741],[127.52886,37.27413],[127.53432,37.28951],[127.54234,37.29427],[127.54622,37.30136],[127.54597,37.3111],[127.54272,37.31311],[127.53352,37.31412],[127.52838,37.31617],[127.52527,37.32406],[127.52885,37.32717],[127.52599,37.32985],[127.52131,37.32959],[127.51392,37.33912],[127.50182,37.33823],[127.49647,37.34172],[127.48962,37.3427],[127.48757,37.34732],[127.48166,37.3513],[127.47823,37.35593],[127.4705,37.3617],[127.46399,37.35828],[127.44865,37.35259],[127.4425,37.35836]]]},"properties":{"osm_id":2409174,"name":"이천시","sgg_code":"41500","mois_admin":"4150000000","admin_level":6,"code_source":"osm"}},
{"type":"Feature","geometry":{"type":"Polygon","coordinates":[[[127.42745,37.1468],[127.42547,37.14195],[127.42678,37.13729],[127.42085,37.12609],[127.41454,37.12275],[127.41229,37.11921],[127.41652,37.11464],[127.42016,37.11569],[127.42504,37.11327],[127.42104,37.10651],[127.4241,37.10002],[127.41604,37.09603],[127.4153,37.08893],[127.40546,37.09429],[127.39886,37.09539],[127.39691,37.10119],[127.39049,37.1079],[127.3864,37.10561],[127.38077,37.10583],[127.3769,37.10117],[127.37312,37.10586],[127.35906,37.10759],[127.35179,37.10045],[127.34477,37.10332],[127.33981,37.10995],[127.33362,37.11198],[127.33008,37.11856],[127.32647,37.11936],[127.31578,37.10871],[127.31059,37.10531],[127.29941,37.11177],[127.2974,37.11997],[127.29303,37.1233],[127.287,37.13235],[127.28251,37.13392],[127.27425,37.13366],[127.27184,37.14099],[127.27357,37.1432],[127.26791,37.14936],[127.26885,37.15431],[127.26372,37.15589],[127.25972,37.1518],[127.25536,37.15129],[127.25069,37.1454],[127.25382,37.13801],[127.25049,37.13415],[127.25284,37.12811],[127.25014,37.12272],[127.23577,37.12141],[127.23361,37.11747],[127.22953,37.11721],[127.22522,37.11349],[127.22011,37.11356],[127.21405,37.1109],[127.20832,37.11106],[127.20948,37.10584],[127.20359,37.10241],[127.19748,37.09627],[127.19502,37.08929],[127.18835,37.08689],[127.18595,37.08364],[127.17633,37.08771],[127.17303,37.08586],[127.1661,37.08629],[127.16166,37.0894],[127.14487,37.09101],[127.14249,37.08774],[127.13578,37.0917],[127.12373,37.09031],[127.12631,37.08156],[127.12091,37.07616],[127.10362,37.07589],[127.10358,37.06619],[127.11503,37.06472],[127.11894,37.06204],[127.12498,37.06472],[127.13014,37.05824],[127.12756,37.05303],[127.12204,37.05058],[127.11932,37.04615],[127.10982,37.04089],[127.10556,37.03518],[127.10754,37.0322],[127.1168,37.02707],[127.12221,37.03514],[127.12637,37.03361],[127.13773,37.03379],[127.14381,37.03268],[127.15235,37.02838],[127.15244,37.02167],[127.1452,37.01676],[127.14499,37.00925],[127.15118,37.00486],[127.15399,36.99769],[127.14457,36.99718],[127.13566,36.99328],[127.13138,36.98559],[127.13641,36.98476],[127.14114,36.97974],[127.13645,36.98012],[127.13395,36.97686],[127.12531,36.97592],[127.12021,36.97035],[127.12966,36.96642],[127.14366,36.97105],[127.14889,36.96955],[127.1592,36.96974],[127.15582,36.9643],[127.16553,36.96166],[127.17232,36.96325],[127.1782,36.96252],[127.17907,36.95781],[127.19075,36.95249],[127.20129,36.952],[127.20687,36.94613],[127.20573,36.94202],[127.21125,36.93856],[127.20986,36.93123],[127.21949,36.93036],[127.22865,36.92441],[127.23635,36.92372],[127.23731,36.92091],[127.24405,36.9176],[127.25313,36.92244],[127.25861,36.91587],[127.27305,36.91401],[127.27457,36.90868],[127.27884,36.90625],[127.27916,36.90041],[127.28699,36.89399],[127.28932,36.89419],[127.2978,36.90297],[127.30246,36.91114],[127.30336,36.91639],[127.30065,36.9189],[127.29497,36.93067],[127.30899,36.92939],[127.3148,36.93125],[127.31621,36.93472],[127.32681,36.93594],[127.3332,36.94035],[127.34316,36.94432],[127.34326,36.94826],[127.34963,36.95279],[127.354,36.95267],[127.35761,36.94769],[127.3673,36.9503],[127.37566,36.94866],[127.37872,36.9579],[127.38482,36.95962],[127.38727,36.96446],[127.39803,36.96486],[127.40153,36.96768],[127.39432,36.97698],[127.38609,36.98141],[127.39421,36.99838],[127.39979,36.99986],[127.40684,36.99832],[127.41391,36.99947],[127.42035,37.00376],[127.42882,37.00219],[127.43619,37.00537],[127.44061,37.01191],[127.44709,37.01089],[127.44833,37.01654],[127.45371,37.02125],[127.45837,37.02047],[127.45974,37.02506],[127.45635,37.03114],[127.45964,37.03564],[127.45685,37.04217],[127.46128,37.04702],[127.46832,37.05055],[127.46856,37.05387],[127.47512,37.05609],[127.47569,37.05369],[127.487,37.05437],[127.4983,37.05744],[127.5048,37.06048],[127.50883,37.06447],[127.50692,37.0696],[127.51133,37.0702],[127.51481,37.07623],[127.51326,37.07917],[127.51608,37.08835],[127.51176,37.09839],[127.51569,37.10136],[127.51355,37.10569],[127.50771,37.10567],[127.50374,37.10953],[127.50371,37.11423],[127.49986,37.11635],[127.49686,37.12445],[127.492,37.12297],[127.47656,37.12704],[127.47169,37.12946],[127.45846,37.13033],[127.45461,37.13316],[127.44988,37.14314],[127.44226,37.14821],[127.43264,37.14892],[127.42745,37.1468]]]},"properties":{"osm_id":2409160,"name":"안성시","sgg_code":"41550","mois_admin":"4155000000","admin_level":6,"code_source":"osm"}},
{"type":"Feature","geometry":{"type":"Polygon","coordinates":[[[126.67062,37.70098],[126.67196,37.70613],[126.67824,37.7174],[126.6803,37.73163],[126.67507,37.75307],[126.66469,37.76939],[126.66262,37.78072],[126.65217,37.78096],[126.64747,37.78286],[126.6376,37.78377],[126.62524,37.78214],[126.61613,37.77751],[126.60862,37.76811],[126.60348,37.76529],[126.58166,37.76196],[126.57515,37.7626],[126.54973,37.78131],[126.52901,37.79018],[126.51998,37.79202],[126.52028,37.77438],[126.51517,37.76617],[126.5162,37.76026],[126.52817,37.74914],[126.52551,37.73685],[126.51852,37.72375],[126.51761,37.7139],[126.5286,37.70243],[126.5274,37.69183],[126.5223,37.67561],[126.52448,37.6699],[126.53266,37.66844],[126.53512,37.66621],[126.53575,37.65925],[126.52839,37.65578],[126.528,37.6531],[126.54015,37.63275],[126.54559,37.6262],[126.54908,37.61801],[126.54188,37.6026],[126.54511,37.59147],[126.55168,37.59151],[126.55342,37.59597],[126.56973,37.58443],[126.59138,37.59319],[126.60302,37.59863],[126.60886,37.60429],[126.614,37.60634],[126.61649,37.60335],[126.62533,37.60288],[126.62924,37.61154],[126.63796,37.62379],[126.63725,37.62782],[126.6468,37.62813],[126.65048,37.6333],[126.65116,37.63802],[126.65923,37.63863],[126.66138,37.63666],[126.67262,37.63394],[126.67529,37.63034],[126.68022,37.62963],[126.68368,37.6253],[126.69865,37.61744],[126.70554,37.61175],[126.704,37.60277],[126.70829,37.60493],[126.71547,37.6039],[126.71617,37.59961],[126.72529,37.59203],[126.72907,37.59284],[126.7362,37.59048],[126.74453,37.59154],[126.75173,37.57956],[126.75576,37.58056],[126.7579,37.58527],[126.76341,37.5851],[126.7674,37.58827],[126.77262,37.58511],[126.7842,37.58258],[126.78707,37.58554],[126.7937,37.58158],[126.79524,37.58534],[126.80082,37.58785],[126.80016,37.59222],[126.79535,37.59832],[126.80311,37.6046],[126.77101,37.62379],[126.75515,37.63189],[126.74605,37.63522],[126.73631,37.64303],[126.72479,37.64893],[126.69201,37.6641],[126.67809,37.67149],[126.67273,37.67796],[126.66979,37.69171],[126.67062,37.70098]]]},"properties":{"osm_id":2409165,"name":"김포시","sgg_code":"41570","mois_admin":"4157000000","admin_level":6,"code_source":"osm"}},
{"type":"Feature","geometry":{"type":"Polygon","coordinates":[[[127.03523,37.13606],[127.02849,37.14778],[127.02779,37.15168],[127.03076,37.15634],[127.02779,37.16315],[127.01654,37.16781],[127.00668,37.16802],[127.0004,37.17351],[126.99508,37.17532],[127.00478,37.18057],[127.0019,37.18197],[127.00976,37.18894],[127.00854,37.19307],[127.01219,37.19268],[127.02815,37.2002],[127.03708,37.19981],[127.04657,37.19602],[127.06444,37.19907],[127.0656,37.19219],[127.06869,37.1906],[127.06521,37.18636],[127.07117,37.18401],[127.07133,37.16828],[127.07617,37.16214],[127.0933,37.15955],[127.09815,37.15573],[127.09978,37.14708],[127.10369,37.14347],[127.10631,37.1418],[127.11372,37.14459],[127.12282,37.1447],[127.128,37.14529],[127.13078,37.15139],[127.12886,37.16211],[127.13389,37.16496],[127.13371,37.16941],[127.14759,37.1695],[127.15161,37.17159],[127.15527,37.1768],[127.16051,37.18042],[127.15876,37.1832],[127.16209,37.19068],[127.15181,37.19919],[127.15718,37.20729],[127.15126,37.21424],[127.14977,37.21977],[127.13785,37.21564],[127.11738,37.22002],[127.10395,37.21973],[127.08879,37.21619],[127.07958,37.2218],[127.07258,37.2291],[127.06969,37.22858],[127.06701,37.24014],[127.05357,37.23367],[127.04606,37.23282],[127.04389,37.23873],[127.03794,37.23891],[127.02974,37.23249],[127.02324,37.23086],[127.02267,37.22501],[127.01115,37.2263],[127.00223,37.22891],[126.99824,37.22557],[126.99756,37.22912],[126.98613,37.23409],[126.98466,37.23066],[126.98112,37.23249],[126.9728,37.2287],[126.96726,37.23559],[126.95775,37.23975],[126.95605,37.24655],[126.95274,37.24884],[126.95,37.25562],[126.94654,37.25743],[126.93528,37.25708],[126.93066,37.26084],[126.92701,37.27135],[126.92735,37.27873],[126.91766,37.28522],[126.91297,37.2915],[126.90538,37.28993],[126.90069,37.29131],[126.89299,37.2864],[126.88961,37.28179],[126.87943,37.28529],[126.87375,37.27985],[126.86308,37.28114],[126.86108,37.27855],[126.86393,37.27232],[126.85733,37.2734],[126.8465,37.26553],[126.84086,37.2684],[126.83669,37.27685],[126.82716,37.27869],[126.82425,37.28706],[126.82063,37.29064],[126.81215,37.29464],[126.80493,37.29487],[126.78391,37.29097],[126.76209,37.29178],[126.74246,37.29682],[126.73469,37.29761],[126.71174,37.30256],[126.63289,37.30877],[126.62597,37.29485],[126.62912,37.28807],[126.64275,37.27875],[126.64822,37.27245],[126.64865,37.26849],[126.64537,37.26067],[126.64161,37.25583],[126.64326,37.24674],[126.65774,37.2254],[126.65557,37.2046],[126.65083,37.19295],[126.64356,37.185],[126.63098,37.18127],[126.61938,37.18225],[126.59446,37.17537],[126.55498,37.15767],[126.53326,37.14312],[126.51303,37.11951],[126.50652,37.09605],[126.52705,37.09046],[126.54381,37.04528],[126.55686,37.04265],[126.56516,37.04908],[126.58784,37.05013],[126.61476,37.06946],[126.71696,37.021],[126.7448,37.01149],[126.76073,37.00239],[126.76689,37.00869],[126.78598,37.01393],[126.79198,37.01477],[126.79866,37.01345],[126.81566,37.01308],[126.84267,37.01401],[126.85239,37.01984],[126.8605,37.02882],[126.86992,37.0431],[126.87882,37.05452],[126.88385,37.06671],[126.89153,37.06711],[126.90115,37.07021],[126.90521,37.07369],[126.90593,37.06947],[126.91146,37.06891],[126.91488,37.06567],[126.91996,37.06511],[126.92831,37.06812],[126.93173,37.06244],[126.94015,37.06081],[126.94855,37.06149],[126.94913,37.06885],[126.95932,37.06921],[126.96412,37.06772],[126.96908,37.07307],[126.9753,37.07081],[126.98438,37.07178],[126.99542,37.07007],[126.99194,37.08511],[126.99983,37.09104],[126.9963,37.1077],[126.99737,37.11582],[127.00148,37.12689],[127.01759,37.12993],[127.02166,37.13209],[127.03523,37.13606]]]},"properties":{"osm_id":2409173,"name":"화성시","sgg_code":"41590","mois_admin":"4159000000","admin_level":6,"code_source":"osm"}},
{"type":"Feature","geometry":{"type":"Polygon","coordinates":[[[127.13634,37.33964],[127.14186,37.33631],[127.1482,37.3377],[127.16206,37.34332],[127.17732,37.34447],[127.17876,37.34322],[127.19162,37.34724],[127.19818,37.34112],[127.19744,37.33354],[127.20147,37.32861],[127.20831,37.33088],[127.21681,37.34067],[127.21998,37.34692],[127.22363,37.34613],[127.2167,37.35465],[127.22496,37.35525],[127.22861,37.3589],[127.23369,37.35799],[127.23806,37.36042],[127.24102,37.3535],[127.24691,37.35565],[127.25221,37.35121],[127.26167,37.34806],[127.26503,37.34268],[127.27545,37.34316],[127.28296,37.34548],[127.28297,37.3363],[127.2798,37.33135],[127.28311,37.32009],[127.28301,37.31587],[127.27728,37.30885],[127.28155,37.29761],[127.27758,37.28974],[127.28173,37.27781],[127.27599,37.2734],[127.28168,37.26864],[127.29207,37.27164],[127.29653,37.26527],[127.30256,37.26688],[127.30374,37.27061],[127.31095,37.27344],[127.32248,37.27404],[127.33031,37.27021],[127.33869,37.27055],[127.34905,37.27678],[127.34003,37.28805],[127.34298,37.29117],[127.34808,37.29012],[127.35692,37.29433],[127.35438,37.30146],[127.35781,37.30584],[127.36409,37.30765],[127.36333,37.31593],[127.36986,37.31518],[127.37595,37.32065],[127.38706,37.31877],[127.39234,37.3206],[127.40006,37.32741],[127.40509,37.32731],[127.4073,37.33119],[127.41545,37.33399],[127.41996,37.33804],[127.42106,37.34256],[127.42598,37.34406],[127.43374,37.35039],[127.43511,37.35427],[127.4425,37.35836],[127.44586,37.36104],[127.4439,37.36377],[127.44465,37.38566],[127.44235,37.3874],[127.43497,37.38662],[127.42956,37.38785],[127.42438,37.38579],[127.42013,37.38688],[127.41477,37.39374],[127.41119,37.40668],[127.39889,37.41427],[127.40039,37.42139],[127.39569,37.42614],[127.39077,37.42808],[127.38407,37.43492],[127.38175,37.44367],[127.37238,37.44499],[127.37246,37.45187],[127.36783,37.4566],[127.38544,37.46],[127.38667,37.47017],[127.38877,37.47586],[127.38038,37.49004],[127.38212,37.49491],[127.38665,37.49726],[127.37919,37.50659],[127.37262,37.51997],[127.36397,37.53067],[127.35523,37.53482],[127.34961,37.53587],[127.34043,37.53474],[127.32642,37.53567],[127.31497,37.52852],[127.30893,37.52713],[127.30933,37.5207],[127.30676,37.51951],[127.30677,37.51472],[127.30216,37.50864],[127.29484,37.50568],[127.28705,37.5072],[127.28562,37.51458],[127.2803,37.5133],[127.27616,37.50844],[127.26865,37.50646],[127.26217,37.50737],[127.25437,37.50626],[127.25323,37.50325],[127.25857,37.48983],[127.25258,37.485],[127.24485,37.48548],[127.24695,37.48094],[127.24458,37.47657],[127.22839,37.47747],[127.22599,37.47981],[127.21554,37.48228],[127.20668,37.48035],[127.20022,37.48344],[127.19843,37.4796],[127.19323,37.48144],[127.18839,37.48038],[127.1844,37.48329],[127.1757,37.48535],[127.17539,37.47674],[127.18098,37.47333],[127.18156,37.46436],[127.18477,37.45881],[127.18938,37.45835],[127.19394,37.45287],[127.19596,37.44388],[127.19366,37.43916],[127.19523,37.43103],[127.19137,37.42206],[127.18547,37.41815],[127.18489,37.41535],[127.17696,37.41465],[127.17715,37.40902],[127.16836,37.39491],[127.16839,37.39249],[127.17681,37.38725],[127.16891,37.38145],[127.16169,37.37971],[127.16087,37.37386],[127.15019,37.36135],[127.13501,37.35833],[127.13248,37.3491],[127.13662,37.34486],[127.13634,37.33964]]]},"properties":{"osm_id":2409170,"name":"광주시","sgg_code":"41610","mois_admin":"4161000000","admin_level":6,"code_source":"osm"}},
{"type":"Feature","geometry":{"type":"Polygon","coordinates":[[[127.01546,37.70148],[127.0186,37.70532],[127.0124,37.71314],[127.01333,37.71827],[127.01051,37.72188],[127.01228,37.72608],[127.00908,37.72894],[127.00214,37.74054],[127.0062,37.7504],[127.00245,37.75515],[127.00161,37.76141],[127.00837,37.76244],[127.01769,37.76866],[127.0279,37.76661],[127.03341,37.76836],[127.04131,37.7668],[127.05114,37.76114],[127.06098,37.7622],[127.06962,37.76514],[127.07467,37.76887],[127.08117,37.77066],[127.09117,37.77618],[127.10443,37.77965],[127.11052,37.7877],[127.11298,37.788],[127.11749,37.79609],[127.1186,37.80832],[127.12236,37.81193],[127.12033,37.8169],[127.12199,37.82787],[127.1173,37.8343],[127.11467,37.85054],[127.11058,37.85372],[127.10893,37.8586],[127.10729,37.86252],[127.10085,37.86689],[127.09557,37.86776],[127.09213,37.87146],[127.08226,37.87166],[127.08021,37.86986],[127.0741,37.87268],[127.06614,37.87169],[127.0592,37.86903],[127.04773,37.88493],[127.04485,37.89559],[127.03754,37.89544],[127.01157,37.90362],[127.00775,37.91608],[127.01317,37.91852],[127.0096,37.92416],[127.00998,37.92821],[126.99973,37.93616],[126.99715,37.93383],[126.98636,37.93852],[126.9805,37.9375],[126.97284,37.94218],[126.96486,37.93821],[126.96423,37.92778],[126.96032,37.91935],[126.95561,37.92156],[126.949,37.91742],[126.95359,37.91292],[126.95386,37.90958],[126.94591,37.90107],[126.94818,37.8947],[126.94513,37.88786],[126.94608,37.86784],[126.93372,37.84595],[126.93638,37.8408],[126.927,37.83768],[126.92505,37.84124],[126.91314,37.84072],[126.91119,37.8284],[126.90235,37.8265],[126.90471,37.81931],[126.90981,37.81673],[126.90866,37.81073],[126.91216,37.80622],[126.905,37.80056],[126.90387,37.79101],[126.91265,37.79161],[126.91895,37.79012],[126.92633,37.78546],[126.93186,37.78885],[126.93794,37.78687],[126.93431,37.77749],[126.93567,37.77613],[126.92815,37.75721],[126.93164,37.75435],[126.92917,37.74851],[126.933,37.74593],[126.93037,37.74408],[126.93065,37.73607],[126.92204,37.73178],[126.92491,37.71978],[126.92069,37.71381],[126.92527,37.70862],[126.92231,37.70021],[126.91423,37.6852],[126.913,37.67608],[126.9077,37.67033],[126.91103,37.66868],[126.92034,37.67168],[126.92744,37.67069],[126.93047,37.67218],[126.93822,37.67059],[126.94223,37.67212],[126.9426,37.68042],[126.94538,37.68598],[126.95105,37.68813],[126.95408,37.69287],[126.96499,37.69204],[126.97295,37.68603],[126.98065,37.6856],[126.99119,37.67928],[126.99639,37.68281],[126.99583,37.68542],[127.00216,37.68377],[127.00832,37.68484],[127.00824,37.69211],[127.01051,37.69733],[127.01546,37.70148]]]},"properties":{"osm_id":2409185,"name":"양주시","sgg_code":"41630","mois_admin":"4163000000","admin_level":6,"code_source":"osm"}},
{"type":"Feature","geometry":{"type":"Polygon","coordinates":[[[127.44578,38.05112],[127.44458,38.05726],[127.44674,38.07122],[127.44448,38.07478],[127.44708,38.08073],[127.4448,38.08798],[127.44517,38.09747],[127.44045,38.10883],[127.4343,38.11063],[127.43053,38.11537],[127.42174,38.10618],[127.41341,38.10201],[127.40552,38.10295],[127.40345,38.11296],[127.38389,38.1146],[127.37861,38.11843],[127.37221,38.11374],[127.37184,38.1105],[127.36594,38.10693],[127.34813,38.10483],[127.33927,38.10077],[127.33762,38.09007],[127.32872,38.09438],[127.32067,38.09468],[127.31627,38.09864],[127.30982,38.11803],[127.29255,38.11415],[127.28275,38.11649],[127.28311,38.12208],[127.28057,38.12514],[127.27581,38.12418],[127.27591,38.1389],[127.28195,38.14374],[127.28641,38.15264],[127.28401,38.15735],[127.28857,38.16456],[127.289,38.16946],[127.29619,38.17248],[127.29774,38.17628],[127.2885,38.1768],[127.28392,38.18259],[127.27011,38.18207],[127.26464,38.17801],[127.26435,38.17158],[127.26011,38.17038],[127.25616,38.16302],[127.25271,38.16246],[127.23709,38.15439],[127.23396,38.14564],[127.23126,38.14783],[127.22381,38.14703],[127.22227,38.1376],[127.21246,38.14351],[127.19895,38.15582],[127.1889,38.16243],[127.18586,38.17388],[127.18901,38.18108],[127.18922,38.18832],[127.18055,38.18613],[127.17497,38.18006],[127.17566,38.1757],[127.17327,38.16922],[127.17392,38.16143],[127.17713,38.14896],[127.17327,38.14164],[127.17583,38.1286],[127.17338,38.12011],[127.18086,38.11843],[127.18279,38.11455],[127.18257,38.10673],[127.1843,38.09139],[127.19192,38.08397],[127.18974,38.07627],[127.18926,38.0647],[127.18293,38.06393],[127.17312,38.06626],[127.16505,38.06139],[127.15803,38.06347],[127.14975,38.0577],[127.14677,38.06014],[127.14794,38.06886],[127.14374,38.07338],[127.13867,38.0704],[127.13804,38.0659],[127.1262,38.05941],[127.11721,38.06095],[127.11451,38.05693],[127.11331,38.04855],[127.11736,38.04418],[127.11511,38.03946],[127.12305,38.03875],[127.1262,38.03675],[127.134,38.03899],[127.13774,38.03698],[127.1352,38.03012],[127.14037,38.01998],[127.14661,38.01324],[127.14749,37.99588],[127.14502,37.99194],[127.1408,37.9919],[127.13215,37.98743],[127.13084,37.98431],[127.12087,37.97884],[127.11784,37.98499],[127.11211,37.98856],[127.10112,37.98942],[127.09704,37.98521],[127.0903,37.98236],[127.09307,37.9752],[127.09165,37.97142],[127.09409,37.96807],[127.09217,37.95932],[127.09843,37.95599],[127.09589,37.9436],[127.10817,37.93887],[127.11152,37.93178],[127.11967,37.92177],[127.12018,37.91788],[127.13292,37.91593],[127.14677,37.91089],[127.14641,37.90293],[127.14946,37.89817],[127.1553,37.8956],[127.1495,37.88512],[127.14699,37.87651],[127.12845,37.87407],[127.12317,37.86698],[127.11159,37.86495],[127.10893,37.8586],[127.11058,37.85372],[127.11467,37.85054],[127.1173,37.8343],[127.12199,37.82787],[127.12033,37.8169],[127.12236,37.81193],[127.1186,37.80832],[127.11749,37.79609],[127.11298,37.788],[127.11052,37.7877],[127.10443,37.77965],[127.11519,37.77697],[127.11607,37.7728],[127.12478,37.77336],[127.12918,37.76718],[127.12577,37.76399],[127.13381,37.76218],[127.13963,37.76409],[127.14319,37.75721],[127.14634,37.75537],[127.1546,37.75011],[127.16427,37.74697],[127.17163,37.75051],[127.17229,37.75724],[127.177,37.75774],[127.17969,37.76257],[127.18478,37.76476],[127.19626,37.76161],[127.20269,37.765],[127.20659,37.76334],[127.21016,37.76825],[127.21319,37.7663],[127.21371,37.76064],[127.22453,37.75333],[127.22902,37.75482],[127.23716,37.76291],[127.25987,37.76847],[127.26632,37.78029],[127.27259,37.78962],[127.27062,37.79361],[127.27839,37.80414],[127.27913,37.81564],[127.27691,37.82393],[127.27444,37.825],[127.27605,37.83621],[127.27889,37.84244],[127.28629,37.848],[127.28037,37.85413],[127.28505,37.86037],[127.28691,37.86835],[127.29233,37.87478],[127.29406,37.86923],[127.30541,37.86874],[127.31197,37.86596],[127.31985,37.87147],[127.32231,37.87089],[127.32367,37.88783],[127.32857,37.89371],[127.32747,37.90425],[127.33021,37.90945],[127.32737,37.91236],[127.33042,37.91684],[127.32799,37.92171],[127.33255,37.92667],[127.33835,37.92346],[127.34576,37.92696],[127.35022,37.9222],[127.35804,37.92265],[127.36561,37.92641],[127.37485,37.93694],[127.38424,37.94337],[127.38478,37.94707],[127.37635,37.95324],[127.37895,37.95596],[127.37697,37.96374],[127.38178,37.96793],[127.38252,37.97386],[127.38499,37.97551],[127.38376,37.98105],[127.38968,37.98251],[127.39893,37.98903],[127.40609,37.99068],[127.40893,37.99564],[127.41497,38.0004],[127.41806,38.01479],[127.42373,38.02004],[127.42706,38.02694],[127.42558,38.03336],[127.43101,38.03472],[127.43764,38.04029],[127.44578,38.05112]]]},"properties":{"osm_id":2409178,"name":"포천시","sgg_code":"41650","mois_admin":"4165000000","admin_level":6,"code_source":"osm"}},
{"type":"Feature","geometry":{"type":"Polygon","coordinates":[[[127.74612,37.21378],[127.74853,37.21759],[127.74838,37.22589],[127.74616,37.22687],[127.74669,37.23935],[127.74859,37.24617],[127.75449,37.25224],[127.76066,37.26901],[127.75908,37.27705],[127.75398,37.28423],[127.75353,37.28898],[127.75004,37.29196],[127.75066,37.29798],[127.75461,37.29774],[127.76207,37.30214],[127.7682,37.30149],[127.7686,37.30834],[127.76545,37.31289],[127.76539,37.31738],[127.75978,37.3301],[127.76297,37.33443],[127.75798,37.34577],[127.76076,37.35264],[127.75966,37.36698],[127.74023,37.37074],[127.73151,37.37566],[127.72462,37.37157],[127.71598,37.36998],[127.71048,37.37213],[127.70804,37.36956],[127.70185,37.37303],[127.70315,37.38086],[127.70577,37.38294],[127.70385,37.39258],[127.71511,37.39881],[127.71388,37.40491],[127.70821,37.41066],[127.69897,37.40762],[127.69661,37.40415],[127.68588,37.39909],[127.68719,37.41184],[127.67942,37.41281],[127.66782,37.41191],[127.65796,37.41683],[127.65334,37.40845],[127.64732,37.40464],[127.63511,37.41337],[127.62656,37.41309],[127.62106,37.40852],[127.61696,37.41441],[127.60885,37.41842],[127.60099,37.42064],[127.58712,37.42064],[127.58782,37.4169],[127.58468,37.41378],[127.58285,37.41697],[127.5728,37.41175],[127.56552,37.41342],[127.56046,37.41763],[127.55504,37.41704],[127.55063,37.41144],[127.54318,37.40955],[127.53641,37.41165],[127.53048,37.42714],[127.52259,37.43537],[127.50767,37.43954],[127.49763,37.43285],[127.48887,37.43372],[127.48516,37.4323],[127.47971,37.42398],[127.47172,37.42276],[127.46581,37.42638],[127.4584,37.42785],[127.44311,37.43421],[127.42793,37.43656],[127.42374,37.43941],[127.41485,37.43245],[127.40967,37.43127],[127.40039,37.42139],[127.39889,37.41427],[127.41119,37.40668],[127.41477,37.39374],[127.42013,37.38688],[127.42438,37.38579],[127.42956,37.38785],[127.43497,37.38662],[127.44235,37.3874],[127.44465,37.38566],[127.4439,37.36377],[127.44586,37.36104],[127.4425,37.35836],[127.44865,37.35259],[127.46399,37.35828],[127.4705,37.3617],[127.47823,37.35593],[127.48166,37.3513],[127.48757,37.34732],[127.48962,37.3427],[127.49647,37.34172],[127.50182,37.33823],[127.51392,37.33912],[127.52131,37.32959],[127.52599,37.32985],[127.52885,37.32717],[127.52527,37.32406],[127.52838,37.31617],[127.53352,37.31412],[127.54272,37.31311],[127.54597,37.3111],[127.54622,37.30136],[127.54234,37.29427],[127.53432,37.28951],[127.52886,37.27413],[127.53252,37.25741],[127.53805,37.25294],[127.536,37.2452],[127.52555,37.23992],[127.52603,37.22761],[127.52868,37.22212],[127.53155,37.20544],[127.53129,37.19993],[127.52623,37.19534],[127.51764,37.18473],[127.51714,37.18243],[127.52375,37.17984],[127.52681,37.17358],[127.5366,37.17348],[127.55281,37.17533],[127.55786,37.17759],[127.55906,37.18077],[127.5638,37.1785],[127.57083,37.17018],[127.57764,37.17722],[127.57249,37.18453],[127.57831,37.18934],[127.58044,37.18747],[127.58912,37.18758],[127.59568,37.18989],[127.59926,37.18312],[127.61144,37.17453],[127.61515,37.16398],[127.6195,37.16257],[127.62678,37.16603],[127.633,37.16198],[127.62826,37.15478],[127.64809,37.15061],[127.65637,37.14488],[127.65994,37.13992],[127.666,37.13946],[127.67021,37.13611],[127.6774,37.13676],[127.68859,37.13554],[127.69548,37.14042],[127.6945,37.14883],[127.70427,37.15765],[127.70485,37.16752],[127.71111,37.17661],[127.71764,37.18383],[127.72641,37.18254],[127.72835,37.19179],[127.7325,37.1958],[127.7324,37.20159],[127.73674,37.21019],[127.74612,37.21378]]]},"properties":{"osm_id":2409187,"name":"여주시","sgg_code":"41670","mois_admin":"4167000000","admin_level":6,"code_source":"osm"}},
{"type":"Feature","geometry":{"type":"Polygon","coordinates":[[[126.79573,37.9964],[126.80066,37.99257],[126.80025,37.98757],[126.8075,37.97634],[126.81042,37.97389],[126.806,37.97215],[126.81237,37.96925],[126.8184,37.96372],[126.82098,37.95763],[126.82853,37.9598],[126.83136,37.9631],[126.83729,37.96222],[126.83855,37.97419],[126.84097,37.98148],[126.8496,37.9871],[126.85599,37.98664],[126.87253,37.97047],[126.88259,37.96658],[126.88949,37.96622],[126.89458,37.96823],[126.89563,37.97308],[126.89293,37.97816],[126.89099,37.98915],[126.89359,37.9945],[126.90535,37.99412],[126.91312,37.98825],[126.93646,37.98054],[126.9532,37.98749],[126.9598,37.99588],[126.96894,38.00273],[126.97233,38.00712],[126.98945,38.01022],[126.98922,38.00784],[127.00046,37.99641],[127.0043,37.99433],[127.01602,37.99226],[127.01713,37.98603],[127.01251,37.98444],[127.01011,37.97479],[127.00293,37.97335],[127.00127,37.96795],[126.99124,37.96765],[126.98842,37.9622],[126.98856,37.95638],[126.97748,37.95152],[126.97714,37.94598],[126.97284,37.94218],[126.9805,37.9375],[126.98636,37.93852],[126.99715,37.93383],[126.99973,37.93616],[127.00998,37.92821],[127.01454,37.93054],[127.01691,37.93663],[127.02783,37.94357],[127.02914,37.95586],[127.03995,37.95789],[127.04551,37.96966],[127.04507,37.97295],[127.0538,37.98065],[127.06444,37.97863],[127.06843,37.9752],[127.07686,37.97666],[127.08544,37.97521],[127.09165,37.97142],[127.09307,37.9752],[127.0903,37.98236],[127.09704,37.98521],[127.10112,37.98942],[127.11211,37.98856],[127.11784,37.98499],[127.12087,37.97884],[127.13084,37.98431],[127.13215,37.98743],[127.1408,37.9919],[127.14502,37.99194],[127.14749,37.99588],[127.14661,38.01324],[127.14037,38.01998],[127.1352,38.03012],[127.13774,38.03698],[127.134,38.03899],[127.1262,38.03675],[127.12305,38.03875],[127.11511,38.03946],[127.11736,38.04418],[127.11331,38.04855],[127.11451,38.05693],[127.11721,38.06095],[127.1262,38.05941],[127.13804,38.0659],[127.13867,38.0704],[127.14374,38.07338],[127.14794,38.06886],[127.14677,38.06014],[127.14975,38.0577],[127.15803,38.06347],[127.16505,38.06139],[127.17312,38.06626],[127.18293,38.06393],[127.18926,38.0647],[127.18974,38.07627],[127.19192,38.08397],[127.1843,38.09139],[127.18257,38.10673],[127.18279,38.11455],[127.18086,38.11843],[127.17338,38.12011],[127.17583,38.1286],[127.17327,38.14164],[127.17713,38.14896],[127.17392,38.16143],[127.17327,38.16922],[127.17566,38.1757],[127.17497,38.18006],[127.18055,38.18613],[127.16962,38.19812],[127.17513,38.20548],[127.17117,38.21349],[127.16446,38.21597],[127.16027,38.2199],[127.1602,38.2254],[127.16291,38.23244],[127.16329,38.23848],[127.15779,38.23892],[127.14892,38.24234],[127.14323,38.23768],[127.13508,38.2365],[127.13509,38.23413],[127.12305,38.2328],[127.1168,38.237],[127.11442,38.23635],[127.1099,38.24184],[127.11157,38.24739],[127.10891,38.25611],[127.11181,38.26717],[127.10824,38.26801],[127.10983,38.27168],[127.10168,38.27339],[127.10454,38.27943],[127.09594,38.281],[127.09493,38.27868],[127.07737,38.27726],[127.07744,38.27226],[127.06774,38.26365],[127.04105,38.25988],[127.03215,38.24908],[127.02868,38.24272],[127.02091,38.23719],[127.01543,38.23696],[127.01153,38.23242],[127.01275,38.22944],[127.00278,38.22298],[126.99616,38.21596],[126.98799,38.21541],[126.97491,38.20474],[126.97485,38.20031],[126.97136,38.1962],[126.96586,38.19632],[126.9626,38.19092],[126.96968,38.18529],[126.96469,38.16905],[126.95549,38.1628],[126.94999,38.1626],[126.94733,38.15897],[126.96858,38.14753],[126.97003,38.14371],[126.96427,38.13502],[126.95803,38.13222],[126.94951,38.13444],[126.94001,38.13355],[126.93461,38.12535],[126.92644,38.12584],[126.92246,38.11945],[126.91391,38.11955],[126.90757,38.11404],[126.90518,38.10792],[126.90031,38.10275],[126.88686,38.10175],[126.88202,38.10384],[126.87709,38.10016],[126.87023,38.08846],[126.86792,38.08196],[126.87099,38.07827],[126.86736,38.07389],[126.86769,38.06938],[126.86227,38.06709],[126.85885,38.05965],[126.86174,38.05461],[126.85639,38.05207],[126.85783,38.04973],[126.85699,38.03976],[126.8425,38.03432],[126.83679,38.03012],[126.83602,38.02695],[126.82489,38.0163],[126.82394,38.00832],[126.82139,38.00415],[126.81204,37.99927],[126.80125,37.99856],[126.79573,37.9964]]]},"properties":{"osm_id":2409188,"name":"연천군","sgg_code":"41800","mois_admin":"4180000000","admin_level":6,"code_source":"osm"}},
{"type":"Feature","geometry":{"type":"Polygon","coordinates":[[[127.26632,37.78029],[127.27448,37.77415],[127.29028,37.77502],[127.29262,37.77619],[127.30274,37.77337],[127.31019,37.76832],[127.31852,37.76728],[127.32747,37.75986],[127.33432,37.75268],[127.33124,37.75015],[127.33638,37.74259],[127.33902,37.74178],[127.34321,37.73435],[127.34481,37.72761],[127.35525,37.72373],[127.35335,37.71081],[127.35544,37.70695],[127.35326,37.70398],[127.3578,37.70032],[127.36085,37.69459],[127.3727,37.6918],[127.36672,37.6898],[127.36844,37.68587],[127.37468,37.6816],[127.37952,37.67326],[127.37708,37.66131],[127.36984,37.64598],[127.37976,37.65139],[127.39956,37.65091],[127.40794,37.65968],[127.4239,37.66479],[127.42813,37.67104],[127.44022,37.66148],[127.441,37.6592],[127.43498,37.65374],[127.43821,37.64828],[127.44414,37.6478],[127.4499,37.64386],[127.45269,37.63854],[127.46255,37.62472],[127.46909,37.62445],[127.47145,37.62037],[127.47223,37.60904],[127.47354,37.60807],[127.47267,37.59604],[127.46953,37.59086],[127.47188,37.57994],[127.4738,37.57786],[127.49841,37.57171],[127.51236,37.57759],[127.52056,37.58574],[127.5251,37.5865],[127.53784,37.58464],[127.55276,37.58581],[127.5607,37.58291],[127.562,37.58699],[127.55939,37.59473],[127.5627,37.59936],[127.56218,37.60413],[127.56994,37.60869],[127.57047,37.61394],[127.56549,37.61996],[127.56,37.62314],[127.55946,37.62849],[127.54826,37.63321],[127.54725,37.63771],[127.53794,37.64148],[127.53565,37.65069],[127.54385,37.65173],[127.54622,37.65786],[127.55282,37.66153],[127.54905,37.66861],[127.5508,37.67725],[127.55064,37.68704],[127.55863,37.70604],[127.55804,37.71391],[127.56186,37.72007],[127.55991,37.72858],[127.55123,37.72756],[127.54927,37.72393],[127.54017,37.71946],[127.53389,37.72193],[127.52962,37.72642],[127.5247,37.72647],[127.51342,37.71759],[127.50951,37.71693],[127.50615,37.72415],[127.50711,37.73136],[127.51687,37.74027],[127.53408,37.7486],[127.54209,37.75466],[127.54499,37.76363],[127.54092,37.77088],[127.53062,37.78173],[127.52226,37.78895],[127.52305,37.79617],[127.53719,37.81057],[127.53494,37.81771],[127.52564,37.82287],[127.52562,37.83292],[127.52944,37.83972],[127.54046,37.84655],[127.54965,37.84654],[127.55022,37.85166],[127.55853,37.85645],[127.56324,37.85588],[127.5686,37.86697],[127.57789,37.87401],[127.58462,37.87629],[127.59424,37.87602],[127.60321,37.8742],[127.6091,37.88352],[127.6074,37.88966],[127.61705,37.906],[127.61658,37.9119],[127.61205,37.92406],[127.61658,37.92827],[127.61267,37.94048],[127.60374,37.94449],[127.60176,37.9481],[127.60244,37.955],[127.58472,37.96175],[127.57934,37.96114],[127.57133,37.964],[127.56189,37.96277],[127.54738,37.96646],[127.54421,37.96958],[127.54466,37.9757],[127.54717,37.97828],[127.54611,37.98391],[127.54031,38.00116],[127.53109,38.00239],[127.51237,38.00021],[127.5089,38.00131],[127.50392,37.99795],[127.4974,38.00371],[127.48152,38.00623],[127.47156,38.00645],[127.46296,38.01172],[127.45753,38.01699],[127.45102,38.03809],[127.45291,38.04719],[127.44578,38.05112],[127.43764,38.04029],[127.43101,38.03472],[127.42558,38.03336],[127.42706,38.02694],[127.42373,38.02004],[127.41806,38.01479],[127.41497,38.0004],[127.40893,37.99564],[127.40609,37.99068],[127.39893,37.98903],[127.38968,37.98251],[127.38376,37.98105],[127.38499,37.97551],[127.38252,37.97386],[127.38178,37.96793],[127.37697,37.96374],[127.37895,37.95596],[127.37635,37.95324],[127.38478,37.94707],[127.38424,37.94337],[127.37485,37.93694],[127.36561,37.92641],[127.35804,37.92265],[127.35022,37.9222],[127.34576,37.92696],[127.33835,37.92346],[127.33255,37.92667],[127.32799,37.92171],[127.33042,37.91684],[127.32737,37.91236],[127.33021,37.90945],[127.32747,37.90425],[127.32857,37.89371],[127.32367,37.88783],[127.32231,37.87089],[127.31985,37.87147],[127.31197,37.86596],[127.30541,37.86874],[127.29406,37.86923],[127.29233,37.87478],[127.28691,37.86835],[127.28505,37.86037],[127.28037,37.85413],[127.28629,37.848],[127.27889,37.84244],[127.27605,37.83621],[127.27444,37.825],[127.27691,37.82393],[127.27913,37.81564],[127.27839,37.80414],[127.27062,37.79361],[127.27259,37.78962],[127.26632,37.78029]]]},"properties":{"osm_id":2409164,"name":"가평군","sgg_code":"41820","mois_admin":"4182000000","admin_level":6,"code_source":"osm"}},
{"type":"Feature","geometry":{"type":"Polygon","coordinates":[[[127.40039,37.42139],[127.40967,37.43127],[127.41485,37.43245],[127.42374,37.43941],[127.42793,37.43656],[127.44311,37.43421],[127.4584,37.42785],[127.46581,37.42638],[127.47172,37.42276],[127.47971,37.42398],[127.48516,37.4323],[127.48887,37.43372],[127.49763,37.43285],[127.50767,37.43954],[127.52259,37.43537],[127.53048,37.42714],[127.53641,37.41165],[127.54318,37.40955],[127.55063,37.41144],[127.55504,37.41704],[127.56046,37.41763],[127.56552,37.41342],[127.5728,37.41175],[127.58285,37.41697],[127.58468,37.41378],[127.58782,37.4169],[127.58712,37.42064],[127.60099,37.42064],[127.60885,37.41842],[127.61696,37.41441],[127.62106,37.40852],[127.62656,37.41309],[127.63511,37.41337],[127.64732,37.40464],[127.65334,37.40845],[127.65796,37.41683],[127.66782,37.41191],[127.67942,37.41281],[127.68719,37.41184],[127.68588,37.39909],[127.69661,37.40415],[127.69897,37.40762],[127.70821,37.41066],[127.71388,37.40491],[127.71511,37.39881],[127.70385,37.39258],[127.70577,37.38294],[127.70315,37.38086],[127.70185,37.37303],[127.70804,37.36956],[127.71048,37.37213],[127.71598,37.36998],[127.72462,37.37157],[127.73151,37.37566],[127.74023,37.37074],[127.75966,37.36698],[127.76287,37.36998],[127.77894,37.37077],[127.77579,37.37896],[127.77862,37.38575],[127.78409,37.38883],[127.78168,37.39304],[127.78373,37.39854],[127.78783,37.40113],[127.79218,37.41845],[127.79502,37.42498],[127.804,37.4291],[127.80041,37.43863],[127.79839,37.44259],[127.79938,37.45177],[127.79647,37.46372],[127.79943,37.46556],[127.79979,37.47238],[127.78958,37.4748],[127.78217,37.48168],[127.78019,37.48865],[127.77607,37.48854],[127.77469,37.49175],[127.76019,37.49222],[127.75991,37.50331],[127.76466,37.50266],[127.77485,37.50666],[127.78112,37.51306],[127.7837,37.51214],[127.78879,37.51855],[127.7964,37.52311],[127.79634,37.52858],[127.80647,37.53117],[127.80623,37.53492],[127.81006,37.53806],[127.82204,37.53845],[127.82827,37.53664],[127.83363,37.53921],[127.84202,37.5389],[127.84603,37.54447],[127.84514,37.54773],[127.8481,37.55226],[127.84039,37.55679],[127.83951,37.55922],[127.83232,37.56157],[127.82704,37.56061],[127.81413,37.56415],[127.80909,37.57377],[127.80563,37.57409],[127.80408,37.57931],[127.79998,37.58277],[127.7929,37.58529],[127.79008,37.58061],[127.78444,37.57812],[127.76657,37.58267],[127.76128,37.58759],[127.75798,37.58681],[127.75411,37.59206],[127.7447,37.58788],[127.72682,37.58906],[127.72313,37.59063],[127.70789,37.58635],[127.69743,37.59185],[127.70084,37.59612],[127.69619,37.60079],[127.69168,37.60134],[127.68338,37.60823],[127.67943,37.60941],[127.66473,37.62024],[127.66171,37.62432],[127.65339,37.62231],[127.64985,37.62415],[127.64699,37.63274],[127.63943,37.63264],[127.63411,37.63557],[127.63439,37.63975],[127.63089,37.63936],[127.62644,37.64308],[127.6219,37.63957],[127.6218,37.64283],[127.6155,37.64703],[127.61332,37.64566],[127.60903,37.64988],[127.60219,37.65154],[127.60031,37.64786],[127.58326,37.64013],[127.58349,37.63559],[127.58065,37.6334],[127.57142,37.632],[127.56468,37.63316],[127.55946,37.62849],[127.56,37.62314],[127.56549,37.61996],[127.57047,37.61394],[127.56994,37.60869],[127.56218,37.60413],[127.5627,37.59936],[127.55939,37.59473],[127.562,37.58699],[127.5607,37.58291],[127.55276,37.58581],[127.53784,37.58464],[127.5251,37.5865],[127.52056,37.58574],[127.51236,37.57759],[127.49841,37.57171],[127.4738,37.57786],[127.47188,37.57994],[127.46953,37.59086],[127.47267,37.59604],[127.47354,37.60807],[127.47223,37.60904],[127.47145,37.62037],[127.46909,37.62445],[127.46255,37.62472],[127.45269,37.63854],[127.4499,37.64386],[127.44414,37.6478],[127.43821,37.64828],[127.43498,37.65374],[127.441,37.6592],[127.44022,37.66148],[127.42813,37.67104],[127.4239,37.66479],[127.40794,37.65968],[127.39956,37.65091],[127.37976,37.65139],[127.36984,37.64598],[127.36582,37.64045],[127.35509,37.63126],[127.34663,37.61841],[127.34174,37.59311],[127.32971,37.57216],[127.31915,37.55564],[127.30885,37.54436],[127.30685,37.53751],[127.30594,37.52751],[127.30676,37.51951],[127.30933,37.5207],[127.30893,37.52713],[127.31497,37.52852],[127.32642,37.53567],[127.34043,37.53474],[127.34961,37.53587],[127.35523,37.53482],[127.36397,37.53067],[127.37262,37.51997],[127.37919,37.50659],[127.38665,37.49726],[127.38212,37.49491],[127.38038,37.49004],[127.38877,37.47586],[127.38667,37.47017],[127.38544,37.46],[127.36783,37.4566],[127.37246,37.45187],[127.37238,37.44499],[127.38175,37.44367],[127.38407,37.43492],[127.39077,37.42808],[127.39569,37.42614],[127.40039,37.42139]]]},"properties":{"osm_id":2409186,"name":"양평군","sgg_code":"41830","mois_admin":"4183000000","admin_level":6,"code_source":"osm"}},
{"type":"Feature","geometry":{"type":"Polygon","coordinates":[[[127.40219,36.45667],[127.41023,36.45443],[127.4304,36.45754],[127.43574,36.45719],[127.442,36.45112],[127.45462,36.44994],[127.46319,36.45705],[127.46499,36.46472],[127.4687,36.47189],[127.47882,36.47714],[127.48383,36.47752],[127.48423,36.47196],[127.47771,36.45878],[127.48568,36.45312],[127.50113,36.45574],[127.50353,36.45477],[127.50353,36.44911],[127.49553,36.43954],[127.49135,36.43337],[127.49186,36.43058],[127.50199,36.40864],[127.5091,36.40728],[127.51185,36.40875],[127.51246,36.41453],[127.5151,36.42428],[127.52027,36.4352],[127.52601,36.43942],[127.54083,36.44449],[127.54528,36.44486],[127.54641,36.45041],[127.55304,36.4571],[127.55514,36.46621],[127.5623,36.47829],[127.56649,36.48347],[127.57649,36.49039],[127.57212,36.49323],[127.56987,36.50343],[127.57374,36.50882],[127.57284,36.51773],[127.56906,36.5211],[127.56524,36.53052],[127.57094,36.53572],[127.57996,36.53731],[127.58092,36.54207],[127.59112,36.54343],[127.59433,36.54626],[127.60299,36.54773],[127.61251,36.5518],[127.61598,36.56104],[127.61127,36.56688],[127.61147,36.56999],[127.61723,36.57737],[127.63053,36.58664],[127.63081,36.5933],[127.63566,36.60009],[127.64129,36.60196],[127.64646,36.60652],[127.65201,36.60496],[127.65528,36.60025],[127.66504,36.60242],[127.67007,36.59795],[127.67895,36.59583],[127.68118,36.59192],[127.68784,36.59178],[127.69463,36.5884],[127.70295,36.59178],[127.70945,36.59609],[127.71568,36.60224],[127.72878,36.60228],[127.7372,36.59976],[127.73712,36.59264],[127.7414,36.59141],[127.7455,36.58552],[127.75528,36.59001],[127.76109,36.59053],[127.76917,36.59358],[127.76949,36.60399],[127.76463,36.61305],[127.75234,36.62154],[127.7492,36.62612],[127.74426,36.62907],[127.74518,36.63224],[127.74099,36.63266],[127.7377,36.63643],[127.7381,36.64128],[127.73477,36.63965],[127.72585,36.64468],[127.72337,36.6513],[127.71268,36.65033],[127.70936,36.65404],[127.71229,36.6572],[127.71028,36.66277],[127.71323,36.66834],[127.71924,36.67083],[127.72539,36.67581],[127.72715,36.68251],[127.72354,36.68304],[127.71861,36.68827],[127.71289,36.69028],[127.71373,36.69522],[127.70848,36.70033],[127.7022,36.70378],[127.70279,36.70884],[127.69032,36.71389],[127.68605,36.72066],[127.68376,36.71734],[127.67955,36.71708],[127.67141,36.72267],[127.6645,36.72999],[127.66173,36.72246],[127.66311,36.71603],[127.65511,36.70461],[127.64787,36.70121],[127.64245,36.70268],[127.64138,36.70549],[127.63434,36.70873],[127.62717,36.70768],[127.62297,36.70492],[127.61777,36.70746],[127.61863,36.71645],[127.61544,36.71873],[127.61396,36.72612],[127.60957,36.73017],[127.61058,36.73536],[127.60431,36.74542],[127.59564,36.74472],[127.59026,36.74856],[127.59035,36.7533],[127.58739,36.75503],[127.58881,36.76234],[127.57499,36.76741],[127.56875,36.77152],[127.5648,36.78026],[127.5518,36.77609],[127.53553,36.77256],[127.53284,36.77105],[127.51859,36.76934],[127.50929,36.76684],[127.51027,36.77301],[127.50498,36.77948],[127.49711,36.78001],[127.49045,36.7738],[127.48353,36.77621],[127.47041,36.76882],[127.46039,36.76991],[127.45844,36.76579],[127.45095,36.761],[127.44866,36.75501],[127.45094,36.74942],[127.44372,36.74873],[127.43808,36.7533],[127.4357,36.75153],[127.42711,36.75081],[127.42478,36.75482],[127.42694,36.7576],[127.4197,36.75766],[127.41051,36.75636],[127.41136,36.75361],[127.4057,36.74976],[127.40501,36.74508],[127.39712,36.74714],[127.39308,36.75204],[127.38862,36.75383],[127.38707,36.75864],[127.37875,36.75925],[127.37343,36.7576],[127.36828,36.76062],[127.35763,36.75911],[127.35592,36.75567],[127.34836,36.75251],[127.33618,36.75278],[127.33257,36.74728],[127.33772,36.74453],[127.33806,36.73999],[127.3439,36.73518],[127.34032,36.73103],[127.33206,36.73077],[127.32599,36.7336],[127.31809,36.72467],[127.3118,36.72371],[127.30856,36.72073],[127.30843,36.71402],[127.30608,36.70836],[127.30808,36.70477],[127.29724,36.69776],[127.29211,36.69739],[127.28529,36.69067],[127.29666,36.68577],[127.30183,36.68574],[127.30763,36.68202],[127.30485,36.66809],[127.30101,36.66205],[127.29593,36.65957],[127.28916,36.65932],[127.2859,36.65015],[127.28162,36.64513],[127.28278,36.64229],[127.27565,36.6398],[127.27948,36.6335],[127.2859,36.63418],[127.29056,36.63689],[127.29201,36.62504],[127.2963,36.62424],[127.30159,36.6093],[127.30655,36.59984],[127.30442,36.59101],[127.29967,36.58639],[127.30186,36.58075],[127.30703,36.58305],[127.32006,36.58261],[127.32535,36.58012],[127.32719,36.57605],[127.33097,36.57505],[127.33655,36.56999],[127.33702,36.56284],[127.34713,36.56445],[127.351,36.56221],[127.36048,36.56228],[127.36826,36.5662],[127.37755,36.56783],[127.37204,36.56362],[127.37798,36.56294],[127.37271,36.55996],[127.37923,36.55259],[127.37853,36.54981],[127.38319,36.54786],[127.38388,36.54153],[127.39233,36.54001],[127.40182,36.54124],[127.40501,36.53731],[127.40562,36.5314],[127.40854,36.52852],[127.4086,36.52369],[127.40149,36.52365],[127.39764,36.52058],[127.40375,36.51738],[127.40904,36.50975],[127.40788,36.50015],[127.40983,36.49532],[127.39576,36.49159],[127.40198,36.48742],[127.4043,36.48302],[127.40156,36.47229],[127.40098,36.45968],[127.40219,36.45667]]]},"properties":{"osm_id":2541043,"name":"청주시","sgg_code":"43110","mois_admin":"4311000000","admin_level":6,"code_source":"osm"}},
{"type":"Feature","geometry":{"type":"Polygon","coordinates":[[[127.69548,37.14042],[127.70027,37.13779],[127.70961,37.13569],[127.71202,37.12778],[127.71763,37.12532],[127.72214,37.12081],[127.72282,37.11477],[127.72051,37.11071],[127.71331,37.10905],[127.71266,37.10636],[127.70092,37.10299],[127.69801,37.09822],[127.69934,37.09163],[127.69313,37.08501],[127.69218,37.08133],[127.6866,37.08095],[127.68282,37.0763],[127.68648,37.07325],[127.68922,37.0665],[127.69125,37.05344],[127.68545,37.04701],[127.6763,37.04461],[127.67151,37.04045],[127.6714,37.03467],[127.66358,37.03045],[127.66437,37.02305],[127.65736,37.01818],[127.65613,37.01341],[127.66073,37.00693],[127.66552,37.00307],[127.66047,37.00354],[127.65505,37.00139],[127.65256,36.99169],[127.65369,36.98656],[127.65085,36.98343],[127.66223,36.9774],[127.67053,36.97865],[127.66691,36.98672],[127.68632,36.98589],[127.68662,36.98147],[127.69471,36.97783],[127.69449,36.97497],[127.70378,36.97201],[127.70585,36.96579],[127.71012,36.96444],[127.71626,36.95841],[127.72685,36.95906],[127.73343,36.95353],[127.73928,36.95238],[127.75296,36.95795],[127.76384,36.94633],[127.76087,36.94509],[127.77563,36.93334],[127.78436,36.93771],[127.78803,36.93719],[127.79339,36.94071],[127.79494,36.94591],[127.80067,36.94755],[127.8066,36.94595],[127.80716,36.94159],[127.82022,36.94145],[127.82157,36.94344],[127.82619,36.94042],[127.83294,36.93985],[127.83181,36.93538],[127.83538,36.92995],[127.843,36.92771],[127.84209,36.91777],[127.83811,36.91422],[127.84606,36.90925],[127.85244,36.90928],[127.85833,36.90492],[127.85986,36.89979],[127.86399,36.89623],[127.88151,36.89585],[127.88304,36.89016],[127.89184,36.8914],[127.90101,36.89676],[127.90359,36.88794],[127.9137,36.88567],[127.91748,36.8811],[127.9229,36.88228],[127.93038,36.88797],[127.94595,36.8881],[127.95189,36.88473],[127.94514,36.87491],[127.95668,36.86843],[127.96342,36.86123],[127.96937,36.85935],[127.9669,36.85095],[127.97434,36.84208],[127.97716,36.83614],[127.97159,36.82806],[127.976,36.82371],[127.98185,36.82343],[127.9824,36.81601],[127.99259,36.81267],[127.99779,36.81294],[128.01158,36.80679],[128.02113,36.81028],[128.02404,36.82599],[128.03638,36.82461],[128.04223,36.8206],[128.04725,36.82223],[128.05923,36.81638],[128.06736,36.81677],[128.07716,36.81098],[128.08537,36.8042],[128.08383,36.7993],[128.0935,36.79678],[128.09296,36.80286],[128.10195,36.80629],[128.10585,36.80595],[128.10818,36.81044],[128.10982,36.82132],[128.11844,36.82149],[128.11902,36.82304],[128.12893,36.8248],[128.13398,36.82844],[128.13357,36.8328],[128.12216,36.83386],[128.11071,36.83016],[128.09474,36.83533],[128.09143,36.84918],[128.08713,36.85153],[128.06881,36.8453],[128.06269,36.83812],[128.05881,36.8395],[128.05813,36.84378],[128.03684,36.85174],[128.03558,36.85503],[128.03859,36.85981],[128.04254,36.86111],[128.04552,36.8705],[128.05094,36.87219],[128.05543,36.88256],[128.06049,36.88504],[128.05907,36.88748],[128.06631,36.89387],[128.06626,36.90943],[128.07225,36.91101],[128.07113,36.91507],[128.0625,36.91997],[128.05818,36.93218],[128.04643,36.93677],[128.04271,36.94027],[128.04035,36.95439],[128.0483,36.95569],[128.05799,36.96014],[128.06442,36.95798],[128.07512,36.95003],[128.08486,36.94774],[128.0866,36.95097],[128.08747,36.9613],[128.08647,36.96634],[128.09118,36.98217],[128.08971,36.98954],[128.08494,36.99043],[128.08442,36.99493],[128.07893,36.99632],[128.07651,37.00541],[128.08635,37.01084],[128.08886,37.01795],[128.08557,37.02],[128.09044,37.02332],[128.08614,37.0282],[128.0888,37.03137],[128.08346,37.03895],[128.08449,37.04443],[128.0807,37.04842],[128.08381,37.05616],[128.08259,37.05904],[128.08579,37.06571],[128.08206,37.07079],[128.08526,37.07605],[128.07912,37.08232],[128.0691,37.08641],[128.06067,37.08674],[128.05894,37.08946],[128.06323,37.09597],[128.06168,37.09749],[128.05269,37.09696],[128.04553,37.10481],[128.04849,37.10791],[128.04613,37.11509],[128.03965,37.11248],[128.02442,37.11553],[128.01991,37.1179],[128.01206,37.10764],[128.01093,37.10173],[128.01313,37.09816],[128.00152,37.10044],[127.99918,37.10822],[127.9854,37.11244],[127.98596,37.13155],[127.9826,37.13119],[127.97746,37.14104],[127.97097,37.14178],[127.97115,37.15068],[127.96832,37.1562],[127.95958,37.16066],[127.94742,37.16262],[127.94265,37.16188],[127.92633,37.16553],[127.92384,37.16363],[127.91504,37.16888],[127.90863,37.16712],[127.90346,37.16005],[127.90164,37.1518],[127.89889,37.1498],[127.89543,37.15609],[127.88641,37.16109],[127.87205,37.16434],[127.86231,37.1618],[127.86176,37.15644],[127.85597,37.15645],[127.85555,37.16026],[127.85177,37.15965],[127.85032,37.15391],[127.83649,37.15177],[127.83009,37.15509],[127.82359,37.15376],[127.81905,37.14825],[127.81451,37.14664],[127.80755,37.14742],[127.80204,37.14446],[127.79508,37.14615],[127.78943,37.14375],[127.76466,37.16002],[127.75558,37.17222],[127.75189,37.18226],[127.74802,37.20156],[127.7441,37.20955],[127.74612,37.21378],[127.73674,37.21019],[127.7324,37.20159],[127.7325,37.1958],[127.72835,37.19179],[127.72641,37.18254],[127.71764,37.18383],[127.71111,37.17661],[127.70485,37.16752],[127.70427,37.15765],[127.6945,37.14883],[127.69548,37.14042]]]},"properties":{"osm_id":2538331,"name":"충주시","sgg_code":"43130","mois_admin":"4313000000","admin_level":6,"code_source":"osm"}},
{"type":"Feature","geometry":{"type":"Polygon","coordinates":[[[128.29831,37.13418],[128.29267,37.1393],[128.28469,37.14315],[128.27993,37.14246],[128.27329,37.14763],[128.27059,37.15423],[128.2662,37.15603],[128.26444,37.16042],[128.27038,37.16177],[128.27072,37.16636],[128.28111,37.1734],[128.28968,37.17015],[128.29807,37.17166],[128.29562,37.18329],[128.30264,37.18662],[128.30766,37.186],[128.31299,37.19114],[128.31339,37.19678],[128.32176,37.19555],[128.32639,37.19729],[128.3334,37.21579],[128.32606,37.21724],[128.31404,37.22269],[128.30794,37.21711],[128.28818,37.21507],[128.28395,37.21018],[128.27286,37.20986],[128.2684,37.20792],[128.25979,37.21641],[128.25798,37.22124],[128.25093,37.22958],[128.24431,37.22654],[128.23742,37.22932],[128.23446,37.22734],[128.2285,37.22803],[128.22012,37.24019],[128.21478,37.24184],[128.21465,37.24607],[128.21024,37.24579],[128.2078,37.24882],[128.20118,37.24897],[128.19317,37.24524],[128.18419,37.23828],[128.17788,37.23533],[128.17362,37.23101],[128.17604,37.22835],[128.17253,37.22494],[128.17307,37.21906],[128.16404,37.21331],[128.15802,37.21631],[128.15467,37.21567],[128.15086,37.22074],[128.14232,37.22434],[128.14204,37.2286],[128.13348,37.22973],[128.12957,37.23375],[128.12536,37.23459],[128.1208,37.2273],[128.12236,37.2252],[128.11551,37.22027],[128.1115,37.20767],[128.10505,37.20377],[128.07754,37.1937],[128.07201,37.19449],[128.06356,37.19282],[128.06047,37.19409],[128.04981,37.18958],[128.04428,37.19086],[128.0372,37.18928],[128.03222,37.19388],[128.03224,37.19804],[128.0283,37.20232],[128.03308,37.21081],[128.03875,37.21604],[128.03216,37.22108],[128.03213,37.2238],[128.02301,37.22563],[128.0211,37.2303],[128.01921,37.2444],[128.01259,37.24769],[128.00797,37.25212],[127.99973,37.25446],[127.99423,37.25357],[127.98546,37.25814],[127.9799,37.25833],[127.96974,37.2557],[127.96455,37.25101],[127.95268,37.24792],[127.94519,37.24056],[127.93888,37.24074],[127.92662,37.2316],[127.92158,37.22505],[127.9271,37.22015],[127.93247,37.20699],[127.93092,37.20113],[127.93216,37.19523],[127.93626,37.18877],[127.9326,37.18237],[127.93363,37.1758],[127.9273,37.16978],[127.92633,37.16553],[127.94265,37.16188],[127.94742,37.16262],[127.95958,37.16066],[127.96832,37.1562],[127.97115,37.15068],[127.97097,37.14178],[127.97746,37.14104],[127.9826,37.13119],[127.98596,37.13155],[127.9854,37.11244],[127.99918,37.10822],[128.00152,37.10044],[128.01313,37.09816],[128.01093,37.10173],[128.01206,37.10764],[128.01991,37.1179],[128.02442,37.11553],[128.03965,37.11248],[128.04613,37.11509],[128.04849,37.10791],[128.04553,37.10481],[128.05269,37.09696],[128.06168,37.09749],[128.06323,37.09597],[128.05894,37.08946],[128.06067,37.08674],[128.0691,37.08641],[128.07912,37.08232],[128.08526,37.07605],[128.08206,37.07079],[128.08579,37.06571],[128.08259,37.05904],[128.08381,37.05616],[128.0807,37.04842],[128.08449,37.04443],[128.08346,37.03895],[128.0888,37.03137],[128.08614,37.0282],[128.09044,37.02332],[128.08557,37.02],[128.08886,37.01795],[128.08635,37.01084],[128.07651,37.00541],[128.07893,36.99632],[128.08442,36.99493],[128.08494,36.99043],[128.08971,36.98954],[128.09118,36.98217],[128.08647,36.96634],[128.08747,36.9613],[128.0866,36.95097],[128.08486,36.94774],[128.07512,36.95003],[128.06442,36.95798],[128.05799,36.96014],[128.0483,36.95569],[128.04035,36.95439],[128.04271,36.94027],[128.04643,36.93677],[128.05818,36.93218],[128.0625,36.91997],[128.07113,36.91507],[128.07225,36.91101],[128.06626,36.90943],[128.06631,36.89387],[128.05907,36.88748],[128.06049,36.88504],[128.05543,36.88256],[128.05094,36.87219],[128.04552,36.8705],[128.04254,36.86111],[128.03859,36.85981],[128.03558,36.85503],[128.03684,36.85174],[128.05813,36.84378],[128.05881,36.8395],[128.06269,36.83812],[128.06881,36.8453],[128.08713,36.85153],[128.09143,36.84918],[128.09474,36.83533],[128.11071,36.83016],[128.12216,36.83386],[128.13357,36.8328],[128.14106,36.83348],[128.14984,36.82758],[128.15143,36.82324],[128.16263,36.82099],[128.17132,36.8221],[128.1848,36.81663],[128.19368,36.81712],[128.20717,36.81242],[128.21621,36.81246],[128.21732,36.81828],[128.21451,36.83485],[128.21112,36.84117],[128.21254,36.84973],[128.23013,36.84537],[128.23702,36.84535],[128.23871,36.85018],[128.23423,36.85599],[128.23466,36.86283],[128.2395,36.8651],[128.24183,36.87233],[128.24251,36.87802],[128.25092,36.88472],[128.2438,36.89097],[128.24626,36.90432],[128.24189,36.91205],[128.23672,36.91661],[128.23668,36.934],[128.24732,36.93924],[128.24483,36.94186],[128.24844,36.9444],[128.25112,36.94244],[128.26353,36.94949],[128.2645,36.9523],[128.25966,36.95485],[128.26659,36.96078],[128.26001,36.96846],[128.25989,36.97576],[128.25584,36.9865],[128.25851,36.99333],[128.25391,36.99748],[128.2576,37.00015],[128.25383,37.00924],[128.24838,37.01324],[128.2439,37.02108],[128.23849,37.02509],[128.22805,37.02448],[128.22505,37.02721],[128.22443,37.03431],[128.21712,37.03739],[128.22083,37.042],[128.21898,37.04584],[128.22103,37.05004],[128.21784,37.05434],[128.22497,37.05872],[128.22537,37.06234],[128.23681,37.06542],[128.23941,37.0736],[128.24679,37.07692],[128.24925,37.07511],[128.25714,37.08279],[128.26139,37.08204],[128.26692,37.08743],[128.26233,37.09029],[128.25961,37.09913],[128.25637,37.10024],[128.26318,37.10705],[128.26694,37.10864],[128.26736,37.11353],[128.27023,37.11271],[128.27304,37.11703],[128.2776,37.11581],[128.27778,37.11077],[128.28595,37.10549],[128.28711,37.10218],[128.29394,37.09806],[128.30383,37.10033],[128.30837,37.11451],[128.30419,37.11731],[128.30374,37.12829],[128.29831,37.13418]]]},"properties":{"osm_id":2538334,"name":"제천시","sgg_code":"43150","mois_admin":"4315000000","admin_level":6,"code_source":"osm"}},
{"type":"Feature","geometry":{"type":"Polygon","coordinates":[[[127.7985,36.60208],[127.79181,36.61033],[127.78626,36.61377],[127.78143,36.60875],[127.77669,36.60805],[127.76949,36.60399],[127.76917,36.59358],[127.76109,36.59053],[127.75528,36.59001],[127.7455,36.58552],[127.7414,36.59141],[127.73712,36.59264],[127.7372,36.59976],[127.72878,36.60228],[127.71568,36.60224],[127.70945,36.59609],[127.70295,36.59178],[127.69463,36.5884],[127.68784,36.59178],[127.68118,36.59192],[127.67895,36.59583],[127.67007,36.59795],[127.66504,36.60242],[127.65528,36.60025],[127.65201,36.60496],[127.64646,36.60652],[127.64129,36.60196],[127.63566,36.60009],[127.63081,36.5933],[127.63053,36.58664],[127.61723,36.57737],[127.61147,36.56999],[127.61127,36.56688],[127.61598,36.56104],[127.61251,36.5518],[127.60299,36.54773],[127.59433,36.54626],[127.59112,36.54343],[127.58092,36.54207],[127.57996,36.53731],[127.57094,36.53572],[127.56524,36.53052],[127.56906,36.5211],[127.57284,36.51773],[127.57374,36.50882],[127.56987,36.50343],[127.57212,36.49323],[127.57649,36.49039],[127.56649,36.48347],[127.5623,36.47829],[127.55514,36.46621],[127.55304,36.4571],[127.54641,36.45041],[127.54528,36.44486],[127.54083,36.44449],[127.52601,36.43942],[127.52027,36.4352],[127.5151,36.42428],[127.51246,36.41453],[127.52651,36.41116],[127.53313,36.39975],[127.54087,36.40102],[127.54593,36.40613],[127.55087,36.40677],[127.55415,36.40322],[127.55386,36.39477],[127.55758,36.39363],[127.56812,36.39968],[127.58078,36.40893],[127.58117,36.41486],[127.58368,36.41858],[127.59117,36.41174],[127.59687,36.41075],[127.60404,36.40394],[127.61334,36.40413],[127.61659,36.40859],[127.61735,36.41744],[127.62402,36.42313],[127.62885,36.42997],[127.62751,36.43414],[127.63183,36.4398],[127.63913,36.43594],[127.64132,36.4424],[127.64486,36.44521],[127.65027,36.44332],[127.65398,36.43865],[127.65767,36.43798],[127.6654,36.44527],[127.67628,36.43715],[127.68038,36.43633],[127.67853,36.42709],[127.68026,36.42003],[127.68377,36.41753],[127.69099,36.41725],[127.70012,36.41349],[127.71046,36.41326],[127.70794,36.40627],[127.71436,36.40203],[127.72147,36.39412],[127.73116,36.38981],[127.73265,36.39343],[127.74277,36.38691],[127.7478,36.38594],[127.74928,36.38832],[127.7624,36.39377],[127.76564,36.39001],[127.77453,36.38715],[127.7812,36.38877],[127.78339,36.38691],[127.7908,36.38917],[127.79436,36.38459],[127.80136,36.38248],[127.8189,36.38131],[127.82307,36.37982],[127.82869,36.37403],[127.83203,36.37385],[127.83255,36.36925],[127.83727,36.37306],[127.85321,36.37099],[127.85836,36.3741],[127.87028,36.37366],[127.8747,36.37095],[127.8797,36.37162],[127.88284,36.3738],[127.88439,36.37971],[127.87919,36.38346],[127.87559,36.39094],[127.86618,36.3923],[127.86435,36.40331],[127.87245,36.40515],[127.87584,36.41427],[127.88267,36.42161],[127.88276,36.42469],[127.8773,36.42978],[127.87485,36.42929],[127.87336,36.44257],[127.87476,36.44891],[127.87708,36.44911],[127.88233,36.46126],[127.87848,36.46708],[127.88095,36.46848],[127.88223,36.4761],[127.88056,36.48076],[127.87618,36.48314],[127.87841,36.48934],[127.88918,36.49377],[127.89785,36.49929],[127.90606,36.50806],[127.90227,36.51315],[127.90061,36.525],[127.90187,36.52809],[127.89604,36.53093],[127.89164,36.53071],[127.8829,36.53548],[127.87698,36.53566],[127.87082,36.54293],[127.87337,36.55667],[127.86788,36.56332],[127.85969,36.56909],[127.85286,36.57168],[127.84445,36.5696],[127.83613,36.57051],[127.83036,36.57419],[127.82452,36.5707],[127.81689,36.57725],[127.80478,36.58147],[127.80037,36.58538],[127.79642,36.59491],[127.7985,36.60208]]]},"properties":{"osm_id":2541037,"name":"보은군","sgg_code":"43720","mois_admin":"4372000000","admin_level":6,"code_source":"osm"}},
{"type":"Feature","geometry":{"type":"Polygon","coordinates":[[[127.54087,36.40102],[127.53798,36.39486],[127.53331,36.3935],[127.52513,36.38671],[127.52633,36.38595],[127.52522,36.37527],[127.52749,36.36988],[127.5241,36.36632],[127.52479,36.36131],[127.52041,36.35122],[127.5129,36.346],[127.50784,36.34641],[127.5081,36.34323],[127.50127,36.33985],[127.50204,36.32837],[127.50362,36.32647],[127.49865,36.31886],[127.49938,36.31526],[127.49449,36.31167],[127.49943,36.30555],[127.49581,36.29898],[127.49113,36.29682],[127.4989,36.28229],[127.48862,36.27289],[127.48647,36.25935],[127.48997,36.25805],[127.48788,36.25033],[127.49267,36.24457],[127.49275,36.23806],[127.5025,36.23778],[127.51203,36.24097],[127.51646,36.24029],[127.53299,36.25126],[127.53796,36.24306],[127.54981,36.23853],[127.545,36.22764],[127.54586,36.22513],[127.5616,36.22874],[127.56505,36.22832],[127.5708,36.23337],[127.57972,36.23316],[127.5853,36.23019],[127.58719,36.22472],[127.59066,36.22544],[127.59328,36.21987],[127.59869,36.21665],[127.59655,36.21256],[127.59985,36.20456],[127.59268,36.19525],[127.59792,36.18434],[127.60826,36.1855],[127.62404,36.18079],[127.62725,36.17776],[127.63444,36.18141],[127.64522,36.17098],[127.6521,36.17147],[127.65476,36.1772],[127.65024,36.18522],[127.65448,36.19181],[127.65206,36.19422],[127.65422,36.19804],[127.64961,36.20365],[127.6495,36.21205],[127.65168,36.21441],[127.65059,36.22503],[127.65607,36.22901],[127.66334,36.22361],[127.67253,36.22229],[127.67841,36.22471],[127.68306,36.22941],[127.68579,36.23543],[127.69171,36.23927],[127.69341,36.24452],[127.69241,36.24971],[127.69682,36.25123],[127.70171,36.26125],[127.70494,36.26028],[127.70872,36.2632],[127.71464,36.26318],[127.71319,36.26764],[127.71891,36.26881],[127.72068,36.26619],[127.73306,36.27502],[127.74146,36.27123],[127.7545,36.26861],[127.75997,36.27035],[127.76392,36.28429],[127.76908,36.28526],[127.77013,36.29011],[127.77596,36.29178],[127.78004,36.28949],[127.79443,36.29054],[127.79514,36.2979],[127.80153,36.30029],[127.80135,36.30413],[127.80795,36.30957],[127.81416,36.30816],[127.81898,36.31012],[127.82071,36.30519],[127.82506,36.3101],[127.83438,36.31104],[127.83614,36.31346],[127.8452,36.31684],[127.85096,36.3212],[127.85203,36.33067],[127.85434,36.33075],[127.86781,36.33722],[127.87356,36.34517],[127.87923,36.34482],[127.88511,36.34897],[127.88592,36.3546],[127.891,36.35663],[127.89116,36.35986],[127.88652,36.36314],[127.88511,36.37005],[127.8797,36.37162],[127.8747,36.37095],[127.87028,36.37366],[127.85836,36.3741],[127.85321,36.37099],[127.83727,36.37306],[127.83255,36.36925],[127.83203,36.37385],[127.82869,36.37403],[127.82307,36.37982],[127.8189,36.38131],[127.80136,36.38248],[127.79436,36.38459],[127.7908,36.38917],[127.78339,36.38691],[127.7812,36.38877],[127.77453,36.38715],[127.76564,36.39001],[127.7624,36.39377],[127.74928,36.38832],[127.7478,36.38594],[127.74277,36.38691],[127.73265,36.39343],[127.73116,36.38981],[127.72147,36.39412],[127.71436,36.40203],[127.70794,36.40627],[127.71046,36.41326],[127.70012,36.41349],[127.69099,36.41725],[127.68377,36.41753],[127.68026,36.42003],[127.67853,36.42709],[127.68038,36.43633],[127.67628,36.43715],[127.6654,36.44527],[127.65767,36.43798],[127.65398,36.43865],[127.65027,36.44332],[127.64486,36.44521],[127.64132,36.4424],[127.63913,36.43594],[127.63183,36.4398],[127.62751,36.43414],[127.62885,36.42997],[127.62402,36.42313],[127.61735,36.41744],[127.61659,36.40859],[127.61334,36.40413],[127.60404,36.40394],[127.59687,36.41075],[127.59117,36.41174],[127.58368,36.41858],[127.58117,36.41486],[127.58078,36.40893],[127.56812,36.39968],[127.55758,36.39363],[127.55386,36.39477],[127.55415,36.40322],[127.55087,36.40677],[127.54593,36.40613],[127.54087,36.40102]]]},"properties":{"osm_id":2541039,"name":"옥천군","sgg_code":"43730","mois_admin":"4373000000","admin_level":6,"code_source":"osm"}},
{"type":"Feature","geometry":{"type":"Polygon","coordinates":[[[127.87677,36.02251],[127.88402,36.02835],[127.88504,36.036],[127.88859,36.03498],[127.89411,36.03763],[127.90361,36.0393],[127.90427,36.04377],[127.90945,36.0499],[127.91667,36.05512],[127.92589,36.05363],[127.93178,36.05026],[127.93594,36.05103],[127.94264,36.05611],[127.94661,36.05706],[127.95444,36.06733],[127.96092,36.06886],[127.96159,36.08298],[127.95757,36.09093],[127.95781,36.0952],[127.96262,36.09948],[127.96841,36.10738],[127.9668,36.11869],[127.97379,36.12054],[127.98175,36.1247],[127.98757,36.12947],[127.98855,36.13254],[127.98748,36.14761],[127.99705,36.15534],[127.99024,36.15952],[127.99012,36.16582],[127.98346,36.17005],[127.98471,36.17703],[127.9818,36.17899],[127.9756,36.18812],[127.97602,36.19247],[127.9816,36.19608],[127.98019,36.19797],[127.9859,36.20041],[127.99289,36.20018],[127.9988,36.20706],[128.00613,36.20713],[128.00982,36.20938],[128.02577,36.2059],[128.03641,36.1975],[128.03813,36.19442],[128.04454,36.19634],[128.05205,36.20082],[128.05893,36.20104],[128.05055,36.20617],[128.05025,36.21587],[128.0421,36.21731],[128.03905,36.22214],[128.03899,36.22946],[128.03308,36.2338],[128.03012,36.24048],[128.0353,36.24353],[128.0395,36.25123],[128.0449,36.25351],[128.04779,36.25748],[128.03732,36.25981],[128.02703,36.26512],[128.02607,36.26815],[128.01528,36.26834],[128.0086,36.27227],[128.00044,36.26665],[127.99341,36.26689],[127.99096,36.26348],[127.98131,36.2635],[127.9768,36.259],[127.97856,36.25429],[127.96824,36.25049],[127.96457,36.25343],[127.96036,36.25241],[127.95483,36.25717],[127.94827,36.25755],[127.94714,36.26729],[127.93772,36.26919],[127.93397,36.27583],[127.92525,36.27955],[127.92229,36.27902],[127.91331,36.28182],[127.90707,36.28607],[127.90502,36.30242],[127.89187,36.29209],[127.88928,36.2872],[127.88747,36.27834],[127.88434,36.27379],[127.86966,36.27725],[127.86477,36.27578],[127.85653,36.27708],[127.85185,36.27396],[127.84987,36.27991],[127.84958,36.28931],[127.84575,36.29628],[127.84744,36.3002],[127.8413,36.30934],[127.84515,36.31336],[127.8452,36.31684],[127.83614,36.31346],[127.83438,36.31104],[127.82506,36.3101],[127.82071,36.30519],[127.81898,36.31012],[127.81416,36.30816],[127.80795,36.30957],[127.80135,36.30413],[127.80153,36.30029],[127.79514,36.2979],[127.79443,36.29054],[127.78004,36.28949],[127.77596,36.29178],[127.77013,36.29011],[127.76908,36.28526],[127.76392,36.28429],[127.75997,36.27035],[127.7545,36.26861],[127.74146,36.27123],[127.73306,36.27502],[127.72068,36.26619],[127.71891,36.26881],[127.71319,36.26764],[127.71464,36.26318],[127.70872,36.2632],[127.70494,36.26028],[127.70171,36.26125],[127.69682,36.25123],[127.69241,36.24971],[127.69341,36.24452],[127.69171,36.23927],[127.68579,36.23543],[127.68306,36.22941],[127.67841,36.22471],[127.67253,36.22229],[127.66334,36.22361],[127.65607,36.22901],[127.65059,36.22503],[127.65168,36.21441],[127.6495,36.21205],[127.64961,36.20365],[127.65422,36.19804],[127.65206,36.19422],[127.65448,36.19181],[127.65024,36.18522],[127.65476,36.1772],[127.6521,36.17147],[127.64522,36.17098],[127.63444,36.18141],[127.62725,36.17776],[127.62404,36.18079],[127.60826,36.1855],[127.59792,36.18434],[127.59466,36.18233],[127.59341,36.17748],[127.59856,36.17429],[127.60135,36.16913],[127.60212,36.16061],[127.5938,36.15118],[127.59036,36.14328],[127.59028,36.13292],[127.59551,36.12561],[127.60641,36.11715],[127.61011,36.11881],[127.61354,36.11184],[127.61981,36.10896],[127.61723,36.10383],[127.61804,36.09395],[127.62006,36.09069],[127.62435,36.09052],[127.63251,36.08212],[127.63418,36.07338],[127.6383,36.06794],[127.6435,36.06739],[127.64809,36.06313],[127.64905,36.05799],[127.65444,36.05662],[127.658,36.04761],[127.65942,36.03963],[127.66441,36.03751],[127.67274,36.04163],[127.67181,36.04848],[127.66917,36.05115],[127.67717,36.0555],[127.68555,36.06219],[127.68902,36.06267],[127.69074,36.05803],[127.69461,36.05898],[127.69646,36.0411],[127.70362,36.03441],[127.71199,36.03591],[127.71669,36.0349],[127.72006,36.03051],[127.71754,36.02239],[127.71258,36.01886],[127.71673,36.01856],[127.72523,36.01476],[127.72803,36.01554],[127.73026,36.02148],[127.72759,36.03012],[127.73185,36.03262],[127.73709,36.03026],[127.73967,36.02529],[127.7462,36.02925],[127.75538,36.02415],[127.76189,36.02522],[127.76307,36.02174],[127.75727,36.01763],[127.76317,36.01259],[127.76998,36.01266],[127.78345,36.01644],[127.78756,36.01435],[127.79081,36.0188],[127.80108,36.02659],[127.8055,36.02596],[127.81979,36.0298],[127.8304,36.03523],[127.84196,36.03688],[127.84857,36.03973],[127.85281,36.03911],[127.85566,36.03293],[127.8606,36.03146],[127.86774,36.02377],[127.87677,36.02251]]]},"properties":{"osm_id":2541040,"name":"영동군","sgg_code":"43740","mois_admin":"4374000000","admin_level":6,"code_source":"osm"}},
{"type":"Feature","geometry":{"type":"Polygon","coordinates":[[[127.6645,36.72999],[127.65681,36.73258],[127.65427,36.73517],[127.65,36.73266],[127.63967,36.73196],[127.63893,36.73814],[127.63602,36.74131],[127.63658,36.74539],[127.63355,36.75187],[127.62367,36.76075],[127.62931,36.77346],[127.62752,36.77639],[127.62083,36.77859],[127.62094,36.78787],[127.62548,36.78932],[127.62702,36.79425],[127.63471,36.7935],[127.64162,36.79995],[127.64013,36.80344],[127.63401,36.8073],[127.63499,36.81284],[127.6301,36.81624],[127.62929,36.82157],[127.63101,36.83051],[127.63918,36.84358],[127.63754,36.84695],[127.62639,36.84253],[127.62376,36.8356],[127.62049,36.83698],[127.61642,36.83383],[127.6134,36.83646],[127.6115,36.84778],[127.61748,36.85771],[127.61373,36.85839],[127.60321,36.85188],[127.59653,36.85159],[127.59122,36.85782],[127.58575,36.85959],[127.57848,36.85773],[127.57828,36.85376],[127.57636,36.85068],[127.57153,36.85006],[127.57281,36.84123],[127.56868,36.83854],[127.56923,36.82998],[127.57202,36.8278],[127.57923,36.82822],[127.57371,36.8214],[127.56314,36.81802],[127.56054,36.81966],[127.55003,36.81286],[127.54483,36.81351],[127.53733,36.80859],[127.54814,36.79835],[127.55507,36.79926],[127.5648,36.78026],[127.56875,36.77152],[127.57499,36.76741],[127.58881,36.76234],[127.58739,36.75503],[127.59035,36.7533],[127.59026,36.74856],[127.59564,36.74472],[127.60431,36.74542],[127.61058,36.73536],[127.60957,36.73017],[127.61396,36.72612],[127.61544,36.71873],[127.61863,36.71645],[127.61777,36.70746],[127.62297,36.70492],[127.62717,36.70768],[127.63434,36.70873],[127.64138,36.70549],[127.64245,36.70268],[127.64787,36.70121],[127.65511,36.70461],[127.66311,36.71603],[127.66173,36.72246],[127.6645,36.72999]]]},"properties":{"osm_id":2539139,"name":"증평군","sgg_code":"43745","mois_admin":"4374500000","admin_level":6,"code_source":"osm"}},
{"type":"Feature","geometry":{"type":"Polygon","coordinates":[[[127.4197,36.75766],[127.42694,36.7576],[127.42478,36.75482],[127.42711,36.75081],[127.4357,36.75153],[127.43808,36.7533],[127.44372,36.74873],[127.45094,36.74942],[127.44866,36.75501],[127.45095,36.761],[127.45844,36.76579],[127.46039,36.76991],[127.47041,36.76882],[127.48353,36.77621],[127.49045,36.7738],[127.49711,36.78001],[127.50498,36.77948],[127.51027,36.77301],[127.50929,36.76684],[127.51859,36.76934],[127.53284,36.77105],[127.53553,36.77256],[127.5518,36.77609],[127.5648,36.78026],[127.55507,36.79926],[127.54814,36.79835],[127.53733,36.80859],[127.54483,36.81351],[127.55003,36.81286],[127.56054,36.81966],[127.56314,36.81802],[127.57371,36.8214],[127.57923,36.82822],[127.57202,36.8278],[127.56923,36.82998],[127.56868,36.83854],[127.57281,36.84123],[127.57153,36.85006],[127.57636,36.85068],[127.57828,36.85376],[127.57554,36.85839],[127.57791,36.86654],[127.58511,36.87018],[127.58504,36.87459],[127.57776,36.87978],[127.57229,36.8774],[127.571,36.88257],[127.56703,36.8861],[127.56667,36.8827],[127.56142,36.88281],[127.55976,36.88659],[127.55565,36.88616],[127.55521,36.89132],[127.55185,36.89392],[127.555,36.89933],[127.5463,36.90101],[127.54404,36.90523],[127.53568,36.91105],[127.52724,36.91087],[127.52338,36.91485],[127.5194,36.92288],[127.51318,36.92601],[127.51133,36.93094],[127.50499,36.93301],[127.49963,36.93213],[127.49281,36.93876],[127.48614,36.93868],[127.48126,36.9338],[127.47655,36.93636],[127.47064,36.93603],[127.46664,36.93909],[127.46349,36.94842],[127.45762,36.94709],[127.4491,36.94806],[127.44535,36.95876],[127.44838,36.96323],[127.45491,36.96066],[127.45711,36.96557],[127.45399,36.97395],[127.4506,36.97515],[127.44872,36.98014],[127.44872,36.99391],[127.44755,37.00067],[127.45008,37.00382],[127.44709,37.01089],[127.44061,37.01191],[127.43619,37.00537],[127.42882,37.00219],[127.42035,37.00376],[127.41391,36.99947],[127.40684,36.99832],[127.39979,36.99986],[127.39421,36.99838],[127.38609,36.98141],[127.39432,36.97698],[127.40153,36.96768],[127.39803,36.96486],[127.38727,36.96446],[127.38482,36.95962],[127.37872,36.9579],[127.37566,36.94866],[127.3673,36.9503],[127.35761,36.94769],[127.354,36.95267],[127.34963,36.95279],[127.34326,36.94826],[127.34316,36.94432],[127.3332,36.94035],[127.32681,36.93594],[127.31621,36.93472],[127.3148,36.93125],[127.30899,36.92939],[127.29497,36.93067],[127.30065,36.9189],[127.30336,36.91639],[127.30246,36.91114],[127.2978,36.90297],[127.28932,36.89419],[127.29589,36.88953],[127.2992,36.88963],[127.30394,36.88524],[127.30788,36.88539],[127.31121,36.88034],[127.30951,36.87821],[127.31129,36.87049],[127.30578,36.86335],[127.3073,36.8597],[127.31273,36.85747],[127.3193,36.85906],[127.32451,36.8569],[127.32813,36.85816],[127.33649,36.85469],[127.33666,36.84507],[127.33462,36.84214],[127.3341,36.83236],[127.34637,36.82931],[127.35103,36.83081],[127.35605,36.82865],[127.35715,36.82356],[127.36661,36.81697],[127.38149,36.81408],[127.39161,36.80659],[127.39568,36.8015],[127.40081,36.79909],[127.40171,36.79514],[127.39731,36.79115],[127.3955,36.78248],[127.39982,36.78086],[127.4019,36.77571],[127.41295,36.77322],[127.41684,36.76426],[127.42038,36.76093],[127.4197,36.75766]]]},"properties":{"osm_id":2538513,"name":"진천군","sgg_code":"43750","mois_admin":"4375000000","admin_level":6,"code_source":"osm"}},
{"type":"Feature","geometry":{"type":"Polygon","coordinates":[[[127.6645,36.72999],[127.67141,36.72267],[127.67955,36.71708],[127.68376,36.71734],[127.68605,36.72066],[127.69032,36.71389],[127.70279,36.70884],[127.7022,36.70378],[127.70848,36.70033],[127.71373,36.69522],[127.71289,36.69028],[127.71861,36.68827],[127.72354,36.68304],[127.72715,36.68251],[127.72539,36.67581],[127.71924,36.67083],[127.71323,36.66834],[127.71028,36.66277],[127.71229,36.6572],[127.70936,36.65404],[127.71268,36.65033],[127.72337,36.6513],[127.72585,36.64468],[127.73477,36.63965],[127.7381,36.64128],[127.7377,36.63643],[127.74099,36.63266],[127.74518,36.63224],[127.74426,36.62907],[127.7492,36.62612],[127.75234,36.62154],[127.76463,36.61305],[127.76949,36.60399],[127.77669,36.60805],[127.78143,36.60875],[127.78626,36.61377],[127.79181,36.61033],[127.7985,36.60208],[127.80198,36.60185],[127.81299,36.60768],[127.81857,36.6083],[127.821,36.61331],[127.82752,36.61077],[127.82994,36.61262],[127.8407,36.60829],[127.84911,36.61282],[127.8583,36.61353],[127.85573,36.61758],[127.84981,36.61958],[127.84784,36.62494],[127.85056,36.63125],[127.84675,36.63399],[127.85658,36.63447],[127.86197,36.6361],[127.86353,36.6407],[127.87013,36.64552],[127.87394,36.65505],[127.87994,36.65676],[127.88199,36.64642],[127.88878,36.63935],[127.88724,36.63447],[127.88935,36.62866],[127.8973,36.62627],[127.90304,36.62752],[127.90859,36.62593],[127.91138,36.61532],[127.9188,36.60868],[127.91996,36.60112],[127.92486,36.60406],[127.92409,36.61545],[127.93238,36.61874],[127.9314,36.62411],[127.93596,36.633],[127.93381,36.63608],[127.93573,36.64418],[127.939,36.64599],[127.93908,36.65275],[127.93164,36.6554],[127.93221,36.66452],[127.92957,36.66877],[127.91771,36.66785],[127.91297,36.67767],[127.90171,36.68053],[127.90037,36.6822],[127.89167,36.68244],[127.88762,36.67863],[127.88001,36.67871],[127.87429,36.68196],[127.88207,36.68357],[127.8816,36.68774],[127.88583,36.68825],[127.88858,36.69186],[127.89785,36.69325],[127.91872,36.69224],[127.92892,36.69084],[127.93159,36.69442],[127.93086,36.70136],[127.93357,36.70649],[127.94648,36.70621],[127.94953,36.70805],[127.94918,36.71988],[127.95361,36.72268],[127.95697,36.73559],[127.96055,36.73719],[127.96316,36.73339],[127.97072,36.73091],[127.97315,36.7262],[127.98025,36.72008],[127.98685,36.71755],[127.99744,36.71832],[128.00194,36.71726],[128.00651,36.72545],[128.01484,36.73019],[128.01939,36.7237],[128.02578,36.71906],[128.03191,36.71878],[128.04969,36.70776],[128.0587,36.70895],[128.07038,36.7077],[128.07272,36.71189],[128.06799,36.72223],[128.05556,36.73042],[128.05072,36.73671],[128.04196,36.74093],[128.03232,36.74758],[128.03237,36.75517],[128.0448,36.77105],[128.04831,36.78322],[128.05498,36.79266],[128.05613,36.79842],[128.05408,36.80561],[128.05923,36.81638],[128.04725,36.82223],[128.04223,36.8206],[128.03638,36.82461],[128.02404,36.82599],[128.02113,36.81028],[128.01158,36.80679],[127.99779,36.81294],[127.99259,36.81267],[127.9824,36.81601],[127.98185,36.82343],[127.976,36.82371],[127.97159,36.82806],[127.97716,36.83614],[127.97434,36.84208],[127.9669,36.85095],[127.96937,36.85935],[127.96342,36.86123],[127.95668,36.86843],[127.94514,36.87491],[127.95189,36.88473],[127.94595,36.8881],[127.93038,36.88797],[127.9229,36.88228],[127.91748,36.8811],[127.9137,36.88567],[127.90359,36.88794],[127.90101,36.89676],[127.89184,36.8914],[127.88304,36.89016],[127.88151,36.89585],[127.86399,36.89623],[127.85986,36.89979],[127.85833,36.90492],[127.85244,36.90928],[127.84606,36.90925],[127.83811,36.91422],[127.84209,36.91777],[127.843,36.92771],[127.83538,36.92995],[127.83181,36.93538],[127.83294,36.93985],[127.82619,36.94042],[127.82157,36.94344],[127.82022,36.94145],[127.80716,36.94159],[127.8066,36.94595],[127.80067,36.94755],[127.79494,36.94591],[127.79339,36.94071],[127.78803,36.93719],[127.78688,36.93178],[127.78855,36.92621],[127.78145,36.92416],[127.78674,36.91582],[127.79316,36.91687],[127.79793,36.90942],[127.79847,36.90275],[127.79206,36.90385],[127.79043,36.90682],[127.78487,36.90588],[127.79211,36.90115],[127.79208,36.89791],[127.78712,36.89449],[127.78935,36.88554],[127.78774,36.88063],[127.77079,36.87756],[127.76667,36.87477],[127.76247,36.87749],[127.7586,36.87384],[127.75054,36.87332],[127.74543,36.87803],[127.73798,36.87785],[127.73484,36.87994],[127.73038,36.87852],[127.72522,36.88007],[127.71624,36.87716],[127.70856,36.87838],[127.70773,36.87593],[127.69397,36.88005],[127.68977,36.87155],[127.68588,36.86849],[127.68716,36.86249],[127.68359,36.85617],[127.67784,36.85095],[127.66139,36.85979],[127.6524,36.86087],[127.64444,36.85796],[127.63754,36.84695],[127.63918,36.84358],[127.63101,36.83051],[127.62929,36.82157],[127.6301,36.81624],[127.63499,36.81284],[127.63401,36.8073],[127.64013,36.80344],[127.64162,36.79995],[127.63471,36.7935],[127.62702,36.79425],[127.62548,36.78932],[127.62094,36.78787],[127.62083,36.77859],[127.62752,36.77639],[127.62931,36.77346],[127.62367,36.76075],[127.63355,36.75187],[127.63658,36.74539],[127.63602,36.74131],[127.63893,36.73814],[127.63967,36.73196],[127.65,36.73266],[127.65427,36.73517],[127.65681,36.73258],[127.6645,36.72999]]]},"properties":{"osm_id":2539138,"name":"괴산군","sgg_code":"43760","mois_admin":"4376000000","admin_level":6,"code_source":"osm"}},
{"type":"Feature","geometry":{"type":"Polygon","coordinates":[[[127.78803,36.93719],[127.78436,36.93771],[127.77563,36.93334],[127.76087,36.94509],[127.76384,36.94633],[127.75296,36.95795],[127.73928,36.95238],[127.73343,36.95353],[127.72685,36.95906],[127.71626,36.95841],[127.71012,36.96444],[127.70585,36.96579],[127.70378,36.97201],[127.69449,36.97497],[127.69471,36.97783],[127.68662,36.98147],[127.68632,36.98589],[127.66691,36.98672],[127.67053,36.97865],[127.66223,36.9774],[127.65085,36.98343],[127.65369,36.98656],[127.65256,36.99169],[127.65505,37.00139],[127.66047,37.00354],[127.66552,37.00307],[127.66073,37.00693],[127.65613,37.01341],[127.65736,37.01818],[127.66437,37.02305],[127.66358,37.03045],[127.6714,37.03467],[127.67151,37.04045],[127.6763,37.04461],[127.68545,37.04701],[127.69125,37.05344],[127.68922,37.0665],[127.68648,37.07325],[127.68282,37.0763],[127.6866,37.08095],[127.69218,37.08133],[127.69313,37.08501],[127.69934,37.09163],[127.69801,37.09822],[127.70092,37.10299],[127.71266,37.10636],[127.71331,37.10905],[127.72051,37.11071],[127.72282,37.11477],[127.72214,37.12081],[127.71763,37.12532],[127.71202,37.12778],[127.70961,37.13569],[127.70027,37.13779],[127.69548,37.14042],[127.68859,37.13554],[127.6774,37.13676],[127.67021,37.13611],[127.666,37.13946],[127.65994,37.13992],[127.65637,37.14488],[127.64809,37.15061],[127.62826,37.15478],[127.63021,37.13536],[127.62913,37.13237],[127.63533,37.11524],[127.63372,37.11007],[127.63517,37.10367],[127.63181,37.09648],[127.61664,37.08924],[127.61334,37.08668],[127.60449,37.08626],[127.60046,37.08821],[127.59097,37.08787],[127.60002,37.07558],[127.60468,37.0715],[127.60415,37.0686],[127.59515,37.074],[127.58847,37.07298],[127.57921,37.07548],[127.56611,37.06298],[127.56504,37.0592],[127.56823,37.05601],[127.56692,37.05243],[127.5695,37.04828],[127.56141,37.04869],[127.5569,37.04384],[127.55036,37.04541],[127.53388,37.05278],[127.53093,37.05578],[127.52115,37.05685],[127.51632,37.05954],[127.51254,37.05634],[127.50919,37.04949],[127.50447,37.04796],[127.49605,37.04869],[127.487,37.05437],[127.47569,37.05369],[127.47512,37.05609],[127.46856,37.05387],[127.46832,37.05055],[127.46128,37.04702],[127.45685,37.04217],[127.45964,37.03564],[127.45635,37.03114],[127.45974,37.02506],[127.45837,37.02047],[127.45371,37.02125],[127.44833,37.01654],[127.44709,37.01089],[127.45008,37.00382],[127.44755,37.00067],[127.44872,36.99391],[127.44872,36.98014],[127.4506,36.97515],[127.45399,36.97395],[127.45711,36.96557],[127.45491,36.96066],[127.44838,36.96323],[127.44535,36.95876],[127.4491,36.94806],[127.45762,36.94709],[127.46349,36.94842],[127.46664,36.93909],[127.47064,36.93603],[127.47655,36.93636],[127.48126,36.9338],[127.48614,36.93868],[127.49281,36.93876],[127.49963,36.93213],[127.50499,36.93301],[127.51133,36.93094],[127.51318,36.92601],[127.5194,36.92288],[127.52338,36.91485],[127.52724,36.91087],[127.53568,36.91105],[127.54404,36.90523],[127.5463,36.90101],[127.555,36.89933],[127.55185,36.89392],[127.55521,36.89132],[127.55565,36.88616],[127.55976,36.88659],[127.56142,36.88281],[127.56667,36.8827],[127.56703,36.8861],[127.571,36.88257],[127.57229,36.8774],[127.57776,36.87978],[127.58504,36.87459],[127.58511,36.87018],[127.57791,36.86654],[127.57554,36.85839],[127.57828,36.85376],[127.57848,36.85773],[127.58575,36.85959],[127.59122,36.85782],[127.59653,36.85159],[127.60321,36.85188],[127.61373,36.85839],[127.61748,36.85771],[127.6115,36.84778],[127.6134,36.83646],[127.61642,36.83383],[127.62049,36.83698],[127.62376,36.8356],[127.62639,36.84253],[127.63754,36.84695],[127.64444,36.85796],[127.6524,36.86087],[127.66139,36.85979],[127.67784,36.85095],[127.68359,36.85617],[127.68716,36.86249],[127.68588,36.86849],[127.68977,36.87155],[127.69397,36.88005],[127.70773,36.87593],[127.70856,36.87838],[127.71624,36.87716],[127.72522,36.88007],[127.73038,36.87852],[127.73484,36.87994],[127.73798,36.87785],[127.74543,36.87803],[127.75054,36.87332],[127.7586,36.87384],[127.76247,36.87749],[127.76667,36.87477],[127.77079,36.87756],[127.78774,36.88063],[127.78935,36.88554],[127.78712,36.89449],[127.79208,36.89791],[127.79211,36.90115],[127.78487,36.90588],[127.79043,36.90682],[127.79206,36.90385],[127.79847,36.90275],[127.79793,36.90942],[127.79316,36.91687],[127.78674,36.91582],[127.78145,36.92416],[127.78855,36.92621],[127.78688,36.93178],[127.78803,36.93719]]]},"properties":{"osm_id":2538333,"name":"음성군","sgg_code":"43770","mois_admin":"4377000000","admin_level":6,"code_source":"osm"}},
{"type":"Feature","geometry":{"type":"Polygon","coordinates":[[[128.44848,36.85015],[128.44666,36.85337],[128.44913,36.86287],[128.43843,36.87327],[128.42397,36.87653],[128.42816,36.88477],[128.42679,36.88924],[128.43616,36.89708],[128.44016,36.90287],[128.44517,36.91741],[128.44283,36.91985],[128.44159,36.92735],[128.45267,36.93072],[128.45598,36.93405],[128.4604,36.93401],[128.46019,36.93772],[128.46342,36.94376],[128.46278,36.94738],[128.46717,36.95145],[128.47705,36.95744],[128.4849,36.95747],[128.48602,36.96193],[128.50673,36.97008],[128.50642,36.97319],[128.51461,36.97758],[128.51547,36.98682],[128.52968,36.99081],[128.53553,36.99023],[128.54421,36.99257],[128.55473,36.99829],[128.55594,37.0057],[128.56292,37.00789],[128.56346,37.01013],[128.57034,37.014],[128.57261,37.02197],[128.56693,37.026],[128.56564,37.03152],[128.56929,37.03488],[128.57773,37.03557],[128.58353,37.04373],[128.59683,37.04177],[128.60164,37.0441],[128.60713,37.04385],[128.60844,37.05281],[128.62171,37.04908],[128.62283,37.04534],[128.63292,37.0405],[128.63408,37.04567],[128.63935,37.054],[128.6521,37.06544],[128.64267,37.07076],[128.63353,37.07232],[128.62821,37.07516],[128.62828,37.08133],[128.62264,37.0874],[128.6061,37.07671],[128.60069,37.07955],[128.60162,37.08306],[128.59398,37.08086],[128.5931,37.07839],[128.58173,37.08167],[128.57441,37.08132],[128.57051,37.08649],[128.5617,37.09024],[128.55668,37.08723],[128.54975,37.08619],[128.53683,37.09014],[128.53414,37.09811],[128.52184,37.10309],[128.51843,37.10189],[128.51391,37.10511],[128.51076,37.11395],[128.50667,37.11544],[128.49658,37.12576],[128.491,37.12382],[128.47781,37.11015],[128.45805,37.11028],[128.45084,37.11236],[128.4448,37.10627],[128.43614,37.11199],[128.43058,37.10675],[128.43012,37.10367],[128.42306,37.10325],[128.42216,37.11016],[128.41847,37.11981],[128.41104,37.12213],[128.40729,37.12638],[128.396,37.12859],[128.40179,37.13481],[128.40366,37.13962],[128.40087,37.14688],[128.39637,37.14857],[128.3928,37.1548],[128.38876,37.15462],[128.38435,37.15812],[128.37865,37.15452],[128.37816,37.15174],[128.36535,37.15764],[128.35972,37.15022],[128.3508,37.15757],[128.34201,37.15621],[128.3355,37.15725],[128.33067,37.15034],[128.32784,37.15301],[128.32444,37.14796],[128.31672,37.14756],[128.30948,37.14315],[128.30636,37.13753],[128.29831,37.13418],[128.30374,37.12829],[128.30419,37.11731],[128.30837,37.11451],[128.30383,37.10033],[128.29394,37.09806],[128.28711,37.10218],[128.28595,37.10549],[128.27778,37.11077],[128.2776,37.11581],[128.27304,37.11703],[128.27023,37.11271],[128.26736,37.11353],[128.26694,37.10864],[128.26318,37.10705],[128.25637,37.10024],[128.25961,37.09913],[128.26233,37.09029],[128.26692,37.08743],[128.26139,37.08204],[128.25714,37.08279],[128.24925,37.07511],[128.24679,37.07692],[128.23941,37.0736],[128.23681,37.06542],[128.22537,37.06234],[128.22497,37.05872],[128.21784,37.05434],[128.22103,37.05004],[128.21898,37.04584],[128.22083,37.042],[128.21712,37.03739],[128.22443,37.03431],[128.22505,37.02721],[128.22805,37.02448],[128.23849,37.02509],[128.2439,37.02108],[128.24838,37.01324],[128.25383,37.00924],[128.2576,37.00015],[128.25391,36.99748],[128.25851,36.99333],[128.25584,36.9865],[128.25989,36.97576],[128.26001,36.96846],[128.26659,36.96078],[128.25966,36.95485],[128.2645,36.9523],[128.26353,36.94949],[128.25112,36.94244],[128.24844,36.9444],[128.24483,36.94186],[128.24732,36.93924],[128.23668,36.934],[128.23672,36.91661],[128.24189,36.91205],[128.24626,36.90432],[128.2438,36.89097],[128.25092,36.88472],[128.24251,36.87802],[128.24183,36.87233],[128.25196,36.86702],[128.26527,36.86398],[128.26831,36.86054],[128.27607,36.85719],[128.28243,36.8564],[128.28656,36.84503],[128.28898,36.84391],[128.29562,36.83534],[128.306,36.82886],[128.30893,36.829],[128.31575,36.82276],[128.31612,36.81686],[128.32085,36.81564],[128.33489,36.81688],[128.35277,36.80995],[128.35544,36.8042],[128.36305,36.80072],[128.3684,36.80208],[128.37331,36.80767],[128.38126,36.81388],[128.39436,36.81487],[128.39963,36.81287],[128.41297,36.81127],[128.42048,36.81151],[128.42525,36.81478],[128.42604,36.81837],[128.43205,36.82407],[128.43411,36.83414],[128.4415,36.8376],[128.44672,36.84328],[128.44848,36.85015]]]},"properties":{"osm_id":2538332,"name":"단양군","sgg_code":"43800","mois_admin":"4380000000","admin_level":6,"code_source":"osm"}},
{"type":"Feature","geometry":{"type":"Polygon","coordinates":[[[127.07223,36.93969],[127.07933,36.93368],[127.08191,36.92834],[127.08915,36.92136],[127.0889,36.91847],[127.09364,36.9136],[127.09339,36.90915],[127.08736,36.90725],[127.08475,36.90193],[127.08868,36.90062],[127.09309,36.89348],[127.08812,36.88987],[127.09105,36.88184],[127.08678,36.87741],[127.08847,36.86591],[127.08771,36.86205],[127.09097,36.86077],[127.0993,36.86197],[127.10726,36.86002],[127.1105,36.85403],[127.102,36.84257],[127.09818,36.83982],[127.0996,36.83713],[127.10528,36.8384],[127.10104,36.83168],[127.10215,36.82512],[127.09751,36.81586],[127.09856,36.8085],[127.0958,36.79746],[127.09962,36.7928],[127.10411,36.79966],[127.11081,36.79677],[127.11034,36.79094],[127.11359,36.78696],[127.1125,36.78288],[127.11747,36.78056],[127.11915,36.77602],[127.11801,36.76343],[127.10929,36.75917],[127.10239,36.75866],[127.09244,36.76104],[127.09829,36.75544],[127.09478,36.75036],[127.0873,36.74981],[127.08908,36.74076],[127.0821,36.73489],[127.08047,36.72986],[127.0844,36.72456],[127.08004,36.72086],[127.07778,36.71032],[127.07259,36.70853],[127.06467,36.70964],[127.05792,36.7082],[127.05598,36.7056],[127.0495,36.7039],[127.04104,36.69748],[127.03858,36.6932],[127.03304,36.69163],[127.02756,36.68757],[127.01598,36.67165],[127.01583,36.66622],[127.00961,36.65602],[127.02043,36.64997],[127.02514,36.6557],[127.04073,36.6535],[127.0433,36.65158],[127.05329,36.65168],[127.06084,36.64506],[127.06946,36.64484],[127.07326,36.6417],[127.08789,36.6421],[127.09268,36.64889],[127.09331,36.6535],[127.10111,36.65472],[127.10931,36.65872],[127.12735,36.65344],[127.13098,36.64575],[127.14022,36.64303],[127.14053,36.63679],[127.14507,36.63186],[127.15043,36.61975],[127.15499,36.62421],[127.16011,36.62407],[127.15629,36.6317],[127.15756,36.63917],[127.15314,36.64521],[127.15429,36.65245],[127.16057,36.65612],[127.15904,36.66135],[127.15436,36.66442],[127.15856,36.67303],[127.16345,36.67623],[127.16366,36.6812],[127.16035,36.69273],[127.15711,36.69566],[127.15663,36.69114],[127.14383,36.689],[127.13438,36.70679],[127.12799,36.70797],[127.14093,36.71685],[127.14511,36.71752],[127.15055,36.72829],[127.1557,36.7263],[127.16073,36.72707],[127.16286,36.73075],[127.16856,36.73317],[127.17496,36.72907],[127.18339,36.7305],[127.18766,36.72797],[127.1953,36.72857],[127.20314,36.72646],[127.20481,36.72088],[127.21814,36.71559],[127.22363,36.71572],[127.22364,36.71166],[127.22862,36.7082],[127.2364,36.70745],[127.23705,36.70441],[127.24437,36.70109],[127.24387,36.69795],[127.24805,36.69505],[127.25122,36.69701],[127.25792,36.69222],[127.26523,36.6922],[127.27348,36.69527],[127.27771,36.69135],[127.28529,36.69067],[127.29211,36.69739],[127.29724,36.69776],[127.30808,36.70477],[127.30608,36.70836],[127.30843,36.71402],[127.30856,36.72073],[127.3118,36.72371],[127.31809,36.72467],[127.32599,36.7336],[127.33206,36.73077],[127.34032,36.73103],[127.3439,36.73518],[127.33806,36.73999],[127.33772,36.74453],[127.33257,36.74728],[127.33618,36.75278],[127.34836,36.75251],[127.35592,36.75567],[127.35763,36.75911],[127.36828,36.76062],[127.37343,36.7576],[127.37875,36.75925],[127.38707,36.75864],[127.38862,36.75383],[127.39308,36.75204],[127.39712,36.74714],[127.40501,36.74508],[127.4057,36.74976],[127.41136,36.75361],[127.41051,36.75636],[127.4197,36.75766],[127.42038,36.76093],[127.41684,36.76426],[127.41295,36.77322],[127.4019,36.77571],[127.39982,36.78086],[127.3955,36.78248],[127.39731,36.79115],[127.40171,36.79514],[127.40081,36.79909],[127.39568,36.8015],[127.39161,36.80659],[127.38149,36.81408],[127.36661,36.81697],[127.35715,36.82356],[127.35605,36.82865],[127.35103,36.83081],[127.34637,36.82931],[127.3341,36.83236],[127.33462,36.84214],[127.33666,36.84507],[127.33649,36.85469],[127.32813,36.85816],[127.32451,36.8569],[127.3193,36.85906],[127.31273,36.85747],[127.3073,36.8597],[127.30578,36.86335],[127.31129,36.87049],[127.30951,36.87821],[127.31121,36.88034],[127.30788,36.88539],[127.30394,36.88524],[127.2992,36.88963],[127.29589,36.88953],[127.28932,36.89419],[127.28699,36.89399],[127.27916,36.90041],[127.27884,36.90625],[127.27457,36.90868],[127.27305,36.91401],[127.25861,36.91587],[127.25313,36.92244],[127.24405,36.9176],[127.23731,36.92091],[127.23635,36.92372],[127.22865,36.92441],[127.21949,36.93036],[127.20986,36.93123],[127.21125,36.93856],[127.20573,36.94202],[127.20687,36.94613],[127.20129,36.952],[127.19075,36.95249],[127.17907,36.95781],[127.1782,36.96252],[127.17232,36.96325],[127.16553,36.96166],[127.15582,36.9643],[127.1592,36.96974],[127.14889,36.96955],[127.14366,36.97105],[127.12966,36.96642],[127.12021,36.97035],[127.11237,36.97316],[127.1068,36.96594],[127.10225,36.965],[127.1007,36.96069],[127.09674,36.95952],[127.09595,36.95568],[127.1007,36.95273],[127.09443,36.94765],[127.086,36.94783],[127.07582,36.94029],[127.07223,36.93969]]]},"properties":{"osm_id":2474718,"name":"천안시","sgg_code":"44130","mois_admin":"4413000000","admin_level":6,"code_source":"osm"}},
{"type":"Feature","geometry":{"type":"Polygon","coordinates":[[[127.15043,36.61975],[127.14507,36.63186],[127.14053,36.63679],[127.14022,36.64303],[127.13098,36.64575],[127.12735,36.65344],[127.10931,36.65872],[127.10111,36.65472],[127.09331,36.6535],[127.09268,36.64889],[127.08789,36.6421],[127.07326,36.6417],[127.06946,36.64484],[127.06084,36.64506],[127.05329,36.65168],[127.0433,36.65158],[127.04073,36.6535],[127.02514,36.6557],[127.02043,36.64997],[127.00961,36.65602],[127.00259,36.65119],[126.99866,36.65193],[126.99266,36.6487],[126.97885,36.65329],[126.9781,36.66117],[126.96898,36.67371],[126.96779,36.67943],[126.95755,36.67201],[126.95714,36.66553],[126.95968,36.65548],[126.95416,36.65223],[126.95537,36.64594],[126.94827,36.64072],[126.94386,36.63267],[126.94539,36.62816],[126.93578,36.6219],[126.9373,36.6153],[126.93289,36.61288],[126.93042,36.60837],[126.93206,36.60287],[126.92799,36.6006],[126.92815,36.59493],[126.93097,36.59175],[126.92547,36.58776],[126.92006,36.57801],[126.91136,36.57295],[126.90981,36.56629],[126.9054,36.56478],[126.89942,36.55894],[126.89966,36.54956],[126.88987,36.54128],[126.88849,36.53389],[126.89377,36.52662],[126.8902,36.52412],[126.8896,36.51954],[126.88424,36.51164],[126.88593,36.50794],[126.89402,36.50215],[126.89252,36.49818],[126.89226,36.48663],[126.89458,36.47852],[126.89943,36.47551],[126.90084,36.47117],[126.90531,36.46765],[126.9123,36.46537],[126.91599,36.45515],[126.92089,36.45325],[126.93007,36.45391],[126.93689,36.45664],[126.94093,36.46064],[126.95651,36.46709],[126.96346,36.46388],[126.96677,36.46749],[126.97459,36.46698],[126.9803,36.4636],[126.99013,36.46108],[126.9948,36.46146],[127.00124,36.45585],[127.00245,36.45096],[127.00734,36.45182],[127.00638,36.44726],[127.01003,36.44609],[127.00696,36.43856],[127.01995,36.43863],[127.01799,36.43532],[127.02328,36.42348],[127.0153,36.418],[127.02103,36.41441],[127.02111,36.41185],[127.03171,36.40056],[127.02285,36.39502],[127.00991,36.38491],[127.00094,36.38066],[126.98925,36.37112],[126.98732,36.35378],[126.98745,36.34583],[126.98504,36.34068],[126.97547,36.33416],[126.98512,36.33586],[126.98974,36.33338],[126.98994,36.32811],[126.99629,36.32688],[126.99341,36.32427],[126.99281,36.31751],[126.98901,36.31545],[126.98633,36.30964],[126.98792,36.30333],[126.99191,36.30188],[126.99406,36.29652],[127.00174,36.29458],[127.01427,36.29441],[127.0156,36.28977],[127.02388,36.28472],[127.02736,36.28023],[127.03637,36.27912],[127.03963,36.28092],[127.05289,36.27642],[127.06705,36.27515],[127.06662,36.28532],[127.06782,36.2929],[127.07876,36.29484],[127.08579,36.31506],[127.0896,36.31601],[127.10713,36.33597],[127.10725,36.33894],[127.11529,36.32816],[127.11757,36.32131],[127.12152,36.31647],[127.13057,36.319],[127.1313,36.31589],[127.141,36.30683],[127.14182,36.30296],[127.15855,36.31374],[127.15956,36.31959],[127.18428,36.32928],[127.19615,36.33217],[127.19645,36.3345],[127.20578,36.34337],[127.20417,36.34599],[127.21404,36.35013],[127.22151,36.35035],[127.24024,36.3469],[127.24269,36.33832],[127.25367,36.33696],[127.25544,36.32956],[127.25992,36.32743],[127.26541,36.32837],[127.26814,36.33163],[127.2672,36.33885],[127.27561,36.34476],[127.27793,36.34907],[127.27224,36.3541],[127.2708,36.36179],[127.27747,36.36523],[127.28097,36.37495],[127.27887,36.37948],[127.27848,36.39719],[127.28076,36.40364],[127.28212,36.4146],[127.27569,36.41395],[127.26549,36.41717],[127.25981,36.41552],[127.25791,36.40823],[127.25058,36.40684],[127.24315,36.41546],[127.24366,36.41884],[127.23193,36.41991],[127.22564,36.42229],[127.22511,36.42665],[127.21771,36.43374],[127.20712,36.43615],[127.19893,36.43988],[127.20139,36.44198],[127.20134,36.44912],[127.1984,36.45221],[127.20308,36.45427],[127.20473,36.45929],[127.20328,36.46498],[127.19475,36.46876],[127.19048,36.47947],[127.19482,36.48439],[127.19468,36.48959],[127.18831,36.49262],[127.17683,36.49248],[127.17324,36.49744],[127.17856,36.50258],[127.16999,36.50904],[127.17353,36.51491],[127.18207,36.52077],[127.17522,36.52999],[127.17267,36.53614],[127.17424,36.54219],[127.17878,36.54552],[127.18504,36.54366],[127.19183,36.54603],[127.18611,36.55232],[127.19379,36.56481],[127.2031,36.56744],[127.20374,36.57267],[127.20754,36.57765],[127.2004,36.58257],[127.19447,36.58066],[127.18926,36.58684],[127.19135,36.59394],[127.18432,36.5912],[127.17839,36.59689],[127.17269,36.59552],[127.17073,36.59917],[127.16272,36.60438],[127.15588,36.60601],[127.15599,36.61515],[127.15043,36.61975]]]},"properties":{"osm_id":7578884,"name":"공주시","sgg_code":"44150","mois_admin":"4415000000","admin_level":6,"code_source":"osm"}},
{"type":"Feature","geometry":{"type":"Polygon","coordinates":[[[126.37636,36.14757],[126.4422,36.17849],[126.51965,36.18651],[126.53774,36.18801],[126.56108,36.19185],[126.57336,36.18295],[126.57769,36.17738],[126.58773,36.17422],[126.60061,36.17429],[126.61005,36.17138],[126.61838,36.17308],[126.62876,36.17225],[126.63086,36.17422],[126.64095,36.17488],[126.64352,36.17654],[126.65739,36.18022],[126.65812,36.17724],[126.66867,36.17564],[126.68142,36.18146],[126.68502,36.18732],[126.69438,36.19047],[126.69966,36.20179],[126.6994,36.2046],[126.70532,36.20695],[126.71446,36.21488],[126.71627,36.21831],[126.71588,36.22835],[126.72129,36.235],[126.72691,36.23694],[126.73468,36.23725],[126.73901,36.24787],[126.7379,36.25521],[126.72897,36.25656],[126.72099,36.25396],[126.72077,36.25895],[126.70498,36.26628],[126.69846,36.26698],[126.69601,36.27753],[126.69313,36.27926],[126.69627,36.28375],[126.68901,36.28936],[126.68914,36.29247],[126.69438,36.29776],[126.69348,36.30181],[126.68618,36.30696],[126.68138,36.31229],[126.68541,36.32702],[126.68374,36.33127],[126.68614,36.33331],[126.69734,36.33604],[126.7012,36.34361],[126.70034,36.34672],[126.70455,36.34956],[126.70275,36.3609],[126.70472,36.36587],[126.70953,36.36974],[126.72515,36.37361],[126.72112,36.37997],[126.71185,36.38799],[126.71519,36.39255],[126.71056,36.39648],[126.70949,36.40075],[126.70511,36.40586],[126.69206,36.41123],[126.6929,36.42025],[126.68981,36.42548],[126.69189,36.4291],[126.68522,36.43573],[126.68884,36.44492],[126.68833,36.44756],[126.67944,36.45022],[126.67422,36.46215],[126.6658,36.46269],[126.65876,36.46017],[126.65274,36.46663],[126.63917,36.46466],[126.63576,36.4667],[126.63216,36.47582],[126.62368,36.47695],[126.61478,36.48476],[126.60392,36.47524],[126.60257,36.47912],[126.59845,36.47885],[126.60159,36.48863],[126.59822,36.49225],[126.5933,36.50629],[126.58998,36.5086],[126.5872,36.50657],[126.5727,36.50198],[126.56678,36.50225],[126.56558,36.50745],[126.55981,36.50625],[126.5468,36.50652],[126.53935,36.50912],[126.53171,36.51449],[126.53013,36.51878],[126.52207,36.52147],[126.51268,36.52099],[126.50093,36.52755],[126.49672,36.52577],[126.49343,36.5211],[126.48311,36.5138],[126.44551,36.50984],[126.43813,36.50743],[126.45015,36.49363],[126.45195,36.43523],[126.43148,36.40284],[126.42062,36.3923],[126.40831,36.39096],[126.40174,36.39413],[126.36324,36.40837],[126.34089,36.41607],[126.3299,36.41686],[126.30758,36.42308],[126.14227,36.42184],[125.52337,36.27821],[126.03172,36.16241],[126.37636,36.14757]]]},"properties":{"osm_id":7618926,"name":"보령시","sgg_code":"44180","mois_admin":"4418000000","admin_level":6,"code_source":"osm"}},
{"type":"Feature","geometry":{"type":"Polygon","coordinates":[[[127.00961,36.65602],[127.01583,36.66622],[127.01598,36.67165],[127.02756,36.68757],[127.03304,36.69163],[127.03858,36.6932],[127.04104,36.69748],[127.0495,36.7039],[127.05598,36.7056],[127.05792,36.7082],[127.06467,36.70964],[127.07259,36.70853],[127.07778,36.71032],[127.08004,36.72086],[127.0844,36.72456],[127.08047,36.72986],[127.0821,36.73489],[127.08908,36.74076],[127.0873,36.74981],[127.09478,36.75036],[127.09829,36.75544],[127.09244,36.76104],[127.10239,36.75866],[127.10929,36.75917],[127.11801,36.76343],[127.11915,36.77602],[127.11747,36.78056],[127.1125,36.78288],[127.11359,36.78696],[127.11034,36.79094],[127.11081,36.79677],[127.10411,36.79966],[127.09962,36.7928],[127.0958,36.79746],[127.09856,36.8085],[127.09751,36.81586],[127.10215,36.82512],[127.10104,36.83168],[127.10528,36.8384],[127.0996,36.83713],[127.09818,36.83982],[127.102,36.84257],[127.1105,36.85403],[127.10726,36.86002],[127.0993,36.86197],[127.09097,36.86077],[127.08771,36.86205],[127.08847,36.86591],[127.08678,36.87741],[127.09105,36.88184],[127.08812,36.88987],[127.09309,36.89348],[127.08868,36.90062],[127.08475,36.90193],[127.08736,36.90725],[127.09339,36.90915],[127.09364,36.9136],[127.0889,36.91847],[127.08915,36.92136],[127.08191,36.92834],[127.07933,36.93368],[127.07223,36.93969],[127.06082,36.93954],[127.0509,36.9347],[127.03802,36.93251],[127.03205,36.92844],[127.01591,36.93446],[126.99544,36.93545],[126.99071,36.93333],[126.98455,36.93362],[126.97445,36.92661],[126.94011,36.91693],[126.92097,36.90794],[126.90318,36.90186],[126.85792,36.8976],[126.85024,36.898],[126.84394,36.87689],[126.83893,36.85286],[126.83604,36.836],[126.83946,36.82756],[126.84921,36.81596],[126.85685,36.80394],[126.85866,36.79496],[126.85454,36.78925],[126.84183,36.78871],[126.83574,36.7867],[126.83325,36.7823],[126.83155,36.77132],[126.829,36.76864],[126.82796,36.7645],[126.83988,36.75015],[126.84628,36.7484],[126.84527,36.74362],[126.84921,36.74259],[126.85205,36.74828],[126.85876,36.74693],[126.85951,36.73865],[126.86372,36.73203],[126.87151,36.728],[126.88638,36.73126],[126.8927,36.72459],[126.89786,36.72336],[126.899,36.71688],[126.90495,36.70987],[126.90213,36.70223],[126.91112,36.70385],[126.91757,36.70335],[126.92172,36.70066],[126.92851,36.7044],[126.93364,36.70194],[126.94208,36.70159],[126.94989,36.70377],[126.95449,36.69913],[126.96258,36.69696],[126.96955,36.69071],[126.96697,36.68411],[126.96779,36.67943],[126.96898,36.67371],[126.9781,36.66117],[126.97885,36.65329],[126.99266,36.6487],[126.99866,36.65193],[127.00259,36.65119],[127.00961,36.65602]]]},"properties":{"osm_id":2546883,"name":"아산시","sgg_code":"44200","mois_admin":"4420000000","admin_level":6,"code_source":"osm"}},
{"type":"Feature","geometry":{"type":"Polygon","coordinates":[[[126.41447,36.57678],[126.44071,36.60038],[126.45274,36.61534],[126.45301,36.62576],[126.49728,36.63125],[126.50565,36.63484],[126.51138,36.63067],[126.51956,36.63538],[126.51835,36.63819],[126.52412,36.63888],[126.53429,36.64591],[126.54119,36.64473],[126.5456,36.64019],[126.5616,36.6445],[126.56559,36.64966],[126.57083,36.64862],[126.57333,36.65227],[126.5796,36.65485],[126.58144,36.66431],[126.58897,36.66349],[126.59396,36.66787],[126.59915,36.67891],[126.59644,36.68519],[126.60029,36.69086],[126.60004,36.6969],[126.60458,36.69845],[126.60966,36.70459],[126.60241,36.71955],[126.61014,36.72877],[126.61048,36.73373],[126.62516,36.73314],[126.62923,36.74043],[126.63496,36.74329],[126.63249,36.75728],[126.6352,36.75876],[126.64267,36.75286],[126.65331,36.75487],[126.64756,36.76144],[126.65043,36.76512],[126.649,36.76988],[126.65358,36.77462],[126.64955,36.77989],[126.64856,36.78635],[126.64544,36.7886],[126.64478,36.79358],[126.63579,36.80513],[126.63095,36.80729],[126.63164,36.81209],[126.62637,36.81438],[126.61741,36.81238],[126.60684,36.81702],[126.60075,36.81718],[126.59791,36.8204],[126.59867,36.83039],[126.59541,36.83389],[126.58863,36.83653],[126.57993,36.83025],[126.57901,36.82649],[126.57442,36.82496],[126.56651,36.82869],[126.55514,36.82448],[126.54669,36.82515],[126.53537,36.82763],[126.5261,36.82666],[126.52315,36.83466],[126.51837,36.8354],[126.51542,36.84314],[126.51032,36.84722],[126.51467,36.85145],[126.5097,36.85595],[126.50914,36.86997],[126.49839,36.87094],[126.48363,36.87558],[126.47483,36.88037],[126.47308,36.89024],[126.47822,36.9093],[126.48823,36.93195],[126.491,36.943],[126.47927,36.97374],[126.46781,36.99962],[126.44594,37.01456],[126.42513,37.01702],[126.40705,37.02937],[126.35434,37.07073],[126.32029,37.06425],[126.32271,36.99921],[126.32361,36.95663],[126.32499,36.95348],[126.32443,36.94226],[126.31889,36.92771],[126.31849,36.92212],[126.32223,36.9115],[126.33492,36.8992],[126.33983,36.88957],[126.33436,36.87952],[126.32051,36.86482],[126.31445,36.85972],[126.30986,36.85366],[126.3087,36.84542],[126.31089,36.84134],[126.3184,36.83799],[126.32001,36.83103],[126.32597,36.82213],[126.33331,36.81442],[126.33501,36.8148],[126.35159,36.79641],[126.3521,36.79357],[126.35798,36.7888],[126.35501,36.7889],[126.35242,36.78229],[126.34837,36.77809],[126.35057,36.76746],[126.34334,36.74664],[126.33722,36.74379],[126.33856,36.74018],[126.34217,36.74218],[126.34655,36.72853],[126.34734,36.71252],[126.34619,36.71059],[126.3488,36.67456],[126.36116,36.62168],[126.37016,36.6118],[126.3889,36.60712],[126.39989,36.60037],[126.41172,36.58691],[126.41447,36.57678]]]},"properties":{"osm_id":7502370,"name":"서산시","sgg_code":"44210","mois_admin":"4421000000","admin_level":6,"code_source":"osm"}},
{"type":"Feature","geometry":{"type":"Polygon","coordinates":[[[127.00298,36.14951],[127.00475,36.14333],[127.01084,36.14341],[127.01679,36.13897],[127.01668,36.13538],[127.03971,36.13789],[127.03977,36.14157],[127.04364,36.14629],[127.04581,36.13774],[127.04476,36.13446],[127.05012,36.13416],[127.05071,36.13091],[127.05564,36.13012],[127.05611,36.12678],[127.06301,36.12522],[127.06106,36.11719],[127.05725,36.11604],[127.05781,36.10705],[127.06105,36.10548],[127.06045,36.09391],[127.07011,36.0876],[127.07171,36.08463],[127.07627,36.08443],[127.08226,36.07776],[127.08783,36.07556],[127.09038,36.0718],[127.09271,36.07599],[127.09442,36.07326],[127.10203,36.07578],[127.11812,36.06712],[127.12205,36.06303],[127.13106,36.06577],[127.13414,36.07033],[127.13383,36.08185],[127.13774,36.08642],[127.14566,36.09041],[127.15145,36.08994],[127.15279,36.08577],[127.15881,36.08341],[127.17014,36.0859],[127.1779,36.09101],[127.18061,36.09475],[127.18803,36.09184],[127.19469,36.0858],[127.20167,36.08765],[127.20103,36.09241],[127.20383,36.09377],[127.20508,36.10035],[127.21213,36.10056],[127.21401,36.09817],[127.22045,36.09717],[127.22607,36.09908],[127.23508,36.09377],[127.24194,36.08559],[127.24962,36.08214],[127.25574,36.08453],[127.25688,36.0876],[127.24684,36.09459],[127.24617,36.10386],[127.25107,36.10959],[127.25636,36.10917],[127.25966,36.11285],[127.26357,36.10875],[127.27447,36.10643],[127.28451,36.11222],[127.29386,36.11222],[127.29667,36.1222],[127.30647,36.12528],[127.3106,36.12016],[127.31482,36.1186],[127.31849,36.12383],[127.32257,36.12543],[127.32354,36.1301],[127.32216,36.13894],[127.32314,36.1451],[127.31839,36.15398],[127.3187,36.16193],[127.32172,36.16886],[127.3191,36.17295],[127.32484,36.17305],[127.33146,36.18423],[127.33244,36.20155],[127.32815,36.2041],[127.3233,36.20301],[127.32077,36.20896],[127.32167,36.21379],[127.31564,36.22098],[127.30656,36.22626],[127.30275,36.22687],[127.30356,36.22202],[127.29464,36.22299],[127.29277,36.22937],[127.2879,36.23412],[127.28202,36.23573],[127.28231,36.24203],[127.27993,36.24521],[127.27366,36.24529],[127.26654,36.24256],[127.26369,36.23739],[127.25794,36.2342],[127.25099,36.23392],[127.24631,36.23157],[127.23897,36.23579],[127.24022,36.2432],[127.23786,36.24458],[127.23741,36.25467],[127.22812,36.25436],[127.2278,36.2573],[127.22147,36.26189],[127.21134,36.25755],[127.20941,36.25274],[127.20185,36.25087],[127.20052,36.25725],[127.19653,36.26014],[127.19908,36.26391],[127.19981,36.27012],[127.19707,36.27474],[127.19778,36.27888],[127.20305,36.28846],[127.20138,36.29406],[127.20572,36.3016],[127.20224,36.31786],[127.20275,36.32356],[127.19861,36.32697],[127.19645,36.3345],[127.19615,36.33217],[127.18428,36.32928],[127.15956,36.31959],[127.15855,36.31374],[127.14182,36.30296],[127.141,36.30683],[127.1313,36.31589],[127.13057,36.319],[127.12152,36.31647],[127.11757,36.32131],[127.11529,36.32816],[127.10725,36.33894],[127.10713,36.33597],[127.0896,36.31601],[127.08579,36.31506],[127.07876,36.29484],[127.06782,36.2929],[127.06662,36.28532],[127.06705,36.27515],[127.06958,36.27088],[127.06691,36.26049],[127.06331,36.25613],[127.05522,36.25443],[127.05212,36.25129],[127.04019,36.24596],[127.03975,36.2416],[127.03005,36.23345],[127.02641,36.22868],[127.02592,36.22076],[127.01422,36.21117],[127.00686,36.21025],[127.00128,36.21606],[126.99506,36.21471],[126.99143,36.20994],[126.98426,36.20775],[126.98803,36.20282],[126.98465,36.20165],[126.98429,36.19238],[126.99967,36.17783],[127.008,36.16287],[127.0021,36.15744],[126.99847,36.15705],[127.00298,36.14951]]]},"properties":{"osm_id":7580853,"name":"논산시","sgg_code":"44230","mois_admin":"4423000000","admin_level":6,"code_source":"osm"}},
{"type":"Feature","geometry":{"type":"Polygon","coordinates":[[[127.29155,36.26448],[127.28305,36.26473],[127.27429,36.26846],[127.26623,36.2741],[127.25751,36.27715],[127.24999,36.28324],[127.24632,36.29091],[127.25482,36.29723],[127.25911,36.2959],[127.26084,36.30225],[127.25863,36.30399],[127.2579,36.31803],[127.26,36.31986],[127.25992,36.32743],[127.25544,36.32956],[127.25367,36.33696],[127.24269,36.33832],[127.24024,36.3469],[127.22151,36.35035],[127.21404,36.35013],[127.20417,36.34599],[127.20578,36.34337],[127.19645,36.3345],[127.19861,36.32697],[127.20275,36.32356],[127.20224,36.31786],[127.20572,36.3016],[127.20138,36.29406],[127.20305,36.28846],[127.19778,36.27888],[127.19707,36.27474],[127.19981,36.27012],[127.19908,36.26391],[127.19653,36.26014],[127.20052,36.25725],[127.20185,36.25087],[127.20941,36.25274],[127.21134,36.25755],[127.22147,36.26189],[127.2278,36.2573],[127.22812,36.25436],[127.23741,36.25467],[127.23786,36.24458],[127.24022,36.2432],[127.23897,36.23579],[127.24631,36.23157],[127.25099,36.23392],[127.25794,36.2342],[127.26369,36.23739],[127.26654,36.24256],[127.27366,36.24529],[127.27993,36.24521],[127.27985,36.25298],[127.28515,36.26089],[127.29155,36.26448]]]},"properties":{"osm_id":7580846,"name":"계룡시","sgg_code":"44250","mois_admin":"4425000000","admin_level":6,"code_source":"osm"}},
{"type":"Feature","geometry":{"type":"Polygon","coordinates":[[[126.85024,36.898],[126.83805,36.90656],[126.83433,36.91231],[126.83233,36.92111],[126.82491,36.94559],[126.84084,36.95284],[126.82873,36.9687],[126.82432,36.9724],[126.79032,36.9874],[126.76073,37.00239],[126.7448,37.01149],[126.71696,37.021],[126.61476,37.06946],[126.58784,37.05013],[126.56516,37.04908],[126.55686,37.04265],[126.54381,37.04528],[126.52705,37.09046],[126.50652,37.09605],[126.48679,37.07357],[126.46574,37.06271],[126.42138,37.08349],[126.35434,37.07073],[126.40705,37.02937],[126.42513,37.01702],[126.44594,37.01456],[126.46781,36.99962],[126.47927,36.97374],[126.491,36.943],[126.48823,36.93195],[126.47822,36.9093],[126.47308,36.89024],[126.47483,36.88037],[126.48363,36.87558],[126.49839,36.87094],[126.50914,36.86997],[126.5097,36.85595],[126.51467,36.85145],[126.51032,36.84722],[126.51542,36.84314],[126.51837,36.8354],[126.52315,36.83466],[126.5261,36.82666],[126.53537,36.82763],[126.54669,36.82515],[126.55514,36.82448],[126.56651,36.82869],[126.57442,36.82496],[126.57901,36.82649],[126.57993,36.83025],[126.58863,36.83653],[126.59541,36.83389],[126.59867,36.83039],[126.59791,36.8204],[126.60075,36.81718],[126.60684,36.81702],[126.61741,36.81238],[126.62637,36.81438],[126.63164,36.81209],[126.63095,36.80729],[126.63579,36.80513],[126.64478,36.79358],[126.64544,36.7886],[126.64856,36.78635],[126.64955,36.77989],[126.65358,36.77462],[126.65639,36.77567],[126.66021,36.77092],[126.66485,36.77083],[126.6691,36.78052],[126.6802,36.78369],[126.68257,36.78161],[126.69434,36.78493],[126.69763,36.79453],[126.69508,36.79899],[126.70211,36.80275],[126.71031,36.80392],[126.7219,36.79861],[126.72506,36.79848],[126.73406,36.78955],[126.73765,36.78024],[126.74285,36.77811],[126.74652,36.76707],[126.75911,36.76336],[126.76004,36.7592],[126.7718,36.74791],[126.78386,36.75979],[126.79105,36.76129],[126.79512,36.76678],[126.80099,36.76932],[126.805,36.77363],[126.81286,36.77221],[126.81808,36.77581],[126.829,36.76864],[126.83155,36.77132],[126.83325,36.7823],[126.83574,36.7867],[126.84183,36.78871],[126.85454,36.78925],[126.85866,36.79496],[126.85685,36.80394],[126.84921,36.81596],[126.83946,36.82756],[126.83604,36.836],[126.83893,36.85286],[126.84394,36.87689],[126.85024,36.898]]]},"properties":{"osm_id":2546884,"name":"당진시","sgg_code":"44270","mois_admin":"4427000000","admin_level":6,"code_source":"osm"}},
{"type":"Feature","geometry":{"type":"Polygon","coordinates":[[[127.37246,36.27217],[127.37103,36.26995],[127.3635,36.26971],[127.36047,36.26286],[127.35987,36.25521],[127.36467,36.2494],[127.36673,36.24192],[127.36104,36.23462],[127.36343,36.23242],[127.36008,36.22683],[127.36433,36.21907],[127.36072,36.21883],[127.35746,36.2126],[127.35321,36.21208],[127.34669,36.2029],[127.34716,36.19759],[127.34364,36.19733],[127.34055,36.18915],[127.33794,36.18938],[127.33502,36.18356],[127.33146,36.18423],[127.32484,36.17305],[127.3191,36.17295],[127.32172,36.16886],[127.3187,36.16193],[127.31839,36.15398],[127.32314,36.1451],[127.32216,36.13894],[127.32354,36.1301],[127.33761,36.13074],[127.34476,36.11819],[127.3509,36.11624],[127.35527,36.10876],[127.3508,36.10512],[127.34792,36.09834],[127.35122,36.0938],[127.36022,36.08883],[127.35764,36.08725],[127.35687,36.08161],[127.36194,36.07554],[127.35929,36.0703],[127.36395,36.06794],[127.36079,36.06125],[127.36065,36.05539],[127.36766,36.04752],[127.37353,36.04352],[127.37472,36.0345],[127.37927,36.03033],[127.37764,36.02277],[127.38387,36.02127],[127.38964,36.01621],[127.39185,36.01703],[127.39751,36.01025],[127.40122,36.00874],[127.40732,36.01422],[127.41341,36.01516],[127.41959,36.0227],[127.43456,36.0295],[127.4343,36.02434],[127.43676,36.02301],[127.43536,36.01357],[127.43724,36.00933],[127.44359,36.00806],[127.44415,36.00356],[127.44812,35.99892],[127.44861,35.99315],[127.4548,35.98726],[127.45675,35.98328],[127.46393,35.98394],[127.46837,35.98809],[127.47457,35.9815],[127.48518,35.97992],[127.48773,35.97826],[127.49441,35.98618],[127.49934,35.98738],[127.50671,35.97961],[127.51411,35.98337],[127.52442,35.98508],[127.52876,35.99014],[127.53364,35.99201],[127.53666,35.99645],[127.53216,36.00752],[127.5387,36.01055],[127.5361,36.02107],[127.53884,36.02588],[127.53688,36.03259],[127.532,36.03457],[127.53142,36.04084],[127.54098,36.03812],[127.54778,36.03821],[127.5522,36.03277],[127.55886,36.03339],[127.56247,36.03072],[127.56776,36.03047],[127.57453,36.0233],[127.58256,36.02723],[127.59124,36.02515],[127.59206,36.02051],[127.5963,36.01901],[127.60011,36.01178],[127.60645,36.01193],[127.60423,36.00729],[127.60901,36.00042],[127.60566,35.99146],[127.6075,35.9878],[127.61682,35.98904],[127.6191,36.00797],[127.6169,36.01856],[127.60975,36.02353],[127.61256,36.02651],[127.61923,36.02658],[127.62492,36.0245],[127.62999,36.03281],[127.63523,36.02941],[127.63528,36.02516],[127.64113,36.01875],[127.65112,36.01684],[127.65798,36.01992],[127.65844,36.0236],[127.65135,36.0268],[127.64629,36.02607],[127.64223,36.02842],[127.63909,36.034],[127.63145,36.03598],[127.62854,36.04204],[127.62084,36.03969],[127.61863,36.0496],[127.62055,36.06421],[127.62392,36.06727],[127.6383,36.06794],[127.63418,36.07338],[127.63251,36.08212],[127.62435,36.09052],[127.62006,36.09069],[127.61804,36.09395],[127.61723,36.10383],[127.61981,36.10896],[127.61354,36.11184],[127.61011,36.11881],[127.60641,36.11715],[127.59551,36.12561],[127.59028,36.13292],[127.59036,36.14328],[127.5938,36.15118],[127.60212,36.16061],[127.60135,36.16913],[127.59856,36.17429],[127.59341,36.17748],[127.59466,36.18233],[127.59792,36.18434],[127.59268,36.19525],[127.59985,36.20456],[127.59655,36.21256],[127.59869,36.21665],[127.59328,36.21987],[127.59066,36.22544],[127.58719,36.22472],[127.5853,36.23019],[127.57972,36.23316],[127.5708,36.23337],[127.56505,36.22832],[127.5616,36.22874],[127.54586,36.22513],[127.545,36.22764],[127.54981,36.23853],[127.53796,36.24306],[127.53299,36.25126],[127.51646,36.24029],[127.51203,36.24097],[127.5025,36.23778],[127.49275,36.23806],[127.48988,36.2337],[127.47802,36.22965],[127.47799,36.22679],[127.47106,36.22489],[127.46748,36.22136],[127.46872,36.21478],[127.46012,36.21265],[127.45864,36.20936],[127.45334,36.20656],[127.45579,36.20112],[127.443,36.19407],[127.43345,36.19838],[127.42937,36.20538],[127.42229,36.20818],[127.41944,36.20716],[127.408,36.21294],[127.41088,36.21669],[127.40467,36.22226],[127.39948,36.23323],[127.38763,36.23448],[127.39081,36.24057],[127.38634,36.25109],[127.38899,36.2559],[127.39041,36.26383],[127.378,36.27141],[127.37246,36.27217]]]},"properties":{"osm_id":2538512,"name":"금산군","sgg_code":"44710","mois_admin":"4471000000","admin_level":6,"code_source":"osm"}},
{"type":"Feature","geometry":{"type":"Polygon","coordinates":[[[126.8712,36.07225],[126.87359,36.08683],[126.87381,36.11044],[126.87748,36.11714],[126.88221,36.13129],[126.8897,36.13962],[126.89525,36.14245],[126.9008,36.1424],[126.91109,36.13657],[126.91969,36.1363],[126.93081,36.14225],[126.93892,36.15077],[126.94446,36.15351],[126.95663,36.15657],[126.96303,36.15628],[126.97719,36.14852],[126.99803,36.14685],[127.00298,36.14951],[126.99847,36.15705],[127.0021,36.15744],[127.008,36.16287],[126.99967,36.17783],[126.98429,36.19238],[126.98465,36.20165],[126.98803,36.20282],[126.98426,36.20775],[126.99143,36.20994],[126.99506,36.21471],[127.00128,36.21606],[127.00686,36.21025],[127.01422,36.21117],[127.02592,36.22076],[127.02641,36.22868],[127.03005,36.23345],[127.03975,36.2416],[127.04019,36.24596],[127.05212,36.25129],[127.05522,36.25443],[127.06331,36.25613],[127.06691,36.26049],[127.06958,36.27088],[127.06705,36.27515],[127.05289,36.27642],[127.03963,36.28092],[127.03637,36.27912],[127.02736,36.28023],[127.02388,36.28472],[127.0156,36.28977],[127.01427,36.29441],[127.00174,36.29458],[126.99406,36.29652],[126.99191,36.30188],[126.98792,36.30333],[126.98633,36.30964],[126.98901,36.31545],[126.99281,36.31751],[126.99341,36.32427],[126.99629,36.32688],[126.98994,36.32811],[126.98974,36.33338],[126.98512,36.33586],[126.97547,36.33416],[126.95882,36.33179],[126.95468,36.32555],[126.92644,36.3157],[126.9155,36.32033],[126.91408,36.32586],[126.91035,36.32759],[126.90303,36.32716],[126.89844,36.33119],[126.89228,36.32526],[126.88286,36.32496],[126.8751,36.3232],[126.86261,36.32341],[126.85634,36.33022],[126.85999,36.33625],[126.85885,36.34341],[126.85377,36.34619],[126.84823,36.35535],[126.84158,36.35512],[126.84055,36.35708],[126.84475,36.36345],[126.83453,36.36454],[126.83411,36.37229],[126.83196,36.37707],[126.83635,36.37778],[126.84284,36.37346],[126.85029,36.38528],[126.84868,36.38676],[126.83894,36.38329],[126.82924,36.38469],[126.82289,36.38127],[126.81821,36.37548],[126.8086,36.37684],[126.80283,36.36722],[126.80328,36.36352],[126.79573,36.35723],[126.79487,36.35208],[126.78606,36.35638],[126.77321,36.35376],[126.76175,36.35256],[126.75194,36.35538],[126.74877,36.36456],[126.74432,36.36204],[126.73935,36.36446],[126.73998,36.37015],[126.73519,36.37704],[126.72515,36.37361],[126.70953,36.36974],[126.70472,36.36587],[126.70275,36.3609],[126.70455,36.34956],[126.70034,36.34672],[126.7012,36.34361],[126.69734,36.33604],[126.68614,36.33331],[126.68374,36.33127],[126.68541,36.32702],[126.68138,36.31229],[126.68618,36.30696],[126.69348,36.30181],[126.69438,36.29776],[126.68914,36.29247],[126.68901,36.28936],[126.69627,36.28375],[126.69313,36.27926],[126.69601,36.27753],[126.69846,36.26698],[126.70498,36.26628],[126.72077,36.25895],[126.72099,36.25396],[126.72897,36.25656],[126.7379,36.25521],[126.73901,36.24787],[126.73468,36.23725],[126.72691,36.23694],[126.72129,36.235],[126.71588,36.22835],[126.71627,36.21831],[126.71446,36.21488],[126.70532,36.20695],[126.6994,36.2046],[126.69966,36.20179],[126.69438,36.19047],[126.69985,36.18003],[126.7104,36.17585],[126.72096,36.17508],[126.72713,36.17667],[126.73445,36.18206],[126.74052,36.18318],[126.74681,36.18089],[126.75504,36.18106],[126.76383,36.18348],[126.76698,36.18197],[126.78004,36.18407],[126.7926,36.18057],[126.79511,36.17835],[126.79726,36.16981],[126.79283,36.17011],[126.79452,36.16384],[126.79513,36.15116],[126.7915,36.14265],[126.79335,36.13727],[126.80106,36.14105],[126.80562,36.13852],[126.81956,36.13492],[126.82402,36.12657],[126.83999,36.11617],[126.84045,36.10547],[126.83754,36.10508],[126.83713,36.09832],[126.84166,36.08018],[126.8487,36.07469],[126.85224,36.07632],[126.85773,36.07259],[126.86202,36.07505],[126.8712,36.07225]]]},"properties":{"osm_id":7578882,"name":"부여군","sgg_code":"44760","mois_admin":"4476000000","admin_level":6,"code_source":"osm"}},
{"type":"Feature","geometry":{"type":"Polygon","coordinates":[[[126.37636,36.14757],[126.51351,36.08809],[126.57995,36.06075],[126.57033,36.04771],[126.56707,36.03494],[126.56656,36.00009],[126.58115,35.98648],[126.59952,35.98384],[126.61224,35.98444],[126.6222,35.98986],[126.63551,35.99045],[126.64743,35.99427],[126.6679,35.99379],[126.67951,35.99467],[126.68758,35.99911],[126.69891,36.00023],[126.70852,35.99967],[126.72311,35.99425],[126.73187,35.99384],[126.73976,35.99856],[126.74354,36.00564],[126.74156,36.01195],[126.74805,36.02575],[126.76166,36.02602],[126.76971,36.02964],[126.80277,36.03352],[126.80832,36.03574],[126.8211,36.04992],[126.84054,36.05296],[126.86505,36.06071],[126.87082,36.0674],[126.8712,36.07225],[126.86202,36.07505],[126.85773,36.07259],[126.85224,36.07632],[126.8487,36.07469],[126.84166,36.08018],[126.83713,36.09832],[126.83754,36.10508],[126.84045,36.10547],[126.83999,36.11617],[126.82402,36.12657],[126.81956,36.13492],[126.80562,36.13852],[126.80106,36.14105],[126.79335,36.13727],[126.7915,36.14265],[126.79513,36.15116],[126.79452,36.16384],[126.79283,36.17011],[126.79726,36.16981],[126.79511,36.17835],[126.7926,36.18057],[126.78004,36.18407],[126.76698,36.18197],[126.76383,36.18348],[126.75504,36.18106],[126.74681,36.18089],[126.74052,36.18318],[126.73445,36.18206],[126.72713,36.17667],[126.72096,36.17508],[126.7104,36.17585],[126.69985,36.18003],[126.69438,36.19047],[126.68502,36.18732],[126.68142,36.18146],[126.66867,36.17564],[126.65812,36.17724],[126.65739,36.18022],[126.64352,36.17654],[126.64095,36.17488],[126.63086,36.17422],[126.62876,36.17225],[126.61838,36.17308],[126.61005,36.17138],[126.60061,36.17429],[126.58773,36.17422],[126.57769,36.17738],[126.57336,36.18295],[126.56108,36.19185],[126.53774,36.18801],[126.51965,36.18651],[126.4422,36.17849],[126.37636,36.14757]]]},"properties":{"osm_id":7619551,"name":"서천군","sgg_code":"44770","mois_admin":"4477000000","admin_level":6,"code_source":"osm"}},
{"type":"Feature","geometry":{"type":"Polygon","coordinates":[[[126.67422,36.46215],[126.67944,36.45022],[126.68833,36.44756],[126.68884,36.44492],[126.68522,36.43573],[126.69189,36.4291],[126.68981,36.42548],[126.6929,36.42025],[126.69206,36.41123],[126.70511,36.40586],[126.70949,36.40075],[126.71056,36.39648],[126.71519,36.39255],[126.71185,36.38799],[126.72112,36.37997],[126.72515,36.37361],[126.73519,36.37704],[126.73998,36.37015],[126.73935,36.36446],[126.74432,36.36204],[126.74877,36.36456],[126.75194,36.35538],[126.76175,36.35256],[126.77321,36.35376],[126.78606,36.35638],[126.79487,36.35208],[126.79573,36.35723],[126.80328,36.36352],[126.80283,36.36722],[126.8086,36.37684],[126.81821,36.37548],[126.82289,36.38127],[126.82924,36.38469],[126.83894,36.38329],[126.84868,36.38676],[126.85029,36.38528],[126.84284,36.37346],[126.83635,36.37778],[126.83196,36.37707],[126.83411,36.37229],[126.83453,36.36454],[126.84475,36.36345],[126.84055,36.35708],[126.84158,36.35512],[126.84823,36.35535],[126.85377,36.34619],[126.85885,36.34341],[126.85999,36.33625],[126.85634,36.33022],[126.86261,36.32341],[126.8751,36.3232],[126.88286,36.32496],[126.89228,36.32526],[126.89844,36.33119],[126.90303,36.32716],[126.91035,36.32759],[126.91408,36.32586],[126.9155,36.32033],[126.92644,36.3157],[126.95468,36.32555],[126.95882,36.33179],[126.97547,36.33416],[126.98504,36.34068],[126.98745,36.34583],[126.98732,36.35378],[126.98925,36.37112],[127.00094,36.38066],[127.00991,36.38491],[127.02285,36.39502],[127.03171,36.40056],[127.02111,36.41185],[127.02103,36.41441],[127.0153,36.418],[127.02328,36.42348],[127.01799,36.43532],[127.01995,36.43863],[127.00696,36.43856],[127.01003,36.44609],[127.00638,36.44726],[127.00734,36.45182],[127.00245,36.45096],[127.00124,36.45585],[126.9948,36.46146],[126.99013,36.46108],[126.9803,36.4636],[126.97459,36.46698],[126.96677,36.46749],[126.96346,36.46388],[126.95651,36.46709],[126.94093,36.46064],[126.93689,36.45664],[126.93007,36.45391],[126.92089,36.45325],[126.91599,36.45515],[126.9123,36.46537],[126.90531,36.46765],[126.90084,36.47117],[126.89943,36.47551],[126.89458,36.47852],[126.89226,36.48663],[126.89252,36.49818],[126.89402,36.50215],[126.88593,36.50794],[126.88424,36.51164],[126.8896,36.51954],[126.8902,36.52412],[126.89377,36.52662],[126.88849,36.53389],[126.88987,36.54128],[126.89966,36.54956],[126.89942,36.55894],[126.89346,36.55898],[126.8788,36.56556],[126.87219,36.56981],[126.85795,36.56914],[126.85357,36.57163],[126.84588,36.56948],[126.84488,36.5653],[126.84086,36.56304],[126.83996,36.55726],[126.83089,36.54735],[126.82971,36.53678],[126.82514,36.52877],[126.81571,36.52914],[126.81235,36.53119],[126.80648,36.52972],[126.80519,36.52659],[126.79726,36.53122],[126.7849,36.53485],[126.78072,36.53211],[126.77322,36.53433],[126.76851,36.52706],[126.76976,36.51946],[126.76486,36.51189],[126.75543,36.50334],[126.74999,36.50333],[126.74687,36.49462],[126.74358,36.48969],[126.74425,36.48472],[126.73608,36.47237],[126.73105,36.47869],[126.71901,36.48169],[126.70837,36.47801],[126.70199,36.4784],[126.69091,36.46984],[126.6838,36.46783],[126.67422,36.46215]]]},"properties":{"osm_id":7619553,"name":"청양군","sgg_code":"44790","mois_admin":"4479000000","admin_level":6,"code_source":"osm"}},
{"type":"Feature","geometry":{"type":"Polygon","coordinates":[[[126.41447,36.57678],[126.41388,36.55343],[126.41603,36.51812],[126.43813,36.50743],[126.44551,36.50984],[126.48311,36.5138],[126.49343,36.5211],[126.49672,36.52577],[126.50093,36.52755],[126.51268,36.52099],[126.52207,36.52147],[126.53013,36.51878],[126.53171,36.51449],[126.53935,36.50912],[126.5468,36.50652],[126.55981,36.50625],[126.56558,36.50745],[126.56678,36.50225],[126.5727,36.50198],[126.5872,36.50657],[126.58998,36.5086],[126.5933,36.50629],[126.59822,36.49225],[126.60159,36.48863],[126.59845,36.47885],[126.60257,36.47912],[126.60392,36.47524],[126.61478,36.48476],[126.62368,36.47695],[126.63216,36.47582],[126.63576,36.4667],[126.63917,36.46466],[126.65274,36.46663],[126.65876,36.46017],[126.6658,36.46269],[126.67422,36.46215],[126.6838,36.46783],[126.69091,36.46984],[126.70199,36.4784],[126.70837,36.47801],[126.71901,36.48169],[126.73105,36.47869],[126.73608,36.47237],[126.74425,36.48472],[126.74358,36.48969],[126.74687,36.49462],[126.74999,36.50333],[126.75543,36.50334],[126.76486,36.51189],[126.76976,36.51946],[126.76851,36.52706],[126.77322,36.53433],[126.76585,36.53542],[126.75911,36.52739],[126.75419,36.52836],[126.7411,36.53706],[126.74097,36.54267],[126.73825,36.54475],[126.73713,36.5515],[126.74215,36.55574],[126.74834,36.5575],[126.74975,36.56531],[126.74698,36.57543],[126.7485,36.58051],[126.75122,36.5803],[126.75574,36.58483],[126.76341,36.5866],[126.77242,36.59406],[126.76955,36.60194],[126.7725,36.60704],[126.77024,36.6107],[126.77038,36.61711],[126.76032,36.61868],[126.75603,36.62358],[126.75868,36.62665],[126.75721,36.63232],[126.7498,36.63531],[126.75185,36.64568],[126.74794,36.64815],[126.73689,36.64808],[126.7364,36.65575],[126.73897,36.66176],[126.74223,36.66247],[126.74544,36.67069],[126.73619,36.67267],[126.72755,36.66843],[126.70862,36.67249],[126.70478,36.6668],[126.70761,36.66295],[126.69824,36.66325],[126.68891,36.65942],[126.68129,36.66153],[126.65942,36.65673],[126.65536,36.65474],[126.65199,36.64981],[126.63888,36.64806],[126.63491,36.65024],[126.62818,36.64957],[126.61889,36.63802],[126.6252,36.6293],[126.62663,36.61391],[126.62484,36.60965],[126.61587,36.61742],[126.61546,36.62352],[126.60625,36.62531],[126.6022,36.61894],[126.59675,36.62153],[126.58641,36.61777],[126.58548,36.62626],[126.59038,36.6457],[126.59522,36.64933],[126.59581,36.65275],[126.58897,36.66349],[126.58144,36.66431],[126.5796,36.65485],[126.57333,36.65227],[126.57083,36.64862],[126.56559,36.64966],[126.5616,36.6445],[126.5456,36.64019],[126.54119,36.64473],[126.53429,36.64591],[126.52412,36.63888],[126.51835,36.63819],[126.51956,36.63538],[126.51138,36.63067],[126.50565,36.63484],[126.49728,36.63125],[126.45301,36.62576],[126.45274,36.61534],[126.44071,36.60038],[126.41447,36.57678]]]},"properties":{"osm_id":7619555,"name":"홍성군","sgg_code":"44800","mois_admin":"4480000000","admin_level":6,"code_source":"osm"}},
{"type":"Feature","geometry":{"type":"Polygon","coordinates":[[[126.829,36.76864],[126.81808,36.77581],[126.81286,36.77221],[126.805,36.77363],[126.80099,36.76932],[126.79512,36.76678],[126.79105,36.76129],[126.78386,36.75979],[126.7718,36.74791],[126.76004,36.7592],[126.75911,36.76336],[126.74652,36.76707],[126.74285,36.77811],[126.73765,36.78024],[126.73406,36.78955],[126.72506,36.79848],[126.7219,36.79861],[126.71031,36.80392],[126.70211,36.80275],[126.69508,36.79899],[126.69763,36.79453],[126.69434,36.78493],[126.68257,36.78161],[126.6802,36.78369],[126.6691,36.78052],[126.66485,36.77083],[126.66021,36.77092],[126.65639,36.77567],[126.65358,36.77462],[126.649,36.76988],[126.65043,36.76512],[126.64756,36.76144],[126.65331,36.75487],[126.64267,36.75286],[126.6352,36.75876],[126.63249,36.75728],[126.63496,36.74329],[126.62923,36.74043],[126.62516,36.73314],[126.61048,36.73373],[126.61014,36.72877],[126.60241,36.71955],[126.60966,36.70459],[126.60458,36.69845],[126.60004,36.6969],[126.60029,36.69086],[126.59644,36.68519],[126.59915,36.67891],[126.59396,36.66787],[126.58897,36.66349],[126.59581,36.65275],[126.59522,36.64933],[126.59038,36.6457],[126.58548,36.62626],[126.58641,36.61777],[126.59675,36.62153],[126.6022,36.61894],[126.60625,36.62531],[126.61546,36.62352],[126.61587,36.61742],[126.62484,36.60965],[126.62663,36.61391],[126.6252,36.6293],[126.61889,36.63802],[126.62818,36.64957],[126.63491,36.65024],[126.63888,36.64806],[126.65199,36.64981],[126.65536,36.65474],[126.65942,36.65673],[126.68129,36.66153],[126.68891,36.65942],[126.69824,36.66325],[126.70761,36.66295],[126.70478,36.6668],[126.70862,36.67249],[126.72755,36.66843],[126.73619,36.67267],[126.74544,36.67069],[126.74223,36.66247],[126.73897,36.66176],[126.7364,36.65575],[126.73689,36.64808],[126.74794,36.64815],[126.75185,36.64568],[126.7498,36.63531],[126.75721,36.63232],[126.75868,36.62665],[126.75603,36.62358],[126.76032,36.61868],[126.77038,36.61711],[126.77024,36.6107],[126.7725,36.60704],[126.76955,36.60194],[126.77242,36.59406],[126.76341,36.5866],[126.75574,36.58483],[126.75122,36.5803],[126.7485,36.58051],[126.74698,36.57543],[126.74975,36.56531],[126.74834,36.5575],[126.74215,36.55574],[126.73713,36.5515],[126.73825,36.54475],[126.74097,36.54267],[126.7411,36.53706],[126.75419,36.52836],[126.75911,36.52739],[126.76585,36.53542],[126.77322,36.53433],[126.78072,36.53211],[126.7849,36.53485],[126.79726,36.53122],[126.80519,36.52659],[126.80648,36.52972],[126.81235,36.53119],[126.81571,36.52914],[126.82514,36.52877],[126.82971,36.53678],[126.83089,36.54735],[126.83996,36.55726],[126.84086,36.56304],[126.84488,36.5653],[126.84588,36.56948],[126.85357,36.57163],[126.85795,36.56914],[126.87219,36.56981],[126.8788,36.56556],[126.89346,36.55898],[126.89942,36.55894],[126.9054,36.56478],[126.90981,36.56629],[126.91136,36.57295],[126.92006,36.57801],[126.92547,36.58776],[126.93097,36.59175],[126.92815,36.59493],[126.92799,36.6006],[126.93206,36.60287],[126.93042,36.60837],[126.93289,36.61288],[126.9373,36.6153],[126.93578,36.6219],[126.94539,36.62816],[126.94386,36.63267],[126.94827,36.64072],[126.95537,36.64594],[126.95416,36.65223],[126.95968,36.65548],[126.95714,36.66553],[126.95755,36.67201],[126.96779,36.67943],[126.96697,36.68411],[126.96955,36.69071],[126.96258,36.69696],[126.95449,36.69913],[126.94989,36.70377],[126.94208,36.70159],[126.93364,36.70194],[126.92851,36.7044],[126.92172,36.70066],[126.91757,36.70335],[126.91112,36.70385],[126.90213,36.70223],[126.90495,36.70987],[126.899,36.71688],[126.89786,36.72336],[126.8927,36.72459],[126.88638,36.73126],[126.87151,36.728],[126.86372,36.73203],[126.85951,36.73865],[126.85876,36.74693],[126.85205,36.74828],[126.84921,36.74259],[126.84527,36.74362],[126.84628,36.7484],[126.83988,36.75015],[126.82796,36.7645],[126.829,36.76864]]]},"properties":{"osm_id":7578859,"name":"예산군","sgg_code":"44810","mois_admin":"4481000000","admin_level":6,"code_source":"osm"}},
{"type":"Feature","geometry":{"type":"Polygon","coordinates":[[[125.52337,36.27821],[126.14227,36.42184],[126.30758,36.42308],[126.3299,36.41686],[126.34089,36.41607],[126.36324,36.40837],[126.40174,36.39413],[126.40831,36.39096],[126.42062,36.3923],[126.43148,36.40284],[126.45195,36.43523],[126.45015,36.49363],[126.43813,36.50743],[126.41603,36.51812],[126.41388,36.55343],[126.41447,36.57678],[126.41172,36.58691],[126.39989,36.60037],[126.3889,36.60712],[126.37016,36.6118],[126.36116,36.62168],[126.3488,36.67456],[126.34619,36.71059],[126.34734,36.71252],[126.34655,36.72853],[126.34217,36.74218],[126.33856,36.74018],[126.33722,36.74379],[126.34334,36.74664],[126.35057,36.76746],[126.34837,36.77809],[126.35242,36.78229],[126.35501,36.7889],[126.35798,36.7888],[126.3521,36.79357],[126.35159,36.79641],[126.33501,36.8148],[126.33331,36.81442],[126.32597,36.82213],[126.32001,36.83103],[126.3184,36.83799],[126.31089,36.84134],[126.3087,36.84542],[126.30986,36.85366],[126.31445,36.85972],[126.32051,36.86482],[126.33436,36.87952],[126.33983,36.88957],[126.33492,36.8992],[126.32223,36.9115],[126.31849,36.92212],[126.31889,36.92771],[126.32443,36.94226],[126.32499,36.95348],[126.32361,36.95663],[126.32271,36.99921],[126.32029,37.06425],[126.27795,37.05619],[126.17924,37.0129],[126.05048,36.93123],[125.81818,36.85855],[125.39493,36.85442],[125.30463,36.69759],[125.28912,36.6487],[125.28828,36.59161],[125.29873,36.56344],[125.3074,36.54236],[125.3207,36.5169],[125.33891,36.49331],[125.52337,36.27821]]]},"properties":{"osm_id":7618927,"name":"태안군","sgg_code":"44825","mois_admin":"4482500000","admin_level":6,"code_source":"osm"}},
{"type":"Feature","geometry":{"type":"Polygon","coordinates":[[[126.25441,34.76913],[126.27478,34.76931],[126.29181,34.77237],[126.30447,34.76521],[126.30965,34.76088],[126.34619,34.73885],[126.35614,34.73884],[126.36116,34.74476],[126.36511,34.75229],[126.37427,34.75719],[126.37612,34.76858],[126.38093,34.77579],[126.40307,34.77898],[126.41616,34.78234],[126.44783,34.79234],[126.45834,34.79328],[126.4578,34.81064],[126.4551,34.81081],[126.45438,34.81763],[126.43832,34.82133],[126.43905,34.83409],[126.43612,34.83729],[126.42506,34.83882],[126.41987,34.84391],[126.41243,34.84384],[126.38669,34.84838],[126.38529,34.83981],[126.36791,34.81871],[126.35104,34.80268],[126.33329,34.80867],[126.33108,34.81657],[126.32792,34.8187],[126.30835,34.8219],[126.25995,34.81179],[126.24853,34.78871],[126.25441,34.76913]]]},"properties":{"osm_id":7812645,"name":"목포시","sgg_code":"46110","mois_admin":"4611000000","admin_level":6,"code_source":"osm"}},
{"type":"Feature","geometry":{"type":"Polygon","coordinates":[[[127.45162,34.7499],[127.45411,34.73741],[127.46128,34.72109],[127.47012,34.70877],[127.49033,34.66442],[127.50097,34.64196],[127.51041,34.61922],[127.52483,34.58757],[127.53565,34.57697],[127.54131,34.56454],[127.54887,34.54559],[127.56157,34.52947],[127.57221,34.52014],[127.58697,34.51052],[127.5983,34.50118],[127.60689,34.48618],[127.62062,34.44995],[127.63693,34.41172],[127.63144,34.40762],[127.61805,34.38963],[127.59436,34.36979],[127.56123,34.3321],[127.47625,34.33961],[127.33583,34.32472],[127.30416,34.2975],[127.24005,34.3041],[127.21395,34.2992],[127.19061,34.29552],[127.16949,34.07428],[127.13653,33.89892],[126.91532,33.7592],[127.32417,33.80447],[127.57566,33.82453],[127.66243,33.83601],[127.72259,33.85331],[127.78333,33.88418],[127.89211,34.00529],[127.96864,34.08596],[127.99906,34.1233],[128.17159,34.16974],[127.89852,34.61011],[127.85295,34.68634],[127.83312,34.7026],[127.81056,34.73534],[127.80163,34.7534],[127.79896,34.78681],[127.79572,34.81719],[127.79449,34.84642],[127.78769,34.86965],[127.76477,34.88246],[127.75014,34.89656],[127.71808,34.90455],[127.69834,34.90325],[127.65246,34.8672],[127.6415,34.88052],[127.61373,34.89238],[127.60088,34.89869],[127.59363,34.89038],[127.58112,34.885],[127.56859,34.88495],[127.56273,34.8869],[127.5559,34.88621],[127.55013,34.88843],[127.54091,34.88426],[127.53646,34.87845],[127.54121,34.86868],[127.55011,34.8637],[127.54998,34.85553],[127.54339,34.85035],[127.54085,34.84046],[127.48123,34.81211],[127.48432,34.78998],[127.48037,34.7737],[127.47565,34.76629],[127.45614,34.75191],[127.45162,34.7499]]]},"properties":{"osm_id":7689289,"name":"여수시","sgg_code":"46130","mois_admin":"4613000000","admin_level":6,"code_source":"osm"}},
{"type":"Feature","geometry":{"type":"Polygon","coordinates":[[[127.41692,35.18808],[127.4117,35.18704],[127.40909,35.17958],[127.4095,35.17481],[127.41347,35.16909],[127.41246,35.16042],[127.41418,35.15799],[127.41242,35.14493],[127.40695,35.14297],[127.40431,35.13569],[127.39671,35.1273],[127.38916,35.12568],[127.38926,35.12201],[127.38508,35.11638],[127.38592,35.11229],[127.37935,35.10093],[127.37309,35.09825],[127.36242,35.09618],[127.34781,35.09788],[127.34066,35.09296],[127.33875,35.08822],[127.34092,35.07988],[127.3344,35.0724],[127.32399,35.06942],[127.31929,35.0741],[127.30309,35.07618],[127.30144,35.08109],[127.29485,35.08583],[127.28549,35.08436],[127.28273,35.09008],[127.26702,35.08181],[127.26307,35.08259],[127.26234,35.09697],[127.2558,35.10121],[127.24642,35.10971],[127.24538,35.10135],[127.24261,35.10165],[127.24337,35.10811],[127.23689,35.11041],[127.23395,35.11526],[127.22097,35.11773],[127.22106,35.12905],[127.21606,35.13212],[127.20552,35.12898],[127.20069,35.13119],[127.19398,35.12895],[127.18829,35.1221],[127.18855,35.11526],[127.19059,35.11164],[127.18288,35.09282],[127.18542,35.09175],[127.1855,35.07008],[127.1922,35.06494],[127.18951,35.05849],[127.18546,35.05533],[127.18451,35.0333],[127.1876,35.02907],[127.18653,35.02065],[127.189,35.01251],[127.18507,35.01174],[127.17934,35.00636],[127.17707,34.99661],[127.17876,34.99277],[127.17647,34.98854],[127.17986,34.98504],[127.17688,34.97792],[127.18677,34.96858],[127.19031,34.97074],[127.1922,34.98214],[127.19752,34.9888],[127.2014,34.98854],[127.2061,34.97679],[127.20962,34.97526],[127.20569,34.96816],[127.21213,34.96],[127.22144,34.95641],[127.22483,34.94795],[127.2249,34.93958],[127.23189,34.9377],[127.23533,34.93441],[127.24009,34.92257],[127.23404,34.92092],[127.22608,34.89992],[127.22799,34.8967],[127.23979,34.89177],[127.24599,34.88669],[127.25258,34.88554],[127.25762,34.88702],[127.25968,34.89121],[127.27447,34.89105],[127.27837,34.8932],[127.28251,34.89906],[127.29178,34.90165],[127.30691,34.90098],[127.31365,34.8938],[127.32397,34.88936],[127.32689,34.885],[127.33592,34.88956],[127.33734,34.88084],[127.34002,34.87753],[127.33951,34.87044],[127.33752,34.86833],[127.34569,34.86642],[127.35862,34.86523],[127.36716,34.86856],[127.36935,34.86241],[127.3786,34.85509],[127.37998,34.84359],[127.39087,34.84045],[127.39635,34.8401],[127.4033,34.84262],[127.41189,34.83805],[127.41707,34.83144],[127.44538,34.81969],[127.45166,34.81979],[127.48123,34.81211],[127.54085,34.84046],[127.54339,34.85035],[127.54998,34.85553],[127.55011,34.8637],[127.54121,34.86868],[127.53646,34.87845],[127.54091,34.88426],[127.55013,34.88843],[127.5559,34.88621],[127.56273,34.8869],[127.56859,34.88495],[127.58112,34.885],[127.59363,34.89038],[127.58662,34.92205],[127.57706,34.92014],[127.57821,34.941],[127.56634,34.94122],[127.56334,34.94631],[127.55717,34.94612],[127.55916,34.95122],[127.54806,34.95871],[127.54967,34.96456],[127.54585,34.97186],[127.55382,34.97406],[127.55674,34.97795],[127.55558,34.98185],[127.54925,34.98644],[127.55358,34.99421],[127.55868,34.99907],[127.5669,35.00205],[127.56387,35.00814],[127.56032,35.00922],[127.55743,35.02],[127.55979,35.02584],[127.55625,35.02907],[127.5571,35.03594],[127.55039,35.03942],[127.54397,35.04546],[127.53665,35.04965],[127.53496,35.0549],[127.52836,35.06005],[127.5252,35.07119],[127.5271,35.07918],[127.53149,35.08403],[127.52882,35.09543],[127.53256,35.10042],[127.53269,35.10727],[127.53234,35.11152],[127.52131,35.11808],[127.52041,35.12423],[127.5096,35.12366],[127.50102,35.12472],[127.49672,35.12689],[127.49818,35.13272],[127.48775,35.14335],[127.48158,35.15202],[127.47291,35.15483],[127.46926,35.15883],[127.45999,35.16139],[127.44802,35.16714],[127.43463,35.17851],[127.41692,35.18808]]]},"properties":{"osm_id":7680384,"name":"순천시","sgg_code":"46150","mois_admin":"4615000000","admin_level":6,"code_source":"osm"}},
{"type":"Feature","geometry":{"type":"Polygon","coordinates":[[[126.54118,34.97503],[126.53549,34.96177],[126.52916,34.94964],[126.53128,34.94082],[126.53737,34.93154],[126.54163,34.92721],[126.54107,34.91826],[126.53572,34.91801],[126.53021,34.92545],[126.52481,34.92869],[126.51937,34.9286],[126.51468,34.92576],[126.51396,34.9186],[126.53323,34.89592],[126.53375,34.89667],[126.54543,34.88705],[126.557,34.86905],[126.56074,34.86867],[126.56959,34.87681],[126.5719,34.88208],[126.57122,34.89192],[126.57957,34.89557],[126.57873,34.90626],[126.57279,34.90914],[126.57474,34.91586],[126.58067,34.92004],[126.58624,34.91727],[126.58942,34.91875],[126.59199,34.91512],[126.59463,34.92024],[126.59242,34.9237],[126.60258,34.92399],[126.59971,34.92807],[126.60473,34.93013],[126.60586,34.9259],[126.61119,34.92635],[126.61194,34.92271],[126.61844,34.926],[126.62159,34.92373],[126.62074,34.91967],[126.62857,34.92107],[126.63348,34.90904],[126.63477,34.89688],[126.62938,34.89829],[126.62928,34.8938],[126.6329,34.89253],[126.63177,34.88799],[126.64026,34.88825],[126.64453,34.89023],[126.65013,34.8878],[126.65118,34.89167],[126.65998,34.89211],[126.6653,34.88637],[126.66895,34.88683],[126.67193,34.88194],[126.67684,34.88377],[126.67393,34.88843],[126.67455,34.89271],[126.68159,34.89318],[126.67781,34.89901],[126.67569,34.90733],[126.67279,34.91131],[126.67659,34.91393],[126.66939,34.92535],[126.66292,34.92703],[126.66185,34.93502],[126.66955,34.94544],[126.68569,34.94542],[126.68743,34.94301],[126.69702,34.94162],[126.7021,34.93529],[126.70262,34.93036],[126.70777,34.92366],[126.71524,34.91748],[126.71103,34.90927],[126.72028,34.89962],[126.71948,34.89343],[126.72571,34.88931],[126.73341,34.89082],[126.7441,34.89595],[126.74412,34.89815],[126.75032,34.89642],[126.766,34.89952],[126.77364,34.89375],[126.77682,34.8892],[126.78381,34.88466],[126.78465,34.87991],[126.79399,34.87817],[126.80087,34.87313],[126.80103,34.87026],[126.80916,34.86889],[126.8116,34.87422],[126.82349,34.87025],[126.83521,34.88004],[126.83935,34.88029],[126.84427,34.88441],[126.85057,34.88658],[126.86071,34.88711],[126.87066,34.89072],[126.87092,34.89448],[126.87651,34.89957],[126.87576,34.90441],[126.87145,34.90693],[126.87217,34.9179],[126.86889,34.92132],[126.87554,34.92673],[126.86918,34.93107],[126.86636,34.94025],[126.87341,34.94779],[126.87786,34.94966],[126.88155,34.96077],[126.87658,34.96758],[126.88316,34.97305],[126.8849,34.97952],[126.89173,34.98284],[126.8946,34.98936],[126.89005,34.99856],[126.88295,35.00413],[126.86776,35.00952],[126.87314,35.01817],[126.88205,35.02149],[126.88061,35.03147],[126.88818,35.03632],[126.89213,35.04215],[126.8896,35.04637],[126.89093,35.04987],[126.89878,35.05461],[126.89303,35.06264],[126.89505,35.06337],[126.89439,35.07374],[126.89166,35.07855],[126.88548,35.08171],[126.8743,35.0756],[126.8654,35.07553],[126.86016,35.07883],[126.85567,35.07799],[126.85278,35.07342],[126.84857,35.07244],[126.84385,35.06534],[126.83685,35.06621],[126.83601,35.06384],[126.82274,35.06029],[126.8187,35.05263],[126.80532,35.05256],[126.80085,35.05804],[126.79521,35.06122],[126.78158,35.05385],[126.77607,35.05279],[126.76387,35.05428],[126.75638,35.0541],[126.75071,35.0522],[126.75749,35.05958],[126.75316,35.06477],[126.7574,35.06858],[126.76468,35.06787],[126.76674,35.06567],[126.77305,35.06909],[126.76476,35.07812],[126.7618,35.09053],[126.75388,35.0918],[126.74844,35.10203],[126.73495,35.10848],[126.73253,35.11261],[126.7303,35.10773],[126.72008,35.10836],[126.7164,35.11043],[126.70823,35.1097],[126.70201,35.11272],[126.69783,35.10761],[126.69152,35.10842],[126.6899,35.11127],[126.68334,35.11174],[126.68373,35.10774],[126.67632,35.105],[126.66844,35.1051],[126.66863,35.11175],[126.6626,35.11472],[126.6552,35.11486],[126.65393,35.10739],[126.64685,35.10333],[126.6477,35.09953],[126.64416,35.09693],[126.62782,35.09194],[126.6232,35.08692],[126.61763,35.09069],[126.6061,35.09476],[126.60474,35.09922],[126.59507,35.09838],[126.59727,35.09232],[126.59491,35.08236],[126.59281,35.07968],[126.59021,35.06971],[126.59234,35.06671],[126.58926,35.06316],[126.59101,35.05927],[126.58761,35.05495],[126.591,35.05117],[126.58794,35.04718],[126.59171,35.04358],[126.58881,35.04104],[126.59327,35.03439],[126.59462,35.02797],[126.59209,35.02238],[126.58579,35.01519],[126.58966,35.01272],[126.59858,35.01285],[126.59904,35.0078],[126.59572,35.00423],[126.59648,35.00045],[126.592,34.99632],[126.5972,34.99494],[126.5881,34.98974],[126.58413,34.98497],[126.58224,34.97892],[126.57837,34.97475],[126.57078,34.97416],[126.56805,34.98267],[126.56409,34.98692],[126.55599,34.98859],[126.54606,34.98321],[126.54118,34.97503]]]},"properties":{"osm_id":7624183,"name":"나주시","sgg_code":"46170","mois_admin":"4617000000","admin_level":6,"code_source":"osm"}},
{"type":"Feature","geometry":{"type":"Polygon","coordinates":[[[127.53269,35.10727],[127.53256,35.10042],[127.52882,35.09543],[127.53149,35.08403],[127.5271,35.07918],[127.5252,35.07119],[127.52836,35.06005],[127.53496,35.0549],[127.53665,35.04965],[127.54397,35.04546],[127.55039,35.03942],[127.5571,35.03594],[127.55625,35.02907],[127.55979,35.02584],[127.55743,35.02],[127.56032,35.00922],[127.56387,35.00814],[127.5669,35.00205],[127.55868,34.99907],[127.55358,34.99421],[127.54925,34.98644],[127.55558,34.98185],[127.55674,34.97795],[127.55382,34.97406],[127.54585,34.97186],[127.54967,34.96456],[127.54806,34.95871],[127.55916,34.95122],[127.55717,34.94612],[127.56334,34.94631],[127.56634,34.94122],[127.57821,34.941],[127.57706,34.92014],[127.58662,34.92205],[127.59363,34.89038],[127.60088,34.89869],[127.61373,34.89238],[127.6415,34.88052],[127.65246,34.8672],[127.69834,34.90325],[127.71808,34.90455],[127.75014,34.89656],[127.76477,34.88246],[127.78769,34.86965],[127.79721,34.87556],[127.7967,34.88436],[127.78924,34.91322],[127.78822,34.91886],[127.78171,34.92336],[127.77501,34.93168],[127.77216,34.94048],[127.77419,34.94727],[127.76984,34.95638],[127.76035,34.96693],[127.76801,34.9798],[127.7798,34.9894],[127.78066,34.99493],[127.78533,35.00459],[127.78621,35.01819],[127.78353,35.02202],[127.77396,35.02989],[127.76967,35.04057],[127.76744,35.05136],[127.76469,35.05435],[127.75254,35.05673],[127.74052,35.06204],[127.73727,35.07258],[127.73441,35.07542],[127.7166,35.08318],[127.70469,35.09769],[127.69448,35.10573],[127.69388,35.11085],[127.69482,35.12637],[127.69126,35.13356],[127.67457,35.14785],[127.65708,35.15988],[127.64837,35.16076],[127.64435,35.16416],[127.63702,35.17367],[127.62382,35.18378],[127.61674,35.17281],[127.61554,35.16809],[127.60828,35.16151],[127.60416,35.14772],[127.60646,35.143],[127.60631,35.1294],[127.60466,35.11756],[127.59616,35.12096],[127.58496,35.11798],[127.58195,35.11478],[127.5653,35.10787],[127.56474,35.10158],[127.5596,35.0946],[127.55281,35.09421],[127.54333,35.09849],[127.53269,35.10727]]]},"properties":{"osm_id":7680385,"name":"광양시","sgg_code":"46230","mois_admin":"4623000000","admin_level":6,"code_source":"osm"}},
{"type":"Feature","geometry":{"type":"Polygon","coordinates":[[[126.87957,35.25151],[126.87884,35.24832],[126.88909,35.24639],[126.89303,35.2506],[126.89893,35.25312],[126.90357,35.25789],[126.91472,35.2588],[126.92247,35.25277],[126.92931,35.25235],[126.93346,35.24674],[126.93217,35.24078],[126.93984,35.23754],[126.94436,35.23034],[126.94762,35.23006],[126.95114,35.22417],[126.94891,35.21835],[126.95764,35.20678],[126.96573,35.20355],[126.96642,35.20054],[126.96144,35.19773],[126.95805,35.1925],[126.97174,35.1799],[126.97219,35.18507],[126.97861,35.187],[126.98281,35.18454],[126.98856,35.18847],[126.9911,35.18637],[126.99999,35.18885],[127.01344,35.18045],[127.01575,35.17564],[127.02142,35.17305],[127.0233,35.16974],[127.01685,35.16534],[127.01136,35.16617],[127.01169,35.16134],[127.00848,35.15515],[127.00968,35.14962],[127.00719,35.14397],[127.00936,35.14179],[127.00872,35.13376],[127.01391,35.13446],[127.01944,35.13827],[127.02657,35.13648],[127.035,35.13063],[127.03869,35.13167],[127.04431,35.12881],[127.04755,35.12988],[127.05622,35.12591],[127.05991,35.12103],[127.06384,35.12172],[127.07085,35.11633],[127.07999,35.1194],[127.07984,35.12349],[127.08583,35.12635],[127.09017,35.12619],[127.09038,35.12953],[127.08639,35.13504],[127.08424,35.14574],[127.0754,35.15237],[127.06832,35.16442],[127.06832,35.17412],[127.06407,35.17982],[127.0662,35.18451],[127.08366,35.18056],[127.09147,35.18228],[127.09753,35.18926],[127.10793,35.19243],[127.11544,35.18865],[127.1178,35.19071],[127.11682,35.19534],[127.10707,35.19848],[127.10746,35.20294],[127.10319,35.20478],[127.10167,35.21177],[127.09628,35.22129],[127.09368,35.22948],[127.09025,35.23395],[127.08828,35.24173],[127.08227,35.24753],[127.09176,35.2545],[127.09797,35.26053],[127.09998,35.2695],[127.09243,35.27653],[127.09143,35.28887],[127.09716,35.29457],[127.09679,35.3018],[127.08928,35.30669],[127.07185,35.31243],[127.06896,35.31144],[127.06178,35.31713],[127.04621,35.3186],[127.04309,35.32189],[127.05076,35.32915],[127.05233,35.34026],[127.05525,35.34106],[127.06238,35.33625],[127.07029,35.3398],[127.06717,35.34564],[127.0699,35.3514],[127.06522,35.35591],[127.07061,35.36551],[127.06359,35.3699],[127.06498,35.37595],[127.06196,35.37703],[127.05586,35.38454],[127.05055,35.37803],[127.04732,35.3772],[127.0391,35.38014],[127.03954,35.38401],[127.03046,35.39009],[127.02746,35.39468],[127.02702,35.39986],[127.03289,35.4005],[127.04171,35.39872],[127.04693,35.40219],[127.04514,35.40722],[127.05231,35.42652],[127.04461,35.43355],[127.04018,35.43179],[127.03499,35.44764],[127.03492,35.45699],[127.03652,35.45981],[127.03472,35.46657],[127.02748,35.46371],[127.02348,35.46397],[127.01429,35.45782],[127.00987,35.46169],[127.00303,35.46446],[126.99948,35.46214],[126.99802,35.4573],[127.00056,35.45396],[126.99455,35.4398],[126.98956,35.43909],[126.98337,35.43375],[126.98507,35.43006],[126.98163,35.42665],[126.97138,35.42767],[126.97029,35.41979],[126.97219,35.41304],[126.97598,35.40727],[126.97647,35.40074],[126.9631,35.39495],[126.95427,35.39664],[126.94129,35.39413],[126.94032,35.39615],[126.93293,35.39524],[126.93324,35.40609],[126.91945,35.40194],[126.92541,35.39834],[126.92436,35.37925],[126.91756,35.38615],[126.91237,35.3821],[126.90295,35.37768],[126.90243,35.37339],[126.89846,35.37196],[126.89569,35.3666],[126.88692,35.36498],[126.88331,35.35827],[126.88228,35.35066],[126.87643,35.34482],[126.88737,35.32626],[126.8808,35.32127],[126.87407,35.32285],[126.86175,35.32124],[126.86347,35.30276],[126.85531,35.29308],[126.85956,35.29029],[126.86495,35.27964],[126.86644,35.27304],[126.86914,35.27058],[126.87883,35.25533],[126.87957,35.25151]]]},"properties":{"osm_id":7680388,"name":"담양군","sgg_code":"46710","mois_admin":"4671000000","admin_level":6,"code_source":"osm"}},
{"type":"Feature","geometry":{"type":"Polygon","coordinates":[[[127.09679,35.3018],[127.09716,35.29457],[127.09143,35.28887],[127.09243,35.27653],[127.09998,35.2695],[127.09797,35.26053],[127.09176,35.2545],[127.08227,35.24753],[127.08828,35.24173],[127.09025,35.23395],[127.09368,35.22948],[127.09628,35.22129],[127.10167,35.21177],[127.10319,35.20478],[127.10746,35.20294],[127.10707,35.19848],[127.11682,35.19534],[127.12302,35.19734],[127.12778,35.19391],[127.13937,35.19447],[127.14572,35.19331],[127.15529,35.19594],[127.1716,35.2046],[127.18044,35.21211],[127.18705,35.21337],[127.19222,35.20508],[127.19651,35.20348],[127.19797,35.19301],[127.20192,35.18605],[127.19554,35.18026],[127.19404,35.17258],[127.19037,35.16435],[127.1978,35.15832],[127.19715,35.15021],[127.19866,35.14702],[127.19752,35.13786],[127.20069,35.13119],[127.20552,35.12898],[127.21606,35.13212],[127.22106,35.12905],[127.22097,35.11773],[127.23395,35.11526],[127.23689,35.11041],[127.24337,35.10811],[127.24261,35.10165],[127.24538,35.10135],[127.24642,35.10971],[127.2558,35.10121],[127.26234,35.09697],[127.26307,35.08259],[127.26702,35.08181],[127.28273,35.09008],[127.28549,35.08436],[127.29485,35.08583],[127.30144,35.08109],[127.30309,35.07618],[127.31929,35.0741],[127.32399,35.06942],[127.3344,35.0724],[127.34092,35.07988],[127.33875,35.08822],[127.34066,35.09296],[127.34781,35.09788],[127.36242,35.09618],[127.37309,35.09825],[127.37935,35.10093],[127.38592,35.11229],[127.38508,35.11638],[127.38926,35.12201],[127.38916,35.12568],[127.39671,35.1273],[127.40431,35.13569],[127.40695,35.14297],[127.41242,35.14493],[127.41418,35.15799],[127.41246,35.16042],[127.41347,35.16909],[127.4095,35.17481],[127.40909,35.17958],[127.4117,35.18704],[127.41692,35.18808],[127.40294,35.19026],[127.39051,35.18869],[127.38248,35.1901],[127.37719,35.19379],[127.37278,35.20536],[127.37281,35.21224],[127.37532,35.21664],[127.36763,35.22443],[127.37899,35.22524],[127.38437,35.22849],[127.392,35.23707],[127.39833,35.23666],[127.40405,35.24148],[127.40218,35.2489],[127.39519,35.26025],[127.39005,35.27841],[127.38142,35.28107],[127.38256,35.28881],[127.38622,35.29553],[127.38683,35.30073],[127.38451,35.30328],[127.37876,35.3043],[127.37696,35.31108],[127.36777,35.31457],[127.3564,35.32155],[127.34038,35.31789],[127.33676,35.31452],[127.33041,35.31518],[127.33047,35.31134],[127.32193,35.30659],[127.30977,35.30379],[127.3058,35.30449],[127.29189,35.31233],[127.28588,35.31317],[127.26067,35.31185],[127.25381,35.31353],[127.25157,35.31773],[127.23782,35.32843],[127.22729,35.33461],[127.22142,35.3346],[127.21664,35.33012],[127.21627,35.3175],[127.20497,35.31556],[127.18726,35.32297],[127.18403,35.32879],[127.18677,35.33621],[127.17296,35.33047],[127.17115,35.33289],[127.16025,35.32725],[127.15169,35.31786],[127.14634,35.31529],[127.14673,35.31087],[127.14382,35.3084],[127.12998,35.30913],[127.12457,35.30344],[127.11685,35.29996],[127.10524,35.29923],[127.09679,35.3018]]]},"properties":{"osm_id":7680387,"name":"곡성군","sgg_code":"46720","mois_admin":"4672000000","admin_level":6,"code_source":"osm"}},
{"type":"Feature","geometry":{"type":"Polygon","coordinates":[[[127.38451,35.30328],[127.38683,35.30073],[127.38622,35.29553],[127.38256,35.28881],[127.38142,35.28107],[127.39005,35.27841],[127.39519,35.26025],[127.40218,35.2489],[127.40405,35.24148],[127.39833,35.23666],[127.392,35.23707],[127.38437,35.22849],[127.37899,35.22524],[127.36763,35.22443],[127.37532,35.21664],[127.37281,35.21224],[127.37278,35.20536],[127.37719,35.19379],[127.38248,35.1901],[127.39051,35.18869],[127.40294,35.19026],[127.41692,35.18808],[127.43463,35.17851],[127.44802,35.16714],[127.45999,35.16139],[127.46926,35.15883],[127.47291,35.15483],[127.48158,35.15202],[127.48775,35.14335],[127.49818,35.13272],[127.49672,35.12689],[127.50102,35.12472],[127.5096,35.12366],[127.52041,35.12423],[127.52131,35.11808],[127.53234,35.11152],[127.53269,35.10727],[127.54333,35.09849],[127.55281,35.09421],[127.5596,35.0946],[127.56474,35.10158],[127.5653,35.10787],[127.58195,35.11478],[127.58496,35.11798],[127.59616,35.12096],[127.60466,35.11756],[127.60631,35.1294],[127.60646,35.143],[127.60416,35.14772],[127.60828,35.16151],[127.61554,35.16809],[127.61674,35.17281],[127.62382,35.18378],[127.61936,35.18992],[127.62138,35.19093],[127.6181,35.20031],[127.61749,35.21015],[127.62087,35.21283],[127.62106,35.22471],[127.6185,35.23158],[127.61904,35.23632],[127.61287,35.24146],[127.61262,35.24744],[127.61505,35.2497],[127.60989,35.26235],[127.60139,35.26669],[127.59573,35.26801],[127.59061,35.27529],[127.58542,35.29105],[127.57687,35.29533],[127.57589,35.30682],[127.57754,35.30888],[127.57234,35.31126],[127.5678,35.31898],[127.56228,35.31941],[127.55049,35.32577],[127.54204,35.3285],[127.54195,35.33305],[127.53533,35.33464],[127.52967,35.33797],[127.5239,35.34496],[127.51614,35.34784],[127.51418,35.35162],[127.50845,35.35331],[127.50355,35.35795],[127.4957,35.36101],[127.48595,35.35843],[127.4806,35.36369],[127.47179,35.36664],[127.45872,35.36365],[127.45448,35.36033],[127.44291,35.36111],[127.44164,35.36445],[127.43035,35.35857],[127.42265,35.35097],[127.42035,35.34526],[127.4159,35.34105],[127.4156,35.33716],[127.40955,35.33293],[127.40848,35.32935],[127.40089,35.32481],[127.39987,35.31397],[127.39388,35.31069],[127.3886,35.30478],[127.38451,35.30328]]]},"properties":{"osm_id":7680386,"name":"구례군","sgg_code":"46730","mois_admin":"4673000000","admin_level":6,"code_source":"osm"}},
{"type":"Feature","geometry":{"type":"Polygon","coordinates":[[[127.0574,34.49496],[127.06873,34.46425],[127.07542,34.45951],[127.0877,34.44387],[127.09628,34.4341],[127.10289,34.42836],[127.12778,34.41427],[127.17344,34.38021],[127.17464,34.36817],[127.19765,34.35166],[127.21395,34.2992],[127.24005,34.3041],[127.30416,34.2975],[127.33583,34.32472],[127.47625,34.33961],[127.56123,34.3321],[127.59436,34.36979],[127.61805,34.38963],[127.63144,34.40762],[127.63693,34.41172],[127.62062,34.44995],[127.60689,34.48618],[127.5983,34.50118],[127.58697,34.51052],[127.57221,34.52014],[127.56157,34.52947],[127.54887,34.54559],[127.54131,34.56454],[127.53565,34.57697],[127.52483,34.58757],[127.51041,34.61922],[127.50097,34.64196],[127.49033,34.66442],[127.47012,34.70877],[127.46128,34.72109],[127.45411,34.73741],[127.45162,34.7499],[127.42244,34.76203],[127.40986,34.77557],[127.39553,34.78737],[127.38534,34.79113],[127.38617,34.79795],[127.37879,34.80693],[127.3727,34.80676],[127.36394,34.81754],[127.35721,34.81747],[127.3518,34.82575],[127.34656,34.82594],[127.34137,34.82871],[127.33781,34.82494],[127.32785,34.82242],[127.32553,34.81763],[127.31875,34.8115],[127.31249,34.81185],[127.30056,34.80975],[127.2927,34.81125],[127.28637,34.80625],[127.28378,34.80033],[127.27745,34.79305],[127.27226,34.79282],[127.26492,34.78808],[127.24863,34.78981],[127.24721,34.77766],[127.24333,34.77455],[127.23986,34.7647],[127.24079,34.76014],[127.22947,34.75782],[127.2344,34.75333],[127.23676,34.74674],[127.23198,34.72821],[127.2088,34.69025],[127.19112,34.67374],[127.14546,34.65778],[127.11113,34.64422],[127.07226,34.61498],[127.05276,34.59478],[127.05551,34.55351],[127.05105,34.52876],[127.0495,34.50175],[127.0574,34.49496]]]},"properties":{"osm_id":7689290,"name":"고흥군","sgg_code":"46770","mois_admin":"4677000000","admin_level":6,"code_source":"osm"}},
{"type":"Feature","geometry":{"type":"Polygon","coordinates":[[[127.03785,34.83885],[127.0322,34.83523],[127.03062,34.83128],[127.03174,34.82536],[127.03019,34.82177],[127.02221,34.81937],[127.02255,34.80993],[127.01757,34.80003],[127.01848,34.79601],[127.01551,34.79002],[127.01826,34.78205],[127.02393,34.77927],[127.02307,34.77271],[127.01238,34.77067],[127.01333,34.76376],[127.01586,34.76217],[127.01646,34.75628],[127.02045,34.74937],[127.0183,34.7475],[127.01328,34.73484],[127.01011,34.73534],[126.99745,34.72521],[126.98925,34.72193],[126.98504,34.71198],[126.98161,34.70983],[126.97466,34.70969],[126.97311,34.70528],[126.97535,34.69713],[126.982,34.69089],[126.98071,34.68316],[126.98981,34.68397],[127.00599,34.68108],[127.01594,34.68298],[127.01981,34.68189],[127.0268,34.67194],[127.03015,34.66283],[127.03757,34.6588],[127.04186,34.65453],[127.04513,34.648],[127.04225,34.64444],[127.04655,34.63494],[127.07226,34.61498],[127.11113,34.64422],[127.14546,34.65778],[127.19112,34.67374],[127.2088,34.69025],[127.23198,34.72821],[127.23676,34.74674],[127.2344,34.75333],[127.22947,34.75782],[127.24079,34.76014],[127.23986,34.7647],[127.24333,34.77455],[127.24721,34.77766],[127.24863,34.78981],[127.26492,34.78808],[127.27226,34.79282],[127.27745,34.79305],[127.28378,34.80033],[127.28637,34.80625],[127.2927,34.81125],[127.30056,34.80975],[127.31249,34.81185],[127.31875,34.8115],[127.32553,34.81763],[127.32785,34.82242],[127.33781,34.82494],[127.34137,34.82871],[127.34656,34.82594],[127.3518,34.82575],[127.35721,34.81747],[127.36394,34.81754],[127.3727,34.80676],[127.37879,34.80693],[127.38617,34.79795],[127.38534,34.79113],[127.39553,34.78737],[127.40986,34.77557],[127.42244,34.76203],[127.45162,34.7499],[127.45614,34.75191],[127.47565,34.76629],[127.48037,34.7737],[127.48432,34.78998],[127.48123,34.81211],[127.45166,34.81979],[127.44538,34.81969],[127.41707,34.83144],[127.41189,34.83805],[127.4033,34.84262],[127.39635,34.8401],[127.39087,34.84045],[127.37998,34.84359],[127.3786,34.85509],[127.36935,34.86241],[127.36716,34.86856],[127.35862,34.86523],[127.34569,34.86642],[127.33752,34.86833],[127.33951,34.87044],[127.34002,34.87753],[127.33734,34.88084],[127.33592,34.88956],[127.32689,34.885],[127.32397,34.88936],[127.31365,34.8938],[127.30691,34.90098],[127.29178,34.90165],[127.28251,34.89906],[127.27837,34.8932],[127.27447,34.89105],[127.25968,34.89121],[127.25762,34.88702],[127.25258,34.88554],[127.24599,34.88669],[127.23979,34.89177],[127.22799,34.8967],[127.22608,34.89992],[127.23404,34.92092],[127.24009,34.92257],[127.23533,34.93441],[127.23189,34.9377],[127.2249,34.93958],[127.22483,34.94795],[127.22144,34.95641],[127.21213,34.96],[127.20569,34.96816],[127.20962,34.97526],[127.2061,34.97679],[127.2014,34.98854],[127.19752,34.9888],[127.1922,34.98214],[127.19031,34.97074],[127.18677,34.96858],[127.17688,34.97792],[127.16825,34.97157],[127.15894,34.9696],[127.15254,34.96612],[127.14585,34.96535],[127.1349,34.96672],[127.12752,34.96925],[127.12624,34.96496],[127.11894,34.95902],[127.11534,34.95785],[127.11624,34.95325],[127.10662,34.94593],[127.09997,34.93904],[127.08984,34.93721],[127.08658,34.92943],[127.08122,34.9263],[127.07984,34.91493],[127.0807,34.90476],[127.08568,34.89579],[127.08272,34.89058],[127.08796,34.88635],[127.08611,34.88287],[127.08941,34.87417],[127.08336,34.8691],[127.07139,34.8672],[127.06281,34.86005],[127.06098,34.84722],[127.05622,34.84704],[127.05478,34.84359],[127.04455,34.83908],[127.03785,34.83885]]]},"properties":{"osm_id":7689291,"name":"보성군","sgg_code":"46780","mois_admin":"4678000000","admin_level":6,"code_source":"osm"}},
{"type":"Feature","geometry":{"type":"Polygon","coordinates":[[[126.89166,35.07855],[126.89439,35.07374],[126.89505,35.06337],[126.89303,35.06264],[126.89878,35.05461],[126.89093,35.04987],[126.8896,35.04637],[126.89213,35.04215],[126.88818,35.03632],[126.88061,35.03147],[126.88205,35.02149],[126.87314,35.01817],[126.86776,35.00952],[126.88295,35.00413],[126.89005,34.99856],[126.8946,34.98936],[126.89173,34.98284],[126.8849,34.97952],[126.88316,34.97305],[126.87658,34.96758],[126.88155,34.96077],[126.87786,34.94966],[126.87341,34.94779],[126.86636,34.94025],[126.86918,34.93107],[126.87554,34.92673],[126.86889,34.92132],[126.87217,34.9179],[126.87145,34.90693],[126.87576,34.90441],[126.87651,34.89957],[126.87092,34.89448],[126.87066,34.89072],[126.86071,34.88711],[126.85057,34.88658],[126.84427,34.88441],[126.83935,34.88029],[126.83521,34.88004],[126.82349,34.87025],[126.8287,34.86741],[126.83598,34.86648],[126.84426,34.86923],[126.85265,34.86752],[126.85714,34.87155],[126.86823,34.87423],[126.87675,34.87352],[126.87778,34.87657],[126.88602,34.87688],[126.88879,34.87437],[126.8984,34.87371],[126.90383,34.8687],[126.90722,34.85937],[126.90552,34.84718],[126.92106,34.84567],[126.92318,34.8367],[126.92908,34.83013],[126.93917,34.82906],[126.94026,34.82457],[126.94455,34.82504],[126.94968,34.82908],[126.94713,34.83505],[126.94906,34.84118],[126.96331,34.84091],[126.97041,34.8504],[126.98017,34.85032],[126.98041,34.84574],[126.9855,34.84273],[126.99146,34.83554],[126.99594,34.83559],[127.00086,34.83927],[127.01596,34.84088],[127.02056,34.83982],[127.03785,34.83885],[127.04455,34.83908],[127.05478,34.84359],[127.05622,34.84704],[127.06098,34.84722],[127.06281,34.86005],[127.07139,34.8672],[127.08336,34.8691],[127.08941,34.87417],[127.08611,34.88287],[127.08796,34.88635],[127.08272,34.89058],[127.08568,34.89579],[127.0807,34.90476],[127.07984,34.91493],[127.08122,34.9263],[127.08658,34.92943],[127.08984,34.93721],[127.09997,34.93904],[127.10662,34.94593],[127.11624,34.95325],[127.11534,34.95785],[127.11894,34.95902],[127.12624,34.96496],[127.12752,34.96925],[127.1349,34.96672],[127.14585,34.96535],[127.15254,34.96612],[127.15894,34.9696],[127.16825,34.97157],[127.17688,34.97792],[127.17986,34.98504],[127.17647,34.98854],[127.17876,34.99277],[127.17707,34.99661],[127.17934,35.00636],[127.18507,35.01174],[127.189,35.01251],[127.18653,35.02065],[127.1876,35.02907],[127.18451,35.0333],[127.18546,35.05533],[127.18951,35.05849],[127.1922,35.06494],[127.1855,35.07008],[127.18542,35.09175],[127.18288,35.09282],[127.19059,35.11164],[127.18855,35.11526],[127.18829,35.1221],[127.19398,35.12895],[127.20069,35.13119],[127.19752,35.13786],[127.19866,35.14702],[127.19715,35.15021],[127.1978,35.15832],[127.19037,35.16435],[127.19404,35.17258],[127.19554,35.18026],[127.20192,35.18605],[127.19797,35.19301],[127.19651,35.20348],[127.19222,35.20508],[127.18705,35.21337],[127.18044,35.21211],[127.1716,35.2046],[127.15529,35.19594],[127.14572,35.19331],[127.13937,35.19447],[127.12778,35.19391],[127.12302,35.19734],[127.11682,35.19534],[127.1178,35.19071],[127.11544,35.18865],[127.10793,35.19243],[127.09753,35.18926],[127.09147,35.18228],[127.08366,35.18056],[127.0662,35.18451],[127.06407,35.17982],[127.06832,35.17412],[127.06832,35.16442],[127.0754,35.15237],[127.08424,35.14574],[127.08639,35.13504],[127.09038,35.12953],[127.09017,35.12619],[127.08583,35.12635],[127.07984,35.12349],[127.07999,35.1194],[127.07085,35.11633],[127.06384,35.12172],[127.05991,35.12103],[127.05622,35.12591],[127.04755,35.12988],[127.04431,35.12881],[127.03869,35.13167],[127.035,35.13063],[127.02657,35.13648],[127.01944,35.13827],[127.01391,35.13446],[127.00872,35.13376],[127.01183,35.12786],[127.01061,35.12432],[127.00425,35.12109],[126.99967,35.11307],[126.98917,35.1097],[126.98639,35.10569],[126.98893,35.10101],[126.98882,35.09569],[126.97964,35.09182],[126.96734,35.08972],[126.95809,35.08255],[126.95981,35.07946],[126.95003,35.07272],[126.93213,35.07454],[126.92449,35.0876],[126.9194,35.09171],[126.91223,35.08894],[126.90582,35.08206],[126.89466,35.08066],[126.89166,35.07855]]]},"properties":{"osm_id":7684734,"name":"화순군","sgg_code":"46790","mois_admin":"4679000000","admin_level":6,"code_source":"osm"}},
{"type":"Feature","geometry":{"type":"Polygon","coordinates":[[[126.79351,34.78177],[126.8012,34.77629],[126.81089,34.77729],[126.81407,34.77969],[126.81819,34.77574],[126.81832,34.77116],[126.81519,34.76598],[126.81948,34.76256],[126.82604,34.74331],[126.83021,34.73833],[126.84068,34.73311],[126.84205,34.72564],[126.85319,34.72183],[126.84932,34.71911],[126.84922,34.7063],[126.85497,34.69978],[126.85398,34.6923],[126.85765,34.68148],[126.85675,34.67834],[126.86177,34.67672],[126.86419,34.67209],[126.86864,34.66916],[126.86769,34.65734],[126.87422,34.65215],[126.87158,34.64712],[126.87419,34.64631],[126.87068,34.64154],[126.87235,34.63335],[126.87943,34.62622],[126.87535,34.61954],[126.86986,34.61908],[126.85853,34.623],[126.85012,34.61869],[126.85351,34.61594],[126.85437,34.60407],[126.85986,34.59775],[126.86823,34.59478],[126.86664,34.59079],[126.86999,34.58369],[126.87716,34.57747],[126.8761,34.57298],[126.87889,34.56632],[126.87668,34.56045],[126.87778,34.55022],[126.88456,34.54727],[126.88604,34.54442],[126.88293,34.54045],[126.86997,34.53541],[126.86424,34.52804],[126.8587,34.52745],[126.85576,34.51858],[126.84443,34.50523],[126.85063,34.49499],[126.85199,34.48127],[126.85113,34.47736],[126.85432,34.47371],[126.85164,34.4582],[126.84566,34.45248],[126.84434,34.44633],[126.84772,34.44118],[126.86248,34.43155],[126.87149,34.43141],[126.87638,34.42921],[126.88093,34.41923],[126.90042,34.41764],[126.92848,34.42178],[126.97071,34.43438],[127.00075,34.45179],[127.03062,34.4835],[127.0574,34.49496],[127.0495,34.50175],[127.05105,34.52876],[127.05551,34.55351],[127.05276,34.59478],[127.07226,34.61498],[127.04655,34.63494],[127.04225,34.64444],[127.04513,34.648],[127.04186,34.65453],[127.03757,34.6588],[127.03015,34.66283],[127.0268,34.67194],[127.01981,34.68189],[127.01594,34.68298],[127.00599,34.68108],[126.98981,34.68397],[126.98071,34.68316],[126.982,34.69089],[126.97535,34.69713],[126.97311,34.70528],[126.97466,34.70969],[126.98161,34.70983],[126.98504,34.71198],[126.98925,34.72193],[126.99745,34.72521],[127.01011,34.73534],[127.01328,34.73484],[127.0183,34.7475],[127.02045,34.74937],[127.01646,34.75628],[127.01586,34.76217],[127.01333,34.76376],[127.01238,34.77067],[127.02307,34.77271],[127.02393,34.77927],[127.01826,34.78205],[127.01551,34.79002],[127.01848,34.79601],[127.01757,34.80003],[127.02255,34.80993],[127.02221,34.81937],[127.03019,34.82177],[127.03174,34.82536],[127.03062,34.83128],[127.0322,34.83523],[127.03785,34.83885],[127.02056,34.83982],[127.01596,34.84088],[127.00086,34.83927],[126.99594,34.83559],[126.99146,34.83554],[126.9855,34.84273],[126.98041,34.84574],[126.98017,34.85032],[126.97041,34.8504],[126.96331,34.84091],[126.94906,34.84118],[126.94713,34.83505],[126.94968,34.82908],[126.94455,34.82504],[126.94026,34.82457],[126.93917,34.82906],[126.92908,34.83013],[126.92318,34.8367],[126.92106,34.84567],[126.90552,34.84718],[126.90722,34.85937],[126.90383,34.8687],[126.8984,34.87371],[126.88879,34.87437],[126.88602,34.87688],[126.87778,34.87657],[126.87675,34.87352],[126.86823,34.87423],[126.85714,34.87155],[126.85887,34.86502],[126.85699,34.85618],[126.84501,34.8422],[126.83016,34.83653],[126.82248,34.83695],[126.81935,34.83293],[126.80737,34.82987],[126.80523,34.8224],[126.79909,34.80996],[126.80115,34.80325],[126.79897,34.80337],[126.79416,34.79728],[126.79471,34.78868],[126.79351,34.78177]]]},"properties":{"osm_id":7689294,"name":"장흥군","sgg_code":"46800","mois_admin":"4680000000","admin_level":6,"code_source":"osm"}},
{"type":"Feature","geometry":{"type":"Polygon","coordinates":[[[126.67005,34.69064],[126.67481,34.68632],[126.68198,34.68685],[126.69097,34.68545],[126.69644,34.68311],[126.70129,34.6839],[126.70573,34.68168],[126.70288,34.67423],[126.69944,34.67183],[126.7027,34.66244],[126.69571,34.66085],[126.69326,34.65767],[126.69773,34.65111],[126.69103,34.64472],[126.68867,34.63914],[126.68352,34.63268],[126.69541,34.62862],[126.70103,34.62989],[126.69665,34.62374],[126.69292,34.62272],[126.68884,34.60697],[126.67447,34.59623],[126.67211,34.59185],[126.6767,34.58673],[126.6803,34.58577],[126.68163,34.57895],[126.69502,34.56425],[126.69163,34.55351],[126.68116,34.54294],[126.67481,34.53958],[126.66837,34.53831],[126.66863,34.53481],[126.67472,34.53163],[126.68494,34.52951],[126.687,34.5247],[126.68103,34.51579],[126.68193,34.5114],[126.68738,34.5096],[126.68661,34.49761],[126.68314,34.49046],[126.68425,34.47589],[126.68279,34.4708],[126.68953,34.46853],[126.69944,34.46825],[126.70343,34.47058],[126.71674,34.47037],[126.7315,34.46078],[126.74257,34.44549],[126.77609,34.45034],[126.78935,34.44656],[126.82669,34.44387],[126.8363,34.44599],[126.84434,34.44633],[126.84566,34.45248],[126.85164,34.4582],[126.85432,34.47371],[126.85113,34.47736],[126.85199,34.48127],[126.85063,34.49499],[126.84443,34.50523],[126.85576,34.51858],[126.8587,34.52745],[126.86424,34.52804],[126.86997,34.53541],[126.88293,34.54045],[126.88604,34.54442],[126.88456,34.54727],[126.87778,34.55022],[126.87668,34.56045],[126.87889,34.56632],[126.8761,34.57298],[126.87716,34.57747],[126.86999,34.58369],[126.86664,34.59079],[126.86823,34.59478],[126.85986,34.59775],[126.85437,34.60407],[126.85351,34.61594],[126.85012,34.61869],[126.85853,34.623],[126.86986,34.61908],[126.87535,34.61954],[126.87943,34.62622],[126.87235,34.63335],[126.87068,34.64154],[126.87419,34.64631],[126.87158,34.64712],[126.87422,34.65215],[126.86769,34.65734],[126.86864,34.66916],[126.86419,34.67209],[126.86177,34.67672],[126.85675,34.67834],[126.85765,34.68148],[126.85398,34.6923],[126.85497,34.69978],[126.84922,34.7063],[126.84932,34.71911],[126.85319,34.72183],[126.84205,34.72564],[126.84068,34.73311],[126.83021,34.73833],[126.82604,34.74331],[126.81948,34.76256],[126.81519,34.76598],[126.81832,34.77116],[126.81819,34.77574],[126.81407,34.77969],[126.81089,34.77729],[126.8012,34.77629],[126.79351,34.78177],[126.78497,34.77976],[126.78205,34.78646],[126.76776,34.78184],[126.76382,34.77539],[126.76236,34.76968],[126.75686,34.76859],[126.75086,34.76351],[126.74725,34.75533],[126.73815,34.75427],[126.73182,34.75856],[126.72453,34.75699],[126.71448,34.75908],[126.70712,34.76448],[126.70346,34.76444],[126.69397,34.75764],[126.6929,34.75374],[126.6809,34.75224],[126.67013,34.74013],[126.65777,34.73213],[126.65764,34.7298],[126.66412,34.72655],[126.66541,34.72267],[126.68026,34.72253],[126.68176,34.71251],[126.67464,34.70849],[126.67575,34.70108],[126.67387,34.69374],[126.67005,34.69064]]]},"properties":{"osm_id":7689295,"name":"강진군","sgg_code":"46810","mois_admin":"4681000000","admin_level":6,"code_source":"osm"}},
{"type":"Feature","geometry":{"type":"Polygon","coordinates":[[[126.23574,34.60863],[126.25587,34.60123],[126.29505,34.57962],[126.29909,34.57676],[126.31585,34.56134],[126.32213,34.55397],[126.32546,34.55349],[126.33747,34.5581],[126.34698,34.55376],[126.3488,34.54589],[126.36955,34.53707],[126.41461,34.50152],[126.39428,34.46174],[126.39453,34.43976],[126.39659,34.4319],[126.40208,34.42589],[126.41333,34.41024],[126.42637,34.38375],[126.43418,34.36328],[126.44028,34.34414],[126.44423,34.33762],[126.43118,34.3165],[126.49248,34.32527],[126.50675,34.32703],[126.50939,34.31319],[126.51467,34.30179],[126.51615,34.29326],[126.52398,34.28875],[126.53315,34.28623],[126.54299,34.28938],[126.57134,34.30544],[126.57778,34.3058],[126.59417,34.31],[126.60033,34.30963],[126.6146,34.316],[126.62335,34.32309],[126.62876,34.33358],[126.62807,34.3501],[126.63013,34.36016],[126.62979,34.37107],[126.6273,34.38892],[126.62298,34.39753],[126.6232,34.40205],[126.63109,34.40145],[126.6364,34.40337],[126.64996,34.40146],[126.66498,34.40698],[126.68077,34.41137],[126.68198,34.41951],[126.68695,34.42497],[126.72009,34.43686],[126.72566,34.44082],[126.74257,34.44549],[126.7315,34.46078],[126.71674,34.47037],[126.70343,34.47058],[126.69944,34.46825],[126.68953,34.46853],[126.68279,34.4708],[126.68425,34.47589],[126.68314,34.49046],[126.68661,34.49761],[126.68738,34.5096],[126.68193,34.5114],[126.68103,34.51579],[126.687,34.5247],[126.68494,34.52951],[126.67472,34.53163],[126.66863,34.53481],[126.66837,34.53831],[126.67481,34.53958],[126.68116,34.54294],[126.69163,34.55351],[126.69502,34.56425],[126.68163,34.57895],[126.6803,34.58577],[126.6767,34.58673],[126.67211,34.59185],[126.67447,34.59623],[126.68884,34.60697],[126.69292,34.62272],[126.69665,34.62374],[126.70103,34.62989],[126.69541,34.62862],[126.68352,34.63268],[126.68867,34.63914],[126.69103,34.64472],[126.69773,34.65111],[126.69326,34.65767],[126.69571,34.66085],[126.7027,34.66244],[126.69944,34.67183],[126.70288,34.67423],[126.70573,34.68168],[126.70129,34.6839],[126.69644,34.68311],[126.69097,34.68545],[126.68198,34.68685],[126.67481,34.68632],[126.67005,34.69064],[126.65889,34.68817],[126.64915,34.68866],[126.64138,34.67913],[126.6394,34.6737],[126.63455,34.67352],[126.62898,34.67917],[126.6125,34.68051],[126.6076,34.6791],[126.6031,34.68178],[126.59791,34.68164],[126.58765,34.67818],[126.57855,34.67945],[126.57022,34.67702],[126.56353,34.66961],[126.5622,34.66572],[126.55798,34.66509],[126.55413,34.66115],[126.5498,34.66397],[126.54329,34.65715],[126.54139,34.65778],[126.51152,34.67501],[126.47839,34.70055],[126.45161,34.71269],[126.41333,34.72094],[126.37093,34.72822],[126.3607,34.73269],[126.35614,34.73884],[126.34619,34.73885],[126.30965,34.76088],[126.30447,34.76521],[126.29181,34.77237],[126.27478,34.76931],[126.25441,34.76913],[126.25433,34.75457],[126.24896,34.73893],[126.22733,34.7268],[126.22099,34.71215],[126.22926,34.68652],[126.23124,34.66142],[126.22802,34.64896],[126.24527,34.62784],[126.23574,34.60863]]]},"properties":{"osm_id":7689296,"name":"해남군","sgg_code":"46820","mois_admin":"4682000000","admin_level":6,"code_source":"osm"}},
{"type":"Feature","geometry":{"type":"Polygon","coordinates":[[[126.35614,34.73884],[126.3607,34.73269],[126.37093,34.72822],[126.41333,34.72094],[126.45161,34.71269],[126.47839,34.70055],[126.51152,34.67501],[126.54139,34.65778],[126.54329,34.65715],[126.5498,34.66397],[126.55413,34.66115],[126.55798,34.66509],[126.5622,34.66572],[126.56353,34.66961],[126.57022,34.67702],[126.57855,34.67945],[126.58765,34.67818],[126.59791,34.68164],[126.6031,34.68178],[126.6076,34.6791],[126.6125,34.68051],[126.62898,34.67917],[126.63455,34.67352],[126.6394,34.6737],[126.64138,34.67913],[126.64915,34.68866],[126.65889,34.68817],[126.67005,34.69064],[126.67387,34.69374],[126.67575,34.70108],[126.67464,34.70849],[126.68176,34.71251],[126.68026,34.72253],[126.66541,34.72267],[126.66412,34.72655],[126.65764,34.7298],[126.65777,34.73213],[126.67013,34.74013],[126.6809,34.75224],[126.6929,34.75374],[126.69397,34.75764],[126.70346,34.76444],[126.70712,34.76448],[126.71448,34.75908],[126.72453,34.75699],[126.73182,34.75856],[126.73815,34.75427],[126.74725,34.75533],[126.75086,34.76351],[126.75686,34.76859],[126.76236,34.76968],[126.76382,34.77539],[126.76776,34.78184],[126.78205,34.78646],[126.78497,34.77976],[126.79351,34.78177],[126.79471,34.78868],[126.79416,34.79728],[126.79897,34.80337],[126.80115,34.80325],[126.79909,34.80996],[126.80523,34.8224],[126.80737,34.82987],[126.81935,34.83293],[126.82248,34.83695],[126.83016,34.83653],[126.84501,34.8422],[126.85699,34.85618],[126.85887,34.86502],[126.85714,34.87155],[126.85265,34.86752],[126.84426,34.86923],[126.83598,34.86648],[126.8287,34.86741],[126.82349,34.87025],[126.8116,34.87422],[126.80916,34.86889],[126.80103,34.87026],[126.80087,34.87313],[126.79399,34.87817],[126.78465,34.87991],[126.78381,34.88466],[126.77682,34.8892],[126.77364,34.89375],[126.766,34.89952],[126.75032,34.89642],[126.74412,34.89815],[126.7441,34.89595],[126.73341,34.89082],[126.72571,34.88931],[126.71948,34.89343],[126.72028,34.89962],[126.71103,34.90927],[126.71524,34.91748],[126.70777,34.92366],[126.70262,34.93036],[126.7021,34.93529],[126.69702,34.94162],[126.68743,34.94301],[126.68569,34.94542],[126.66955,34.94544],[126.66185,34.93502],[126.66292,34.92703],[126.66939,34.92535],[126.67659,34.91393],[126.67279,34.91131],[126.67569,34.90733],[126.67781,34.89901],[126.68159,34.89318],[126.67455,34.89271],[126.67393,34.88843],[126.67684,34.88377],[126.67193,34.88194],[126.66895,34.88683],[126.6653,34.88637],[126.65998,34.89211],[126.65118,34.89167],[126.65013,34.8878],[126.64453,34.89023],[126.64026,34.88825],[126.63177,34.88799],[126.6329,34.89253],[126.62928,34.8938],[126.62938,34.89829],[126.63477,34.89688],[126.63348,34.90904],[126.62857,34.92107],[126.62074,34.91967],[126.62159,34.92373],[126.61844,34.926],[126.61194,34.92271],[126.61119,34.92635],[126.60586,34.9259],[126.60473,34.93013],[126.59971,34.92807],[126.60258,34.92399],[126.59242,34.9237],[126.59463,34.92024],[126.59199,34.91512],[126.58942,34.91875],[126.58624,34.91727],[126.58067,34.92004],[126.57474,34.91586],[126.57279,34.90914],[126.57873,34.90626],[126.57957,34.89557],[126.57122,34.89192],[126.5719,34.88208],[126.56959,34.87681],[126.56074,34.86867],[126.557,34.86905],[126.55349,34.86323],[126.55265,34.85444],[126.54814,34.82811],[126.54259,34.81218],[126.53266,34.80311],[126.52475,34.79988],[126.5189,34.7945],[126.52042,34.78808],[126.5165,34.7767],[126.50851,34.76929],[126.49797,34.76871],[126.4924,34.77013],[126.48414,34.77811],[126.46843,34.78987],[126.45834,34.79328],[126.44783,34.79234],[126.41616,34.78234],[126.40307,34.77898],[126.38093,34.77579],[126.37612,34.76858],[126.37427,34.75719],[126.36511,34.75229],[126.36116,34.74476],[126.35614,34.73884]]]},"properties":{"osm_id":7684733,"name":"영암군","sgg_code":"46830","mois_admin":"4683000000","admin_level":6,"code_source":"osm"}},
{"type":"Feature","geometry":{"type":"Polygon","coordinates":[[[126.23537,35.16734],[126.23609,35.1404],[126.23325,35.11198],[126.24799,35.09876],[126.24918,35.09422],[126.24485,35.08496],[126.24459,35.07713],[126.257,35.06932],[126.26147,35.06431],[126.26184,35.05372],[126.26646,35.04859],[126.27923,35.04453],[126.28555,35.04029],[126.29053,35.02784],[126.28884,35.01055],[126.28847,34.99084],[126.28624,34.97643],[126.29144,34.96387],[126.30221,34.94762],[126.30358,34.93883],[126.30084,34.92563],[126.30807,34.92303],[126.32006,34.9161],[126.32829,34.91402],[126.34248,34.91238],[126.35766,34.91458],[126.37948,34.90091],[126.38306,34.87872],[126.38222,34.87322],[126.37647,34.86424],[126.3748,34.85681],[126.38669,34.84838],[126.41243,34.84384],[126.41987,34.84391],[126.42506,34.83882],[126.43612,34.83729],[126.43905,34.83409],[126.43832,34.82133],[126.45438,34.81763],[126.4551,34.81081],[126.4578,34.81064],[126.45834,34.79328],[126.46843,34.78987],[126.48414,34.77811],[126.4924,34.77013],[126.49797,34.76871],[126.50851,34.76929],[126.5165,34.7767],[126.52042,34.78808],[126.5189,34.7945],[126.52475,34.79988],[126.53266,34.80311],[126.54259,34.81218],[126.54814,34.82811],[126.55265,34.85444],[126.55349,34.86323],[126.557,34.86905],[126.54543,34.88705],[126.53375,34.89667],[126.53323,34.89592],[126.51396,34.9186],[126.51468,34.92576],[126.51937,34.9286],[126.52481,34.92869],[126.53021,34.92545],[126.53572,34.91801],[126.54107,34.91826],[126.54163,34.92721],[126.53737,34.93154],[126.53128,34.94082],[126.52916,34.94964],[126.53549,34.96177],[126.54118,34.97503],[126.53292,34.97781],[126.52498,34.98332],[126.51774,34.98326],[126.51018,34.99021],[126.50538,34.98574],[126.4999,34.98557],[126.49982,34.98877],[126.49069,35.00137],[126.49931,35.00424],[126.49795,35.00818],[126.50046,35.01489],[126.49669,35.01807],[126.49183,35.01622],[126.48557,35.01879],[126.48352,35.01718],[126.4804,35.02683],[126.47009,35.02155],[126.46636,35.02482],[126.46836,35.02801],[126.46403,35.03122],[126.46496,35.03794],[126.46346,35.04196],[126.47099,35.05295],[126.47275,35.05283],[126.47642,35.06004],[126.4797,35.06148],[126.47813,35.06479],[126.4691,35.067],[126.46506,35.07103],[126.45756,35.07399],[126.43384,35.07806],[126.41815,35.08698],[126.41609,35.09043],[126.3997,35.1019],[126.39577,35.10681],[126.37401,35.12433],[126.36317,35.146],[126.36054,35.15823],[126.34204,35.16895],[126.33011,35.17051],[126.31871,35.17034],[126.276,35.17325],[126.23537,35.16734]]]},"properties":{"osm_id":7624184,"name":"무안군","sgg_code":"46840","mois_admin":"4684000000","admin_level":6,"code_source":"osm"}},
{"type":"Feature","geometry":{"type":"Polygon","coordinates":[[[126.36054,35.15823],[126.36317,35.146],[126.37401,35.12433],[126.39577,35.10681],[126.3997,35.1019],[126.41609,35.09043],[126.41815,35.08698],[126.43384,35.07806],[126.45756,35.07399],[126.46506,35.07103],[126.4691,35.067],[126.47813,35.06479],[126.4797,35.06148],[126.47642,35.06004],[126.47275,35.05283],[126.47099,35.05295],[126.46346,35.04196],[126.46496,35.03794],[126.46403,35.03122],[126.46836,35.02801],[126.46636,35.02482],[126.47009,35.02155],[126.4804,35.02683],[126.48352,35.01718],[126.48557,35.01879],[126.49183,35.01622],[126.49669,35.01807],[126.50046,35.01489],[126.49795,35.00818],[126.49931,35.00424],[126.49069,35.00137],[126.49982,34.98877],[126.4999,34.98557],[126.50538,34.98574],[126.51018,34.99021],[126.51774,34.98326],[126.52498,34.98332],[126.53292,34.97781],[126.54118,34.97503],[126.54606,34.98321],[126.55599,34.98859],[126.56409,34.98692],[126.56805,34.98267],[126.57078,34.97416],[126.57837,34.97475],[126.58224,34.97892],[126.58413,34.98497],[126.5881,34.98974],[126.5972,34.99494],[126.592,34.99632],[126.59648,35.00045],[126.59572,35.00423],[126.59904,35.0078],[126.59858,35.01285],[126.58966,35.01272],[126.58579,35.01519],[126.59209,35.02238],[126.59462,35.02797],[126.59327,35.03439],[126.58881,35.04104],[126.59171,35.04358],[126.58794,35.04718],[126.591,35.05117],[126.58761,35.05495],[126.59101,35.05927],[126.58926,35.06316],[126.59234,35.06671],[126.59021,35.06971],[126.59281,35.07968],[126.59491,35.08236],[126.59727,35.09232],[126.59507,35.09838],[126.60474,35.09922],[126.6061,35.09476],[126.61763,35.09069],[126.6232,35.08692],[126.62782,35.09194],[126.64416,35.09693],[126.6477,35.09953],[126.64685,35.10333],[126.65393,35.10739],[126.6552,35.11486],[126.65166,35.12041],[126.65495,35.13701],[126.65332,35.14396],[126.64756,35.14404],[126.64471,35.14668],[126.64911,35.14718],[126.65356,35.15301],[126.65142,35.15482],[126.65534,35.15888],[126.65397,35.1642],[126.65708,35.16662],[126.66265,35.1664],[126.67043,35.16952],[126.67212,35.17309],[126.66847,35.17489],[126.66368,35.18222],[126.65792,35.18629],[126.65325,35.19245],[126.65193,35.19619],[126.64585,35.20347],[126.62894,35.21506],[126.62606,35.21916],[126.62199,35.22044],[126.61351,35.22666],[126.61363,35.22897],[126.60197,35.23535],[126.59206,35.23203],[126.58938,35.22935],[126.59296,35.22448],[126.5895,35.22006],[126.59097,35.21659],[126.58457,35.20202],[126.58055,35.1965],[126.56724,35.19897],[126.56233,35.19678],[126.56493,35.19062],[126.54921,35.1854],[126.54706,35.18801],[126.53314,35.18224],[126.52596,35.18652],[126.52155,35.18514],[126.51429,35.18763],[126.50844,35.18404],[126.50075,35.18328],[126.4894,35.18752],[126.48882,35.19078],[126.48158,35.19084],[126.47696,35.19387],[126.47281,35.19247],[126.46809,35.18713],[126.46198,35.18826],[126.45029,35.18696],[126.44794,35.18116],[126.43529,35.17284],[126.42208,35.18446],[126.41318,35.18689],[126.40794,35.1864],[126.40857,35.18314],[126.40362,35.1776],[126.39979,35.17607],[126.39225,35.1797],[126.38449,35.17399],[126.3764,35.17067],[126.37517,35.16707],[126.37176,35.16766],[126.37036,35.16384],[126.36054,35.15823]]]},"properties":{"osm_id":7624185,"name":"함평군","sgg_code":"46860","mois_admin":"4686000000","admin_level":6,"code_source":"osm"}},
{"type":"Feature","geometry":{"type":"Polygon","coordinates":[[[125.80019,35.54755],[125.77602,35.44974],[125.67426,35.37364],[125.94315,35.27365],[126.05009,35.19401],[126.11841,35.16763],[126.18472,35.15857],[126.19672,35.16207],[126.23537,35.16734],[126.276,35.17325],[126.31871,35.17034],[126.33011,35.17051],[126.34204,35.16895],[126.36054,35.15823],[126.37036,35.16384],[126.37176,35.16766],[126.37517,35.16707],[126.3764,35.17067],[126.38449,35.17399],[126.39225,35.1797],[126.39979,35.17607],[126.40362,35.1776],[126.40857,35.18314],[126.40794,35.1864],[126.41318,35.18689],[126.42208,35.18446],[126.43529,35.17284],[126.44794,35.18116],[126.45029,35.18696],[126.46198,35.18826],[126.46809,35.18713],[126.47281,35.19247],[126.47696,35.19387],[126.48158,35.19084],[126.48882,35.19078],[126.4894,35.18752],[126.50075,35.18328],[126.50844,35.18404],[126.51429,35.18763],[126.52155,35.18514],[126.52596,35.18652],[126.53314,35.18224],[126.54706,35.18801],[126.54921,35.1854],[126.56493,35.19062],[126.56233,35.19678],[126.56724,35.19897],[126.58055,35.1965],[126.58457,35.20202],[126.59097,35.21659],[126.5895,35.22006],[126.59296,35.22448],[126.58938,35.22935],[126.59206,35.23203],[126.58332,35.23941],[126.5875,35.24619],[126.58412,35.25367],[126.58427,35.25792],[126.59192,35.26054],[126.59743,35.2678],[126.60867,35.26993],[126.6158,35.27889],[126.61471,35.28833],[126.61852,35.29384],[126.61104,35.29737],[126.61114,35.29976],[126.61826,35.30475],[126.62292,35.30218],[126.63154,35.30248],[126.63987,35.30911],[126.63979,35.31702],[126.6448,35.31978],[126.63143,35.32029],[126.61986,35.32402],[126.61553,35.32851],[126.60762,35.33208],[126.6045,35.33556],[126.59934,35.3306],[126.59461,35.32902],[126.58706,35.33081],[126.58354,35.32909],[126.5804,35.32389],[126.58333,35.31813],[126.58945,35.31751],[126.58797,35.30554],[126.58491,35.30079],[126.57866,35.3032],[126.57267,35.31006],[126.56834,35.31125],[126.56391,35.30907],[126.56129,35.31169],[126.54813,35.31347],[126.54403,35.31005],[126.53979,35.31064],[126.53232,35.30674],[126.52949,35.31257],[126.52438,35.31349],[126.52101,35.32512],[126.514,35.32711],[126.51751,35.33414],[126.52053,35.34835],[126.51315,35.35812],[126.51276,35.36203],[126.50824,35.36164],[126.49919,35.35426],[126.49648,35.34989],[126.49214,35.35411],[126.49615,35.3576],[126.49527,35.36267],[126.49664,35.37402],[126.49241,35.37399],[126.48328,35.38057],[126.48318,35.38389],[126.47738,35.38618],[126.48269,35.39055],[126.48972,35.39347],[126.48941,35.39779],[126.49288,35.40924],[126.48807,35.41276],[126.48088,35.42104],[126.47966,35.4265],[126.47603,35.42933],[126.46855,35.42515],[126.45336,35.42688],[126.44176,35.43233],[126.42878,35.43004],[126.42544,35.43322],[126.41151,35.44011],[126.2739,35.44455],[125.9583,35.50489],[125.80019,35.54755]]]},"properties":{"osm_id":7624187,"name":"영광군","sgg_code":"46870","mois_admin":"4687000000","admin_level":6,"code_source":"osm"}},
{"type":"Feature","geometry":{"type":"Polygon","coordinates":[[[126.65325,35.19245],[126.6679,35.19288],[126.67005,35.19436],[126.67682,35.19096],[126.67763,35.20259],[126.68069,35.20801],[126.68451,35.20982],[126.68711,35.21522],[126.69703,35.20927],[126.70256,35.20757],[126.71076,35.21227],[126.71766,35.21235],[126.7208,35.21881],[126.71851,35.2218],[126.72563,35.23491],[126.7291,35.23731],[126.72992,35.24335],[126.73722,35.25289],[126.74174,35.25082],[126.7483,35.25319],[126.74969,35.25587],[126.75994,35.25888],[126.76359,35.25647],[126.76077,35.24726],[126.75565,35.24332],[126.75421,35.23626],[126.75743,35.23366],[126.77536,35.23057],[126.78014,35.22569],[126.78954,35.2239],[126.79505,35.21987],[126.80439,35.22131],[126.80526,35.21843],[126.8157,35.2247],[126.82395,35.22579],[126.82535,35.23193],[126.83507,35.22877],[126.84008,35.23074],[126.84033,35.23399],[126.84495,35.23468],[126.86108,35.24149],[126.86319,35.24556],[126.86831,35.24492],[126.87372,35.2499],[126.87957,35.25151],[126.87883,35.25533],[126.86914,35.27058],[126.86644,35.27304],[126.86495,35.27964],[126.85956,35.29029],[126.85531,35.29308],[126.86347,35.30276],[126.86175,35.32124],[126.87407,35.32285],[126.8808,35.32127],[126.88737,35.32626],[126.87643,35.34482],[126.88228,35.35066],[126.88331,35.35827],[126.88692,35.36498],[126.89569,35.3666],[126.89846,35.37196],[126.90243,35.37339],[126.90295,35.37768],[126.91237,35.3821],[126.91756,35.38615],[126.92436,35.37925],[126.92541,35.39834],[126.91945,35.40194],[126.91661,35.40492],[126.92078,35.41086],[126.91615,35.41584],[126.90825,35.41627],[126.90738,35.42023],[126.90187,35.42302],[126.90432,35.4297],[126.89761,35.43295],[126.89808,35.43605],[126.90511,35.44082],[126.89964,35.4427],[126.89677,35.44799],[126.88288,35.45236],[126.8811,35.45591],[126.86864,35.46204],[126.86324,35.46121],[126.85032,35.46573],[126.84257,35.4639],[126.84068,35.46109],[126.83791,35.46453],[126.84025,35.46867],[126.84285,35.47895],[126.83048,35.4808],[126.82837,35.4857],[126.81887,35.48654],[126.81388,35.48419],[126.81284,35.47614],[126.81532,35.47375],[126.81397,35.4688],[126.79235,35.46763],[126.7819,35.47063],[126.77288,35.46808],[126.76364,35.46582],[126.75778,35.46129],[126.75648,35.45745],[126.74931,35.45065],[126.7412,35.45214],[126.73841,35.44894],[126.74535,35.44055],[126.75218,35.43477],[126.75184,35.42265],[126.75532,35.41904],[126.75442,35.41563],[126.7474,35.41391],[126.74493,35.40862],[126.74198,35.40847],[126.737,35.40322],[126.72282,35.39999],[126.72125,35.39731],[126.72709,35.39667],[126.7317,35.39293],[126.73217,35.38305],[126.73076,35.37588],[126.7196,35.36506],[126.70981,35.36436],[126.70484,35.36548],[126.69891,35.34868],[126.69185,35.35196],[126.68406,35.34175],[126.68052,35.34601],[126.6669,35.35183],[126.66415,35.34609],[126.66026,35.34321],[126.65915,35.33397],[126.65589,35.33236],[126.65153,35.32564],[126.64438,35.32738],[126.64879,35.32249],[126.6448,35.31978],[126.63979,35.31702],[126.63987,35.30911],[126.63154,35.30248],[126.62292,35.30218],[126.61826,35.30475],[126.61114,35.29976],[126.61104,35.29737],[126.61852,35.29384],[126.61471,35.28833],[126.6158,35.27889],[126.60867,35.26993],[126.59743,35.2678],[126.59192,35.26054],[126.58427,35.25792],[126.58412,35.25367],[126.5875,35.24619],[126.58332,35.23941],[126.59206,35.23203],[126.60197,35.23535],[126.61363,35.22897],[126.61351,35.22666],[126.62199,35.22044],[126.62606,35.21916],[126.62894,35.21506],[126.64585,35.20347],[126.65193,35.19619],[126.65325,35.19245]]]},"properties":{"osm_id":7680389,"name":"장성군","sgg_code":"46880","mois_admin":"4688000000","admin_level":6,"code_source":"osm"}},
{"type":"Feature","geometry":{"type":"Polygon","coordinates":[[[126.91532,33.7592],[127.13653,33.89892],[127.16949,34.07428],[127.19061,34.29552],[127.21395,34.2992],[127.19765,34.35166],[127.17464,34.36817],[127.17344,34.38021],[127.12778,34.41427],[127.10289,34.42836],[127.09628,34.4341],[127.0877,34.44387],[127.07542,34.45951],[127.06873,34.46425],[127.0574,34.49496],[127.03062,34.4835],[127.00075,34.45179],[126.97071,34.43438],[126.92848,34.42178],[126.90042,34.41764],[126.88093,34.41923],[126.87638,34.42921],[126.87149,34.43141],[126.86248,34.43155],[126.84772,34.44118],[126.84434,34.44633],[126.8363,34.44599],[126.82669,34.44387],[126.78935,34.44656],[126.77609,34.45034],[126.74257,34.44549],[126.72566,34.44082],[126.72009,34.43686],[126.68695,34.42497],[126.68198,34.41951],[126.68077,34.41137],[126.66498,34.40698],[126.64996,34.40146],[126.6364,34.40337],[126.63109,34.40145],[126.6232,34.40205],[126.62298,34.39753],[126.6273,34.38892],[126.62979,34.37107],[126.63013,34.36016],[126.62807,34.3501],[126.62876,34.33358],[126.62335,34.32309],[126.6146,34.316],[126.60033,34.30963],[126.59417,34.31],[126.57778,34.3058],[126.57134,34.30544],[126.54299,34.28938],[126.53315,34.28623],[126.52398,34.28875],[126.51615,34.29326],[126.51467,34.30179],[126.50939,34.31319],[126.50675,34.32703],[126.49248,34.32527],[126.43118,34.3165],[126.41751,34.29858],[126.39616,34.26342],[126.36174,34.24733],[126.30691,34.13981],[126.32155,34.12489],[126.34261,34.11334],[126.36699,34.09925],[126.49546,34.02068],[126.59014,33.95989],[126.70581,33.91762],[126.79764,33.84556],[126.89274,33.80058],[126.91532,33.7592]]]},"properties":{"osm_id":7689292,"name":"완도군","sgg_code":"46890","mois_admin":"4689000000","admin_level":6,"code_source":"osm"}},
{"type":"Feature","geometry":{"type":"Polygon","coordinates":[[[125.7941,33.73951],[126.08579,34.00767],[126.1728,34.0806],[126.2175,34.10876],[126.25173,34.12435],[126.30691,34.13981],[126.36174,34.24733],[126.39616,34.26342],[126.41751,34.29858],[126.43118,34.3165],[126.44423,34.33762],[126.44028,34.34414],[126.43418,34.36328],[126.42637,34.38375],[126.41333,34.41024],[126.40208,34.42589],[126.39659,34.4319],[126.39453,34.43976],[126.39428,34.46174],[126.41461,34.50152],[126.36955,34.53707],[126.3488,34.54589],[126.34698,34.55376],[126.33747,34.5581],[126.32546,34.55349],[126.32213,34.55397],[126.31585,34.56134],[126.29909,34.57676],[126.29505,34.57962],[126.25587,34.60123],[126.23574,34.60863],[126.21815,34.59605],[126.21979,34.57415],[126.20289,34.56287],[126.16562,34.55089],[126.14399,34.54064],[126.11558,34.544],[126.06623,34.51885],[126.02717,34.50822],[125.84063,34.46368],[125.66525,34.20622],[125.41702,33.79671],[125.7941,33.73951]]]},"properties":{"osm_id":7689293,"name":"진도군","sgg_code":"46900","mois_admin":"4690000000","admin_level":6,"code_source":"osm"}},
{"type":"Feature","geometry":{"type":"Polygon","coordinates":[[[126.25441,34.76913],[126.24853,34.78871],[126.25995,34.81179],[126.30835,34.8219],[126.32792,34.8187],[126.33108,34.81657],[126.33329,34.80867],[126.35104,34.80268],[126.36791,34.81871],[126.38529,34.83981],[126.38669,34.84838],[126.3748,34.85681],[126.37647,34.86424],[126.38222,34.87322],[126.38306,34.87872],[126.37948,34.90091],[126.35766,34.91458],[126.34248,34.91238],[126.32829,34.91402],[126.32006,34.9161],[126.30807,34.92303],[126.30084,34.92563],[126.30358,34.93883],[126.30221,34.94762],[126.29144,34.96387],[126.28624,34.97643],[126.28847,34.99084],[126.28884,35.01055],[126.29053,35.02784],[126.28555,35.04029],[126.27923,35.04453],[126.26646,35.04859],[126.26184,35.05372],[126.26147,35.06431],[126.257,35.06932],[126.24459,35.07713],[126.24485,35.08496],[126.24918,35.09422],[126.24799,35.09876],[126.23325,35.11198],[126.23609,35.1404],[126.23537,35.16734],[126.19672,35.16207],[126.18472,35.15857],[126.11841,35.16763],[126.05009,35.19401],[125.94315,35.27365],[125.67426,35.37364],[125.39593,35.15951],[125.00572,34.85224],[124.97909,34.81842],[124.96368,34.78961],[124.93856,34.73253],[124.92946,34.67582],[124.84973,34.19758],[124.83982,34.14462],[124.83643,34.10918],[124.85314,34.02347],[124.85653,34.00315],[124.88144,33.97065],[124.9015,33.94137],[124.93552,33.91229],[124.97429,33.88467],[125.0191,33.86347],[125.06081,33.85217],[125.11304,33.84466],[125.41702,33.79671],[125.66525,34.20622],[125.84063,34.46368],[126.02717,34.50822],[126.06623,34.51885],[126.11558,34.544],[126.14399,34.54064],[126.16562,34.55089],[126.20289,34.56287],[126.21979,34.57415],[126.21815,34.59605],[126.23574,34.60863],[126.24527,34.62784],[126.22802,34.64896],[126.23124,34.66142],[126.22926,34.68652],[126.22099,34.71215],[126.22733,34.7268],[126.24896,34.73893],[126.25433,34.75457],[126.25441,34.76913]]]},"properties":{"osm_id":5403755,"name":"신안군","sgg_code":"46910","mois_admin":"4691000000","admin_level":6,"code_source":"osm"}},
{"type":"Feature","geometry":{"type":"Polygon","coordinates":[[[129.25161,36.32112],[129.24765,36.31848],[129.23686,36.31658],[129.2334,36.31386],[129.23126,36.30821],[129.2252,36.30525],[129.22279,36.2958],[129.22416,36.29096],[129.22111,36.2878],[129.22589,36.28218],[129.22162,36.27867],[129.22044,36.27279],[129.21398,36.27194],[129.20739,36.26669],[129.20421,36.25605],[129.19882,36.24668],[129.18817,36.23455],[129.17862,36.22712],[129.17107,36.22444],[129.16587,36.23237],[129.15424,36.23572],[129.14781,36.24296],[129.1412,36.24784],[129.13849,36.25656],[129.13472,36.26196],[129.12918,36.26438],[129.12326,36.26265],[129.11849,36.26625],[129.11562,36.26469],[129.10661,36.26774],[129.10343,36.26576],[129.10154,36.27019],[129.09485,36.27438],[129.09017,36.27334],[129.08172,36.27794],[129.07361,36.27234],[129.06163,36.27102],[129.05313,36.26608],[129.05305,36.25877],[129.05717,36.25881],[129.06056,36.25473],[129.0773,36.25026],[129.08348,36.23548],[129.07064,36.22977],[129.06627,36.22613],[129.06713,36.22046],[129.06412,36.2199],[129.06026,36.22357],[129.04391,36.22181],[129.03962,36.21855],[129.03262,36.19892],[129.02936,36.19698],[129.02648,36.18333],[129.00546,36.17886],[128.99742,36.17909],[128.99185,36.17546],[128.99327,36.16913],[128.99975,36.16882],[129.00589,36.16508],[129.0179,36.16109],[129.04507,36.15503],[129.047,36.15087],[129.05447,36.14893],[129.0579,36.14453],[129.06481,36.1428],[129.06631,36.1358],[129.06185,36.1307],[129.06537,36.12741],[129.07412,36.11482],[129.08039,36.11299],[129.08279,36.11853],[129.08781,36.1185],[129.09966,36.12245],[129.10425,36.11822],[129.10583,36.11323],[129.10223,36.1074],[129.09451,36.10373],[129.09528,36.09672],[129.11283,36.08306],[129.11369,36.07956],[129.12128,36.07841],[129.12622,36.07997],[129.13369,36.07526],[129.1345,36.06662],[129.13944,36.06076],[129.15175,36.05432],[129.1648,36.05517],[129.17158,36.05326],[129.17096,36.04988],[129.17785,36.04851],[129.17744,36.04232],[129.1801,36.0407],[129.17725,36.03249],[129.17808,36.02776],[129.18495,36.02911],[129.19918,36.04015],[129.2042,36.04251],[129.22364,36.04358],[129.23587,36.05111],[129.23969,36.05486],[129.24209,36.06842],[129.24458,36.07144],[129.25321,36.07543],[129.25793,36.07481],[129.27514,36.07935],[129.28526,36.07231],[129.28698,36.06228],[129.2814,36.05632],[129.28363,36.04955],[129.282,36.04084],[129.27763,36.02831],[129.29299,36.01439],[129.29732,36.00874],[129.29642,35.99558],[129.30307,35.99572],[129.3038,35.98627],[129.30599,35.98283],[129.30522,35.97783],[129.30887,35.97026],[129.31213,35.9696],[129.31432,35.96085],[129.32007,35.95828],[129.32058,35.95202],[129.31779,35.94977],[129.3187,35.94456],[129.32363,35.93969],[129.32827,35.93927],[129.33384,35.93097],[129.33054,35.92753],[129.33711,35.91714],[129.33376,35.91005],[129.33384,35.90337],[129.34131,35.89065],[129.34745,35.8902],[129.35191,35.89211],[129.3532,35.88905],[129.36161,35.88912],[129.36354,35.87907],[129.36084,35.87563],[129.35633,35.87514],[129.35955,35.86638],[129.36792,35.86582],[129.37341,35.86231],[129.37665,35.86535],[129.39182,35.86471],[129.39504,35.85855],[129.39757,35.86019],[129.40663,35.85928],[129.40955,35.86189],[129.40989,35.87034],[129.4171,35.8782],[129.42079,35.87751],[129.42118,35.88411],[129.4259,35.88491],[129.43165,35.88067],[129.43671,35.87945],[129.44169,35.86954],[129.44658,35.86683],[129.44911,35.85907],[129.44984,35.85121],[129.45572,35.84655],[129.46156,35.85027],[129.46911,35.85229],[129.47435,35.85059],[129.47821,35.85379],[129.48718,35.84909],[129.48958,35.84453],[129.49869,35.84004],[129.50541,35.84024],[129.50813,35.83837],[129.52093,35.84346],[129.5543,35.8437],[129.56057,35.90226],[129.59713,36.00551],[129.60108,36.04716],[129.57378,36.09933],[129.43851,36.14619],[129.39985,36.27418],[129.37273,36.26758],[129.36565,36.26872],[129.35802,36.2726],[129.35294,36.27297],[129.33888,36.26728],[129.33193,36.26735],[129.32476,36.26932],[129.31867,36.26902],[129.31461,36.27158],[129.30399,36.2678],[129.30045,36.27338],[129.29346,36.27646],[129.28646,36.28669],[129.28826,36.28964],[129.28483,36.29763],[129.29193,36.30284],[129.29193,36.30638],[129.2979,36.31064],[129.29824,36.32419],[129.28509,36.33363],[129.28168,36.32945],[129.27434,36.32711],[129.27039,36.33107],[129.26803,36.32926],[129.26654,36.3207],[129.25641,36.32335],[129.25161,36.32112]]]},"properties":{"osm_id":7740687,"name":"포항시","sgg_code":"47110","mois_admin":"4711000000","admin_level":6,"code_source":"osm"}},
{"type":"Feature","geometry":{"type":"Polygon","coordinates":[[[129.0472,35.65016],[129.05294,35.64778],[129.06062,35.64746],[129.0663,35.64434],[129.0732,35.64338],[129.07605,35.64005],[129.08144,35.64269],[129.08165,35.64645],[129.07637,35.65043],[129.07362,35.65536],[129.0682,35.65845],[129.06708,35.66218],[129.06898,35.67003],[129.06729,35.67151],[129.07259,35.67736],[129.06997,35.68181],[129.07691,35.69279],[129.08425,35.69784],[129.09689,35.70279],[129.10279,35.70659],[129.11957,35.70679],[129.12615,35.70852],[129.12901,35.71488],[129.13542,35.71144],[129.13985,35.71811],[129.13895,35.72081],[129.14755,35.72421],[129.15307,35.72216],[129.161,35.71409],[129.16626,35.71515],[129.17027,35.71256],[129.17851,35.71716],[129.18119,35.72296],[129.18686,35.71947],[129.19928,35.71507],[129.20649,35.72266],[129.21767,35.71588],[129.22108,35.71605],[129.22503,35.71131],[129.23303,35.70996],[129.23423,35.70493],[129.23979,35.70503],[129.24642,35.70191],[129.25867,35.69904],[129.26265,35.69188],[129.2623,35.68568],[129.2587,35.68351],[129.26084,35.67933],[129.25981,35.67299],[129.25409,35.6663],[129.25518,35.66009],[129.26002,35.65478],[129.26908,35.65074],[129.27598,35.65269],[129.28082,35.64945],[129.2832,35.65113],[129.29655,35.64345],[129.29837,35.64758],[129.30292,35.64771],[129.30443,35.65696],[129.31118,35.66051],[129.31874,35.65659],[129.32987,35.65877],[129.32864,35.66261],[129.33411,35.66976],[129.3399,35.66964],[129.34835,35.67685],[129.35358,35.6794],[129.36404,35.67891],[129.36414,35.67675],[129.37265,35.66927],[129.38155,35.67113],[129.40068,35.6672],[129.4031,35.66306],[129.41096,35.66383],[129.42841,35.65559],[129.43275,35.65668],[129.43514,35.65245],[129.44201,35.65494],[129.48823,35.63349],[129.52125,35.73648],[129.5543,35.8437],[129.52093,35.84346],[129.50813,35.83837],[129.50541,35.84024],[129.49869,35.84004],[129.48958,35.84453],[129.48718,35.84909],[129.47821,35.85379],[129.47435,35.85059],[129.46911,35.85229],[129.46156,35.85027],[129.45572,35.84655],[129.44984,35.85121],[129.44911,35.85907],[129.44658,35.86683],[129.44169,35.86954],[129.43671,35.87945],[129.43165,35.88067],[129.4259,35.88491],[129.42118,35.88411],[129.42079,35.87751],[129.4171,35.8782],[129.40989,35.87034],[129.40955,35.86189],[129.40663,35.85928],[129.39757,35.86019],[129.39504,35.85855],[129.39182,35.86471],[129.37665,35.86535],[129.37341,35.86231],[129.36792,35.86582],[129.35955,35.86638],[129.35633,35.87514],[129.36084,35.87563],[129.36354,35.87907],[129.36161,35.88912],[129.3532,35.88905],[129.35191,35.89211],[129.34745,35.8902],[129.34131,35.89065],[129.33384,35.90337],[129.33376,35.91005],[129.33711,35.91714],[129.33054,35.92753],[129.33384,35.93097],[129.32827,35.93927],[129.32363,35.93969],[129.3187,35.94456],[129.31779,35.94977],[129.32058,35.95202],[129.32007,35.95828],[129.31432,35.96085],[129.31213,35.9696],[129.30887,35.97026],[129.30522,35.97783],[129.30599,35.98283],[129.3038,35.98627],[129.30307,35.99572],[129.29642,35.99558],[129.29732,36.00874],[129.29299,36.01439],[129.27763,36.02831],[129.282,36.04084],[129.28363,36.04955],[129.2814,36.05632],[129.28698,36.06228],[129.28526,36.07231],[129.27514,36.07935],[129.25793,36.07481],[129.25321,36.07543],[129.24458,36.07144],[129.24209,36.06842],[129.23969,36.05486],[129.23587,36.05111],[129.22364,36.04358],[129.2042,36.04251],[129.19918,36.04015],[129.18495,36.02911],[129.17808,36.02776],[129.17725,36.03249],[129.1801,36.0407],[129.17744,36.04232],[129.17785,36.04851],[129.17096,36.04988],[129.17158,36.05326],[129.1648,36.05517],[129.15175,36.05432],[129.15197,36.05021],[129.14645,36.04516],[129.13937,36.04245],[129.13517,36.03284],[129.14019,36.02526],[129.14328,36.01049],[129.13392,36.00568],[129.12605,36.00594],[129.11648,36.01261],[129.11234,36.00863],[129.11083,35.99806],[129.1171,35.98441],[129.11697,35.96109],[129.12695,35.95003],[129.1286,35.93854],[129.13455,35.93364],[129.13358,35.92769],[129.13053,35.92348],[129.12279,35.92272],[129.11856,35.91754],[129.1106,35.92881],[129.10382,35.93538],[129.09618,35.94077],[129.08152,35.93773],[129.07843,35.94157],[129.06625,35.94143],[129.05977,35.93267],[129.06101,35.92892],[129.05271,35.92034],[129.04683,35.91898],[129.04436,35.91413],[129.03674,35.91276],[129.02601,35.90195],[129.02571,35.8926],[129.03159,35.86972],[129.01859,35.85657],[129.01492,35.84613],[129.01546,35.84067],[129.00438,35.82331],[129.00348,35.81879],[128.99769,35.8089],[128.99035,35.8002],[128.99357,35.78959],[128.99614,35.78847],[128.99829,35.78043],[128.99722,35.77604],[128.98962,35.77214],[128.98108,35.77287],[128.97649,35.77005],[128.97687,35.76619],[128.97078,35.75567],[128.97104,35.74989],[128.97424,35.74791],[128.97265,35.73712],[128.98447,35.72936],[128.98986,35.72356],[128.9914,35.71937],[128.99724,35.71765],[128.9979,35.71096],[129.00471,35.70575],[129.00398,35.69455],[129.01151,35.69292],[129.02198,35.68763],[129.03676,35.69247],[129.03846,35.68839],[129.03412,35.67457],[129.03835,35.66995],[129.0402,35.65767],[129.0472,35.65016]]]},"properties":{"osm_id":7740688,"name":"경주시","sgg_code":"47130","mois_admin":"4713000000","admin_level":6,"code_source":"osm"}},
{"type":"Feature","geometry":{"type":"Polygon","coordinates":[[[128.13681,36.25755],[128.13106,36.2523],[128.12187,36.25327],[128.11973,36.2442],[128.11535,36.24261],[128.10943,36.23742],[128.10205,36.24372],[128.09853,36.25154],[128.09097,36.25362],[128.07904,36.2415],[128.06688,36.2431],[128.0613,36.24682],[128.0563,36.24372],[128.05029,36.24441],[128.0449,36.25351],[128.0395,36.25123],[128.0353,36.24353],[128.03012,36.24048],[128.03308,36.2338],[128.03899,36.22946],[128.03905,36.22214],[128.0421,36.21731],[128.05025,36.21587],[128.05055,36.20617],[128.05893,36.20104],[128.05205,36.20082],[128.04454,36.19634],[128.03813,36.19442],[128.03641,36.1975],[128.02577,36.2059],[128.00982,36.20938],[128.00613,36.20713],[127.9988,36.20706],[127.99289,36.20018],[127.9859,36.20041],[127.98019,36.19797],[127.9816,36.19608],[127.97602,36.19247],[127.9756,36.18812],[127.9818,36.17899],[127.98471,36.17703],[127.98346,36.17005],[127.99012,36.16582],[127.99024,36.15952],[127.99705,36.15534],[127.98748,36.14761],[127.98855,36.13254],[127.98757,36.12947],[127.98175,36.1247],[127.97379,36.12054],[127.9668,36.11869],[127.96841,36.10738],[127.96262,36.09948],[127.95781,36.0952],[127.95757,36.09093],[127.96159,36.08298],[127.96092,36.06886],[127.95444,36.06733],[127.94661,36.05706],[127.94264,36.05611],[127.93594,36.05103],[127.93178,36.05026],[127.92589,36.05363],[127.91667,36.05512],[127.90945,36.0499],[127.90427,36.04377],[127.90361,36.0393],[127.89411,36.03763],[127.88859,36.03498],[127.88504,36.036],[127.88402,36.02835],[127.87677,36.02251],[127.87527,36.01594],[127.8757,36.00894],[127.87827,36.00102],[127.87549,35.99698],[127.88697,35.99127],[127.89415,35.98464],[127.88961,35.97966],[127.89635,35.97766],[127.89645,35.97158],[127.90038,35.96632],[127.89982,35.96297],[127.90395,35.95409],[127.91137,35.94918],[127.90859,35.9416],[127.89896,35.9376],[127.89568,35.93419],[127.88321,35.93001],[127.88253,35.91924],[127.88807,35.91495],[127.88506,35.90961],[127.88276,35.90537],[127.88473,35.89323],[127.89323,35.88677],[127.90085,35.88731],[127.90274,35.89073],[127.90712,35.88933],[127.92025,35.89286],[127.91895,35.88939],[127.92335,35.88204],[127.92753,35.88133],[127.92957,35.87016],[127.93315,35.86424],[127.93227,35.85952],[127.92575,35.85698],[127.93579,35.85444],[127.94242,35.85438],[127.95105,35.86125],[127.95884,35.8601],[127.961,35.85617],[127.97433,35.85047],[127.98159,35.8591],[127.98438,35.85799],[127.99659,35.83829],[128.00675,35.83379],[128.01106,35.82962],[128.03017,35.83588],[128.03849,35.83403],[128.04235,35.83128],[128.0509,35.82966],[128.05406,35.83368],[128.06303,35.8349],[128.07043,35.84135],[128.0778,35.83946],[128.07814,35.84366],[128.07385,35.85069],[128.07664,35.855],[128.07685,35.86158],[128.0872,35.87264],[128.08072,35.87347],[128.06986,35.88203],[128.06934,35.88616],[128.06578,35.88895],[128.06677,35.89569],[128.0569,35.90358],[128.06093,35.90754],[128.0563,35.91067],[128.05625,35.91432],[128.04904,35.92023],[128.05119,35.92402],[128.04853,35.92579],[128.04694,35.93285],[128.04879,35.93663],[128.05681,35.94219],[128.06711,35.93729],[128.07252,35.93625],[128.07329,35.92941],[128.07891,35.92777],[128.08505,35.92141],[128.08883,35.92159],[128.09106,35.9284],[128.09114,35.93792],[128.08913,35.94692],[128.09046,35.95018],[128.09659,35.95543],[128.10737,35.96071],[128.11213,35.96509],[128.11754,35.96033],[128.12385,35.96272],[128.13239,35.95939],[128.15071,35.96665],[128.15324,35.9695],[128.15148,35.97641],[128.15616,35.97853],[128.15844,35.9877],[128.16818,35.98985],[128.17135,35.997],[128.16663,36.0003],[128.16865,36.0113],[128.17324,36.01446],[128.16831,36.01995],[128.16743,36.02939],[128.16461,36.03271],[128.16904,36.03616],[128.17672,36.03237],[128.18324,36.034],[128.18835,36.03199],[128.19457,36.03265],[128.1959,36.0397],[128.1944,36.04556],[128.19715,36.04719],[128.20706,36.04608],[128.21629,36.05045],[128.2238,36.0559],[128.23032,36.0551],[128.2404,36.0499],[128.24894,36.04931],[128.25439,36.05267],[128.26143,36.04965],[128.2716,36.0492],[128.28344,36.0469],[128.28915,36.04289],[128.29375,36.05087],[128.29933,36.05205],[128.30147,36.0584],[128.30087,36.06391],[128.29328,36.07196],[128.28851,36.07498],[128.28521,36.08147],[128.29243,36.08815],[128.28984,36.09197],[128.29143,36.0961],[128.28139,36.103],[128.27517,36.10401],[128.27693,36.11434],[128.29482,36.13295],[128.28375,36.1412],[128.28675,36.14384],[128.28486,36.15059],[128.2868,36.15555],[128.29139,36.15842],[128.29225,36.16362],[128.29538,36.16698],[128.29233,36.17208],[128.28001,36.1736],[128.2789,36.17197],[128.27066,36.17526],[128.27336,36.17783],[128.27246,36.18669],[128.26941,36.19161],[128.2698,36.19722],[128.26182,36.1984],[128.25888,36.20299],[128.24272,36.19819],[128.2395,36.20127],[128.23483,36.20169],[128.23633,36.21031],[128.23319,36.21544],[128.23551,36.22562],[128.22937,36.22821],[128.22641,36.23212],[128.21805,36.23081],[128.2136,36.23678],[128.20174,36.24041],[128.19644,36.24533],[128.18468,36.2436],[128.17077,36.24694],[128.16728,36.25407],[128.15856,36.25817],[128.1567,36.25718],[128.13681,36.25755]]]},"properties":{"osm_id":7715625,"name":"김천시","sgg_code":"47150","mois_admin":"4715000000","admin_level":6,"code_source":"osm"}},
{"type":"Feature","geometry":{"type":"Polygon","coordinates":[[[128.88884,36.29712],[128.8983,36.29514],[128.91283,36.29835],[128.91835,36.30472],[128.93256,36.30847],[128.93314,36.31775],[128.93894,36.32118],[128.94061,36.3247],[128.94722,36.32823],[128.94705,36.33082],[128.95203,36.33615],[128.96112,36.33753],[128.96542,36.34527],[128.96228,36.35087],[128.96503,36.35519],[128.96542,36.36062],[128.96147,36.36615],[128.96391,36.36812],[128.96924,36.38246],[128.97563,36.39016],[128.97499,36.39268],[128.98014,36.40187],[128.98293,36.40401],[128.98361,36.41217],[128.97782,36.42156],[128.97614,36.42726],[128.97301,36.42992],[128.97301,36.43938],[128.97687,36.44583],[128.97327,36.45201],[128.96876,36.45236],[128.96808,36.46174],[128.97434,36.46734],[128.98464,36.46361],[128.97911,36.46892],[128.98104,36.47562],[128.97434,36.47928],[128.97477,36.48352],[128.98327,36.48654],[128.98623,36.49059],[128.99048,36.49073],[128.98865,36.49522],[128.99357,36.49913],[128.99649,36.51036],[128.99285,36.51759],[128.98458,36.51583],[128.98026,36.52661],[128.97627,36.5264],[128.97299,36.53023],[128.97391,36.53957],[128.97647,36.54671],[128.97975,36.54571],[128.98464,36.54847],[128.99168,36.54895],[128.98825,36.5566],[128.98396,36.56122],[128.97932,36.5615],[128.97932,36.56529],[128.98335,36.56798],[128.98438,36.57391],[128.99056,36.57694],[128.99288,36.58266],[129.00035,36.58852],[128.99949,36.59348],[128.99915,36.60096],[128.99584,36.60922],[128.99644,36.61877],[128.99108,36.62362],[128.99121,36.63612],[128.99456,36.64201],[128.98953,36.64838],[128.99625,36.65525],[128.99516,36.66174],[128.99001,36.66525],[128.99284,36.66973],[128.98958,36.67451],[128.99417,36.68222],[128.99228,36.69261],[128.99722,36.69537],[128.99494,36.70559],[128.99958,36.71553],[128.99945,36.71986],[128.99619,36.72334],[128.9964,36.72839],[128.98941,36.73293],[128.98769,36.73727],[128.99048,36.74122],[128.99034,36.7477],[128.98447,36.74875],[128.97675,36.74779],[128.96409,36.75243],[128.96207,36.75842],[128.9546,36.77059],[128.94225,36.7736],[128.92864,36.76784],[128.91971,36.76763],[128.90928,36.77519],[128.90349,36.77609],[128.89495,36.77145],[128.89139,36.77213],[128.88439,36.7831],[128.87285,36.78612],[128.87233,36.78963],[128.86529,36.79454],[128.86461,36.79788],[128.85684,36.80114],[128.8447,36.80279],[128.84047,36.80913],[128.8238,36.81028],[128.8189,36.80068],[128.81219,36.79544],[128.80729,36.8021],[128.8071,36.80889],[128.80448,36.81231],[128.81013,36.81629],[128.80654,36.82131],[128.80133,36.82308],[128.79427,36.81389],[128.78706,36.81221],[128.78195,36.80664],[128.7774,36.80468],[128.76865,36.8064],[128.76474,36.80166],[128.76401,36.80633],[128.75998,36.80977],[128.75504,36.80702],[128.74929,36.80887],[128.74455,36.79678],[128.74191,36.79011],[128.73882,36.79114],[128.73771,36.78413],[128.74663,36.77677],[128.74436,36.77533],[128.73659,36.76302],[128.74406,36.75553],[128.74389,36.74982],[128.73814,36.74411],[128.73865,36.73895],[128.73505,36.7371],[128.73281,36.72822],[128.7359,36.72602],[128.73462,36.71893],[128.73136,36.71845],[128.72964,36.71371],[128.73608,36.70903],[128.73934,36.70256],[128.73762,36.69802],[128.72878,36.6952],[128.72346,36.70132],[128.71681,36.70304],[128.71024,36.69939],[128.69934,36.70676],[128.68724,36.70049],[128.68183,36.70043],[128.67415,36.70431],[128.67381,36.70872],[128.66776,36.71236],[128.66183,36.71254],[128.65252,36.71016],[128.64342,36.7178],[128.63158,36.71928],[128.6202,36.71498],[128.61849,36.7124],[128.60995,36.71653],[128.59772,36.71371],[128.59858,36.70261],[128.60583,36.69313],[128.61042,36.69279],[128.61128,36.68425],[128.60261,36.67881],[128.60613,36.67262],[128.60544,36.66312],[128.60707,36.66147],[128.60561,36.65217],[128.59849,36.65231],[128.58836,36.65031],[128.5815,36.64701],[128.57969,36.64942],[128.56742,36.64577],[128.56647,36.64012],[128.55712,36.63516],[128.55403,36.63599],[128.54656,36.63116],[128.53995,36.63378],[128.53163,36.62838],[128.52579,36.628],[128.52339,36.61932],[128.52978,36.61828],[128.53566,36.6136],[128.5336,36.6075],[128.53017,36.60595],[128.5294,36.59996],[128.5215,36.60168],[128.51412,36.60006],[128.50712,36.60192],[128.50485,36.60636],[128.49429,36.59879],[128.49202,36.58886],[128.49682,36.58218],[128.49412,36.56984],[128.48137,36.56715],[128.47217,36.56382],[128.46884,36.55967],[128.45592,36.55412],[128.46004,36.55253],[128.45792,36.54774],[128.46183,36.54538],[128.46408,36.5393],[128.44477,36.53467],[128.42919,36.52097],[128.43773,36.51619],[128.43258,36.51005],[128.43378,36.50225],[128.43758,36.50182],[128.44541,36.49477],[128.4552,36.49021],[128.45764,36.49322],[128.46232,36.49021],[128.46459,36.49832],[128.47507,36.49798],[128.47777,36.51415],[128.48721,36.51433],[128.49009,36.51709],[128.49597,36.51595],[128.49867,36.51267],[128.5012,36.50363],[128.50485,36.49901],[128.51111,36.49956],[128.51369,36.49729],[128.52661,36.49846],[128.5345,36.49473],[128.5394,36.49473],[128.54433,36.48959],[128.55085,36.48908],[128.553,36.48186],[128.55206,36.47596],[128.55789,36.47237],[128.5603,36.46292],[128.5651,36.45878],[128.56682,36.45139],[128.56952,36.45039],[128.57729,36.43841],[128.58313,36.44007],[128.58823,36.43869],[128.59759,36.4314],[128.59493,36.42657],[128.59641,36.40968],[128.60224,36.40462],[128.60506,36.4064],[128.61006,36.41743],[128.61478,36.41871],[128.621,36.41755],[128.62862,36.41949],[128.62862,36.42529],[128.63278,36.42446],[128.6366,36.42838],[128.64553,36.42774],[128.65342,36.42881],[128.66298,36.43704],[128.66805,36.43845],[128.6751,36.43676],[128.68243,36.44366],[128.69127,36.44359],[128.69471,36.44583],[128.70481,36.446],[128.70638,36.45753],[128.70355,36.46775],[128.70983,36.47218],[128.70953,36.47601],[128.71402,36.48073],[128.71891,36.48197],[128.72741,36.47583],[128.73754,36.47997],[128.74775,36.48811],[128.75045,36.48528],[128.75921,36.48418],[128.76758,36.4801],[128.77255,36.47493],[128.77556,36.46782],[128.78234,36.46395],[128.78466,36.4662],[128.79238,36.46533],[128.79942,36.45898],[128.81006,36.45829],[128.81281,36.45305],[128.82208,36.45298],[128.83023,36.45139],[128.82937,36.44338],[128.83504,36.43578],[128.83349,36.42674],[128.83693,36.42259],[128.84148,36.42128],[128.84122,36.41762],[128.84457,36.41134],[128.84491,36.4036],[128.851,36.3989],[128.84997,36.38764],[128.85924,36.38702],[128.86899,36.38014],[128.8698,36.37752],[128.87744,36.37506],[128.8716,36.36929],[128.87117,36.36504],[128.87542,36.36411],[128.88001,36.35813],[128.87675,36.34403],[128.88534,36.34237],[128.89177,36.3237],[128.89152,36.31921],[128.88679,36.31679],[128.88576,36.31015],[128.89126,36.30392],[128.88884,36.29712]]]},"properties":{"osm_id":7721487,"name":"안동시","sgg_code":"47170","mois_admin":"4717000000","admin_level":6,"code_source":"osm"}},
{"type":"Feature","geometry":{"type":"Polygon","coordinates":[[[128.5629,36.11101],[128.56356,36.11714],[128.55482,36.12178],[128.55354,36.1289],[128.54857,36.13135],[128.55321,36.13912],[128.54841,36.14054],[128.55049,36.15063],[128.54296,36.15412],[128.54008,36.16123],[128.54473,36.16589],[128.55081,36.16421],[128.55305,36.16666],[128.5561,36.17752],[128.54899,36.17788],[128.53816,36.19343],[128.53352,36.19653],[128.52734,36.19772],[128.52264,36.2012],[128.5159,36.19969],[128.51375,36.19228],[128.50905,36.18726],[128.50316,36.18465],[128.50243,36.18982],[128.4988,36.19608],[128.49557,36.19621],[128.49314,36.20037],[128.49354,36.20846],[128.48786,36.21472],[128.48913,36.21956],[128.48568,36.22434],[128.47949,36.22546],[128.48623,36.23117],[128.48028,36.23487],[128.47117,36.22879],[128.46771,36.2308],[128.45078,36.22171],[128.44529,36.22135],[128.44104,36.21833],[128.43793,36.22258],[128.43504,36.23395],[128.42347,36.23762],[128.42399,36.24205],[128.41747,36.24576],[128.42023,36.2538],[128.41607,36.25777],[128.42103,36.26042],[128.42079,36.26749],[128.42688,36.27514],[128.41426,36.28241],[128.4105,36.28709],[128.40083,36.28907],[128.39607,36.29295],[128.39432,36.29804],[128.39116,36.29832],[128.38816,36.30409],[128.38961,36.30966],[128.38054,36.31217],[128.38134,36.31754],[128.37879,36.32262],[128.37298,36.32456],[128.36767,36.33094],[128.36596,36.33836],[128.34838,36.34337],[128.34592,36.3468],[128.3353,36.34946],[128.3321,36.34304],[128.32618,36.34256],[128.31616,36.33534],[128.31763,36.33228],[128.31168,36.33034],[128.30551,36.3316],[128.30188,36.34351],[128.29754,36.34407],[128.29361,36.34856],[128.28242,36.34621],[128.28366,36.3488],[128.2774,36.35136],[128.27834,36.35723],[128.27062,36.36331],[128.26684,36.36159],[128.25757,36.36304],[128.25199,36.35861],[128.25388,36.35426],[128.24796,36.35108],[128.24676,36.34762],[128.23886,36.34375],[128.23697,36.33774],[128.23345,36.33552],[128.23208,36.32377],[128.23319,36.31782],[128.22968,36.30973],[128.23071,36.3051],[128.22573,36.30434],[128.2192,36.30752],[128.20659,36.29894],[128.19852,36.29832],[128.19131,36.30074],[128.18367,36.29763],[128.1726,36.29998],[128.16238,36.29742],[128.14839,36.28829],[128.1459,36.28905],[128.13887,36.2842],[128.13406,36.27057],[128.13852,36.26275],[128.13681,36.25755],[128.1567,36.25718],[128.15856,36.25817],[128.16728,36.25407],[128.17077,36.24694],[128.18468,36.2436],[128.19644,36.24533],[128.20174,36.24041],[128.2136,36.23678],[128.21805,36.23081],[128.22641,36.23212],[128.22937,36.22821],[128.23551,36.22562],[128.23319,36.21544],[128.23633,36.21031],[128.23483,36.20169],[128.2395,36.20127],[128.24272,36.19819],[128.25888,36.20299],[128.26182,36.1984],[128.2698,36.19722],[128.26941,36.19161],[128.27246,36.18669],[128.27336,36.17783],[128.27066,36.17526],[128.2789,36.17197],[128.28001,36.1736],[128.29233,36.17208],[128.29538,36.16698],[128.29225,36.16362],[128.29139,36.15842],[128.2868,36.15555],[128.28486,36.15059],[128.28675,36.14384],[128.28375,36.1412],[128.29482,36.13295],[128.27693,36.11434],[128.27517,36.10401],[128.28139,36.103],[128.29143,36.0961],[128.28984,36.09197],[128.29243,36.08815],[128.29696,36.08882],[128.30605,36.08714],[128.31109,36.08973],[128.3224,36.09206],[128.33055,36.0914],[128.33572,36.08283],[128.34192,36.08092],[128.34617,36.07293],[128.35161,36.06721],[128.35842,36.06604],[128.35987,36.06071],[128.37161,36.06604],[128.38067,36.06651],[128.3866,36.07025],[128.38183,36.07506],[128.38995,36.08004],[128.39712,36.09178],[128.40551,36.09215],[128.40992,36.0827],[128.41853,36.08386],[128.42273,36.08834],[128.42867,36.08039],[128.4462,36.07757],[128.44712,36.07484],[128.46352,36.06962],[128.46972,36.0721],[128.46393,36.07831],[128.46485,36.08436],[128.47653,36.0919],[128.47578,36.09994],[128.47976,36.10597],[128.48463,36.10908],[128.48386,36.1126],[128.48821,36.1126],[128.49001,36.11674],[128.49032,36.12521],[128.49599,36.12194],[128.49785,36.11325],[128.50826,36.11114],[128.52055,36.1145],[128.52731,36.11156],[128.53377,36.11285],[128.54094,36.11065],[128.54314,36.11235],[128.5474,36.10879],[128.55621,36.10908],[128.5629,36.11101]]]},"properties":{"osm_id":7816731,"name":"구미시","sgg_code":"47190","mois_admin":"4719000000","admin_level":6,"code_source":"osm"}},
{"type":"Feature","geometry":{"type":"Polygon","coordinates":[[[128.7091,37.03936],[128.7004,37.04083],[128.68907,37.05305],[128.68373,37.05144],[128.67565,37.05885],[128.6574,37.06117],[128.6521,37.06544],[128.63935,37.054],[128.63408,37.04567],[128.63292,37.0405],[128.62283,37.04534],[128.62171,37.04908],[128.60844,37.05281],[128.60713,37.04385],[128.60164,37.0441],[128.59683,37.04177],[128.58353,37.04373],[128.57773,37.03557],[128.56929,37.03488],[128.56564,37.03152],[128.56693,37.026],[128.57261,37.02197],[128.57034,37.014],[128.56346,37.01013],[128.56292,37.00789],[128.55594,37.0057],[128.55473,36.99829],[128.54421,36.99257],[128.53553,36.99023],[128.52968,36.99081],[128.51547,36.98682],[128.51461,36.97758],[128.50642,36.97319],[128.50673,36.97008],[128.48602,36.96193],[128.4849,36.95747],[128.47705,36.95744],[128.46717,36.95145],[128.46278,36.94738],[128.46342,36.94376],[128.46019,36.93772],[128.4604,36.93401],[128.45598,36.93405],[128.45267,36.93072],[128.44159,36.92735],[128.44283,36.91985],[128.44517,36.91741],[128.44016,36.90287],[128.43616,36.89708],[128.42679,36.88924],[128.42816,36.88477],[128.42397,36.87653],[128.43843,36.87327],[128.44913,36.86287],[128.44666,36.85337],[128.44848,36.85015],[128.4594,36.84631],[128.4655,36.8454],[128.47476,36.84107],[128.48176,36.8357],[128.48346,36.8294],[128.47919,36.82303],[128.47903,36.81829],[128.47537,36.81672],[128.47223,36.80277],[128.4762,36.79618],[128.47723,36.7859],[128.47584,36.77743],[128.48258,36.77732],[128.49088,36.77368],[128.49869,36.76619],[128.50661,36.76462],[128.51107,36.76797],[128.52221,36.77177],[128.52493,36.77031],[128.53736,36.77356],[128.54495,36.76711],[128.55242,36.76933],[128.55635,36.76129],[128.56113,36.76124],[128.56693,36.75207],[128.56665,36.74776],[128.57244,36.74399],[128.57098,36.73644],[128.57735,36.73496],[128.57748,36.72477],[128.58508,36.72351],[128.58409,36.7104],[128.5931,36.70946],[128.5936,36.705],[128.59014,36.70282],[128.59379,36.70039],[128.59858,36.70261],[128.59772,36.71371],[128.60995,36.71653],[128.61849,36.7124],[128.6202,36.71498],[128.63158,36.71928],[128.64342,36.7178],[128.65252,36.71016],[128.66183,36.71254],[128.66776,36.71236],[128.67381,36.70872],[128.67415,36.70431],[128.68183,36.70043],[128.68724,36.70049],[128.69934,36.70676],[128.71024,36.69939],[128.71681,36.70304],[128.72346,36.70132],[128.72878,36.6952],[128.73762,36.69802],[128.73934,36.70256],[128.73608,36.70903],[128.72964,36.71371],[128.73136,36.71845],[128.73462,36.71893],[128.7359,36.72602],[128.73281,36.72822],[128.73505,36.7371],[128.73865,36.73895],[128.73814,36.74411],[128.74389,36.74982],[128.74406,36.75553],[128.73659,36.76302],[128.74436,36.77533],[128.74663,36.77677],[128.73771,36.78413],[128.73882,36.79114],[128.74191,36.79011],[128.74455,36.79678],[128.7353,36.79923],[128.73614,36.79497],[128.73279,36.79095],[128.72638,36.79277],[128.72282,36.80092],[128.72885,36.811],[128.7288,36.8188],[128.73256,36.82275],[128.72567,36.82133],[128.72071,36.82366],[128.71988,36.82895],[128.7302,36.83196],[128.73801,36.83965],[128.72571,36.86079],[128.72988,36.86311],[128.72762,36.86616],[128.72144,36.86773],[128.71558,36.86465],[128.7064,36.86711],[128.70241,36.86088],[128.6869,36.8635],[128.68595,36.85895],[128.67763,36.85538],[128.67878,36.85143],[128.67432,36.84814],[128.67518,36.84264],[128.66838,36.84463],[128.66503,36.8419],[128.66076,36.8504],[128.64872,36.85576],[128.64344,36.85651],[128.64537,36.86309],[128.65731,36.86912],[128.6566,36.87246],[128.65125,36.87835],[128.6525,36.88153],[128.6461,36.87952],[128.63945,36.88486],[128.63894,36.88858],[128.64799,36.90145],[128.65007,36.90931],[128.65512,36.91126],[128.65962,36.90914],[128.67057,36.91953],[128.66612,36.92001],[128.6673,36.9231],[128.6611,36.92837],[128.66273,36.93919],[128.66604,36.94276],[128.67621,36.9455],[128.67947,36.95349],[128.6823,36.95288],[128.68715,36.95915],[128.68814,36.96872],[128.69389,36.97379],[128.69106,36.97852],[128.69342,36.99296],[128.69531,36.99865],[128.69329,37.00403],[128.70217,37.01229],[128.7014,37.02825],[128.70732,37.03507],[128.7091,37.03936]]]},"properties":{"osm_id":7764032,"name":"영주시","sgg_code":"47210","mois_admin":"4721000000","admin_level":6,"code_source":"osm"}},
{"type":"Feature","geometry":{"type":"Polygon","coordinates":[[[128.89542,36.17297],[128.89385,36.16859],[128.89943,36.162],[128.89113,36.15462],[128.88934,36.14593],[128.8907,36.14299],[128.87376,36.14251],[128.86723,36.14508],[128.85834,36.14451],[128.85708,36.14168],[128.8503,36.1377],[128.85272,36.12663],[128.85,36.11767],[128.84482,36.11612],[128.84274,36.11267],[128.83772,36.11297],[128.83656,36.10742],[128.83234,36.10206],[128.82212,36.10035],[128.81873,36.09426],[128.80968,36.0883],[128.79811,36.08492],[128.79502,36.08674],[128.78878,36.08568],[128.78773,36.08894],[128.77625,36.09544],[128.76925,36.09702],[128.7647,36.10031],[128.75779,36.09612],[128.75273,36.09074],[128.75133,36.1033],[128.74507,36.10832],[128.74363,36.10208],[128.73593,36.09934],[128.73588,36.09671],[128.72312,36.09043],[128.72734,36.08651],[128.72916,36.08079],[128.72353,36.07328],[128.71365,36.07522],[128.71151,36.06652],[128.70365,36.05817],[128.70473,36.04677],[128.70301,36.0419],[128.69647,36.03487],[128.69958,36.02866],[128.69558,36.01649],[128.69708,36.0134],[128.70375,36.01054],[128.71871,36.0079],[128.72595,36.00437],[128.73502,35.99286],[128.74184,35.99339],[128.74638,35.99139],[128.75592,35.99032],[128.76509,35.98457],[128.77161,35.98351],[128.78234,35.98582],[128.787,35.9883],[128.79157,35.98368],[128.7941,35.98407],[128.8091,35.97431],[128.81182,35.97379],[128.81272,35.96634],[128.82768,35.9642],[128.83673,35.96816],[128.83952,35.9638],[128.84461,35.9637],[128.85236,35.95968],[128.85465,35.95505],[128.85963,35.95367],[128.86231,35.92873],[128.853,35.91926],[128.85658,35.91196],[128.85407,35.90815],[128.85703,35.89906],[128.87073,35.8937],[128.87543,35.88795],[128.87171,35.88367],[128.86473,35.88165],[128.86025,35.87845],[128.86371,35.87099],[128.87433,35.86473],[128.87652,35.85134],[128.88375,35.84565],[128.88379,35.84311],[128.89383,35.84415],[128.89692,35.83674],[128.89976,35.83742],[128.90772,35.83469],[128.90995,35.83119],[128.91396,35.8329],[128.9151,35.83709],[128.91851,35.83535],[128.9346,35.83652],[128.94016,35.83551],[128.94525,35.83027],[128.95235,35.83375],[128.95958,35.84175],[128.96896,35.84159],[128.97043,35.83508],[128.98009,35.83304],[128.9967,35.83953],[128.99837,35.84151],[129.01492,35.84613],[129.01859,35.85657],[129.03159,35.86972],[129.02571,35.8926],[129.02601,35.90195],[129.03674,35.91276],[129.04436,35.91413],[129.04683,35.91898],[129.05271,35.92034],[129.06101,35.92892],[129.05977,35.93267],[129.06625,35.94143],[129.07843,35.94157],[129.08152,35.93773],[129.09618,35.94077],[129.10382,35.93538],[129.1106,35.92881],[129.11856,35.91754],[129.12279,35.92272],[129.13053,35.92348],[129.13358,35.92769],[129.13455,35.93364],[129.1286,35.93854],[129.12695,35.95003],[129.11697,35.96109],[129.1171,35.98441],[129.11083,35.99806],[129.11234,36.00863],[129.11648,36.01261],[129.12605,36.00594],[129.13392,36.00568],[129.14328,36.01049],[129.14019,36.02526],[129.13517,36.03284],[129.13937,36.04245],[129.14645,36.04516],[129.15197,36.05021],[129.15175,36.05432],[129.13944,36.06076],[129.1345,36.06662],[129.13369,36.07526],[129.12622,36.07997],[129.12128,36.07841],[129.11369,36.07956],[129.11283,36.08306],[129.09528,36.09672],[129.09451,36.10373],[129.10223,36.1074],[129.10583,36.11323],[129.10425,36.11822],[129.09966,36.12245],[129.08781,36.1185],[129.08279,36.11853],[129.08039,36.11299],[129.07412,36.11482],[129.06537,36.12741],[129.06185,36.1307],[129.06631,36.1358],[129.06481,36.1428],[129.0579,36.14453],[129.05447,36.14893],[129.047,36.15087],[129.04507,36.15503],[129.0179,36.16109],[129.00589,36.16508],[128.99975,36.16882],[128.99327,36.16913],[128.97741,36.16575],[128.97396,36.16079],[128.96866,36.16117],[128.96244,36.16629],[128.94982,36.16896],[128.93737,36.17925],[128.92658,36.17925],[128.91898,36.18382],[128.91387,36.17923],[128.90712,36.17935],[128.9057,36.17706],[128.89667,36.17656],[128.89542,36.17297]]]},"properties":{"osm_id":7741681,"name":"영천시","sgg_code":"47230","mois_admin":"4723000000","admin_level":6,"code_source":"osm"}},
{"type":"Feature","geometry":{"type":"Polygon","coordinates":[[[127.91996,36.60112],[127.9188,36.60868],[127.91138,36.61532],[127.90859,36.62593],[127.90304,36.62752],[127.8973,36.62627],[127.88935,36.62866],[127.88724,36.63447],[127.88878,36.63935],[127.88199,36.64642],[127.87994,36.65676],[127.87394,36.65505],[127.87013,36.64552],[127.86353,36.6407],[127.86197,36.6361],[127.85658,36.63447],[127.84675,36.63399],[127.85056,36.63125],[127.84784,36.62494],[127.84981,36.61958],[127.85573,36.61758],[127.8583,36.61353],[127.84911,36.61282],[127.8407,36.60829],[127.82994,36.61262],[127.82752,36.61077],[127.821,36.61331],[127.81857,36.6083],[127.81299,36.60768],[127.80198,36.60185],[127.7985,36.60208],[127.79642,36.59491],[127.80037,36.58538],[127.80478,36.58147],[127.81689,36.57725],[127.82452,36.5707],[127.83036,36.57419],[127.83613,36.57051],[127.84445,36.5696],[127.85286,36.57168],[127.85969,36.56909],[127.86788,36.56332],[127.87337,36.55667],[127.87082,36.54293],[127.87698,36.53566],[127.8829,36.53548],[127.89164,36.53071],[127.89604,36.53093],[127.90187,36.52809],[127.90061,36.525],[127.90227,36.51315],[127.90606,36.50806],[127.89785,36.49929],[127.88918,36.49377],[127.87841,36.48934],[127.87618,36.48314],[127.88056,36.48076],[127.88223,36.4761],[127.88095,36.46848],[127.87848,36.46708],[127.88233,36.46126],[127.87708,36.44911],[127.87476,36.44891],[127.87336,36.44257],[127.87485,36.42929],[127.8773,36.42978],[127.88276,36.42469],[127.88267,36.42161],[127.87584,36.41427],[127.87245,36.40515],[127.86435,36.40331],[127.86618,36.3923],[127.87559,36.39094],[127.87919,36.38346],[127.88439,36.37971],[127.88284,36.3738],[127.8797,36.37162],[127.88511,36.37005],[127.88652,36.36314],[127.89116,36.35986],[127.891,36.35663],[127.88592,36.3546],[127.88511,36.34897],[127.87923,36.34482],[127.87356,36.34517],[127.86781,36.33722],[127.85434,36.33075],[127.85203,36.33067],[127.85096,36.3212],[127.8452,36.31684],[127.84515,36.31336],[127.8413,36.30934],[127.84744,36.3002],[127.84575,36.29628],[127.84958,36.28931],[127.84987,36.27991],[127.85185,36.27396],[127.85653,36.27708],[127.86477,36.27578],[127.86966,36.27725],[127.88434,36.27379],[127.88747,36.27834],[127.88928,36.2872],[127.89187,36.29209],[127.90502,36.30242],[127.90707,36.28607],[127.91331,36.28182],[127.92229,36.27902],[127.92525,36.27955],[127.93397,36.27583],[127.93772,36.26919],[127.94714,36.26729],[127.94827,36.25755],[127.95483,36.25717],[127.96036,36.25241],[127.96457,36.25343],[127.96824,36.25049],[127.97856,36.25429],[127.9768,36.259],[127.98131,36.2635],[127.99096,36.26348],[127.99341,36.26689],[128.00044,36.26665],[128.0086,36.27227],[128.01528,36.26834],[128.02607,36.26815],[128.02703,36.26512],[128.03732,36.25981],[128.04779,36.25748],[128.0449,36.25351],[128.05029,36.24441],[128.0563,36.24372],[128.0613,36.24682],[128.06688,36.2431],[128.07904,36.2415],[128.09097,36.25362],[128.09853,36.25154],[128.10205,36.24372],[128.10943,36.23742],[128.11535,36.24261],[128.11973,36.2442],[128.12187,36.25327],[128.13106,36.2523],[128.13681,36.25755],[128.13852,36.26275],[128.13406,36.27057],[128.13887,36.2842],[128.1459,36.28905],[128.14839,36.28829],[128.16238,36.29742],[128.1726,36.29998],[128.18367,36.29763],[128.19131,36.30074],[128.19852,36.29832],[128.20659,36.29894],[128.2192,36.30752],[128.22573,36.30434],[128.23071,36.3051],[128.22968,36.30973],[128.23319,36.31782],[128.23208,36.32377],[128.23345,36.33552],[128.23697,36.33774],[128.23886,36.34375],[128.24676,36.34762],[128.24796,36.35108],[128.25388,36.35426],[128.25199,36.35861],[128.25757,36.36304],[128.26684,36.36159],[128.27062,36.36331],[128.27834,36.35723],[128.2774,36.35136],[128.28366,36.3488],[128.28667,36.35143],[128.30186,36.35792],[128.31096,36.36297],[128.31207,36.37665],[128.31731,36.38564],[128.32769,36.38736],[128.3346,36.40056],[128.34117,36.40678],[128.33375,36.41337],[128.33503,36.42163],[128.33319,36.4255],[128.32435,36.42922],[128.32452,36.43592],[128.32774,36.43893],[128.32293,36.44804],[128.31868,36.44963],[128.3125,36.45791],[128.30546,36.45822],[128.29607,36.46665],[128.29006,36.46382],[128.27904,36.46486],[128.27966,36.4744],[128.27124,36.4761],[128.26924,36.47928],[128.26362,36.47676],[128.26079,36.47979],[128.27117,36.48621],[128.27135,36.49622],[128.26469,36.50891],[128.266,36.51417],[128.26427,36.52626],[128.26918,36.53166],[128.24384,36.53502],[128.23834,36.53192],[128.22959,36.53136],[128.22478,36.53309],[128.21541,36.5449],[128.21526,36.55895],[128.21397,36.56653],[128.21989,36.57108],[128.21693,36.57511],[128.20508,36.57584],[128.20517,36.57976],[128.19001,36.58379],[128.18314,36.58085],[128.17763,36.58398],[128.18039,36.58523],[128.17984,36.5901],[128.17526,36.59603],[128.16298,36.59737],[128.15676,36.60116],[128.14865,36.60151],[128.14483,36.60778],[128.13985,36.61105],[128.12428,36.61787],[128.12222,36.62094],[128.11518,36.62259],[128.11123,36.62063],[128.11097,36.61336],[128.10449,36.60819],[128.09934,36.61002],[128.08926,36.60933],[128.08325,36.61029],[128.08016,36.60809],[128.07158,36.60712],[128.07269,36.60237],[128.06722,36.59355],[128.06273,36.58917],[128.06258,36.58555],[128.05681,36.58554],[128.05572,36.58047],[128.06109,36.57056],[128.05846,36.56843],[128.06271,36.56213],[128.05941,36.55931],[128.05894,36.55488],[128.05452,36.54738],[128.04585,36.54716],[128.04136,36.54904],[128.0283,36.54859],[128.0243,36.54664],[128.01538,36.54573],[128.00411,36.55174],[127.99671,36.55081],[127.99388,36.54729],[127.97896,36.54591],[127.98066,36.53767],[127.97744,36.53517],[127.98029,36.52948],[127.97755,36.52169],[127.97909,36.51514],[127.97454,36.51431],[127.96214,36.52059],[127.95609,36.52528],[127.95583,36.52807],[127.94867,36.52852],[127.93983,36.52662],[127.93352,36.52897],[127.93094,36.53383],[127.9324,36.53673],[127.93777,36.53804],[127.93695,36.54686],[127.94034,36.54793],[127.94043,36.55276],[127.93601,36.55555],[127.93369,36.5621],[127.93768,36.56648],[127.93553,36.57351],[127.93077,36.57727],[127.93184,36.59201],[127.92094,36.59673],[127.91996,36.60112]]]},"properties":{"osm_id":7715629,"name":"상주시","sgg_code":"47250","mois_admin":"4725000000","admin_level":6,"code_source":"osm"}},
{"type":"Feature","geometry":{"type":"Polygon","coordinates":[[[128.13357,36.8328],[128.13398,36.82844],[128.12893,36.8248],[128.11902,36.82304],[128.11844,36.82149],[128.10982,36.82132],[128.10818,36.81044],[128.10585,36.80595],[128.10195,36.80629],[128.09296,36.80286],[128.0935,36.79678],[128.08383,36.7993],[128.08537,36.8042],[128.07716,36.81098],[128.06736,36.81677],[128.05923,36.81638],[128.05408,36.80561],[128.05613,36.79842],[128.05498,36.79266],[128.04831,36.78322],[128.0448,36.77105],[128.03237,36.75517],[128.03232,36.74758],[128.04196,36.74093],[128.05072,36.73671],[128.05556,36.73042],[128.06799,36.72223],[128.07272,36.71189],[128.07038,36.7077],[128.0587,36.70895],[128.04969,36.70776],[128.03191,36.71878],[128.02578,36.71906],[128.01939,36.7237],[128.01484,36.73019],[128.00651,36.72545],[128.00194,36.71726],[127.99744,36.71832],[127.98685,36.71755],[127.98025,36.72008],[127.97315,36.7262],[127.97072,36.73091],[127.96316,36.73339],[127.96055,36.73719],[127.95697,36.73559],[127.95361,36.72268],[127.94918,36.71988],[127.94953,36.70805],[127.94648,36.70621],[127.93357,36.70649],[127.93086,36.70136],[127.93159,36.69442],[127.92892,36.69084],[127.91872,36.69224],[127.89785,36.69325],[127.88858,36.69186],[127.88583,36.68825],[127.8816,36.68774],[127.88207,36.68357],[127.87429,36.68196],[127.88001,36.67871],[127.88762,36.67863],[127.89167,36.68244],[127.90037,36.6822],[127.90171,36.68053],[127.91297,36.67767],[127.91771,36.66785],[127.92957,36.66877],[127.93221,36.66452],[127.93164,36.6554],[127.93908,36.65275],[127.939,36.64599],[127.93573,36.64418],[127.93381,36.63608],[127.93596,36.633],[127.9314,36.62411],[127.93238,36.61874],[127.92409,36.61545],[127.92486,36.60406],[127.91996,36.60112],[127.92094,36.59673],[127.93184,36.59201],[127.93077,36.57727],[127.93553,36.57351],[127.93768,36.56648],[127.93369,36.5621],[127.93601,36.55555],[127.94043,36.55276],[127.94034,36.54793],[127.93695,36.54686],[127.93777,36.53804],[127.9324,36.53673],[127.93094,36.53383],[127.93352,36.52897],[127.93983,36.52662],[127.94867,36.52852],[127.95583,36.52807],[127.95609,36.52528],[127.96214,36.52059],[127.97454,36.51431],[127.97909,36.51514],[127.97755,36.52169],[127.98029,36.52948],[127.97744,36.53517],[127.98066,36.53767],[127.97896,36.54591],[127.99388,36.54729],[127.99671,36.55081],[128.00411,36.55174],[128.01538,36.54573],[128.0243,36.54664],[128.0283,36.54859],[128.04136,36.54904],[128.04585,36.54716],[128.05452,36.54738],[128.05894,36.55488],[128.05941,36.55931],[128.06271,36.56213],[128.05846,36.56843],[128.06109,36.57056],[128.05572,36.58047],[128.05681,36.58554],[128.06258,36.58555],[128.06273,36.58917],[128.06722,36.59355],[128.07269,36.60237],[128.07158,36.60712],[128.08016,36.60809],[128.08325,36.61029],[128.08926,36.60933],[128.09934,36.61002],[128.10449,36.60819],[128.11097,36.61336],[128.11123,36.62063],[128.11518,36.62259],[128.12222,36.62094],[128.12428,36.61787],[128.13985,36.61105],[128.14483,36.60778],[128.14865,36.60151],[128.15676,36.60116],[128.16298,36.59737],[128.17526,36.59603],[128.17984,36.5901],[128.18039,36.58523],[128.17763,36.58398],[128.18314,36.58085],[128.19001,36.58379],[128.20517,36.57976],[128.20508,36.57584],[128.21693,36.57511],[128.21989,36.57108],[128.21397,36.56653],[128.21526,36.55895],[128.21541,36.5449],[128.22478,36.53309],[128.22959,36.53136],[128.23834,36.53192],[128.24384,36.53502],[128.26918,36.53166],[128.26452,36.54131],[128.26735,36.54991],[128.29971,36.55212],[128.29564,36.55733],[128.2954,36.56444],[128.29894,36.57115],[128.29594,36.57866],[128.28967,36.57942],[128.27911,36.59637],[128.26512,36.60492],[128.26218,36.60843],[128.26392,36.61201],[128.27156,36.61071],[128.27791,36.6167],[128.28289,36.61732],[128.28718,36.62118],[128.29001,36.62758],[128.29439,36.62924],[128.29611,36.63302],[128.30924,36.64081],[128.3083,36.65616],[128.31079,36.65809],[128.31877,36.65754],[128.32126,36.64556],[128.33336,36.64274],[128.34915,36.64824],[128.34971,36.65422],[128.33735,36.65814],[128.33409,36.66097],[128.33366,36.66613],[128.32542,36.66992],[128.32061,36.67873],[128.32426,36.68368],[128.33001,36.68503],[128.33465,36.69432],[128.3298,36.6992],[128.33533,36.70787],[128.33512,36.7109],[128.32954,36.72236],[128.331,36.73051],[128.32975,36.7334],[128.33761,36.74117],[128.34709,36.74176],[128.35855,36.74079],[128.3604,36.74464],[128.36726,36.75166],[128.36246,36.75744],[128.36048,36.76266],[128.36537,36.77318],[128.36314,36.77641],[128.3652,36.78112],[128.36671,36.79423],[128.37153,36.7965],[128.3684,36.80208],[128.36305,36.80072],[128.35544,36.8042],[128.35277,36.80995],[128.33489,36.81688],[128.32085,36.81564],[128.31612,36.81686],[128.31575,36.82276],[128.30893,36.829],[128.306,36.82886],[128.29562,36.83534],[128.28898,36.84391],[128.28656,36.84503],[128.28243,36.8564],[128.27607,36.85719],[128.26831,36.86054],[128.26527,36.86398],[128.25196,36.86702],[128.24183,36.87233],[128.2395,36.8651],[128.23466,36.86283],[128.23423,36.85599],[128.23871,36.85018],[128.23702,36.84535],[128.23013,36.84537],[128.21254,36.84973],[128.21112,36.84117],[128.21451,36.83485],[128.21732,36.81828],[128.21621,36.81246],[128.20717,36.81242],[128.19368,36.81712],[128.1848,36.81663],[128.17132,36.8221],[128.16263,36.82099],[128.15143,36.82324],[128.14984,36.82758],[128.14106,36.83348],[128.13357,36.8328]]]},"properties":{"osm_id":7715631,"name":"문경시","sgg_code":"47280","mois_admin":"4728000000","admin_level":6,"code_source":"osm"}},
{"type":"Feature","geometry":{"type":"Polygon","coordinates":[[[128.68275,35.79009],[128.68187,35.78388],[128.68674,35.77707],[128.68715,35.76865],[128.69129,35.76598],[128.69299,35.76002],[128.69662,35.75609],[128.69282,35.74678],[128.69462,35.74376],[128.70131,35.74358],[128.70193,35.73982],[128.70715,35.73235],[128.71114,35.72974],[128.71526,35.72078],[128.72524,35.71706],[128.7326,35.71774],[128.73728,35.71436],[128.7379,35.70871],[128.7438,35.70375],[128.75828,35.70008],[128.76765,35.70205],[128.76217,35.71106],[128.765,35.7168],[128.77349,35.72112],[128.77441,35.72944],[128.78478,35.73189],[128.78616,35.7379],[128.7942,35.74279],[128.8001,35.74456],[128.8116,35.7406],[128.8155,35.74323],[128.82703,35.73855],[128.83133,35.73993],[128.83394,35.74499],[128.8372,35.7451],[128.84624,35.74094],[128.85628,35.7413],[128.85993,35.74601],[128.85384,35.75637],[128.86931,35.75844],[128.87089,35.75337],[128.87755,35.74717],[128.8901,35.75106],[128.89413,35.75433],[128.89694,35.76292],[128.90405,35.7446],[128.90815,35.74611],[128.90875,35.75005],[128.91488,35.75711],[128.92415,35.75968],[128.9304,35.75853],[128.93913,35.76941],[128.94151,35.77677],[128.94653,35.78268],[128.94458,35.78675],[128.95055,35.79385],[128.95651,35.80706],[128.95464,35.8103],[128.96044,35.82606],[128.96696,35.83537],[128.97043,35.83508],[128.96896,35.84159],[128.95958,35.84175],[128.95235,35.83375],[128.94525,35.83027],[128.94016,35.83551],[128.9346,35.83652],[128.91851,35.83535],[128.9151,35.83709],[128.91396,35.8329],[128.90995,35.83119],[128.90772,35.83469],[128.89976,35.83742],[128.89692,35.83674],[128.89383,35.84415],[128.88379,35.84311],[128.88375,35.84565],[128.87652,35.85134],[128.87433,35.86473],[128.86371,35.87099],[128.86025,35.87845],[128.86473,35.88165],[128.87171,35.88367],[128.87543,35.88795],[128.87073,35.8937],[128.85703,35.89906],[128.85407,35.90815],[128.85658,35.91196],[128.853,35.91926],[128.86231,35.92873],[128.85963,35.95367],[128.85465,35.95505],[128.85236,35.95968],[128.84461,35.9637],[128.83952,35.9638],[128.83673,35.96816],[128.82768,35.9642],[128.81272,35.96634],[128.81182,35.97379],[128.8091,35.97431],[128.7941,35.98407],[128.79157,35.98368],[128.787,35.9883],[128.78234,35.98582],[128.77161,35.98351],[128.76509,35.98457],[128.75592,35.99032],[128.74638,35.99139],[128.74184,35.99339],[128.73502,35.99286],[128.73193,35.98553],[128.73685,35.98195],[128.73922,35.9765],[128.74573,35.97383],[128.74426,35.96098],[128.73781,35.95537],[128.74054,35.95376],[128.74528,35.94363],[128.73991,35.93633],[128.73822,35.92827],[128.74688,35.91955],[128.75595,35.91558],[128.76038,35.9068],[128.75716,35.90489],[128.7577,35.89586],[128.7621,35.88548],[128.75736,35.87865],[128.76127,35.87424],[128.75908,35.87086],[128.76054,35.86631],[128.75406,35.86227],[128.7518,35.85738],[128.74616,35.85626],[128.73899,35.85146],[128.73462,35.85139],[128.72595,35.85793],[128.72193,35.85613],[128.72515,35.85307],[128.72604,35.84341],[128.72326,35.83983],[128.72511,35.83644],[128.71961,35.83602],[128.71457,35.83272],[128.70754,35.82341],[128.71311,35.81833],[128.71638,35.80601],[128.71103,35.80526],[128.70794,35.80046],[128.70287,35.79893],[128.6976,35.79423],[128.69296,35.79684],[128.68904,35.79261],[128.68275,35.79009]]]},"properties":{"osm_id":7741682,"name":"경산시","sgg_code":"47290","mois_admin":"4729000000","admin_level":6,"code_source":"osm"}},
{"type":"Feature","geometry":{"type":"Polygon","coordinates":[[[128.3125,36.45791],[128.31868,36.44963],[128.32293,36.44804],[128.32774,36.43893],[128.32452,36.43592],[128.32435,36.42922],[128.33319,36.4255],[128.33503,36.42163],[128.33375,36.41337],[128.34117,36.40678],[128.3346,36.40056],[128.32769,36.38736],[128.31731,36.38564],[128.31207,36.37665],[128.31096,36.36297],[128.30186,36.35792],[128.28667,36.35143],[128.28366,36.3488],[128.28242,36.34621],[128.29361,36.34856],[128.29754,36.34407],[128.30188,36.34351],[128.30551,36.3316],[128.31168,36.33034],[128.31763,36.33228],[128.31616,36.33534],[128.32618,36.34256],[128.3321,36.34304],[128.3353,36.34946],[128.34592,36.3468],[128.34838,36.34337],[128.36596,36.33836],[128.36767,36.33094],[128.37298,36.32456],[128.37879,36.32262],[128.38134,36.31754],[128.38054,36.31217],[128.38961,36.30966],[128.38816,36.30409],[128.39116,36.29832],[128.39432,36.29804],[128.39607,36.29295],[128.40083,36.28907],[128.4105,36.28709],[128.4136,36.29054],[128.41258,36.29382],[128.41687,36.29893],[128.4279,36.29899],[128.43419,36.30572],[128.43879,36.30548],[128.43815,36.31419],[128.44526,36.31827],[128.4519,36.32701],[128.45551,36.32509],[128.47096,36.32104],[128.47339,36.31792],[128.47326,36.31196],[128.47956,36.31086],[128.48453,36.3074],[128.48866,36.30784],[128.49096,36.304],[128.49722,36.30301],[128.50802,36.30342],[128.51092,36.3005],[128.51785,36.30191],[128.52522,36.29985],[128.52939,36.29361],[128.53573,36.29574],[128.54305,36.29399],[128.54815,36.28874],[128.55151,36.27488],[128.55832,36.27399],[128.57185,36.27516],[128.5759,36.27979],[128.59462,36.27742],[128.59751,36.27166],[128.60173,36.26994],[128.61007,36.27104],[128.61675,36.26696],[128.62564,36.26627],[128.63015,36.26253],[128.63607,36.26123],[128.64028,36.25793],[128.63845,36.25193],[128.64126,36.24493],[128.63951,36.24115],[128.63292,36.23871],[128.63671,36.23303],[128.637,36.22746],[128.63288,36.22526],[128.63628,36.22389],[128.63207,36.21671],[128.63522,36.20899],[128.63956,36.20772],[128.64871,36.21822],[128.65347,36.21719],[128.66011,36.22148],[128.66768,36.21489],[128.66905,36.20919],[128.67266,36.20844],[128.67411,36.21211],[128.68232,36.21523],[128.68977,36.21214],[128.69432,36.2141],[128.69985,36.20871],[128.69611,36.20202],[128.7053,36.19896],[128.71875,36.20013],[128.71913,36.1979],[128.73522,36.20047],[128.74079,36.1992],[128.74615,36.19429],[128.74981,36.19583],[128.75288,36.20287],[128.7579,36.20267],[128.7696,36.19371],[128.77458,36.19491],[128.7873,36.19319],[128.79645,36.19055],[128.8039,36.20315],[128.80122,36.20603],[128.80522,36.20693],[128.80436,36.21005],[128.81215,36.21036],[128.82611,36.21815],[128.831,36.21805],[128.83483,36.21448],[128.84271,36.21623],[128.84781,36.21475],[128.85871,36.20772],[128.87126,36.20507],[128.87585,36.19879],[128.88292,36.19895],[128.89521,36.20418],[128.89579,36.21274],[128.88376,36.21854],[128.88105,36.22536],[128.87609,36.22727],[128.87012,36.23236],[128.87933,36.23597],[128.886,36.24303],[128.8823,36.25259],[128.87171,36.25625],[128.86776,36.25477],[128.85664,36.25448],[128.8505,36.26125],[128.84692,36.26121],[128.85105,36.26617],[128.86288,36.26805],[128.86311,36.27432],[128.87725,36.27421],[128.87925,36.2857],[128.87779,36.2872],[128.87973,36.2959],[128.88884,36.29712],[128.89126,36.30392],[128.88576,36.31015],[128.88679,36.31679],[128.89152,36.31921],[128.89177,36.3237],[128.88534,36.34237],[128.87675,36.34403],[128.88001,36.35813],[128.87542,36.36411],[128.87117,36.36504],[128.8716,36.36929],[128.87744,36.37506],[128.8698,36.37752],[128.86899,36.38014],[128.85924,36.38702],[128.84997,36.38764],[128.851,36.3989],[128.84491,36.4036],[128.84457,36.41134],[128.84122,36.41762],[128.84148,36.42128],[128.83693,36.42259],[128.83349,36.42674],[128.83504,36.43578],[128.82937,36.44338],[128.83023,36.45139],[128.82208,36.45298],[128.81281,36.45305],[128.81006,36.45829],[128.79942,36.45898],[128.79238,36.46533],[128.78466,36.4662],[128.78234,36.46395],[128.77556,36.46782],[128.77255,36.47493],[128.76758,36.4801],[128.75921,36.48418],[128.75045,36.48528],[128.74775,36.48811],[128.73754,36.47997],[128.72741,36.47583],[128.71891,36.48197],[128.71402,36.48073],[128.70953,36.47601],[128.70983,36.47218],[128.70355,36.46775],[128.70638,36.45753],[128.70481,36.446],[128.69471,36.44583],[128.69127,36.44359],[128.68243,36.44366],[128.6751,36.43676],[128.66805,36.43845],[128.66298,36.43704],[128.65342,36.42881],[128.64553,36.42774],[128.6366,36.42838],[128.63278,36.42446],[128.62862,36.42529],[128.62862,36.41949],[128.621,36.41755],[128.61478,36.41871],[128.61006,36.41743],[128.60506,36.4064],[128.60224,36.40462],[128.59641,36.40968],[128.59493,36.42657],[128.59759,36.4314],[128.58823,36.43869],[128.58313,36.44007],[128.57729,36.43841],[128.56952,36.45039],[128.56682,36.45139],[128.5651,36.45878],[128.5603,36.46292],[128.55789,36.47237],[128.55206,36.47596],[128.553,36.48186],[128.55085,36.48908],[128.54433,36.48959],[128.5394,36.49473],[128.5345,36.49473],[128.52661,36.49846],[128.51369,36.49729],[128.51111,36.49956],[128.50485,36.49901],[128.5012,36.50363],[128.49867,36.51267],[128.49597,36.51595],[128.49009,36.51709],[128.48721,36.51433],[128.47777,36.51415],[128.47507,36.49798],[128.46459,36.49832],[128.46232,36.49021],[128.45764,36.49322],[128.4552,36.49021],[128.44541,36.49477],[128.43758,36.50182],[128.43378,36.50225],[128.43258,36.51005],[128.43773,36.51619],[128.42919,36.52097],[128.4179,36.52102],[128.41264,36.51954],[128.39902,36.50839],[128.37748,36.50375],[128.36939,36.50972],[128.36894,36.5214],[128.36346,36.53036],[128.35954,36.53019],[128.35366,36.52659],[128.34705,36.52666],[128.34093,36.52438],[128.34306,36.52152],[128.34439,36.51252],[128.34132,36.50581],[128.33608,36.49958],[128.33615,36.48854],[128.32109,36.47476],[128.31855,36.47051],[128.31338,36.46977],[128.30915,36.46506],[128.3125,36.45791]]]},"properties":{"osm_id":7817014,"name":"의성군","sgg_code":"47730","mois_admin":"4773000000","admin_level":6,"code_source":"osm"}},
{"type":"Feature","geometry":{"type":"Polygon","coordinates":[[[129.25161,36.32112],[129.25011,36.3256],[129.25363,36.32923],[129.25384,36.33932],[129.24232,36.34651],[129.23328,36.34326],[129.2271,36.34422],[129.22137,36.35248],[129.22007,36.35948],[129.21657,36.36094],[129.21841,36.37192],[129.2268,36.37938],[129.22682,36.3828],[129.22058,36.38691],[129.22794,36.39828],[129.22221,36.40054],[129.2109,36.40798],[129.21037,36.41867],[129.2008,36.42958],[129.19599,36.42965],[129.18803,36.42686],[129.17067,36.43538],[129.16876,36.44657],[129.16119,36.45425],[129.16196,36.45888],[129.1543,36.46571],[129.14842,36.47767],[129.15048,36.47905],[129.15114,36.48616],[129.15428,36.49307],[129.15127,36.49599],[129.15262,36.50078],[129.14467,36.49915],[129.12972,36.50327],[129.1312,36.50746],[129.12746,36.51229],[129.13137,36.51781],[129.12659,36.52186],[129.13111,36.52592],[129.1285,36.53402],[129.12259,36.53486],[129.12119,36.53769],[129.11063,36.54101],[129.10784,36.54587],[129.1001,36.54276],[129.09719,36.54391],[129.07828,36.54248],[129.06788,36.54244],[129.06345,36.54677],[129.06009,36.55432],[129.05548,36.55452],[129.05099,36.55798],[129.05025,36.56543],[129.04479,36.57519],[129.04616,36.58016],[129.0359,36.58231],[129.03199,36.58805],[129.02495,36.58953],[129.02261,36.58778],[129.00911,36.58993],[129.00438,36.59499],[128.99949,36.59348],[129.00035,36.58852],[128.99288,36.58266],[128.99056,36.57694],[128.98438,36.57391],[128.98335,36.56798],[128.97932,36.56529],[128.97932,36.5615],[128.98396,36.56122],[128.98825,36.5566],[128.99168,36.54895],[128.98464,36.54847],[128.97975,36.54571],[128.97647,36.54671],[128.97391,36.53957],[128.97299,36.53023],[128.97627,36.5264],[128.98026,36.52661],[128.98458,36.51583],[128.99285,36.51759],[128.99649,36.51036],[128.99357,36.49913],[128.98865,36.49522],[128.99048,36.49073],[128.98623,36.49059],[128.98327,36.48654],[128.97477,36.48352],[128.97434,36.47928],[128.98104,36.47562],[128.97911,36.46892],[128.98464,36.46361],[128.97434,36.46734],[128.96808,36.46174],[128.96876,36.45236],[128.97327,36.45201],[128.97687,36.44583],[128.97301,36.43938],[128.97301,36.42992],[128.97614,36.42726],[128.97782,36.42156],[128.98361,36.41217],[128.98293,36.40401],[128.98014,36.40187],[128.97499,36.39268],[128.97563,36.39016],[128.96924,36.38246],[128.96391,36.36812],[128.96147,36.36615],[128.96542,36.36062],[128.96503,36.35519],[128.96228,36.35087],[128.96542,36.34527],[128.96112,36.33753],[128.95203,36.33615],[128.94705,36.33082],[128.94722,36.32823],[128.94061,36.3247],[128.93894,36.32118],[128.93314,36.31775],[128.93256,36.30847],[128.91835,36.30472],[128.91283,36.29835],[128.8983,36.29514],[128.88884,36.29712],[128.87973,36.2959],[128.87779,36.2872],[128.87925,36.2857],[128.87725,36.27421],[128.86311,36.27432],[128.86288,36.26805],[128.85105,36.26617],[128.84692,36.26121],[128.8505,36.26125],[128.85664,36.25448],[128.86776,36.25477],[128.87171,36.25625],[128.8823,36.25259],[128.886,36.24303],[128.87933,36.23597],[128.87012,36.23236],[128.87609,36.22727],[128.88105,36.22536],[128.88376,36.21854],[128.89579,36.21274],[128.89521,36.20418],[128.88292,36.19895],[128.88241,36.19226],[128.88377,36.18395],[128.89019,36.18217],[128.89113,36.17609],[128.89542,36.17297],[128.89667,36.17656],[128.9057,36.17706],[128.90712,36.17935],[128.91387,36.17923],[128.91898,36.18382],[128.92658,36.17925],[128.93737,36.17925],[128.94982,36.16896],[128.96244,36.16629],[128.96866,36.16117],[128.97396,36.16079],[128.97741,36.16575],[128.99327,36.16913],[128.99185,36.17546],[128.99742,36.17909],[129.00546,36.17886],[129.02648,36.18333],[129.02936,36.19698],[129.03262,36.19892],[129.03962,36.21855],[129.04391,36.22181],[129.06026,36.22357],[129.06412,36.2199],[129.06713,36.22046],[129.06627,36.22613],[129.07064,36.22977],[129.08348,36.23548],[129.0773,36.25026],[129.06056,36.25473],[129.05717,36.25881],[129.05305,36.25877],[129.05313,36.26608],[129.06163,36.27102],[129.07361,36.27234],[129.08172,36.27794],[129.09017,36.27334],[129.09485,36.27438],[129.10154,36.27019],[129.10343,36.26576],[129.10661,36.26774],[129.11562,36.26469],[129.11849,36.26625],[129.12326,36.26265],[129.12918,36.26438],[129.13472,36.26196],[129.13849,36.25656],[129.1412,36.24784],[129.14781,36.24296],[129.15424,36.23572],[129.16587,36.23237],[129.17107,36.22444],[129.17862,36.22712],[129.18817,36.23455],[129.19882,36.24668],[129.20421,36.25605],[129.20739,36.26669],[129.21398,36.27194],[129.22044,36.27279],[129.22162,36.27867],[129.22589,36.28218],[129.22111,36.2878],[129.22416,36.29096],[129.22279,36.2958],[129.2252,36.30525],[129.23126,36.30821],[129.2334,36.31386],[129.23686,36.31658],[129.24765,36.31848],[129.25161,36.32112]]]},"properties":{"osm_id":7817173,"name":"청송군","sgg_code":"47750","mois_admin":"4775000000","admin_level":6,"code_source":"osm"}},
{"type":"Feature","geometry":{"type":"Polygon","coordinates":[[[128.99949,36.59348],[129.00438,36.59499],[129.00911,36.58993],[129.02261,36.58778],[129.02495,36.58953],[129.03199,36.58805],[129.0359,36.58231],[129.04616,36.58016],[129.04479,36.57519],[129.05025,36.56543],[129.05099,36.55798],[129.05548,36.55452],[129.06009,36.55432],[129.06345,36.54677],[129.06788,36.54244],[129.07828,36.54248],[129.09719,36.54391],[129.1001,36.54276],[129.10784,36.54587],[129.11063,36.54101],[129.12119,36.53769],[129.12259,36.53486],[129.1285,36.53402],[129.13111,36.52592],[129.12659,36.52186],[129.13137,36.51781],[129.12746,36.51229],[129.1312,36.50746],[129.12972,36.50327],[129.14467,36.49915],[129.15262,36.50078],[129.17389,36.5077],[129.18209,36.50737],[129.18809,36.50032],[129.19174,36.50353],[129.19801,36.50073],[129.20653,36.50185],[129.21311,36.50061],[129.21788,36.49532],[129.21856,36.49088],[129.22393,36.48952],[129.22625,36.4944],[129.22294,36.50213],[129.22642,36.5135],[129.23502,36.51256],[129.2376,36.51001],[129.2439,36.50893],[129.24787,36.51062],[129.24581,36.51588],[129.2388,36.52289],[129.23582,36.53084],[129.23616,36.53955],[129.24077,36.54674],[129.23908,36.54982],[129.23959,36.55717],[129.24604,36.56269],[129.237,36.56789],[129.23039,36.58398],[129.22107,36.58614],[129.21704,36.58931],[129.21925,36.59441],[129.22369,36.59764],[129.22253,36.60423],[129.22571,36.6024],[129.23213,36.60443],[129.22929,36.61474],[129.23059,36.62025],[129.23782,36.62181],[129.2374,36.62718],[129.24045,36.62877],[129.23727,36.63898],[129.23133,36.6433],[129.23052,36.64933],[129.23217,36.66067],[129.25513,36.67098],[129.26071,36.66902],[129.26878,36.67385],[129.27899,36.68141],[129.27656,36.69169],[129.28123,36.69355],[129.28631,36.7027],[129.28665,36.7086],[129.29456,36.71712],[129.28699,36.7198],[129.28081,36.7239],[129.27877,36.72273],[129.27156,36.72598],[129.26972,36.73237],[129.27317,36.73832],[129.27283,36.74477],[129.28542,36.7522],[129.2969,36.75578],[129.29652,36.76494],[129.30304,36.77623],[129.30901,36.77403],[129.31207,36.77568],[129.31381,36.78128],[129.31218,36.78541],[129.30564,36.79311],[129.30074,36.79371],[129.28903,36.80871],[129.28918,36.81477],[129.29392,36.82669],[129.28989,36.8287],[129.28924,36.83257],[129.27804,36.83236],[129.27302,36.83361],[129.27046,36.84053],[129.27682,36.84635],[129.27541,36.85894],[129.28488,36.86311],[129.27938,36.87363],[129.27665,36.87528],[129.27099,36.87144],[129.26044,36.87142],[129.26158,36.87747],[129.25653,36.8727],[129.25495,36.85964],[129.24774,36.85283],[129.23982,36.85081],[129.22591,36.85661],[129.23261,36.86401],[129.23012,36.86409],[129.21628,36.859],[129.21188,36.86418],[129.20933,36.86255],[129.20767,36.85616],[129.2048,36.85585],[129.20143,36.86564],[129.19652,36.86937],[129.19613,36.87472],[129.19066,36.87973],[129.17669,36.87936],[129.16993,36.88111],[129.16618,36.87934],[129.16341,36.87436],[129.156,36.8781],[129.15289,36.87378],[129.14152,36.87383],[129.13255,36.86584],[129.12783,36.86488],[129.12112,36.84709],[129.10368,36.83524],[129.09991,36.82854],[129.08897,36.82625],[129.08073,36.81821],[129.06926,36.82022],[129.05062,36.80257],[129.04704,36.79669],[129.03701,36.79439],[129.03485,36.78822],[129.02088,36.78334],[129.01586,36.7842],[129.0069,36.77918],[129.00011,36.78044],[128.98946,36.77643],[128.98439,36.77227],[128.98357,36.76344],[128.99206,36.75613],[128.99034,36.7477],[128.99048,36.74122],[128.98769,36.73727],[128.98941,36.73293],[128.9964,36.72839],[128.99619,36.72334],[128.99945,36.71986],[128.99958,36.71553],[128.99494,36.70559],[128.99722,36.69537],[128.99228,36.69261],[128.99417,36.68222],[128.98958,36.67451],[128.99284,36.66973],[128.99001,36.66525],[128.99516,36.66174],[128.99625,36.65525],[128.98953,36.64838],[128.99456,36.64201],[128.99121,36.63612],[128.99108,36.62362],[128.99644,36.61877],[128.99584,36.60922],[128.99915,36.60096],[128.99949,36.59348]]]},"properties":{"osm_id":7817332,"name":"영양군","sgg_code":"47760","mois_admin":"4776000000","admin_level":6,"code_source":"osm"}},
{"type":"Feature","geometry":{"type":"Polygon","coordinates":[[[129.43778,36.64047],[129.42,36.64438],[129.41631,36.65198],[129.411,36.65303],[129.41063,36.65599],[129.40228,36.6616],[129.39684,36.66153],[129.39501,36.66616],[129.38748,36.66533],[129.38374,36.66885],[129.37396,36.66465],[129.37298,36.66239],[129.36689,36.66331],[129.36163,36.66067],[129.35788,36.65351],[129.35466,36.65092],[129.34805,36.65719],[129.32913,36.66225],[129.32577,36.66729],[129.31849,36.66539],[129.30963,36.66809],[129.29225,36.66984],[129.28436,36.66734],[129.27942,36.67063],[129.27435,36.67068],[129.26878,36.67385],[129.26071,36.66902],[129.25513,36.67098],[129.23217,36.66067],[129.23052,36.64933],[129.23133,36.6433],[129.23727,36.63898],[129.24045,36.62877],[129.2374,36.62718],[129.23782,36.62181],[129.23059,36.62025],[129.22929,36.61474],[129.23213,36.60443],[129.22571,36.6024],[129.22253,36.60423],[129.22369,36.59764],[129.21925,36.59441],[129.21704,36.58931],[129.22107,36.58614],[129.23039,36.58398],[129.237,36.56789],[129.24604,36.56269],[129.23959,36.55717],[129.23908,36.54982],[129.24077,36.54674],[129.23616,36.53955],[129.23582,36.53084],[129.2388,36.52289],[129.24581,36.51588],[129.24787,36.51062],[129.2439,36.50893],[129.2376,36.51001],[129.23502,36.51256],[129.22642,36.5135],[129.22294,36.50213],[129.22625,36.4944],[129.22393,36.48952],[129.21856,36.49088],[129.21788,36.49532],[129.21311,36.50061],[129.20653,36.50185],[129.19801,36.50073],[129.19174,36.50353],[129.18809,36.50032],[129.18209,36.50737],[129.17389,36.5077],[129.15262,36.50078],[129.15127,36.49599],[129.15428,36.49307],[129.15114,36.48616],[129.15048,36.47905],[129.14842,36.47767],[129.1543,36.46571],[129.16196,36.45888],[129.16119,36.45425],[129.16876,36.44657],[129.17067,36.43538],[129.18803,36.42686],[129.19599,36.42965],[129.2008,36.42958],[129.21037,36.41867],[129.2109,36.40798],[129.22221,36.40054],[129.22794,36.39828],[129.22058,36.38691],[129.22682,36.3828],[129.2268,36.37938],[129.21841,36.37192],[129.21657,36.36094],[129.22007,36.35948],[129.22137,36.35248],[129.2271,36.34422],[129.23328,36.34326],[129.24232,36.34651],[129.25384,36.33932],[129.25363,36.32923],[129.25011,36.3256],[129.25161,36.32112],[129.25641,36.32335],[129.26654,36.3207],[129.26803,36.32926],[129.27039,36.33107],[129.27434,36.32711],[129.28168,36.32945],[129.28509,36.33363],[129.29824,36.32419],[129.2979,36.31064],[129.29193,36.30638],[129.29193,36.30284],[129.28483,36.29763],[129.28826,36.28964],[129.28646,36.28669],[129.29346,36.27646],[129.30045,36.27338],[129.30399,36.2678],[129.31461,36.27158],[129.31867,36.26902],[129.32476,36.26932],[129.33193,36.26735],[129.33888,36.26728],[129.35294,36.27297],[129.35802,36.2726],[129.36565,36.26872],[129.37273,36.26758],[129.39985,36.27418],[129.40603,36.31984],[129.42126,36.36953],[129.44873,36.39247],[129.45632,36.42454],[129.46405,36.48653],[129.46335,36.51303],[129.45959,36.54985],[129.44826,36.57798],[129.44276,36.59866],[129.43521,36.62043],[129.43778,36.64047]]]},"properties":{"osm_id":7029833,"name":"영덕군","sgg_code":"47770","mois_admin":"4777000000","admin_level":6,"code_source":"osm"}},
{"type":"Feature","geometry":{"type":"Polygon","coordinates":[[[128.59317,35.58431],[128.60344,35.58014],[128.62304,35.58607],[128.63033,35.58627],[128.63737,35.58278],[128.64012,35.58683],[128.64389,35.58697],[128.6471,35.59386],[128.65793,35.59772],[128.6638,35.59419],[128.67339,35.59606],[128.68372,35.59367],[128.69041,35.59423],[128.69385,35.59032],[128.69573,35.58348],[128.70346,35.57873],[128.71341,35.57957],[128.71605,35.57836],[128.7225,35.58077],[128.73218,35.57665],[128.73597,35.57672],[128.74931,35.57056],[128.75871,35.56785],[128.76849,35.56991],[128.77169,35.56764],[128.78668,35.56673],[128.79736,35.57531],[128.80174,35.58966],[128.81152,35.58976],[128.82062,35.59346],[128.82225,35.59625],[128.83372,35.59791],[128.84388,35.58934],[128.85358,35.59674],[128.85853,35.6067],[128.86445,35.60886],[128.86625,35.61375],[128.87229,35.62026],[128.87409,35.6347],[128.8829,35.6351],[128.88559,35.63009],[128.89108,35.63044],[128.90576,35.63437],[128.91726,35.63881],[128.93529,35.634],[128.93898,35.6347],[128.94928,35.62898],[128.95503,35.62221],[128.95983,35.62005],[128.96221,35.61458],[128.97174,35.61424],[128.97997,35.60819],[128.98539,35.60747],[128.99989,35.6164],[129.00307,35.62051],[129.01871,35.62915],[129.02103,35.63478],[129.02747,35.63569],[129.03579,35.63188],[129.04024,35.63595],[129.0472,35.65016],[129.0402,35.65767],[129.03835,35.66995],[129.03412,35.67457],[129.03846,35.68839],[129.03676,35.69247],[129.02198,35.68763],[129.01151,35.69292],[129.00398,35.69455],[129.00471,35.70575],[128.9979,35.71096],[128.99724,35.71765],[128.9914,35.71937],[128.98986,35.72356],[128.98447,35.72936],[128.97265,35.73712],[128.97424,35.74791],[128.97104,35.74989],[128.97078,35.75567],[128.97687,35.76619],[128.97649,35.77005],[128.98108,35.77287],[128.98962,35.77214],[128.99722,35.77604],[128.99829,35.78043],[128.99614,35.78847],[128.99357,35.78959],[128.99035,35.8002],[128.99769,35.8089],[129.00348,35.81879],[129.00438,35.82331],[129.01546,35.84067],[129.01492,35.84613],[128.99837,35.84151],[128.9967,35.83953],[128.98009,35.83304],[128.97043,35.83508],[128.96696,35.83537],[128.96044,35.82606],[128.95464,35.8103],[128.95651,35.80706],[128.95055,35.79385],[128.94458,35.78675],[128.94653,35.78268],[128.94151,35.77677],[128.93913,35.76941],[128.9304,35.75853],[128.92415,35.75968],[128.91488,35.75711],[128.90875,35.75005],[128.90815,35.74611],[128.90405,35.7446],[128.89694,35.76292],[128.89413,35.75433],[128.8901,35.75106],[128.87755,35.74717],[128.87089,35.75337],[128.86931,35.75844],[128.85384,35.75637],[128.85993,35.74601],[128.85628,35.7413],[128.84624,35.74094],[128.8372,35.7451],[128.83394,35.74499],[128.83133,35.73993],[128.82703,35.73855],[128.8155,35.74323],[128.8116,35.7406],[128.8001,35.74456],[128.7942,35.74279],[128.78616,35.7379],[128.78478,35.73189],[128.77441,35.72944],[128.77349,35.72112],[128.765,35.7168],[128.76217,35.71106],[128.76765,35.70205],[128.75828,35.70008],[128.7438,35.70375],[128.7379,35.70871],[128.73728,35.71436],[128.7326,35.71774],[128.72524,35.71706],[128.71526,35.72078],[128.71114,35.72974],[128.70715,35.73235],[128.70193,35.73982],[128.70131,35.74358],[128.69462,35.74376],[128.68904,35.73717],[128.69179,35.73285],[128.6904,35.73004],[128.68299,35.72548],[128.68355,35.72115],[128.6754,35.7212],[128.66626,35.71911],[128.66291,35.72113],[128.65771,35.71851],[128.64612,35.70804],[128.63836,35.70587],[128.63042,35.70703],[128.62006,35.70351],[128.61448,35.70939],[128.61375,35.71334],[128.61723,35.71802],[128.61471,35.72282],[128.6099,35.7261],[128.61528,35.73096],[128.61484,35.73576],[128.60962,35.73869],[128.59915,35.73583],[128.59411,35.73689],[128.58832,35.73255],[128.58009,35.73862],[128.57111,35.73341],[128.56413,35.73597],[128.56133,35.72946],[128.5544,35.72739],[128.54121,35.71908],[128.52809,35.71352],[128.53355,35.7044],[128.53254,35.69614],[128.53497,35.69444],[128.53158,35.68819],[128.53197,35.68379],[128.52646,35.68238],[128.5286,35.67933],[128.52665,35.67389],[128.53173,35.66221],[128.53705,35.66087],[128.53772,35.65144],[128.53506,35.64335],[128.53849,35.63281],[128.53575,35.62835],[128.53652,35.62375],[128.54982,35.61802],[128.55832,35.61544],[128.55952,35.60407],[128.56656,35.60225],[128.57225,35.59815],[128.5762,35.59136],[128.58381,35.58662],[128.59317,35.58431]]]},"properties":{"osm_id":7741683,"name":"청도군","sgg_code":"47820","mois_admin":"4782000000","admin_level":6,"code_source":"osm"}},
{"type":"Feature","geometry":{"type":"Polygon","coordinates":[[[128.37072,35.61116],[128.38036,35.61141],[128.38596,35.61366],[128.38983,35.61774],[128.40048,35.63271],[128.39947,35.64238],[128.39703,35.64625],[128.38846,35.65395],[128.36921,35.66669],[128.36329,35.67255],[128.35513,35.68398],[128.35221,35.69207],[128.35136,35.70329],[128.35651,35.70775],[128.36474,35.70636],[128.37753,35.70148],[128.39092,35.69967],[128.40897,35.69473],[128.41964,35.69466],[128.43195,35.70273],[128.43447,35.70714],[128.43386,35.72129],[128.42374,35.73007],[128.39344,35.74595],[128.38374,35.75863],[128.39753,35.7756],[128.40637,35.79273],[128.41109,35.79963],[128.4195,35.80749],[128.42348,35.80918],[128.4377,35.81174],[128.44365,35.80821],[128.46542,35.8077],[128.47032,35.80847],[128.4801,35.81536],[128.48073,35.82512],[128.46854,35.83688],[128.44897,35.84377],[128.41575,35.85031],[128.41155,35.85189],[128.38853,35.85209],[128.38743,35.85288],[128.38971,35.84226],[128.39311,35.83831],[128.38128,35.83879],[128.37418,35.83507],[128.37759,35.82764],[128.37818,35.8208],[128.37492,35.81768],[128.36827,35.81732],[128.3693,35.79802],[128.36875,35.79345],[128.3656,35.79214],[128.35046,35.79911],[128.34527,35.79657],[128.33817,35.79768],[128.32176,35.81195],[128.3135,35.81416],[128.3068,35.81204],[128.29936,35.81553],[128.28915,35.82644],[128.2754,35.82656],[128.27363,35.81924],[128.27377,35.79934],[128.26978,35.79106],[128.26209,35.79586],[128.24967,35.79034],[128.25362,35.7818],[128.24123,35.78199],[128.23444,35.78674],[128.22542,35.78746],[128.21761,35.79117],[128.21447,35.79898],[128.21405,35.80915],[128.21029,35.81577],[128.19837,35.8156],[128.19147,35.81916],[128.17934,35.81865],[128.16574,35.81373],[128.16135,35.80729],[128.16491,35.8022],[128.17181,35.7983],[128.17895,35.78719],[128.17514,35.78614],[128.16325,35.77565],[128.1611,35.76838],[128.1638,35.76128],[128.17775,35.75567],[128.18598,35.75454],[128.18934,35.75235],[128.19333,35.73829],[128.19791,35.73668],[128.1938,35.73059],[128.19771,35.71804],[128.20195,35.71011],[128.20102,35.70545],[128.20419,35.69584],[128.20154,35.69213],[128.20343,35.68844],[128.20214,35.68377],[128.19519,35.68335],[128.18386,35.67701],[128.17835,35.67198],[128.16523,35.67254],[128.16239,35.67141],[128.15973,35.6645],[128.16093,35.65928],[128.15655,35.65601],[128.16159,35.65239],[128.17088,35.65353],[128.17592,35.65633],[128.18359,35.65733],[128.19148,35.65398],[128.19835,35.64792],[128.20118,35.64255],[128.21068,35.64329],[128.21002,35.64017],[128.21861,35.63878],[128.2247,35.6408],[128.22856,35.63836],[128.23394,35.63883],[128.23715,35.64305],[128.23551,35.6498],[128.2407,35.65086],[128.2409,35.65361],[128.25843,35.64589],[128.26178,35.64157],[128.27156,35.64554],[128.27534,35.64513],[128.27963,35.65112],[128.28907,35.65112],[128.29585,35.64917],[128.29714,35.65619],[128.30645,35.65504],[128.3185,35.65091],[128.32386,35.6463],[128.33379,35.64443],[128.33625,35.64183],[128.34752,35.63934],[128.35273,35.64015],[128.35731,35.6374],[128.36209,35.62769],[128.36354,35.61186],[128.37072,35.61116]]]},"properties":{"osm_id":7817657,"name":"고령군","sgg_code":"47830","mois_admin":"4783000000","admin_level":6,"code_source":"osm"}},
{"type":"Feature","geometry":{"type":"Polygon","coordinates":[[[128.28915,36.04289],[128.28344,36.0469],[128.2716,36.0492],[128.26143,36.04965],[128.25439,36.05267],[128.24894,36.04931],[128.2404,36.0499],[128.23032,36.0551],[128.2238,36.0559],[128.21629,36.05045],[128.20706,36.04608],[128.19715,36.04719],[128.1944,36.04556],[128.1959,36.0397],[128.19457,36.03265],[128.18835,36.03199],[128.18324,36.034],[128.17672,36.03237],[128.16904,36.03616],[128.16461,36.03271],[128.16743,36.02939],[128.16831,36.01995],[128.17324,36.01446],[128.16865,36.0113],[128.16663,36.0003],[128.17135,35.997],[128.16818,35.98985],[128.15844,35.9877],[128.15616,35.97853],[128.15148,35.97641],[128.15324,35.9695],[128.15071,35.96665],[128.13239,35.95939],[128.12385,35.96272],[128.11754,35.96033],[128.11213,35.96509],[128.10737,35.96071],[128.09659,35.95543],[128.09046,35.95018],[128.08913,35.94692],[128.09114,35.93792],[128.09106,35.9284],[128.08883,35.92159],[128.08505,35.92141],[128.07891,35.92777],[128.07329,35.92941],[128.07252,35.93625],[128.06711,35.93729],[128.05681,35.94219],[128.04879,35.93663],[128.04694,35.93285],[128.04853,35.92579],[128.05119,35.92402],[128.04904,35.92023],[128.05625,35.91432],[128.0563,35.91067],[128.06093,35.90754],[128.0569,35.90358],[128.06677,35.89569],[128.06578,35.88895],[128.06934,35.88616],[128.06986,35.88203],[128.08072,35.87347],[128.0872,35.87264],[128.07685,35.86158],[128.07664,35.855],[128.07385,35.85069],[128.07814,35.84366],[128.0778,35.83946],[128.08561,35.83628],[128.09068,35.83081],[128.09678,35.83205],[128.10403,35.82886],[128.10891,35.82409],[128.11609,35.82631],[128.1232,35.82264],[128.1208,35.80898],[128.12118,35.80417],[128.12837,35.79433],[128.12839,35.7898],[128.13808,35.78442],[128.1462,35.78423],[128.15211,35.78665],[128.16325,35.77565],[128.17514,35.78614],[128.17895,35.78719],[128.17181,35.7983],[128.16491,35.8022],[128.16135,35.80729],[128.16574,35.81373],[128.17934,35.81865],[128.19147,35.81916],[128.19837,35.8156],[128.21029,35.81577],[128.21405,35.80915],[128.21447,35.79898],[128.21761,35.79117],[128.22542,35.78746],[128.23444,35.78674],[128.24123,35.78199],[128.25362,35.7818],[128.24967,35.79034],[128.26209,35.79586],[128.26978,35.79106],[128.27377,35.79934],[128.27363,35.81924],[128.2754,35.82656],[128.28915,35.82644],[128.29936,35.81553],[128.3068,35.81204],[128.3135,35.81416],[128.32176,35.81195],[128.33817,35.79768],[128.34527,35.79657],[128.35046,35.79911],[128.3656,35.79214],[128.36875,35.79345],[128.3693,35.79802],[128.36827,35.81732],[128.37492,35.81768],[128.37818,35.8208],[128.37759,35.82764],[128.37418,35.83507],[128.38128,35.83879],[128.39311,35.83831],[128.38971,35.84226],[128.38743,35.85288],[128.38443,35.85365],[128.38406,35.86552],[128.39049,35.87429],[128.39146,35.88029],[128.3973,35.89211],[128.39839,35.90064],[128.39893,35.92971],[128.39484,35.9416],[128.38834,35.9392],[128.37979,35.93889],[128.37607,35.94145],[128.36901,35.9416],[128.36492,35.94747],[128.36194,35.95575],[128.34875,35.9547],[128.34112,35.96387],[128.33915,35.9756],[128.32968,35.97741],[128.31904,35.98225],[128.31286,35.9957],[128.31404,36.00304],[128.31056,36.00713],[128.31233,36.01436],[128.31766,36.0183],[128.31194,36.02282],[128.30994,36.02872],[128.30307,36.03074],[128.29571,36.03084],[128.29469,36.03451],[128.28901,36.03964],[128.28915,36.04289]]]},"properties":{"osm_id":7817880,"name":"성주군","sgg_code":"47840","mois_admin":"4784000000","admin_level":6,"code_source":"osm"}},
{"type":"Feature","geometry":{"type":"Polygon","coordinates":[[[128.5629,36.11101],[128.55621,36.10908],[128.5474,36.10879],[128.54314,36.11235],[128.54094,36.11065],[128.53377,36.11285],[128.52731,36.11156],[128.52055,36.1145],[128.50826,36.11114],[128.49785,36.11325],[128.49599,36.12194],[128.49032,36.12521],[128.49001,36.11674],[128.48821,36.1126],[128.48386,36.1126],[128.48463,36.10908],[128.47976,36.10597],[128.47578,36.09994],[128.47653,36.0919],[128.46485,36.08436],[128.46393,36.07831],[128.46972,36.0721],[128.46352,36.06962],[128.44712,36.07484],[128.4462,36.07757],[128.42867,36.08039],[128.42273,36.08834],[128.41853,36.08386],[128.40992,36.0827],[128.40551,36.09215],[128.39712,36.09178],[128.38995,36.08004],[128.38183,36.07506],[128.3866,36.07025],[128.38067,36.06651],[128.37161,36.06604],[128.35987,36.06071],[128.35842,36.06604],[128.35161,36.06721],[128.34617,36.07293],[128.34192,36.08092],[128.33572,36.08283],[128.33055,36.0914],[128.3224,36.09206],[128.31109,36.08973],[128.30605,36.08714],[128.29696,36.08882],[128.29243,36.08815],[128.28521,36.08147],[128.28851,36.07498],[128.29328,36.07196],[128.30087,36.06391],[128.30147,36.0584],[128.29933,36.05205],[128.29375,36.05087],[128.28915,36.04289],[128.28901,36.03964],[128.29469,36.03451],[128.29571,36.03084],[128.30307,36.03074],[128.30994,36.02872],[128.31194,36.02282],[128.31766,36.0183],[128.31233,36.01436],[128.31056,36.00713],[128.31404,36.00304],[128.31286,35.9957],[128.31904,35.98225],[128.32968,35.97741],[128.33915,35.9756],[128.34112,35.96387],[128.34875,35.9547],[128.36194,35.95575],[128.36492,35.94747],[128.36901,35.9416],[128.37607,35.94145],[128.37979,35.93889],[128.38834,35.9392],[128.39484,35.9416],[128.39893,35.92971],[128.39839,35.90064],[128.40689,35.90071],[128.41015,35.90655],[128.4167,35.91276],[128.4179,35.92172],[128.42302,35.92268],[128.42527,35.92882],[128.43218,35.93141],[128.43907,35.93171],[128.44131,35.93561],[128.45059,35.93482],[128.45367,35.94311],[128.46588,35.93785],[128.46826,35.93859],[128.47704,35.93507],[128.47283,35.92283],[128.47275,35.91554],[128.46528,35.90879],[128.4682,35.90031],[128.47429,35.89468],[128.47884,35.89816],[128.48468,35.89336],[128.48843,35.89779],[128.49413,35.89541],[128.4964,35.88898],[128.50107,35.88647],[128.50461,35.89143],[128.50596,35.90566],[128.51126,35.91093],[128.51635,35.91192],[128.52619,35.92268],[128.5292,35.92386],[128.53402,35.93263],[128.53524,35.93955],[128.53272,35.95214],[128.53444,35.95764],[128.53116,35.95965],[128.52966,35.96964],[128.52708,35.9756],[128.52957,35.9805],[128.54302,35.975],[128.54611,35.9668],[128.5516,35.9602],[128.55615,35.96632],[128.55633,35.97049],[128.56355,35.97119],[128.56991,35.97605],[128.58347,35.97647],[128.59016,35.97828],[128.59383,35.98236],[128.60252,35.98467],[128.60378,35.98882],[128.60999,35.9953],[128.61074,35.99945],[128.61625,36.00691],[128.62112,36.00583],[128.62747,36.0082],[128.6317,36.00717],[128.64134,36.01033],[128.63703,36.01669],[128.62134,36.02514],[128.62251,36.03815],[128.62633,36.04182],[128.62959,36.0523],[128.62846,36.05972],[128.63285,36.06693],[128.62782,36.06899],[128.63172,36.07644],[128.62768,36.08016],[128.61896,36.07696],[128.59806,36.07524],[128.59757,36.06688],[128.59452,36.06275],[128.58765,36.06367],[128.5834,36.06773],[128.56923,36.05817],[128.56908,36.06166],[128.56377,36.07123],[128.56899,36.08835],[128.56761,36.09546],[128.56278,36.1004],[128.56516,36.10926],[128.5629,36.11101]]]},"properties":{"osm_id":7817883,"name":"칠곡군","sgg_code":"47850","mois_admin":"4785000000","admin_level":6,"code_source":"osm"}},
{"type":"Feature","geometry":{"type":"Polygon","coordinates":[[[128.3684,36.80208],[128.37153,36.7965],[128.36671,36.79423],[128.3652,36.78112],[128.36314,36.77641],[128.36537,36.77318],[128.36048,36.76266],[128.36246,36.75744],[128.36726,36.75166],[128.3604,36.74464],[128.35855,36.74079],[128.34709,36.74176],[128.33761,36.74117],[128.32975,36.7334],[128.331,36.73051],[128.32954,36.72236],[128.33512,36.7109],[128.33533,36.70787],[128.3298,36.6992],[128.33465,36.69432],[128.33001,36.68503],[128.32426,36.68368],[128.32061,36.67873],[128.32542,36.66992],[128.33366,36.66613],[128.33409,36.66097],[128.33735,36.65814],[128.34971,36.65422],[128.34915,36.64824],[128.33336,36.64274],[128.32126,36.64556],[128.31877,36.65754],[128.31079,36.65809],[128.3083,36.65616],[128.30924,36.64081],[128.29611,36.63302],[128.29439,36.62924],[128.29001,36.62758],[128.28718,36.62118],[128.28289,36.61732],[128.27791,36.6167],[128.27156,36.61071],[128.26392,36.61201],[128.26218,36.60843],[128.26512,36.60492],[128.27911,36.59637],[128.28967,36.57942],[128.29594,36.57866],[128.29894,36.57115],[128.2954,36.56444],[128.29564,36.55733],[128.29971,36.55212],[128.26735,36.54991],[128.26452,36.54131],[128.26918,36.53166],[128.26427,36.52626],[128.266,36.51417],[128.26469,36.50891],[128.27135,36.49622],[128.27117,36.48621],[128.26079,36.47979],[128.26362,36.47676],[128.26924,36.47928],[128.27124,36.4761],[128.27966,36.4744],[128.27904,36.46486],[128.29006,36.46382],[128.29607,36.46665],[128.30546,36.45822],[128.3125,36.45791],[128.30915,36.46506],[128.31338,36.46977],[128.31855,36.47051],[128.32109,36.47476],[128.33615,36.48854],[128.33608,36.49958],[128.34132,36.50581],[128.34439,36.51252],[128.34306,36.52152],[128.34093,36.52438],[128.34705,36.52666],[128.35366,36.52659],[128.35954,36.53019],[128.36346,36.53036],[128.36894,36.5214],[128.36939,36.50972],[128.37748,36.50375],[128.39902,36.50839],[128.41264,36.51954],[128.4179,36.52102],[128.42919,36.52097],[128.44477,36.53467],[128.46408,36.5393],[128.46183,36.54538],[128.45792,36.54774],[128.46004,36.55253],[128.45592,36.55412],[128.46884,36.55967],[128.47217,36.56382],[128.48137,36.56715],[128.49412,36.56984],[128.49682,36.58218],[128.49202,36.58886],[128.49429,36.59879],[128.50485,36.60636],[128.50712,36.60192],[128.51412,36.60006],[128.5215,36.60168],[128.5294,36.59996],[128.53017,36.60595],[128.5336,36.6075],[128.53566,36.6136],[128.52978,36.61828],[128.52339,36.61932],[128.52579,36.628],[128.53163,36.62838],[128.53995,36.63378],[128.54656,36.63116],[128.55403,36.63599],[128.55712,36.63516],[128.56647,36.64012],[128.56742,36.64577],[128.57969,36.64942],[128.5815,36.64701],[128.58836,36.65031],[128.59849,36.65231],[128.60561,36.65217],[128.60707,36.66147],[128.60544,36.66312],[128.60613,36.67262],[128.60261,36.67881],[128.61128,36.68425],[128.61042,36.69279],[128.60583,36.69313],[128.59858,36.70261],[128.59379,36.70039],[128.59014,36.70282],[128.5936,36.705],[128.5931,36.70946],[128.58409,36.7104],[128.58508,36.72351],[128.57748,36.72477],[128.57735,36.73496],[128.57098,36.73644],[128.57244,36.74399],[128.56665,36.74776],[128.56693,36.75207],[128.56113,36.76124],[128.55635,36.76129],[128.55242,36.76933],[128.54495,36.76711],[128.53736,36.77356],[128.52493,36.77031],[128.52221,36.77177],[128.51107,36.76797],[128.50661,36.76462],[128.49869,36.76619],[128.49088,36.77368],[128.48258,36.77732],[128.47584,36.77743],[128.47723,36.7859],[128.4762,36.79618],[128.47223,36.80277],[128.47537,36.81672],[128.47903,36.81829],[128.47919,36.82303],[128.48346,36.8294],[128.48176,36.8357],[128.47476,36.84107],[128.4655,36.8454],[128.4594,36.84631],[128.44848,36.85015],[128.44672,36.84328],[128.4415,36.8376],[128.43411,36.83414],[128.43205,36.82407],[128.42604,36.81837],[128.42525,36.81478],[128.42048,36.81151],[128.41297,36.81127],[128.39963,36.81287],[128.39436,36.81487],[128.38126,36.81388],[128.37331,36.80767],[128.3684,36.80208]]]},"properties":{"osm_id":7741680,"name":"예천군","sgg_code":"47900","mois_admin":"4790000000","admin_level":6,"code_source":"osm"}},
{"type":"Feature","geometry":{"type":"Polygon","coordinates":[[[128.7091,37.03936],[128.70732,37.03507],[128.7014,37.02825],[128.70217,37.01229],[128.69329,37.00403],[128.69531,36.99865],[128.69342,36.99296],[128.69106,36.97852],[128.69389,36.97379],[128.68814,36.96872],[128.68715,36.95915],[128.6823,36.95288],[128.67947,36.95349],[128.67621,36.9455],[128.66604,36.94276],[128.66273,36.93919],[128.6611,36.92837],[128.6673,36.9231],[128.66612,36.92001],[128.67057,36.91953],[128.65962,36.90914],[128.65512,36.91126],[128.65007,36.90931],[128.64799,36.90145],[128.63894,36.88858],[128.63945,36.88486],[128.6461,36.87952],[128.6525,36.88153],[128.65125,36.87835],[128.6566,36.87246],[128.65731,36.86912],[128.64537,36.86309],[128.64344,36.85651],[128.64872,36.85576],[128.66076,36.8504],[128.66503,36.8419],[128.66838,36.84463],[128.67518,36.84264],[128.67432,36.84814],[128.67878,36.85143],[128.67763,36.85538],[128.68595,36.85895],[128.6869,36.8635],[128.70241,36.86088],[128.7064,36.86711],[128.71558,36.86465],[128.72144,36.86773],[128.72762,36.86616],[128.72988,36.86311],[128.72571,36.86079],[128.73801,36.83965],[128.7302,36.83196],[128.71988,36.82895],[128.72071,36.82366],[128.72567,36.82133],[128.73256,36.82275],[128.7288,36.8188],[128.72885,36.811],[128.72282,36.80092],[128.72638,36.79277],[128.73279,36.79095],[128.73614,36.79497],[128.7353,36.79923],[128.74455,36.79678],[128.74929,36.80887],[128.75504,36.80702],[128.75998,36.80977],[128.76401,36.80633],[128.76474,36.80166],[128.76865,36.8064],[128.7774,36.80468],[128.78195,36.80664],[128.78706,36.81221],[128.79427,36.81389],[128.80133,36.82308],[128.80654,36.82131],[128.81013,36.81629],[128.80448,36.81231],[128.8071,36.80889],[128.80729,36.8021],[128.81219,36.79544],[128.8189,36.80068],[128.8238,36.81028],[128.84047,36.80913],[128.8447,36.80279],[128.85684,36.80114],[128.86461,36.79788],[128.86529,36.79454],[128.87233,36.78963],[128.87285,36.78612],[128.88439,36.7831],[128.89139,36.77213],[128.89495,36.77145],[128.90349,36.77609],[128.90928,36.77519],[128.91971,36.76763],[128.92864,36.76784],[128.94225,36.7736],[128.9546,36.77059],[128.96207,36.75842],[128.96409,36.75243],[128.97675,36.74779],[128.98447,36.74875],[128.99034,36.7477],[128.99206,36.75613],[128.98357,36.76344],[128.98439,36.77227],[128.98946,36.77643],[129.00011,36.78044],[129.0069,36.77918],[129.01586,36.7842],[129.02088,36.78334],[129.03485,36.78822],[129.03701,36.79439],[129.04704,36.79669],[129.05062,36.80257],[129.06926,36.82022],[129.08073,36.81821],[129.08897,36.82625],[129.09991,36.82854],[129.10368,36.83524],[129.12112,36.84709],[129.12783,36.86488],[129.13255,36.86584],[129.14152,36.87383],[129.15289,36.87378],[129.156,36.8781],[129.15521,36.88901],[129.14768,36.8902],[129.14923,36.8963],[129.14478,36.89844],[129.14834,36.90527],[129.14494,36.91018],[129.1433,36.92032],[129.13765,36.9225],[129.13714,36.92656],[129.12494,36.93019],[129.11893,36.93596],[129.11141,36.93367],[129.10445,36.93874],[129.10791,36.94347],[129.09657,36.94626],[129.09133,36.9449],[129.08409,36.94693],[129.08858,36.95005],[129.08429,36.95455],[129.07977,36.95506],[129.07772,36.95853],[129.08239,36.96345],[129.09086,36.96165],[129.09202,36.97056],[129.09538,36.97749],[129.09147,36.97964],[129.09018,36.98436],[129.0931,36.98875],[129.09291,36.99528],[129.08973,36.99965],[129.09414,37.00706],[129.0849,37.00877],[129.09249,37.01461],[129.09717,37.0159],[129.10467,37.02091],[129.10574,37.02578],[129.11454,37.02599],[129.1184,37.03025],[129.12046,37.02835],[129.12673,37.03039],[129.13098,37.03431],[129.14093,37.03289],[129.14722,37.02494],[129.16127,37.02042],[129.16717,37.02206],[129.17637,37.02886],[129.17869,37.03482],[129.18264,37.03625],[129.18541,37.04172],[129.18503,37.04658],[129.17571,37.0578],[129.1704,37.06036],[129.16618,37.06922],[129.16169,37.06888],[129.14805,37.07613],[129.14427,37.07658],[129.13947,37.08227],[129.13355,37.08175],[129.12719,37.08444],[129.12669,37.08893],[129.11807,37.09274],[129.10778,37.0935],[129.10458,37.09772],[129.09566,37.10031],[129.0912,37.09715],[129.07686,37.09292],[129.07001,37.08738],[129.07087,37.08501],[129.0656,37.07875],[129.06742,37.07619],[129.06398,37.06807],[129.05708,37.06496],[129.05322,37.07037],[129.04188,37.07104],[129.03669,37.07618],[129.03241,37.07492],[129.02435,37.07835],[129.02085,37.07654],[129.01389,37.07855],[129.00063,37.08036],[128.98417,37.08469],[128.97551,37.08114],[128.95927,37.07758],[128.95482,37.07959],[128.95344,37.08496],[128.9457,37.09384],[128.93209,37.09087],[128.9232,37.09212],[128.91501,37.08368],[128.91687,37.07861],[128.9103,37.06831],[128.91042,37.06613],[128.89807,37.0576],[128.89642,37.04452],[128.88734,37.05036],[128.87854,37.05326],[128.87684,37.04608],[128.87248,37.04395],[128.86595,37.04794],[128.84687,37.05161],[128.84384,37.05723],[128.83595,37.06594],[128.83167,37.0674],[128.83208,37.07508],[128.82938,37.07846],[128.81943,37.07703],[128.81257,37.07871],[128.80787,37.076],[128.79997,37.07897],[128.80153,37.08435],[128.79942,37.08694],[128.78581,37.08785],[128.78028,37.09234],[128.77359,37.08751],[128.77769,37.08273],[128.77777,37.07883],[128.77134,37.07635],[128.76839,37.06781],[128.76475,37.06355],[128.75718,37.07001],[128.75258,37.05786],[128.75302,37.05372],[128.76142,37.04444],[128.76218,37.03616],[128.75455,37.03196],[128.75376,37.02783],[128.74908,37.02886],[128.73583,37.03975],[128.71867,37.04375],[128.71152,37.0419],[128.7091,37.03936]]]},"properties":{"osm_id":7817889,"name":"봉화군","sgg_code":"47920","mois_admin":"4792000000","admin_level":6,"code_source":"osm"}},
{"type":"Feature","geometry":{"type":"Polygon","coordinates":[[[129.18541,37.04172],[129.18264,37.03625],[129.17869,37.03482],[129.17637,37.02886],[129.16717,37.02206],[129.16127,37.02042],[129.14722,37.02494],[129.14093,37.03289],[129.13098,37.03431],[129.12673,37.03039],[129.12046,37.02835],[129.1184,37.03025],[129.11454,37.02599],[129.10574,37.02578],[129.10467,37.02091],[129.09717,37.0159],[129.09249,37.01461],[129.0849,37.00877],[129.09414,37.00706],[129.08973,36.99965],[129.09291,36.99528],[129.0931,36.98875],[129.09018,36.98436],[129.09147,36.97964],[129.09538,36.97749],[129.09202,36.97056],[129.09086,36.96165],[129.08239,36.96345],[129.07772,36.95853],[129.07977,36.95506],[129.08429,36.95455],[129.08858,36.95005],[129.08409,36.94693],[129.09133,36.9449],[129.09657,36.94626],[129.10791,36.94347],[129.10445,36.93874],[129.11141,36.93367],[129.11893,36.93596],[129.12494,36.93019],[129.13714,36.92656],[129.13765,36.9225],[129.1433,36.92032],[129.14494,36.91018],[129.14834,36.90527],[129.14478,36.89844],[129.14923,36.8963],[129.14768,36.8902],[129.15521,36.88901],[129.156,36.8781],[129.16341,36.87436],[129.16618,36.87934],[129.16993,36.88111],[129.17669,36.87936],[129.19066,36.87973],[129.19613,36.87472],[129.19652,36.86937],[129.20143,36.86564],[129.2048,36.85585],[129.20767,36.85616],[129.20933,36.86255],[129.21188,36.86418],[129.21628,36.859],[129.23012,36.86409],[129.23261,36.86401],[129.22591,36.85661],[129.23982,36.85081],[129.24774,36.85283],[129.25495,36.85964],[129.25653,36.8727],[129.26158,36.87747],[129.26044,36.87142],[129.27099,36.87144],[129.27665,36.87528],[129.27938,36.87363],[129.28488,36.86311],[129.27541,36.85894],[129.27682,36.84635],[129.27046,36.84053],[129.27302,36.83361],[129.27804,36.83236],[129.28924,36.83257],[129.28989,36.8287],[129.29392,36.82669],[129.28918,36.81477],[129.28903,36.80871],[129.30074,36.79371],[129.30564,36.79311],[129.31218,36.78541],[129.31381,36.78128],[129.31207,36.77568],[129.30901,36.77403],[129.30304,36.77623],[129.29652,36.76494],[129.2969,36.75578],[129.28542,36.7522],[129.27283,36.74477],[129.27317,36.73832],[129.26972,36.73237],[129.27156,36.72598],[129.27877,36.72273],[129.28081,36.7239],[129.28699,36.7198],[129.29456,36.71712],[129.28665,36.7086],[129.28631,36.7027],[129.28123,36.69355],[129.27656,36.69169],[129.27899,36.68141],[129.26878,36.67385],[129.27435,36.67068],[129.27942,36.67063],[129.28436,36.66734],[129.29225,36.66984],[129.30963,36.66809],[129.31849,36.66539],[129.32577,36.66729],[129.32913,36.66225],[129.34805,36.65719],[129.35466,36.65092],[129.35788,36.65351],[129.36163,36.66067],[129.36689,36.66331],[129.37298,36.66239],[129.37396,36.66465],[129.38374,36.66885],[129.38748,36.66533],[129.39501,36.66616],[129.39684,36.66153],[129.40228,36.6616],[129.41063,36.65599],[129.411,36.65303],[129.41631,36.65198],[129.42,36.64438],[129.43778,36.64047],[129.47266,36.67428],[129.48931,36.68805],[129.49635,36.71654],[129.49111,36.76874],[129.47223,36.8005],[129.46399,36.82854],[129.44016,36.86617],[129.43725,36.90969],[129.43356,36.94846],[129.43476,36.99111],[129.43459,37.03155],[129.44849,37.06019],[129.40283,37.10716],[129.3718,37.14967],[129.3626,37.1456],[129.34461,37.14602],[129.33057,37.1405],[129.32483,37.14229],[129.31815,37.13295],[129.3118,37.13221],[129.30889,37.12794],[129.30387,37.12824],[129.29523,37.1203],[129.29459,37.11437],[129.282,37.1161],[129.27674,37.11855],[129.27124,37.11638],[129.27024,37.10692],[129.26566,37.10215],[129.25907,37.10105],[129.25316,37.09679],[129.24903,37.09615],[129.24046,37.08504],[129.23725,37.08381],[129.23086,37.07662],[129.22538,37.07372],[129.23086,37.0689],[129.23307,37.06388],[129.22954,37.05474],[129.23177,37.05426],[129.23267,37.04422],[129.23821,37.04079],[129.23359,37.0404],[129.22531,37.04456],[129.2138,37.04303],[129.20505,37.04497],[129.19475,37.04063],[129.18541,37.04172]]]},"properties":{"osm_id":7002834,"name":"울진군","sgg_code":"47930","mois_admin":"4793000000","admin_level":6,"code_source":"osm"}},
{"type":"Feature","geometry":{"type":"MultiPolygon","coordinates":[[[[130.51566,37.52257],[130.51569,37.51047],[130.51689,37.49788],[130.52118,37.47608],[130.52836,37.45512],[130.53526,37.43146],[130.54264,37.41435],[130.55097,37.40023],[130.55998,37.38775],[130.57526,37.36893],[130.59686,37.34693],[130.63774,37.31789],[130.66298,37.30478],[130.68767,37.2946],[130.7313,37.27856],[130.78606,37.2634],[130.82726,37.25588],[130.85009,37.25356],[130.87408,37.25313],[130.92545,37.25657],[130.97317,37.2664],[131.02412,37.28509],[131.06526,37.30949],[131.07788,37.31837],[131.09101,37.32895],[131.11153,37.34191],[131.14205,37.36682],[131.16182,37.38912],[131.17556,37.41203],[131.18414,37.42784],[131.18826,37.4412],[131.19873,37.45633],[131.2059,37.47394],[131.21143,37.49134],[131.21572,37.50864],[131.21727,37.52852],[131.21655,37.55011],[131.21178,37.57247],[131.20422,37.59451],[131.19375,37.61478],[131.17985,37.63299],[131.16457,37.65107],[131.14603,37.66752],[131.1238,37.68559],[131.10034,37.70196],[131.06037,37.72117],[131.03806,37.72986],[130.98827,37.74483],[130.96458,37.74954],[130.93695,37.75226],[130.90842,37.75337],[130.87695,37.75219],[130.84923,37.74914],[130.80949,37.74099],[130.77624,37.73607],[130.74074,37.72701],[130.72331,37.72151],[130.70726,37.71492],[130.67585,37.70596],[130.64126,37.69129],[130.62512,37.68307],[130.61195,37.67522],[130.58925,37.65909],[130.57852,37.64992],[130.56127,37.63347],[130.54908,37.61783],[130.53852,37.60186],[130.5338,37.59295],[130.52513,37.57343],[130.51844,37.54914],[130.5162,37.53668],[130.51566,37.52257]]],[[[131.61056,37.24194],[131.61194,37.21972],[131.61389,37.20833],[131.61889,37.18889],[131.62528,37.17222],[131.63806,37.14861],[131.64861,37.13361],[131.65639,37.12417],[131.66972,37.11056],[131.68667,37.09583],[131.70556,37.0825],[131.72583,37.07083],[131.75083,37.05944],[131.77056,37.05278],[131.79083,37.04722],[131.81972,37.04111],[131.84444,37.03833],[131.86944,37.03722],[131.89444,37.03833],[131.91917,37.04111],[131.94361,37.04611],[131.96722,37.05306],[131.98972,37.06194],[132.01111,37.07222],[132.02861,37.08278],[132.0475,37.09583],[132.06472,37.11056],[132.07972,37.12667],[132.09278,37.14361],[132.10389,37.16167],[132.11528,37.18889],[132.12056,37.20861],[132.12333,37.23139],[132.12333,37.24833],[132.12056,37.27111],[132.11528,37.29083],[132.10889,37.30722],[132.10389,37.31778],[132.08944,37.34083],[132.08167,37.35056],[132.06694,37.36667],[132.05056,37.38167],[132.03028,37.39722],[132.01083,37.40972],[131.98972,37.42083],[131.9675,37.43],[131.93417,37.44],[131.91667,37.44361],[131.89556,37.44639],[131.86694,37.44806],[131.83833,37.44694],[131.81361,37.44417],[131.78944,37.43917],[131.76583,37.43222],[131.74306,37.42361],[131.72194,37.41306],[131.70194,37.40111],[131.68361,37.3875],[131.66694,37.3725],[131.65222,37.35611],[131.64139,37.34139],[131.63528,37.33111],[131.62639,37.31361],[131.61778,37.29167],[131.61306,37.27222],[131.61167,37.26361],[131.61056,37.24194]]]]},"properties":{"osm_id":7715627,"name":"울릉군","sgg_code":"47940","mois_admin":"4794000000","admin_level":6,"code_source":"osm"}},
{"type":"Feature","geometry":{"type":"Polygon","coordinates":[[[128.76114,35.03591],[128.77776,35.03733],[128.78427,35.05683],[128.78317,35.07146],[128.78704,35.07379],[128.81817,35.07406],[128.81824,35.08607],[128.82852,35.08607],[128.83205,35.0879],[128.82408,35.09413],[128.82186,35.0977],[128.82375,35.10193],[128.8357,35.10132],[128.8421,35.10716],[128.84289,35.11336],[128.83598,35.11911],[128.83783,35.12293],[128.83481,35.13062],[128.82857,35.12856],[128.82545,35.13121],[128.81586,35.13295],[128.8026,35.1424],[128.80238,35.14883],[128.795,35.14981],[128.79397,35.15739],[128.78137,35.15918],[128.76412,35.16935],[128.74041,35.16869],[128.74773,35.19257],[128.75228,35.19306],[128.75073,35.20043],[128.74421,35.20583],[128.73786,35.20401],[128.73056,35.20548],[128.72498,35.21221],[128.71983,35.22497],[128.72421,35.22911],[128.72404,35.23998],[128.72112,35.24446],[128.71809,35.24341],[128.71743,35.25056],[128.71149,35.26327],[128.71163,35.26953],[128.7063,35.27834],[128.7042,35.28925],[128.70452,35.29375],[128.69554,35.30367],[128.69667,35.31045],[128.70928,35.30889],[128.71616,35.31006],[128.71138,35.31472],[128.7131,35.32199],[128.71767,35.32552],[128.72507,35.31936],[128.73352,35.3159],[128.74015,35.31744],[128.74247,35.32038],[128.74236,35.33163],[128.75037,35.33274],[128.75024,35.34026],[128.75413,35.33494],[128.76163,35.34051],[128.76163,35.34437],[128.73416,35.35235],[128.71477,35.36529],[128.6897,35.37797],[128.65983,35.37265],[128.65052,35.37407],[128.6271,35.37316],[128.61725,35.37848],[128.61434,35.38236],[128.60219,35.39344],[128.59774,35.394],[128.59222,35.38999],[128.5843,35.38171],[128.577,35.37916],[128.5762,35.37277],[128.57779,35.36797],[128.57154,35.3618],[128.57155,35.35875],[128.56253,35.35702],[128.55945,35.35278],[128.56397,35.35008],[128.56272,35.34699],[128.56609,35.34274],[128.56593,35.33896],[128.56985,35.33423],[128.56335,35.32589],[128.57235,35.31978],[128.57219,35.31551],[128.58268,35.30861],[128.57229,35.30075],[128.57358,35.29581],[128.58108,35.2875],[128.58328,35.27856],[128.59011,35.276],[128.59125,35.27159],[128.5782,35.26914],[128.56281,35.27619],[128.55696,35.27734],[128.54485,35.27058],[128.53857,35.27272],[128.53487,35.2668],[128.52464,35.27024],[128.51868,35.26866],[128.51107,35.26898],[128.50744,35.27315],[128.49734,35.27562],[128.49082,35.27376],[128.49114,35.26577],[128.48521,35.25766],[128.47868,35.25307],[128.47439,35.24141],[128.47579,35.23769],[128.47538,35.22487],[128.4742,35.22234],[128.47921,35.21233],[128.48429,35.21165],[128.49007,35.20699],[128.48998,35.20207],[128.47896,35.18772],[128.46523,35.18885],[128.45733,35.18376],[128.44631,35.18028],[128.44392,35.16999],[128.43746,35.16519],[128.42996,35.16424],[128.42693,35.1667],[128.41638,35.17059],[128.40991,35.17927],[128.40631,35.17934],[128.40365,35.18407],[128.40519,35.19018],[128.40788,35.19236],[128.40512,35.19948],[128.40079,35.20485],[128.38928,35.20688],[128.37649,35.19818],[128.37434,35.19337],[128.36754,35.19413],[128.36683,35.18315],[128.36449,35.17806],[128.36512,35.17186],[128.36132,35.16231],[128.3622,35.15227],[128.35861,35.14688],[128.36212,35.14193],[128.35688,35.13827],[128.35811,35.1356],[128.3488,35.13101],[128.34795,35.12684],[128.35371,35.11849],[128.35007,35.11096],[128.35657,35.10781],[128.37436,35.10919],[128.38097,35.10389],[128.38916,35.10025],[128.39251,35.08854],[128.40044,35.08416],[128.3996,35.09061],[128.41186,35.09284],[128.41732,35.09136],[128.42839,35.08526],[128.4256,35.08078],[128.42826,35.07124],[128.42276,35.05611],[128.4262,35.05184],[128.4313,35.05219],[128.4435,35.06853],[128.45303,35.07246],[128.46195,35.07036],[128.46951,35.07759],[128.47706,35.07302],[128.55448,35.0334],[128.68288,35.05279],[128.76114,35.03591]]]},"properties":{"osm_id":7224484,"name":"창원시","sgg_code":"48120","mois_admin":"4812000000","admin_level":6,"code_source":"osm"}},
{"type":"Feature","geometry":{"type":"Polygon","coordinates":[[[128.36754,35.19413],[128.36009,35.20117],[128.3559,35.20754],[128.34992,35.20983],[128.34258,35.20759],[128.33806,35.20864],[128.32978,35.2067],[128.32244,35.21341],[128.31827,35.22173],[128.30734,35.22168],[128.3078,35.22916],[128.3036,35.23745],[128.29426,35.24114],[128.29899,35.24821],[128.29351,35.25352],[128.28595,35.25173],[128.27424,35.25737],[128.27296,35.25614],[128.26001,35.25733],[128.24811,35.25375],[128.23351,35.25419],[128.21919,35.26473],[128.21481,35.26269],[128.20927,35.26469],[128.20552,35.26285],[128.2011,35.25359],[128.19408,35.25628],[128.19507,35.26606],[128.19079,35.26753],[128.18986,35.27232],[128.18471,35.27537],[128.17861,35.28166],[128.17996,35.28513],[128.17417,35.29432],[128.17734,35.29775],[128.17277,35.30807],[128.17419,35.31475],[128.17763,35.31715],[128.17837,35.32247],[128.16423,35.33614],[128.16388,35.34179],[128.15846,35.34574],[128.15448,35.35108],[128.14526,35.34795],[128.12404,35.33308],[128.11469,35.33086],[128.10748,35.33184],[128.10174,35.33528],[128.09441,35.33511],[128.08012,35.33679],[128.07454,35.33597],[128.0699,35.33248],[128.05878,35.33357],[128.05703,35.32899],[128.05027,35.32092],[128.05246,35.31288],[128.04559,35.30612],[128.04069,35.30392],[128.03314,35.30727],[128.01508,35.30338],[128.01285,35.29931],[128.00644,35.29788],[128.00198,35.29053],[127.99586,35.28652],[127.98617,35.28688],[127.98416,35.28165],[127.98628,35.27731],[127.98325,35.27081],[127.97388,35.27011],[127.97207,35.25445],[127.96628,35.24623],[127.94739,35.24145],[127.94483,35.24529],[127.93805,35.24965],[127.93219,35.25071],[127.92475,35.24922],[127.91956,35.2514],[127.91306,35.24365],[127.90899,35.22406],[127.90509,35.2227],[127.89767,35.22746],[127.89032,35.22649],[127.88793,35.21679],[127.88855,35.21345],[127.8939,35.21062],[127.89503,35.20545],[127.89347,35.19689],[127.89749,35.19492],[127.90719,35.18492],[127.91958,35.18042],[127.93784,35.1697],[127.93989,35.16635],[127.93697,35.15821],[127.9424,35.15559],[127.95009,35.15444],[127.95696,35.15749],[127.96483,35.15719],[127.96608,35.15422],[127.97129,35.15346],[127.97454,35.15735],[127.97996,35.15888],[127.98373,35.15663],[127.99886,35.15621],[127.9981,35.15166],[128.00164,35.14859],[127.99756,35.1436],[128.00056,35.14126],[128.00313,35.13364],[128.0011,35.12458],[128.00124,35.11737],[128.00556,35.11315],[128.01088,35.1116],[128.01936,35.11231],[128.02069,35.11719],[128.028,35.12283],[128.03673,35.12019],[128.04395,35.12085],[128.04856,35.1242],[128.05019,35.13131],[128.06057,35.12808],[128.07087,35.12837],[128.07577,35.1232],[128.08679,35.12019],[128.09116,35.11586],[128.09149,35.11004],[128.08951,35.10472],[128.09116,35.10096],[128.09787,35.10647],[128.10891,35.10532],[128.12155,35.11465],[128.12854,35.1148],[128.13437,35.11699],[128.14623,35.11524],[128.15389,35.11081],[128.15791,35.10132],[128.16309,35.10155],[128.16658,35.09688],[128.17302,35.0948],[128.16856,35.08869],[128.16868,35.08363],[128.16273,35.07969],[128.15301,35.08072],[128.14843,35.07709],[128.15248,35.07406],[128.15674,35.06589],[128.16293,35.06609],[128.1727,35.05194],[128.17905,35.05356],[128.18456,35.0503],[128.18889,35.05311],[128.19452,35.06345],[128.20212,35.06942],[128.21129,35.07386],[128.20315,35.07666],[128.19056,35.07669],[128.18738,35.08835],[128.1916,35.09805],[128.19721,35.09605],[128.20087,35.10019],[128.19834,35.10374],[128.20056,35.10803],[128.21093,35.11512],[128.22414,35.1136],[128.22868,35.11699],[128.23435,35.11696],[128.2414,35.12087],[128.24254,35.12615],[128.2488,35.12774],[128.26397,35.12708],[128.26957,35.13172],[128.28896,35.13141],[128.29981,35.12553],[128.30696,35.12521],[128.31594,35.12955],[128.32229,35.1296],[128.32808,35.12435],[128.33283,35.12449],[128.33833,35.12792],[128.34795,35.12684],[128.3488,35.13101],[128.35811,35.1356],[128.35688,35.13827],[128.36212,35.14193],[128.35861,35.14688],[128.3622,35.15227],[128.36132,35.16231],[128.36512,35.17186],[128.36449,35.17806],[128.36683,35.18315],[128.36754,35.19413]]]},"properties":{"osm_id":7820650,"name":"진주시","sgg_code":"48170","mois_admin":"4817000000","admin_level":6,"code_source":"osm"}},
{"type":"Feature","geometry":{"type":"Polygon","coordinates":[[[128.30633,34.20504],[128.81628,34.34326],[128.79272,34.50995],[128.65576,34.62675],[128.60413,34.67074],[128.57045,34.7049],[128.56842,34.73809],[128.56991,34.75854],[128.54124,34.76883],[128.53025,34.77757],[128.52922,34.79576],[128.51309,34.80436],[128.48917,34.82167],[128.47721,34.81874],[128.46399,34.82099],[128.45409,34.83356],[128.44987,34.83706],[128.46138,34.84564],[128.47228,34.8672],[128.46923,34.87459],[128.47732,34.88966],[128.48054,34.89932],[128.49627,34.9111],[128.4985,34.9276],[128.49983,34.97965],[128.44294,34.97281],[128.43231,34.97648],[128.42346,34.97532],[128.41558,34.96667],[128.40521,34.96862],[128.40122,34.97092],[128.40047,34.9643],[128.39264,34.96353],[128.38896,34.96084],[128.39114,34.95188],[128.38625,34.95097],[128.38272,34.94742],[128.37047,34.94618],[128.34754,34.93989],[128.33979,34.93404],[128.33233,34.93143],[128.31437,34.92885],[128.31644,34.91622],[128.31037,34.91263],[128.28949,34.90437],[128.28888,34.8972],[128.29447,34.88426],[128.27262,34.87689],[128.23654,34.87298],[128.16341,34.86819],[128.11269,34.88145],[128.08067,34.86621],[128.12525,34.78668],[128.11734,34.71382],[128.11598,34.63096],[128.12145,34.58386],[128.14029,34.47343],[128.30633,34.20504]]]},"properties":{"osm_id":7831215,"name":"통영시","sgg_code":"48220","mois_admin":"4822000000","admin_level":6,"code_source":"osm"}},
{"type":"Feature","geometry":{"type":"Polygon","coordinates":[[[128.18456,35.0503],[128.17905,35.05356],[128.1727,35.05194],[128.16293,35.06609],[128.15674,35.06589],[128.15248,35.07406],[128.14843,35.07709],[128.15301,35.08072],[128.16273,35.07969],[128.16868,35.08363],[128.16856,35.08869],[128.17302,35.0948],[128.16658,35.09688],[128.16309,35.10155],[128.15791,35.10132],[128.15389,35.11081],[128.14623,35.11524],[128.13437,35.11699],[128.12854,35.1148],[128.12155,35.11465],[128.10891,35.10532],[128.09787,35.10647],[128.09116,35.10096],[128.08951,35.10472],[128.09149,35.11004],[128.09116,35.11586],[128.08679,35.12019],[128.07577,35.1232],[128.07087,35.12837],[128.06057,35.12808],[128.05019,35.13131],[128.04856,35.1242],[128.04395,35.12085],[128.03673,35.12019],[128.028,35.12283],[128.02069,35.11719],[128.01936,35.11231],[128.01088,35.1116],[128.00556,35.11315],[128.00124,35.11737],[128.0011,35.12458],[128.00313,35.13364],[128.00056,35.14126],[127.99756,35.1436],[128.00164,35.14859],[127.9981,35.15166],[127.99886,35.15621],[127.98373,35.15663],[127.97996,35.15888],[127.97454,35.15735],[127.97129,35.15346],[127.96608,35.15422],[127.96483,35.15719],[127.95696,35.15749],[127.95009,35.15444],[127.9424,35.15559],[127.93165,35.14943],[127.92979,35.14469],[127.92141,35.15015],[127.90965,35.14845],[127.9023,35.15485],[127.89594,35.15624],[127.89657,35.15284],[127.88852,35.15105],[127.88568,35.14735],[127.88023,35.1488],[127.87894,35.14556],[127.88598,35.13028],[127.88976,35.13068],[127.89604,35.12602],[127.90262,35.12511],[127.91035,35.11993],[127.90984,35.11524],[127.8998,35.10974],[127.90245,35.10319],[127.90957,35.09749],[127.90325,35.09543],[127.90174,35.08749],[127.89162,35.08642],[127.8961,35.07921],[127.90335,35.07973],[127.90838,35.07465],[127.91196,35.07374],[127.91449,35.06463],[127.92034,35.06433],[127.92526,35.05354],[127.93131,35.04794],[127.92364,35.0418],[127.92483,35.03603],[127.92226,35.01504],[127.92926,34.97941],[127.92781,34.96467],[127.92386,34.9472],[127.94467,34.94108],[127.95712,34.93886],[127.96686,34.93819],[127.97536,34.93911],[127.99407,34.93777],[128.00909,34.93365],[128.03278,34.92113],[128.03793,34.91367],[128.04583,34.90902],[128.05647,34.8948],[128.08067,34.86621],[128.11269,34.88145],[128.10322,34.89189],[128.0993,34.90483],[128.09869,34.91353],[128.10069,34.91879],[128.1118,34.92356],[128.11967,34.92221],[128.11625,34.92631],[128.11433,34.93374],[128.12267,34.93887],[128.12317,34.94901],[128.13168,34.95815],[128.13529,34.96759],[128.13352,34.97915],[128.13805,34.98237],[128.14374,34.98955],[128.14821,34.99131],[128.15608,34.98974],[128.16627,34.98326],[128.17053,34.98606],[128.16718,34.98985],[128.16469,34.99717],[128.1578,35.00692],[128.16264,35.02739],[128.1651,35.02986],[128.17259,35.03111],[128.18128,35.0399],[128.18456,35.0503]]]},"properties":{"osm_id":7830933,"name":"사천시","sgg_code":"48240","mois_admin":"4824000000","admin_level":6,"code_source":"osm"}},
{"type":"Feature","geometry":{"type":"Polygon","coordinates":[[[128.79397,35.15739],[128.81564,35.16023],[128.82376,35.15634],[128.82706,35.15813],[128.83315,35.15728],[128.84616,35.16419],[128.84762,35.16704],[128.85289,35.1663],[128.86251,35.16837],[128.87191,35.16707],[128.87306,35.16276],[128.86997,35.15837],[128.86525,35.15823],[128.87156,35.15118],[128.87693,35.15163],[128.87542,35.15851],[128.8822,35.16037],[128.87905,35.1693],[128.87244,35.17237],[128.87354,35.17435],[128.88058,35.17167],[128.88145,35.18291],[128.87639,35.18782],[128.87626,35.19289],[128.87047,35.20171],[128.87896,35.20996],[128.88605,35.21432],[128.89672,35.2131],[128.90489,35.21531],[128.91203,35.21318],[128.90505,35.2201],[128.91259,35.22249],[128.91837,35.2142],[128.92043,35.21394],[128.94121,35.22856],[128.95267,35.22611],[128.97205,35.22447],[128.98633,35.22736],[128.99302,35.23255],[128.99836,35.23203],[129.0011,35.23567],[129.01426,35.27095],[129.01284,35.27351],[129.01028,35.27902],[128.995,35.29135],[128.9823,35.2978],[128.97474,35.30803],[128.96942,35.32806],[128.9665,35.33156],[128.94384,35.33926],[128.91277,35.3639],[128.90625,35.36516],[128.89406,35.36488],[128.88376,35.36684],[128.87655,35.3709],[128.87254,35.38052],[128.87055,35.38993],[128.86602,35.39428],[128.85441,35.39413],[128.83535,35.38406],[128.81072,35.37979],[128.80111,35.37335],[128.80079,35.36106],[128.79647,35.35557],[128.78926,35.35109],[128.76163,35.34437],[128.76163,35.34051],[128.75413,35.33494],[128.75024,35.34026],[128.75037,35.33274],[128.74236,35.33163],[128.74247,35.32038],[128.74015,35.31744],[128.73352,35.3159],[128.72507,35.31936],[128.71767,35.32552],[128.7131,35.32199],[128.71138,35.31472],[128.71616,35.31006],[128.70928,35.30889],[128.69667,35.31045],[128.69554,35.30367],[128.70452,35.29375],[128.7042,35.28925],[128.7063,35.27834],[128.71163,35.26953],[128.71149,35.26327],[128.71743,35.25056],[128.71809,35.24341],[128.72112,35.24446],[128.72404,35.23998],[128.72421,35.22911],[128.71983,35.22497],[128.72498,35.21221],[128.73056,35.20548],[128.73786,35.20401],[128.74421,35.20583],[128.75073,35.20043],[128.75228,35.19306],[128.74773,35.19257],[128.74041,35.16869],[128.76412,35.16935],[128.78137,35.15918],[128.79397,35.15739]]]},"properties":{"osm_id":7224485,"name":"김해시","sgg_code":"48250","mois_admin":"4825000000","admin_level":6,"code_source":"osm"}},
{"type":"Feature","geometry":{"type":"Polygon","coordinates":[[[129.00307,35.62051],[128.99989,35.6164],[128.98539,35.60747],[128.97997,35.60819],[128.97174,35.61424],[128.96221,35.61458],[128.95983,35.62005],[128.95503,35.62221],[128.94928,35.62898],[128.93898,35.6347],[128.93529,35.634],[128.91726,35.63881],[128.90576,35.63437],[128.89108,35.63044],[128.88559,35.63009],[128.8829,35.6351],[128.87409,35.6347],[128.87229,35.62026],[128.86625,35.61375],[128.86445,35.60886],[128.85853,35.6067],[128.85358,35.59674],[128.84388,35.58934],[128.83372,35.59791],[128.82225,35.59625],[128.82062,35.59346],[128.81152,35.58976],[128.80174,35.58966],[128.79736,35.57531],[128.78668,35.56673],[128.77169,35.56764],[128.76849,35.56991],[128.75871,35.56785],[128.74931,35.57056],[128.73597,35.57672],[128.73218,35.57665],[128.7225,35.58077],[128.71605,35.57836],[128.71341,35.57957],[128.70346,35.57873],[128.69573,35.58348],[128.69385,35.59032],[128.69041,35.59423],[128.68372,35.59367],[128.67339,35.59606],[128.6638,35.59419],[128.65793,35.59772],[128.6471,35.59386],[128.64389,35.58697],[128.64012,35.58683],[128.63737,35.58278],[128.63033,35.58627],[128.62304,35.58607],[128.60344,35.58014],[128.59317,35.58431],[128.58554,35.57978],[128.58643,35.57318],[128.58394,35.567],[128.58881,35.56353],[128.58883,35.55748],[128.58559,35.55388],[128.58753,35.54772],[128.59374,35.54048],[128.59124,35.53679],[128.58594,35.53891],[128.57714,35.53703],[128.58192,35.53493],[128.58377,35.52916],[128.58241,35.52429],[128.59059,35.51771],[128.58925,35.50866],[128.58171,35.50526],[128.5765,35.50476],[128.57262,35.4974],[128.57244,35.48527],[128.57356,35.47283],[128.57939,35.46605],[128.57712,35.45994],[128.58304,35.45378],[128.58924,35.4523],[128.59524,35.45299],[128.60616,35.45017],[128.61509,35.44593],[128.61762,35.44918],[128.62604,35.45172],[128.63103,35.44909],[128.63355,35.4445],[128.63604,35.4348],[128.64471,35.43272],[128.65108,35.4255],[128.65075,35.42169],[128.64583,35.41271],[128.64814,35.40053],[128.64414,35.39309],[128.64462,35.38863],[128.63867,35.38655],[128.63882,35.38442],[128.64984,35.38516],[128.65169,35.38241],[128.64757,35.37946],[128.65052,35.37407],[128.65983,35.37265],[128.6897,35.37797],[128.71477,35.36529],[128.73416,35.35235],[128.76163,35.34437],[128.78926,35.35109],[128.79647,35.35557],[128.80079,35.36106],[128.80111,35.37335],[128.81072,35.37979],[128.83535,35.38406],[128.85441,35.39413],[128.86602,35.39428],[128.87055,35.38993],[128.87254,35.38052],[128.87631,35.38543],[128.88066,35.38665],[128.87864,35.39704],[128.88735,35.40377],[128.89084,35.40447],[128.89249,35.41115],[128.89121,35.4141],[128.90342,35.42005],[128.91358,35.41558],[128.92366,35.42133],[128.92219,35.42581],[128.9138,35.43062],[128.90723,35.43609],[128.91005,35.44482],[128.9189,35.45183],[128.92803,35.45364],[128.93372,35.45289],[128.94318,35.45658],[128.95001,35.45457],[128.96272,35.45938],[128.96758,35.46281],[128.96833,35.47259],[128.96426,35.47805],[128.96281,35.48582],[128.9672,35.49069],[128.9596,35.4959],[128.95922,35.50544],[128.96249,35.5094],[128.97773,35.508],[128.9803,35.51125],[128.98969,35.51726],[128.98844,35.52081],[128.99479,35.52775],[128.99633,35.53537],[128.99882,35.53788],[128.99724,35.544],[128.98958,35.55093],[128.98275,35.54703],[128.97417,35.55304],[128.97074,35.56107],[128.98129,35.56582],[128.98773,35.56466],[128.99451,35.56662],[129.01241,35.58208],[129.01944,35.58355],[129.02318,35.59067],[129.0255,35.59911],[129.02337,35.60196],[129.02324,35.61302],[129.02026,35.61537],[129.00747,35.61607],[129.00307,35.62051]]]},"properties":{"osm_id":7224486,"name":"밀양시","sgg_code":"48270","mois_admin":"4827000000","admin_level":6,"code_source":"osm"}},
{"type":"Feature","geometry":{"type":"Polygon","coordinates":[[[128.79272,34.50995],[128.94853,34.72525],[128.92209,34.76605],[128.79625,34.97518],[128.75681,35.00726],[128.75736,35.01819],[128.76114,35.03591],[128.68288,35.05279],[128.55448,35.0334],[128.49983,34.97965],[128.4985,34.9276],[128.49627,34.9111],[128.48054,34.89932],[128.47732,34.88966],[128.46923,34.87459],[128.47228,34.8672],[128.46138,34.84564],[128.44987,34.83706],[128.45409,34.83356],[128.46399,34.82099],[128.47721,34.81874],[128.48917,34.82167],[128.51309,34.80436],[128.52922,34.79576],[128.53025,34.77757],[128.54124,34.76883],[128.56991,34.75854],[128.56842,34.73809],[128.57045,34.7049],[128.60413,34.67074],[128.65576,34.62675],[128.79272,34.50995]]]},"properties":{"osm_id":7831149,"name":"거제시","sgg_code":"48310","mois_admin":"4831000000","admin_level":6,"code_source":"osm"}},
{"type":"Feature","geometry":{"type":"Polygon","coordinates":[[[128.99479,35.52775],[128.98844,35.52081],[128.98969,35.51726],[128.9803,35.51125],[128.97773,35.508],[128.96249,35.5094],[128.95922,35.50544],[128.9596,35.4959],[128.9672,35.49069],[128.96281,35.48582],[128.96426,35.47805],[128.96833,35.47259],[128.96758,35.46281],[128.96272,35.45938],[128.95001,35.45457],[128.94318,35.45658],[128.93372,35.45289],[128.92803,35.45364],[128.9189,35.45183],[128.91005,35.44482],[128.90723,35.43609],[128.9138,35.43062],[128.92219,35.42581],[128.92366,35.42133],[128.91358,35.41558],[128.90342,35.42005],[128.89121,35.4141],[128.89249,35.41115],[128.89084,35.40447],[128.88735,35.40377],[128.87864,35.39704],[128.88066,35.38665],[128.87631,35.38543],[128.87254,35.38052],[128.87655,35.3709],[128.88376,35.36684],[128.89406,35.36488],[128.90625,35.36516],[128.91277,35.3639],[128.94384,35.33926],[128.9665,35.33156],[128.96942,35.32806],[128.97474,35.30803],[128.9823,35.2978],[128.995,35.29135],[129.01028,35.27902],[129.01284,35.27351],[129.02399,35.27679],[129.04067,35.27544],[129.04883,35.27741],[129.05124,35.28068],[129.0525,35.28922],[129.06019,35.2956],[129.06741,35.29374],[129.07028,35.29528],[129.0756,35.29148],[129.08756,35.30259],[129.09672,35.30374],[129.10431,35.3067],[129.10959,35.30551],[129.11377,35.32006],[129.11938,35.324],[129.1209,35.32876],[129.12547,35.33149],[129.12375,35.33753],[129.13028,35.34917],[129.13392,35.35019],[129.13424,35.35703],[129.12326,35.36324],[129.11833,35.36833],[129.12609,35.36853],[129.1312,35.36572],[129.13888,35.36619],[129.15034,35.36295],[129.16181,35.35828],[129.16222,35.35656],[129.1754,35.35141],[129.18253,35.35381],[129.18832,35.35974],[129.19308,35.36044],[129.19407,35.36461],[129.19802,35.36678],[129.19875,35.37562],[129.19487,35.3837],[129.20064,35.38879],[129.20294,35.38788],[129.20969,35.39612],[129.21101,35.40132],[129.21889,35.40714],[129.2177,35.41315],[129.21084,35.41895],[129.20317,35.42095],[129.20051,35.42354],[129.20265,35.42962],[129.20042,35.43585],[129.19707,35.43914],[129.18978,35.43466],[129.18523,35.43494],[129.17845,35.43214],[129.17244,35.43333],[129.16815,35.43172],[129.16079,35.43515],[129.15183,35.44207],[129.1458,35.44403],[129.13956,35.44908],[129.13564,35.45638],[129.1297,35.45857],[129.12174,35.46594],[129.11699,35.47619],[129.10983,35.47982],[129.10957,35.48657],[129.10725,35.49502],[129.10197,35.49789],[129.09072,35.49809],[129.08678,35.50184],[129.07141,35.50582],[129.06152,35.50947],[129.05279,35.5142],[129.05101,35.51972],[129.052,35.52433],[129.05665,35.52679],[129.05605,35.53183],[129.04409,35.52915],[129.03313,35.52547],[129.02701,35.52672],[129.02047,35.52375],[129.01286,35.52273],[129.00909,35.52411],[129.0097,35.52763],[129.00599,35.52889],[128.99479,35.52775]]]},"properties":{"osm_id":7224487,"name":"양산시","sgg_code":"48330","mois_admin":"4833000000","admin_level":6,"code_source":"osm"}},
{"type":"Feature","geometry":{"type":"Polygon","coordinates":[[[128.37141,35.51756],[128.36975,35.51124],[128.37328,35.50348],[128.36738,35.50006],[128.36034,35.50289],[128.35603,35.50257],[128.35404,35.49812],[128.34836,35.49929],[128.33797,35.50965],[128.32994,35.50752],[128.3228,35.50811],[128.31739,35.51171],[128.31546,35.51558],[128.30801,35.51701],[128.30414,35.51349],[128.29467,35.51725],[128.29017,35.51249],[128.27639,35.50979],[128.26926,35.511],[128.26626,35.50944],[128.26099,35.50176],[128.26189,35.49718],[128.25499,35.49373],[128.23987,35.49389],[128.23048,35.48896],[128.22835,35.49105],[128.22071,35.48597],[128.20945,35.48292],[128.2063,35.47762],[128.20058,35.47522],[128.20631,35.46913],[128.21507,35.46482],[128.21489,35.46094],[128.20812,35.45987],[128.20852,35.45305],[128.20423,35.44505],[128.20018,35.43208],[128.19462,35.42812],[128.18572,35.41917],[128.1916,35.40902],[128.18946,35.39867],[128.17192,35.39426],[128.16662,35.39426],[128.14762,35.38583],[128.12926,35.38773],[128.12586,35.38315],[128.12975,35.3734],[128.1238,35.37555],[128.11223,35.38226],[128.10641,35.37648],[128.09552,35.36827],[128.08049,35.3705],[128.08802,35.36607],[128.09782,35.36712],[128.1024,35.36608],[128.09974,35.36155],[128.0956,35.35976],[128.09481,35.35627],[128.09909,35.35332],[128.09387,35.34894],[128.09741,35.34171],[128.11037,35.33748],[128.1143,35.33465],[128.11469,35.33086],[128.12404,35.33308],[128.14526,35.34795],[128.15448,35.35108],[128.15846,35.34574],[128.16388,35.34179],[128.16423,35.33614],[128.17837,35.32247],[128.17763,35.31715],[128.17419,35.31475],[128.17277,35.30807],[128.17734,35.29775],[128.17417,35.29432],[128.17996,35.28513],[128.17861,35.28166],[128.18471,35.27537],[128.18986,35.27232],[128.19079,35.26753],[128.19507,35.26606],[128.19408,35.25628],[128.2011,35.25359],[128.20552,35.26285],[128.20927,35.26469],[128.21481,35.26269],[128.21919,35.26473],[128.23351,35.25419],[128.24811,35.25375],[128.26001,35.25733],[128.27296,35.25614],[128.27424,35.25737],[128.27946,35.27152],[128.28581,35.27687],[128.29839,35.28033],[128.3007,35.28543],[128.29071,35.2971],[128.28902,35.30109],[128.29055,35.30771],[128.29774,35.31477],[128.31232,35.31916],[128.31677,35.32294],[128.31732,35.32909],[128.31187,35.33813],[128.31104,35.34727],[128.31494,35.36103],[128.32579,35.36279],[128.33846,35.35959],[128.34586,35.35112],[128.35025,35.34278],[128.35716,35.33818],[128.38032,35.33327],[128.39402,35.33464],[128.39428,35.34059],[128.38385,35.34884],[128.38164,35.35306],[128.3856,35.3592],[128.40206,35.36083],[128.41425,35.35878],[128.41572,35.36219],[128.42245,35.36243],[128.42839,35.36627],[128.4209,35.37569],[128.42023,35.37874],[128.42799,35.3884],[128.43652,35.3924],[128.42747,35.41046],[128.42029,35.41733],[128.4053,35.41978],[128.39382,35.42327],[128.38559,35.42805],[128.3784,35.43769],[128.37468,35.44573],[128.37596,35.4518],[128.38327,35.45853],[128.41355,35.47035],[128.42171,35.47729],[128.42589,35.48737],[128.42119,35.49403],[128.40248,35.5031],[128.38921,35.51025],[128.37141,35.51756]]]},"properties":{"osm_id":7825714,"name":"의령군","sgg_code":"48720","mois_admin":"4872000000","admin_level":6,"code_source":"osm"}},
{"type":"Feature","geometry":{"type":"Polygon","coordinates":[[[128.43652,35.3924],[128.42799,35.3884],[128.42023,35.37874],[128.4209,35.37569],[128.42839,35.36627],[128.42245,35.36243],[128.41572,35.36219],[128.41425,35.35878],[128.40206,35.36083],[128.3856,35.3592],[128.38164,35.35306],[128.38385,35.34884],[128.39428,35.34059],[128.39402,35.33464],[128.38032,35.33327],[128.35716,35.33818],[128.35025,35.34278],[128.34586,35.35112],[128.33846,35.35959],[128.32579,35.36279],[128.31494,35.36103],[128.31104,35.34727],[128.31187,35.33813],[128.31732,35.32909],[128.31677,35.32294],[128.31232,35.31916],[128.29774,35.31477],[128.29055,35.30771],[128.28902,35.30109],[128.29071,35.2971],[128.3007,35.28543],[128.29839,35.28033],[128.28581,35.27687],[128.27946,35.27152],[128.27424,35.25737],[128.28595,35.25173],[128.29351,35.25352],[128.29899,35.24821],[128.29426,35.24114],[128.3036,35.23745],[128.3078,35.22916],[128.30734,35.22168],[128.31827,35.22173],[128.32244,35.21341],[128.32978,35.2067],[128.33806,35.20864],[128.34258,35.20759],[128.34992,35.20983],[128.3559,35.20754],[128.36009,35.20117],[128.36754,35.19413],[128.37434,35.19337],[128.37649,35.19818],[128.38928,35.20688],[128.40079,35.20485],[128.40512,35.19948],[128.40788,35.19236],[128.40519,35.19018],[128.40365,35.18407],[128.40631,35.17934],[128.40991,35.17927],[128.41638,35.17059],[128.42693,35.1667],[128.42996,35.16424],[128.43746,35.16519],[128.44392,35.16999],[128.44631,35.18028],[128.45733,35.18376],[128.46523,35.18885],[128.47896,35.18772],[128.48998,35.20207],[128.49007,35.20699],[128.48429,35.21165],[128.47921,35.21233],[128.4742,35.22234],[128.47538,35.22487],[128.47579,35.23769],[128.47439,35.24141],[128.47868,35.25307],[128.48521,35.25766],[128.49114,35.26577],[128.49082,35.27376],[128.49734,35.27562],[128.50744,35.27315],[128.51107,35.26898],[128.51868,35.26866],[128.52464,35.27024],[128.53487,35.2668],[128.53857,35.27272],[128.54485,35.27058],[128.55696,35.27734],[128.56281,35.27619],[128.5782,35.26914],[128.59125,35.27159],[128.59011,35.276],[128.58328,35.27856],[128.58108,35.2875],[128.57358,35.29581],[128.57229,35.30075],[128.58268,35.30861],[128.57219,35.31551],[128.57235,35.31978],[128.56335,35.32589],[128.56985,35.33423],[128.56593,35.33896],[128.56609,35.34274],[128.56272,35.34699],[128.56397,35.35008],[128.55945,35.35278],[128.56253,35.35702],[128.57155,35.35875],[128.57154,35.3618],[128.57779,35.36797],[128.5762,35.37277],[128.577,35.37916],[128.56529,35.37825],[128.55359,35.37891],[128.53268,35.38771],[128.51082,35.39751],[128.50051,35.39699],[128.48775,35.38805],[128.48109,35.38212],[128.46906,35.38026],[128.45483,35.38249],[128.44187,35.38744],[128.43652,35.3924]]]},"properties":{"osm_id":7828253,"name":"함안군","sgg_code":"48730","mois_admin":"4873000000","admin_level":6,"code_source":"osm"}},
{"type":"Feature","geometry":{"type":"Polygon","coordinates":[[[128.65052,35.37407],[128.64757,35.37946],[128.65169,35.38241],[128.64984,35.38516],[128.63882,35.38442],[128.63867,35.38655],[128.64462,35.38863],[128.64414,35.39309],[128.64814,35.40053],[128.64583,35.41271],[128.65075,35.42169],[128.65108,35.4255],[128.64471,35.43272],[128.63604,35.4348],[128.63355,35.4445],[128.63103,35.44909],[128.62604,35.45172],[128.61762,35.44918],[128.61509,35.44593],[128.60616,35.45017],[128.59524,35.45299],[128.58924,35.4523],[128.58304,35.45378],[128.57712,35.45994],[128.57939,35.46605],[128.57356,35.47283],[128.57244,35.48527],[128.57262,35.4974],[128.5765,35.50476],[128.58171,35.50526],[128.58925,35.50866],[128.59059,35.51771],[128.58241,35.52429],[128.58377,35.52916],[128.58192,35.53493],[128.57714,35.53703],[128.58594,35.53891],[128.59124,35.53679],[128.59374,35.54048],[128.58753,35.54772],[128.58559,35.55388],[128.58883,35.55748],[128.58881,35.56353],[128.58394,35.567],[128.58643,35.57318],[128.58554,35.57978],[128.59317,35.58431],[128.58381,35.58662],[128.5762,35.59136],[128.57225,35.59815],[128.56656,35.60225],[128.55952,35.60407],[128.55832,35.61544],[128.54982,35.61802],[128.53652,35.62375],[128.53575,35.62835],[128.53849,35.63281],[128.53506,35.64335],[128.53772,35.65144],[128.53705,35.66087],[128.53173,35.66221],[128.52665,35.67389],[128.5286,35.67933],[128.52646,35.68238],[128.51873,35.67946],[128.5159,35.67571],[128.50907,35.67456],[128.50921,35.66933],[128.5068,35.65017],[128.5107,35.64645],[128.50504,35.63899],[128.49785,35.63899],[128.48286,35.63575],[128.47762,35.64042],[128.46984,35.63632],[128.46113,35.6406],[128.4566,35.6374],[128.44611,35.63814],[128.43793,35.63129],[128.4319,35.62357],[128.42671,35.62355],[128.42168,35.62005],[128.41676,35.62175],[128.41107,35.61537],[128.39939,35.61593],[128.38159,35.60677],[128.37272,35.60855],[128.37072,35.61116],[128.36354,35.61186],[128.35383,35.61002],[128.35189,35.60675],[128.35473,35.59302],[128.36093,35.57729],[128.36003,35.56931],[128.35029,35.55303],[128.34922,35.54705],[128.35101,35.53812],[128.36262,35.52512],[128.37141,35.51756],[128.38921,35.51025],[128.40248,35.5031],[128.42119,35.49403],[128.42589,35.48737],[128.42171,35.47729],[128.41355,35.47035],[128.38327,35.45853],[128.37596,35.4518],[128.37468,35.44573],[128.3784,35.43769],[128.38559,35.42805],[128.39382,35.42327],[128.4053,35.41978],[128.42029,35.41733],[128.42747,35.41046],[128.43652,35.3924],[128.44187,35.38744],[128.45483,35.38249],[128.46906,35.38026],[128.48109,35.38212],[128.48775,35.38805],[128.50051,35.39699],[128.51082,35.39751],[128.53268,35.38771],[128.55359,35.37891],[128.56529,35.37825],[128.577,35.37916],[128.5843,35.38171],[128.59222,35.38999],[128.59774,35.394],[128.60219,35.39344],[128.61434,35.38236],[128.61725,35.37848],[128.6271,35.37316],[128.65052,35.37407]]]},"properties":{"osm_id":7825897,"name":"창녕군","sgg_code":"48740","mois_admin":"4874000000","admin_level":6,"code_source":"osm"}},
{"type":"Feature","geometry":{"type":"Polygon","coordinates":[[[128.49983,34.97965],[128.55448,35.0334],[128.47706,35.07302],[128.46951,35.07759],[128.46195,35.07036],[128.45303,35.07246],[128.4435,35.06853],[128.4313,35.05219],[128.4262,35.05184],[128.42276,35.05611],[128.42826,35.07124],[128.4256,35.08078],[128.42839,35.08526],[128.41732,35.09136],[128.41186,35.09284],[128.3996,35.09061],[128.40044,35.08416],[128.39251,35.08854],[128.38916,35.10025],[128.38097,35.10389],[128.37436,35.10919],[128.35657,35.10781],[128.35007,35.11096],[128.35371,35.11849],[128.34795,35.12684],[128.33833,35.12792],[128.33283,35.12449],[128.32808,35.12435],[128.32229,35.1296],[128.31594,35.12955],[128.30696,35.12521],[128.29981,35.12553],[128.28896,35.13141],[128.26957,35.13172],[128.26397,35.12708],[128.2488,35.12774],[128.24254,35.12615],[128.2414,35.12087],[128.23435,35.11696],[128.22868,35.11699],[128.22414,35.1136],[128.21093,35.11512],[128.20056,35.10803],[128.19834,35.10374],[128.20087,35.10019],[128.19721,35.09605],[128.1916,35.09805],[128.18738,35.08835],[128.19056,35.07669],[128.20315,35.07666],[128.21129,35.07386],[128.20212,35.06942],[128.19452,35.06345],[128.18889,35.05311],[128.18456,35.0503],[128.18128,35.0399],[128.17259,35.03111],[128.1651,35.02986],[128.16264,35.02739],[128.1578,35.00692],[128.16469,34.99717],[128.16718,34.98985],[128.17053,34.98606],[128.16627,34.98326],[128.15608,34.98974],[128.14821,34.99131],[128.14374,34.98955],[128.13805,34.98237],[128.13352,34.97915],[128.13529,34.96759],[128.13168,34.95815],[128.12317,34.94901],[128.12267,34.93887],[128.11433,34.93374],[128.11625,34.92631],[128.11967,34.92221],[128.1118,34.92356],[128.10069,34.91879],[128.09869,34.91353],[128.0993,34.90483],[128.10322,34.89189],[128.11269,34.88145],[128.16341,34.86819],[128.23654,34.87298],[128.27262,34.87689],[128.29447,34.88426],[128.28888,34.8972],[128.28949,34.90437],[128.31037,34.91263],[128.31644,34.91622],[128.31437,34.92885],[128.33233,34.93143],[128.33979,34.93404],[128.34754,34.93989],[128.37047,34.94618],[128.38272,34.94742],[128.38625,34.95097],[128.39114,34.95188],[128.38896,34.96084],[128.39264,34.96353],[128.40047,34.9643],[128.40122,34.97092],[128.40521,34.96862],[128.41558,34.96667],[128.42346,34.97532],[128.43231,34.97648],[128.44294,34.97281],[128.49983,34.97965]]]},"properties":{"osm_id":7831031,"name":"고성군","sgg_code":"48820","mois_admin":"4882000000","admin_level":6,"code_source":"osm"}},
{"type":"Feature","geometry":{"type":"Polygon","coordinates":[[[127.78769,34.86965],[127.79449,34.84642],[127.79572,34.81719],[127.79896,34.78681],[127.80163,34.7534],[127.81056,34.73534],[127.83312,34.7026],[127.85295,34.68634],[127.89852,34.61011],[128.17159,34.16974],[128.30633,34.20504],[128.14029,34.47343],[128.12145,34.58386],[128.11598,34.63096],[128.11734,34.71382],[128.12525,34.78668],[128.08067,34.86621],[128.05647,34.8948],[128.04583,34.90902],[128.03793,34.91367],[128.03278,34.92113],[128.00909,34.93365],[127.99407,34.93777],[127.97536,34.93911],[127.96686,34.93819],[127.95712,34.93886],[127.94467,34.94108],[127.92386,34.9472],[127.91485,34.9472],[127.90082,34.95152],[127.89047,34.9498],[127.87996,34.94551],[127.86889,34.9428],[127.84882,34.94336],[127.85,34.92662],[127.84211,34.91761],[127.81424,34.92373],[127.80084,34.91339],[127.78924,34.91322],[127.7967,34.88436],[127.79721,34.87556],[127.78769,34.86965]]]},"properties":{"osm_id":7584473,"name":"남해군","sgg_code":"48840","mois_admin":"4884000000","admin_level":6,"code_source":"osm"}},
{"type":"Feature","geometry":{"type":"Polygon","coordinates":[[[127.57754,35.30888],[127.57589,35.30682],[127.57687,35.29533],[127.58542,35.29105],[127.59061,35.27529],[127.59573,35.26801],[127.60139,35.26669],[127.60989,35.26235],[127.61505,35.2497],[127.61262,35.24744],[127.61287,35.24146],[127.61904,35.23632],[127.6185,35.23158],[127.62106,35.22471],[127.62087,35.21283],[127.61749,35.21015],[127.6181,35.20031],[127.62138,35.19093],[127.61936,35.18992],[127.62382,35.18378],[127.63702,35.17367],[127.64435,35.16416],[127.64837,35.16076],[127.65708,35.15988],[127.67457,35.14785],[127.69126,35.13356],[127.69482,35.12637],[127.69388,35.11085],[127.69448,35.10573],[127.70469,35.09769],[127.7166,35.08318],[127.73441,35.07542],[127.73727,35.07258],[127.74052,35.06204],[127.75254,35.05673],[127.76469,35.05435],[127.76744,35.05136],[127.76967,35.04057],[127.77396,35.02989],[127.78353,35.02202],[127.78621,35.01819],[127.78533,35.00459],[127.78066,34.99493],[127.7798,34.9894],[127.76801,34.9798],[127.76035,34.96693],[127.76984,34.95638],[127.77419,34.94727],[127.77216,34.94048],[127.77501,34.93168],[127.78171,34.92336],[127.78822,34.91886],[127.78924,34.91322],[127.80084,34.91339],[127.81424,34.92373],[127.84211,34.91761],[127.85,34.92662],[127.84882,34.94336],[127.86889,34.9428],[127.87996,34.94551],[127.89047,34.9498],[127.90082,34.95152],[127.91485,34.9472],[127.92386,34.9472],[127.92781,34.96467],[127.92926,34.97941],[127.92226,35.01504],[127.92483,35.03603],[127.92364,35.0418],[127.93131,35.04794],[127.92526,35.05354],[127.92034,35.06433],[127.91449,35.06463],[127.91196,35.07374],[127.90838,35.07465],[127.90335,35.07973],[127.8961,35.07921],[127.89162,35.08642],[127.90174,35.08749],[127.90325,35.09543],[127.90957,35.09749],[127.90245,35.10319],[127.8998,35.10974],[127.90984,35.11524],[127.91035,35.11993],[127.90262,35.12511],[127.89604,35.12602],[127.88976,35.13068],[127.88598,35.13028],[127.87894,35.14556],[127.88023,35.1488],[127.88568,35.14735],[127.88852,35.15105],[127.89657,35.15284],[127.89594,35.15624],[127.9023,35.15485],[127.90965,35.14845],[127.92141,35.15015],[127.92979,35.14469],[127.93165,35.14943],[127.9424,35.15559],[127.93697,35.15821],[127.93989,35.16635],[127.93784,35.1697],[127.91958,35.18042],[127.90719,35.18492],[127.89749,35.19492],[127.89347,35.19689],[127.89503,35.20545],[127.8939,35.21062],[127.88855,35.21345],[127.88793,35.21679],[127.89032,35.22649],[127.89085,35.23224],[127.88788,35.2374],[127.89245,35.25034],[127.87538,35.25169],[127.87668,35.25732],[127.87195,35.25966],[127.86394,35.25891],[127.86434,35.25393],[127.85686,35.24924],[127.85725,35.24028],[127.84584,35.2336],[127.84384,35.22714],[127.83552,35.22939],[127.83353,35.22626],[127.82569,35.22194],[127.81422,35.22037],[127.7826,35.22117],[127.77568,35.21969],[127.77226,35.22316],[127.76813,35.22355],[127.76569,35.2274],[127.76045,35.22915],[127.75303,35.23687],[127.74847,35.25002],[127.73762,35.25529],[127.73313,35.25469],[127.7254,35.2582],[127.71777,35.25935],[127.70465,35.26524],[127.70021,35.27482],[127.69584,35.27702],[127.69039,35.28322],[127.69262,35.28773],[127.68857,35.29405],[127.68949,35.29608],[127.68793,35.31006],[127.68879,35.31916],[127.68269,35.32292],[127.66333,35.32141],[127.65771,35.32867],[127.64028,35.32465],[127.63147,35.32672],[127.62042,35.33233],[127.61503,35.33096],[127.61367,35.32819],[127.60697,35.32427],[127.60587,35.31933],[127.59453,35.31222],[127.58551,35.30901],[127.57754,35.30888]]]},"properties":{"osm_id":7830999,"name":"하동군","sgg_code":"48850","mois_admin":"4885000000","admin_level":6,"code_source":"osm"}},
{"type":"Feature","geometry":{"type":"Polygon","coordinates":[[[127.85632,35.56942],[127.85234,35.56169],[127.84792,35.55814],[127.84109,35.54683],[127.8319,35.53924],[127.82422,35.52923],[127.81686,35.52576],[127.8158,35.52192],[127.82318,35.51663],[127.82025,35.50975],[127.82287,35.50682],[127.82337,35.5],[127.81691,35.49128],[127.80545,35.48985],[127.80769,35.4804],[127.81449,35.47218],[127.81259,35.46911],[127.79644,35.46615],[127.78333,35.45992],[127.78335,35.45654],[127.78828,35.45299],[127.7897,35.44626],[127.78468,35.4437],[127.77735,35.44683],[127.77218,35.44328],[127.77982,35.43426],[127.77223,35.42853],[127.77056,35.42055],[127.75927,35.415],[127.75986,35.40511],[127.75763,35.40174],[127.7491,35.39758],[127.74924,35.39032],[127.75245,35.3845],[127.74602,35.37625],[127.73936,35.37311],[127.73899,35.36498],[127.73407,35.36099],[127.73297,35.35474],[127.73502,35.35061],[127.73404,35.34337],[127.7312,35.33756],[127.71851,35.33438],[127.7081,35.32621],[127.70604,35.32006],[127.70066,35.31623],[127.68879,35.31916],[127.68793,35.31006],[127.68949,35.29608],[127.68857,35.29405],[127.69262,35.28773],[127.69039,35.28322],[127.69584,35.27702],[127.70021,35.27482],[127.70465,35.26524],[127.71777,35.25935],[127.7254,35.2582],[127.73313,35.25469],[127.73762,35.25529],[127.74847,35.25002],[127.75303,35.23687],[127.76045,35.22915],[127.76569,35.2274],[127.76813,35.22355],[127.77226,35.22316],[127.77568,35.21969],[127.7826,35.22117],[127.81422,35.22037],[127.82569,35.22194],[127.83353,35.22626],[127.83552,35.22939],[127.84384,35.22714],[127.84584,35.2336],[127.85725,35.24028],[127.85686,35.24924],[127.86434,35.25393],[127.86394,35.25891],[127.87195,35.25966],[127.87668,35.25732],[127.87538,35.25169],[127.89245,35.25034],[127.88788,35.2374],[127.89085,35.23224],[127.89032,35.22649],[127.89767,35.22746],[127.90509,35.2227],[127.90899,35.22406],[127.91306,35.24365],[127.91956,35.2514],[127.92475,35.24922],[127.93219,35.25071],[127.93805,35.24965],[127.94483,35.24529],[127.94739,35.24145],[127.96628,35.24623],[127.97207,35.25445],[127.97388,35.27011],[127.98325,35.27081],[127.98628,35.27731],[127.98416,35.28165],[127.98617,35.28688],[127.99586,35.28652],[128.00198,35.29053],[128.00644,35.29788],[128.01285,35.29931],[128.01508,35.30338],[128.03314,35.30727],[128.04069,35.30392],[128.04559,35.30612],[128.05246,35.31288],[128.05027,35.32092],[128.05703,35.32899],[128.05878,35.33357],[128.0699,35.33248],[128.07454,35.33597],[128.08012,35.33679],[128.09441,35.33511],[128.10174,35.33528],[128.10748,35.33184],[128.11469,35.33086],[128.1143,35.33465],[128.11037,35.33748],[128.09741,35.34171],[128.09387,35.34894],[128.09909,35.35332],[128.09481,35.35627],[128.0956,35.35976],[128.09974,35.36155],[128.1024,35.36608],[128.09782,35.36712],[128.08802,35.36607],[128.08049,35.3705],[128.08674,35.37465],[128.08908,35.37916],[128.07903,35.3895],[128.07293,35.38892],[128.07197,35.39232],[128.06492,35.3986],[128.0659,35.40224],[128.05949,35.40549],[128.05445,35.41631],[128.05233,35.41809],[128.04533,35.41574],[128.04212,35.41887],[128.03496,35.4154],[128.02626,35.42034],[128.02316,35.42632],[128.01154,35.42628],[128.00813,35.43169],[128.00822,35.43548],[127.99588,35.43828],[127.9871,35.44527],[127.9848,35.45657],[127.97892,35.46097],[127.97933,35.46755],[127.97413,35.47674],[127.97603,35.47996],[127.97434,35.49504],[127.96228,35.50012],[127.95982,35.51858],[127.94959,35.5187],[127.94068,35.51445],[127.93065,35.51589],[127.92512,35.51533],[127.92019,35.52007],[127.92137,35.52374],[127.91324,35.52577],[127.90427,35.53424],[127.89784,35.5335],[127.89376,35.53018],[127.88783,35.5314],[127.88045,35.52709],[127.88051,35.53142],[127.87297,35.53603],[127.87574,35.54018],[127.87756,35.55051],[127.87215,35.55264],[127.86942,35.55963],[127.87488,35.56761],[127.86988,35.57501],[127.86289,35.57616],[127.85632,35.56942]]]},"properties":{"osm_id":7825606,"name":"산청군","sgg_code":"48860","mois_admin":"4886000000","admin_level":6,"code_source":"osm"}},
{"type":"Feature","geometry":{"type":"Polygon","coordinates":[[[127.58668,35.55461],[127.59093,35.55433],[127.59524,35.54755],[127.60633,35.54298],[127.61249,35.53551],[127.61946,35.53694],[127.62071,35.53397],[127.62594,35.53226],[127.62582,35.52528],[127.63139,35.52056],[127.63463,35.52073],[127.63253,35.51455],[127.64238,35.50505],[127.64466,35.49932],[127.65019,35.49782],[127.65049,35.48915],[127.65255,35.48531],[127.63646,35.47794],[127.63736,35.4706],[127.63652,35.45955],[127.645,35.44959],[127.65279,35.45085],[127.663,35.44766],[127.67019,35.44693],[127.67324,35.44333],[127.66545,35.4362],[127.66594,35.42816],[127.66178,35.41693],[127.64908,35.40777],[127.6392,35.40462],[127.63186,35.3918],[127.62696,35.38777],[127.62495,35.38191],[127.62564,35.37677],[127.62251,35.37278],[127.6106,35.36683],[127.61246,35.35556],[127.61591,35.34993],[127.623,35.34335],[127.62042,35.33233],[127.63147,35.32672],[127.64028,35.32465],[127.65771,35.32867],[127.66333,35.32141],[127.68269,35.32292],[127.68879,35.31916],[127.70066,35.31623],[127.70604,35.32006],[127.7081,35.32621],[127.71851,35.33438],[127.7312,35.33756],[127.73404,35.34337],[127.73502,35.35061],[127.73297,35.35474],[127.73407,35.36099],[127.73899,35.36498],[127.73936,35.37311],[127.74602,35.37625],[127.75245,35.3845],[127.74924,35.39032],[127.7491,35.39758],[127.75763,35.40174],[127.75986,35.40511],[127.75927,35.415],[127.77056,35.42055],[127.77223,35.42853],[127.77982,35.43426],[127.77218,35.44328],[127.77735,35.44683],[127.78468,35.4437],[127.7897,35.44626],[127.78828,35.45299],[127.78335,35.45654],[127.78333,35.45992],[127.79644,35.46615],[127.81259,35.46911],[127.81449,35.47218],[127.80769,35.4804],[127.80545,35.48985],[127.81691,35.49128],[127.82337,35.5],[127.82287,35.50682],[127.82025,35.50975],[127.82318,35.51663],[127.8158,35.52192],[127.81686,35.52576],[127.82422,35.52923],[127.8319,35.53924],[127.84109,35.54683],[127.84792,35.55814],[127.85234,35.56169],[127.85632,35.56942],[127.85094,35.57721],[127.8407,35.57799],[127.83619,35.57693],[127.83513,35.58307],[127.84364,35.58824],[127.8472,35.59482],[127.85305,35.59662],[127.8641,35.60804],[127.86323,35.6113],[127.86742,35.61478],[127.87179,35.6217],[127.8708,35.63418],[127.87723,35.63942],[127.87428,35.65187],[127.8765,35.65829],[127.87502,35.66151],[127.87687,35.66935],[127.86889,35.67049],[127.8646,35.6664],[127.86142,35.65886],[127.84586,35.65681],[127.83363,35.66326],[127.83412,35.6677],[127.83061,35.67],[127.82209,35.66954],[127.82144,35.67227],[127.81485,35.67802],[127.81113,35.68557],[127.80317,35.68606],[127.8011,35.69596],[127.79357,35.70498],[127.78441,35.70532],[127.77688,35.713],[127.76392,35.72125],[127.76114,35.73081],[127.75506,35.73354],[127.74795,35.73089],[127.74147,35.72434],[127.73839,35.72431],[127.73411,35.71899],[127.7292,35.721],[127.71491,35.73116],[127.71291,35.74026],[127.70801,35.7495],[127.70289,35.75285],[127.69877,35.75823],[127.68454,35.76292],[127.67908,35.7692],[127.66929,35.77154],[127.66557,35.76932],[127.66178,35.7592],[127.66312,35.74185],[127.66082,35.73872],[127.66342,35.72488],[127.65966,35.71579],[127.66093,35.71008],[127.65785,35.70667],[127.65185,35.7053],[127.64475,35.69867],[127.63925,35.67867],[127.64039,35.67282],[127.63854,35.66957],[127.6282,35.66248],[127.6296,35.65709],[127.62222,35.65092],[127.61983,35.64275],[127.62323,35.63962],[127.62408,35.63213],[127.62838,35.62498],[127.63532,35.61857],[127.62871,35.61845],[127.62092,35.61507],[127.6172,35.60974],[127.61238,35.60681],[127.61279,35.5987],[127.60761,35.59448],[127.6109,35.58638],[127.60301,35.57868],[127.59475,35.57408],[127.59066,35.56691],[127.58717,35.56486],[127.58668,35.55461]]]},"properties":{"osm_id":7833356,"name":"함양군","sgg_code":"48870","mois_admin":"4887000000","admin_level":6,"code_source":"osm"}},
{"type":"Feature","geometry":{"type":"Polygon","coordinates":[[[128.09068,35.83081],[128.08561,35.83628],[128.0778,35.83946],[128.07043,35.84135],[128.06303,35.8349],[128.05406,35.83368],[128.0509,35.82966],[128.04235,35.83128],[128.03849,35.83403],[128.03017,35.83588],[128.01106,35.82962],[128.00675,35.83379],[127.99659,35.83829],[127.98438,35.85799],[127.98159,35.8591],[127.97433,35.85047],[127.961,35.85617],[127.95884,35.8601],[127.95105,35.86125],[127.94242,35.85438],[127.93579,35.85444],[127.92575,35.85698],[127.93227,35.85952],[127.93315,35.86424],[127.92957,35.87016],[127.92753,35.88133],[127.92335,35.88204],[127.91895,35.88939],[127.92025,35.89286],[127.90712,35.88933],[127.90274,35.89073],[127.90085,35.88731],[127.89323,35.88677],[127.88473,35.89323],[127.88276,35.90537],[127.88506,35.90961],[127.87951,35.90985],[127.87071,35.90435],[127.85954,35.90649],[127.85708,35.89499],[127.85053,35.89028],[127.85367,35.88134],[127.84979,35.87697],[127.84433,35.87513],[127.84452,35.86933],[127.84175,35.86625],[127.83273,35.86892],[127.82656,35.86835],[127.81941,35.86253],[127.81944,35.85964],[127.81454,35.85679],[127.81435,35.85389],[127.80436,35.85869],[127.79205,35.85241],[127.78757,35.85263],[127.77917,35.84724],[127.77276,35.83958],[127.75666,35.83729],[127.75253,35.8414],[127.74445,35.84442],[127.73778,35.83439],[127.73947,35.82971],[127.73246,35.82091],[127.72965,35.813],[127.72526,35.81318],[127.72421,35.80589],[127.71939,35.79732],[127.70942,35.79139],[127.70653,35.79202],[127.69978,35.78817],[127.69398,35.78312],[127.68472,35.77774],[127.67908,35.7692],[127.68454,35.76292],[127.69877,35.75823],[127.70289,35.75285],[127.70801,35.7495],[127.71291,35.74026],[127.71491,35.73116],[127.7292,35.721],[127.73411,35.71899],[127.73839,35.72431],[127.74147,35.72434],[127.74795,35.73089],[127.75506,35.73354],[127.76114,35.73081],[127.76392,35.72125],[127.77688,35.713],[127.78441,35.70532],[127.79357,35.70498],[127.8011,35.69596],[127.80317,35.68606],[127.81113,35.68557],[127.81485,35.67802],[127.82144,35.67227],[127.82209,35.66954],[127.83061,35.67],[127.83412,35.6677],[127.83363,35.66326],[127.84586,35.65681],[127.86142,35.65886],[127.8646,35.6664],[127.86889,35.67049],[127.87687,35.66935],[127.87502,35.66151],[127.8765,35.65829],[127.87428,35.65187],[127.87723,35.63942],[127.8708,35.63418],[127.87179,35.6217],[127.86742,35.61478],[127.86323,35.6113],[127.8641,35.60804],[127.85305,35.59662],[127.8472,35.59482],[127.84364,35.58824],[127.83513,35.58307],[127.83619,35.57693],[127.8407,35.57799],[127.85094,35.57721],[127.85632,35.56942],[127.86289,35.57616],[127.86988,35.57501],[127.87488,35.56761],[127.86942,35.55963],[127.87215,35.55264],[127.87756,35.55051],[127.87574,35.54018],[127.87297,35.53603],[127.88051,35.53142],[127.88045,35.52709],[127.88783,35.5314],[127.89376,35.53018],[127.89784,35.5335],[127.90427,35.53424],[127.91324,35.52577],[127.92137,35.52374],[127.92019,35.52007],[127.92512,35.51533],[127.93065,35.51589],[127.94068,35.51445],[127.94959,35.5187],[127.95982,35.51858],[127.95862,35.5238],[127.95374,35.52906],[127.95312,35.53434],[127.95505,35.54992],[127.97211,35.55585],[127.97641,35.56319],[127.97951,35.56352],[127.98104,35.56894],[127.97919,35.57357],[127.9833,35.58469],[127.98737,35.58576],[127.98822,35.59543],[127.98514,35.59635],[127.9827,35.60221],[127.98471,35.60866],[127.99783,35.61127],[127.99783,35.62815],[128.00526,35.6373],[128.01793,35.64333],[128.02095,35.65215],[128.03596,35.65691],[128.04452,35.66148],[128.04589,35.6716],[128.04475,35.67472],[128.05565,35.68014],[128.06637,35.68274],[128.07285,35.67303],[128.07782,35.67967],[128.09123,35.68202],[128.09507,35.69046],[128.08084,35.69566],[128.07428,35.70185],[128.073,35.71867],[128.06656,35.72326],[128.06119,35.72393],[128.05902,35.73226],[128.05407,35.74165],[128.0505,35.74365],[128.04418,35.75217],[128.05125,35.76114],[128.04956,35.76951],[128.05271,35.77389],[128.05093,35.77783],[128.04024,35.78012],[128.03564,35.78614],[128.03807,35.79108],[128.04704,35.79544],[128.04978,35.80244],[128.05373,35.8056],[128.06027,35.80486],[128.06855,35.80642],[128.0748,35.81275],[128.08495,35.81696],[128.08455,35.82252],[128.09068,35.83081]]]},"properties":{"osm_id":7828117,"name":"거창군","sgg_code":"48880","mois_admin":"4888000000","admin_level":6,"code_source":"osm"}},
{"type":"Feature","geometry":{"type":"Polygon","coordinates":[[[128.09068,35.83081],[128.08455,35.82252],[128.08495,35.81696],[128.0748,35.81275],[128.06855,35.80642],[128.06027,35.80486],[128.05373,35.8056],[128.04978,35.80244],[128.04704,35.79544],[128.03807,35.79108],[128.03564,35.78614],[128.04024,35.78012],[128.05093,35.77783],[128.05271,35.77389],[128.04956,35.76951],[128.05125,35.76114],[128.04418,35.75217],[128.0505,35.74365],[128.05407,35.74165],[128.05902,35.73226],[128.06119,35.72393],[128.06656,35.72326],[128.073,35.71867],[128.07428,35.70185],[128.08084,35.69566],[128.09507,35.69046],[128.09123,35.68202],[128.07782,35.67967],[128.07285,35.67303],[128.06637,35.68274],[128.05565,35.68014],[128.04475,35.67472],[128.04589,35.6716],[128.04452,35.66148],[128.03596,35.65691],[128.02095,35.65215],[128.01793,35.64333],[128.00526,35.6373],[127.99783,35.62815],[127.99783,35.61127],[127.98471,35.60866],[127.9827,35.60221],[127.98514,35.59635],[127.98822,35.59543],[127.98737,35.58576],[127.9833,35.58469],[127.97919,35.57357],[127.98104,35.56894],[127.97951,35.56352],[127.97641,35.56319],[127.97211,35.55585],[127.95505,35.54992],[127.95312,35.53434],[127.95374,35.52906],[127.95862,35.5238],[127.95982,35.51858],[127.96228,35.50012],[127.97434,35.49504],[127.97603,35.47996],[127.97413,35.47674],[127.97933,35.46755],[127.97892,35.46097],[127.9848,35.45657],[127.9871,35.44527],[127.99588,35.43828],[128.00822,35.43548],[128.00813,35.43169],[128.01154,35.42628],[128.02316,35.42632],[128.02626,35.42034],[128.03496,35.4154],[128.04212,35.41887],[128.04533,35.41574],[128.05233,35.41809],[128.05445,35.41631],[128.05949,35.40549],[128.0659,35.40224],[128.06492,35.3986],[128.07197,35.39232],[128.07293,35.38892],[128.07903,35.3895],[128.08908,35.37916],[128.08674,35.37465],[128.08049,35.3705],[128.09552,35.36827],[128.10641,35.37648],[128.11223,35.38226],[128.1238,35.37555],[128.12975,35.3734],[128.12586,35.38315],[128.12926,35.38773],[128.14762,35.38583],[128.16662,35.39426],[128.17192,35.39426],[128.18946,35.39867],[128.1916,35.40902],[128.18572,35.41917],[128.19462,35.42812],[128.20018,35.43208],[128.20423,35.44505],[128.20852,35.45305],[128.20812,35.45987],[128.21489,35.46094],[128.21507,35.46482],[128.20631,35.46913],[128.20058,35.47522],[128.2063,35.47762],[128.20945,35.48292],[128.22071,35.48597],[128.22835,35.49105],[128.23048,35.48896],[128.23987,35.49389],[128.25499,35.49373],[128.26189,35.49718],[128.26099,35.50176],[128.26626,35.50944],[128.26926,35.511],[128.27639,35.50979],[128.29017,35.51249],[128.29467,35.51725],[128.30414,35.51349],[128.30801,35.51701],[128.31546,35.51558],[128.31739,35.51171],[128.3228,35.50811],[128.32994,35.50752],[128.33797,35.50965],[128.34836,35.49929],[128.35404,35.49812],[128.35603,35.50257],[128.36034,35.50289],[128.36738,35.50006],[128.37328,35.50348],[128.36975,35.51124],[128.37141,35.51756],[128.36262,35.52512],[128.35101,35.53812],[128.34922,35.54705],[128.35029,35.55303],[128.36003,35.56931],[128.36093,35.57729],[128.35473,35.59302],[128.35189,35.60675],[128.35383,35.61002],[128.36354,35.61186],[128.36209,35.62769],[128.35731,35.6374],[128.35273,35.64015],[128.34752,35.63934],[128.33625,35.64183],[128.33379,35.64443],[128.32386,35.6463],[128.3185,35.65091],[128.30645,35.65504],[128.29714,35.65619],[128.29585,35.64917],[128.28907,35.65112],[128.27963,35.65112],[128.27534,35.64513],[128.27156,35.64554],[128.26178,35.64157],[128.25843,35.64589],[128.2409,35.65361],[128.2407,35.65086],[128.23551,35.6498],[128.23715,35.64305],[128.23394,35.63883],[128.22856,35.63836],[128.2247,35.6408],[128.21861,35.63878],[128.21002,35.64017],[128.21068,35.64329],[128.20118,35.64255],[128.19835,35.64792],[128.19148,35.65398],[128.18359,35.65733],[128.17592,35.65633],[128.17088,35.65353],[128.16159,35.65239],[128.15655,35.65601],[128.16093,35.65928],[128.15973,35.6645],[128.16239,35.67141],[128.16523,35.67254],[128.17835,35.67198],[128.18386,35.67701],[128.19519,35.68335],[128.20214,35.68377],[128.20343,35.68844],[128.20154,35.69213],[128.20419,35.69584],[128.20102,35.70545],[128.20195,35.71011],[128.19771,35.71804],[128.1938,35.73059],[128.19791,35.73668],[128.19333,35.73829],[128.18934,35.75235],[128.18598,35.75454],[128.17775,35.75567],[128.1638,35.76128],[128.1611,35.76838],[128.16325,35.77565],[128.15211,35.78665],[128.1462,35.78423],[128.13808,35.78442],[128.12839,35.7898],[128.12837,35.79433],[128.12118,35.80417],[128.1208,35.80898],[128.1232,35.82264],[128.11609,35.82631],[128.10891,35.82409],[128.10403,35.82886],[128.09678,35.83205],[128.09068,35.83081]]]},"properties":{"osm_id":7828150,"name":"합천군","sgg_code":"48890","mois_admin":"4889000000","admin_level":6,"code_source":"osm"}},
{"type":"Feature","geometry":{"type":"Polygon","coordinates":[[[125.7941,33.73951],[126.05907,33.6999],[126.05679,33.66007],[126.06492,33.61902],[126.08137,33.58078],[126.0355,33.54397],[126.01284,33.51678],[125.9977,33.4891],[125.95688,33.4515],[125.92481,33.40714],[125.9062,33.34635],[125.90195,33.31073],[125.90791,33.27272],[125.92542,33.23181],[126.15099,33.2743],[126.16874,33.2819],[126.17108,33.28837],[126.18043,33.29007],[126.19166,33.29366],[126.19198,33.29839],[126.20186,33.2958],[126.23019,33.28384],[126.23871,33.27638],[126.24465,33.27297],[126.24275,33.28316],[126.24455,33.2885],[126.25303,33.29281],[126.26836,33.29619],[126.27922,33.29948],[126.29241,33.31049],[126.29632,33.32199],[126.30017,33.32252],[126.30595,33.32665],[126.31833,33.32743],[126.32385,33.32659],[126.32938,33.33283],[126.33472,33.33642],[126.34164,33.34363],[126.3495,33.34094],[126.36258,33.34197],[126.3687,33.34138],[126.37531,33.34676],[126.38126,33.34648],[126.39164,33.34356],[126.40206,33.34452],[126.4091,33.34212],[126.4176,33.34273],[126.42031,33.34137],[126.43259,33.34112],[126.43275,33.34493],[126.43642,33.34665],[126.43697,33.35462],[126.44558,33.35889],[126.46021,33.35871],[126.46775,33.3598],[126.47498,33.35604],[126.48333,33.3596],[126.48742,33.35512],[126.49045,33.35495],[126.49909,33.35985],[126.50867,33.35867],[126.5111,33.36104],[126.52154,33.36085],[126.52691,33.36304],[126.53474,33.36323],[126.55372,33.37368],[126.56492,33.37174],[126.57457,33.37182],[126.58209,33.37376],[126.59173,33.37385],[126.59322,33.37615],[126.60693,33.38224],[126.61762,33.38319],[126.62492,33.38504],[126.62633,33.39019],[126.63359,33.39392],[126.63588,33.39289],[126.65342,33.39505],[126.65497,33.39942],[126.66046,33.40196],[126.66834,33.40024],[126.67621,33.40486],[126.68773,33.41328],[126.69962,33.41919],[126.70906,33.4219],[126.71728,33.42189],[126.73183,33.42672],[126.7414,33.42027],[126.75058,33.41942],[126.76128,33.42146],[126.77003,33.42626],[126.77848,33.43399],[126.78247,33.43445],[126.78856,33.44136],[126.79703,33.44009],[126.80686,33.44434],[126.81821,33.44783],[126.82212,33.44671],[126.82394,33.45302],[126.8295,33.45364],[126.83683,33.45828],[126.84666,33.46212],[126.85469,33.46331],[126.85774,33.46706],[126.86675,33.46896],[126.87251,33.47495],[126.88146,33.4771],[126.88449,33.4807],[126.89803,33.48293],[126.90193,33.48253],[126.92978,33.48412],[126.96521,33.4727],[127.21063,33.4663],[127.21523,33.54164],[127.1925,33.59689],[127.14924,33.65007],[127.1022,33.6815],[127.04534,33.70294],[126.99185,33.71127],[126.91532,33.7592],[126.89274,33.80058],[126.79764,33.84556],[126.70581,33.91762],[126.59014,33.95989],[126.49546,34.02068],[126.36699,34.09925],[126.34261,34.11334],[126.32155,34.12489],[126.30691,34.13981],[126.25173,34.12435],[126.2175,34.10876],[126.1728,34.0806],[126.08579,34.00767],[125.7941,33.73951]]]},"properties":{"osm_id":5523589,"name":"제주시","sgg_code":"50110","mois_admin":"5011000000","admin_level":6,"code_source":"osm"}},
{"type":"Feature","geometry":{"type":"Polygon","coordinates":[[[127.21063,33.4663],[126.96521,33.4727],[126.92978,33.48412],[126.90193,33.48253],[126.89803,33.48293],[126.88449,33.4807],[126.88146,33.4771],[126.87251,33.47495],[126.86675,33.46896],[126.85774,33.46706],[126.85469,33.46331],[126.84666,33.46212],[126.83683,33.45828],[126.8295,33.45364],[126.82394,33.45302],[126.82212,33.44671],[126.81821,33.44783],[126.80686,33.44434],[126.79703,33.44009],[126.78856,33.44136],[126.78247,33.43445],[126.77848,33.43399],[126.77003,33.42626],[126.76128,33.42146],[126.75058,33.41942],[126.7414,33.42027],[126.73183,33.42672],[126.71728,33.42189],[126.70906,33.4219],[126.69962,33.41919],[126.68773,33.41328],[126.67621,33.40486],[126.66834,33.40024],[126.66046,33.40196],[126.65497,33.39942],[126.65342,33.39505],[126.63588,33.39289],[126.63359,33.39392],[126.62633,33.39019],[126.62492,33.38504],[126.61762,33.38319],[126.60693,33.38224],[126.59322,33.37615],[126.59173,33.37385],[126.58209,33.37376],[126.57457,33.37182],[126.56492,33.37174],[126.55372,33.37368],[126.53474,33.36323],[126.52691,33.36304],[126.52154,33.36085],[126.5111,33.36104],[126.50867,33.35867],[126.49909,33.35985],[126.49045,33.35495],[126.48742,33.35512],[126.48333,33.3596],[126.47498,33.35604],[126.46775,33.3598],[126.46021,33.35871],[126.44558,33.35889],[126.43697,33.35462],[126.43642,33.34665],[126.43275,33.34493],[126.43259,33.34112],[126.42031,33.34137],[126.4176,33.34273],[126.4091,33.34212],[126.40206,33.34452],[126.39164,33.34356],[126.38126,33.34648],[126.37531,33.34676],[126.3687,33.34138],[126.36258,33.34197],[126.3495,33.34094],[126.34164,33.34363],[126.33472,33.33642],[126.32938,33.33283],[126.32385,33.32659],[126.31833,33.32743],[126.30595,33.32665],[126.30017,33.32252],[126.29632,33.32199],[126.29241,33.31049],[126.27922,33.29948],[126.26836,33.29619],[126.25303,33.29281],[126.24455,33.2885],[126.24275,33.28316],[126.24465,33.27297],[126.23871,33.27638],[126.23019,33.28384],[126.20186,33.2958],[126.19198,33.29839],[126.19166,33.29366],[126.18043,33.29007],[126.17108,33.28837],[126.16874,33.2819],[126.15099,33.2743],[125.92542,33.23181],[125.95667,33.18587],[125.98893,33.14074],[126.01022,33.11904],[126.01765,33.09384],[126.03049,33.07477],[126.0355,33.05558],[126.04918,33.02798],[126.07186,32.99227],[126.10739,32.96236],[126.14309,32.93843],[126.19269,32.91795],[126.22703,32.91075],[126.30548,32.91046],[126.3551,32.92069],[126.41422,32.95023],[126.4475,32.97818],[126.47833,33.01589],[126.51855,33.01154],[126.55717,33.01431],[126.59701,33.02308],[126.64318,33.01816],[126.71293,33.02007],[126.78466,33.04581],[126.8169,33.06623],[126.85123,33.09787],[126.92917,33.11915],[126.97826,33.14445],[127.01294,33.16831],[127.04301,33.19736],[127.06341,33.22261],[127.07233,33.24357],[127.12311,33.29726],[127.15452,33.34316],[127.17313,33.38762],[127.19627,33.42456],[127.21063,33.4663]]]},"properties":{"osm_id":5524156,"name":"서귀포시","sgg_code":"50130","mois_admin":"5013000000","admin_level":6,"code_source":"osm"}},
{"type":"Feature","geometry":{"type":"Polygon","coordinates":[[[127.55991,37.72858],[127.56426,37.72784],[127.56755,37.73269],[127.57366,37.73266],[127.58921,37.7254],[127.59458,37.71974],[127.59154,37.71299],[127.59371,37.70549],[127.59617,37.70319],[127.60693,37.7039],[127.61048,37.69842],[127.61033,37.69223],[127.60794,37.68766],[127.60789,37.6768],[127.61587,37.67649],[127.62109,37.6791],[127.6237,37.68397],[127.62335,37.69122],[127.62614,37.69481],[127.63815,37.6985],[127.64149,37.69463],[127.64132,37.68392],[127.64261,37.68034],[127.6495,37.68025],[127.65216,37.68592],[127.65103,37.69824],[127.65839,37.70005],[127.67033,37.69569],[127.67783,37.69515],[127.68414,37.70192],[127.67952,37.71137],[127.68735,37.71622],[127.70099,37.71655],[127.70099,37.71902],[127.70749,37.72123],[127.71075,37.72678],[127.71527,37.728],[127.72255,37.73335],[127.72586,37.7319],[127.73113,37.73538],[127.74645,37.74192],[127.75017,37.73885],[127.75127,37.7342],[127.75472,37.73246],[127.76403,37.73783],[127.77146,37.73772],[127.78181,37.74232],[127.78773,37.73886],[127.78749,37.73668],[127.79486,37.73501],[127.80009,37.73717],[127.80118,37.74109],[127.80631,37.74259],[127.80671,37.74633],[127.81628,37.74855],[127.82835,37.74088],[127.83341,37.7421],[127.83599,37.74567],[127.84481,37.74946],[127.84524,37.75217],[127.8406,37.75502],[127.85486,37.7634],[127.8574,37.76852],[127.85445,37.77352],[127.84667,37.78069],[127.84324,37.78969],[127.83733,37.79042],[127.82489,37.79826],[127.82716,37.80864],[127.82501,37.81569],[127.82761,37.82046],[127.82199,37.82463],[127.81363,37.83328],[127.81548,37.84099],[127.82235,37.84566],[127.82519,37.8437],[127.83227,37.84364],[127.84826,37.83563],[127.85465,37.83481],[127.87161,37.8375],[127.87272,37.84462],[127.87737,37.84754],[127.87881,37.85204],[127.8765,37.85642],[127.88075,37.86069],[127.89067,37.86312],[127.89604,37.85939],[127.90619,37.85686],[127.90882,37.85456],[127.90567,37.84941],[127.91848,37.84422],[127.92447,37.83832],[127.92927,37.82771],[127.93523,37.82851],[127.93705,37.83558],[127.94412,37.83835],[127.9456,37.84578],[127.94297,37.84773],[127.94822,37.8602],[127.95754,37.87378],[127.97278,37.88248],[127.9731,37.88699],[127.97001,37.89266],[127.97191,37.89999],[127.97964,37.90816],[127.98633,37.91231],[127.98448,37.91393],[127.98363,37.92342],[127.99292,37.9309],[127.99511,37.9412],[127.98964,37.94521],[127.98728,37.95182],[127.97751,37.95707],[127.98397,37.96377],[127.98475,37.98004],[127.98179,37.9835],[127.98402,37.98876],[127.99156,37.99104],[127.9996,37.99138],[128.00343,37.99563],[128.0153,37.99664],[128.01878,38.00057],[128.01959,38.00737],[128.02961,38.01465],[128.02494,38.01953],[128.01296,38.01901],[128.00591,38.01374],[128.00065,38.00528],[127.99333,38.00162],[127.98938,38.0038],[127.98382,38.0103],[127.98713,38.0201],[127.98543,38.02686],[127.97778,38.02957],[127.96902,38.0309],[127.95543,38.03868],[127.95175,38.0382],[127.94701,38.03133],[127.94714,38.02258],[127.94333,38.01672],[127.93447,38.01382],[127.93137,38.01789],[127.91515,38.02217],[127.90407,38.03033],[127.90186,38.03822],[127.90404,38.04617],[127.90267,38.0506],[127.88827,38.05017],[127.879,38.04734],[127.86725,38.05025],[127.85913,38.04998],[127.85516,38.05231],[127.8512,38.04555],[127.84919,38.03626],[127.85081,38.03085],[127.85559,38.02862],[127.85415,38.02641],[127.8581,38.01882],[127.84985,38.01671],[127.8474,38.01432],[127.83981,38.01383],[127.83357,38.0088],[127.83037,38.00838],[127.8271,38.00078],[127.82031,38.00388],[127.81324,38.00367],[127.80317,38.0005],[127.79464,37.99571],[127.78821,37.99429],[127.78785,37.99828],[127.77916,38.01366],[127.77382,38.01357],[127.77369,38.02177],[127.76958,38.02824],[127.76093,38.02985],[127.75901,38.03424],[127.7521,38.03504],[127.74756,38.0381],[127.73803,38.0383],[127.72925,38.03281],[127.72539,38.0251],[127.71353,38.02393],[127.70943,38.03233],[127.70022,38.0382],[127.69438,38.03557],[127.68158,38.03415],[127.67844,38.03589],[127.66956,38.03418],[127.66537,38.03039],[127.65076,38.02701],[127.6481,38.0334],[127.6489,38.04457],[127.65326,38.05213],[127.64614,38.05661],[127.6412,38.05198],[127.63289,38.05005],[127.62366,38.05155],[127.61803,38.05718],[127.61168,38.05652],[127.6054,38.06105],[127.60776,38.07167],[127.59817,38.07686],[127.59684,38.0799],[127.58566,38.0802],[127.57558,38.08481],[127.56609,38.08383],[127.5667,38.07929],[127.56417,38.07168],[127.5666,38.06644],[127.56973,38.0667],[127.57693,38.06157],[127.57957,38.05577],[127.57411,38.05091],[127.57398,38.04712],[127.57864,38.03977],[127.57406,38.03551],[127.56695,38.03192],[127.56385,38.02199],[127.55293,38.0198],[127.54476,38.01953],[127.54031,38.00116],[127.54611,37.98391],[127.54717,37.97828],[127.54466,37.9757],[127.54421,37.96958],[127.54738,37.96646],[127.56189,37.96277],[127.57133,37.964],[127.57934,37.96114],[127.58472,37.96175],[127.60244,37.955],[127.60176,37.9481],[127.60374,37.94449],[127.61267,37.94048],[127.61658,37.92827],[127.61205,37.92406],[127.61658,37.9119],[127.61705,37.906],[127.6074,37.88966],[127.6091,37.88352],[127.60321,37.8742],[127.59424,37.87602],[127.58462,37.87629],[127.57789,37.87401],[127.5686,37.86697],[127.56324,37.85588],[127.55853,37.85645],[127.55022,37.85166],[127.54965,37.84654],[127.54046,37.84655],[127.52944,37.83972],[127.52562,37.83292],[127.52564,37.82287],[127.53494,37.81771],[127.53719,37.81057],[127.52305,37.79617],[127.52226,37.78895],[127.53062,37.78173],[127.54092,37.77088],[127.54499,37.76363],[127.54209,37.75466],[127.53408,37.7486],[127.51687,37.74027],[127.50711,37.73136],[127.50615,37.72415],[127.50951,37.71693],[127.51342,37.71759],[127.5247,37.72647],[127.52962,37.72642],[127.53389,37.72193],[127.54017,37.71946],[127.54927,37.72393],[127.55123,37.72756],[127.55991,37.72858]]]},"properties":{"osm_id":2517796,"name":"춘천시","sgg_code":"51110","mois_admin":"5111000000","admin_level":6,"code_source":"osm"}},
{"type":"Feature","geometry":{"type":"Polygon","coordinates":[[[127.80041,37.43863],[127.804,37.4291],[127.79502,37.42498],[127.79218,37.41845],[127.78783,37.40113],[127.78373,37.39854],[127.78168,37.39304],[127.78409,37.38883],[127.77862,37.38575],[127.77579,37.37896],[127.77894,37.37077],[127.76287,37.36998],[127.75966,37.36698],[127.76076,37.35264],[127.75798,37.34577],[127.76297,37.33443],[127.75978,37.3301],[127.76539,37.31738],[127.76545,37.31289],[127.7686,37.30834],[127.7682,37.30149],[127.76207,37.30214],[127.75461,37.29774],[127.75066,37.29798],[127.75004,37.29196],[127.75353,37.28898],[127.75398,37.28423],[127.75908,37.27705],[127.76066,37.26901],[127.75449,37.25224],[127.74859,37.24617],[127.74669,37.23935],[127.74616,37.22687],[127.74838,37.22589],[127.74853,37.21759],[127.74612,37.21378],[127.7441,37.20955],[127.74802,37.20156],[127.75189,37.18226],[127.75558,37.17222],[127.76466,37.16002],[127.78943,37.14375],[127.79508,37.14615],[127.80204,37.14446],[127.80755,37.14742],[127.81451,37.14664],[127.81905,37.14825],[127.82359,37.15376],[127.83009,37.15509],[127.83649,37.15177],[127.85032,37.15391],[127.85177,37.15965],[127.85555,37.16026],[127.85597,37.15645],[127.86176,37.15644],[127.86231,37.1618],[127.87205,37.16434],[127.88641,37.16109],[127.89543,37.15609],[127.89889,37.1498],[127.90164,37.1518],[127.90346,37.16005],[127.90863,37.16712],[127.91504,37.16888],[127.92384,37.16363],[127.92633,37.16553],[127.9273,37.16978],[127.93363,37.1758],[127.9326,37.18237],[127.93626,37.18877],[127.93216,37.19523],[127.93092,37.20113],[127.93247,37.20699],[127.9271,37.22015],[127.92158,37.22505],[127.92662,37.2316],[127.93888,37.24074],[127.94519,37.24056],[127.95268,37.24792],[127.96455,37.25101],[127.96974,37.2557],[127.9799,37.25833],[127.98546,37.25814],[127.99423,37.25357],[127.99973,37.25446],[128.00797,37.25212],[128.01259,37.24769],[128.01921,37.2444],[128.0211,37.2303],[128.02301,37.22563],[128.03213,37.2238],[128.03216,37.22108],[128.03875,37.21604],[128.03308,37.21081],[128.0283,37.20232],[128.03224,37.19804],[128.03222,37.19388],[128.0372,37.18928],[128.04428,37.19086],[128.04981,37.18958],[128.06047,37.19409],[128.06356,37.19282],[128.07201,37.19449],[128.07754,37.1937],[128.10505,37.20377],[128.1115,37.20767],[128.11551,37.22027],[128.12236,37.2252],[128.1208,37.2273],[128.12536,37.23459],[128.12957,37.23375],[128.13348,37.22973],[128.14204,37.2286],[128.14232,37.22434],[128.15086,37.22074],[128.15467,37.21567],[128.15802,37.21631],[128.16404,37.21331],[128.17307,37.21906],[128.17253,37.22494],[128.17604,37.22835],[128.17362,37.23101],[128.17788,37.23533],[128.18419,37.23828],[128.19317,37.24524],[128.20118,37.24897],[128.2078,37.24882],[128.21307,37.26206],[128.21074,37.27507],[128.21846,37.27856],[128.21412,37.28815],[128.20657,37.28783],[128.20143,37.29124],[128.19736,37.29684],[128.19025,37.29346],[128.17837,37.29141],[128.17783,37.27952],[128.17328,37.27921],[128.16341,37.27392],[128.14256,37.27104],[128.13137,37.27448],[128.12384,37.27463],[128.12141,37.27222],[128.11555,37.27248],[128.1142,37.2783],[128.11042,37.27924],[128.10716,37.29276],[128.10857,37.29878],[128.10452,37.30091],[128.09368,37.30053],[128.08342,37.30175],[128.07365,37.30439],[128.06811,37.3085],[128.05198,37.30846],[128.04831,37.31104],[128.03838,37.32167],[128.03714,37.32763],[128.03367,37.33248],[128.03775,37.3376],[128.03939,37.34469],[128.03686,37.34661],[128.03919,37.35596],[128.0458,37.35926],[128.04616,37.36341],[128.04965,37.36601],[128.05705,37.36413],[128.06437,37.36448],[128.07268,37.36742],[128.07679,37.37374],[128.07447,37.37965],[128.07631,37.38462],[128.0719,37.39178],[128.07874,37.3999],[128.08841,37.40128],[128.09745,37.40632],[128.09605,37.41024],[128.08858,37.41429],[128.08393,37.42388],[128.08424,37.42673],[128.06217,37.43577],[128.06257,37.43972],[128.05893,37.44513],[128.05378,37.44371],[128.04272,37.44332],[128.03852,37.4471],[128.03331,37.44646],[128.02741,37.44859],[128.01424,37.44525],[128.01202,37.44977],[128.00677,37.45011],[128.00712,37.45288],[128.00262,37.45684],[127.99423,37.45616],[127.98271,37.46019],[127.97427,37.45763],[127.96817,37.45187],[127.95728,37.45332],[127.95466,37.45555],[127.9493,37.45444],[127.94858,37.45838],[127.94162,37.46689],[127.93934,37.4748],[127.93697,37.47629],[127.93846,37.48251],[127.93289,37.48705],[127.93967,37.50115],[127.92915,37.50691],[127.91875,37.49797],[127.91913,37.49287],[127.90969,37.48644],[127.90611,37.47327],[127.89587,37.47235],[127.89503,37.46968],[127.88895,37.46619],[127.88452,37.4702],[127.87699,37.46692],[127.87465,37.45501],[127.87093,37.45341],[127.86565,37.44695],[127.8657,37.43964],[127.86339,37.43625],[127.86509,37.43196],[127.86394,37.42533],[127.87126,37.41565],[127.86808,37.40416],[127.868,37.39963],[127.8565,37.39865],[127.85099,37.39533],[127.84764,37.40079],[127.85127,37.40858],[127.84567,37.41928],[127.8449,37.42381],[127.84112,37.42866],[127.83968,37.43415],[127.8345,37.434],[127.83068,37.43838],[127.81983,37.44658],[127.81344,37.44527],[127.8105,37.44139],[127.80041,37.43863]]]},"properties":{"osm_id":2529086,"name":"원주시","sgg_code":"51130","mois_admin":"5113000000","admin_level":6,"code_source":"osm"}},
{"type":"Feature","geometry":{"type":"Polygon","coordinates":[[[128.67896,37.56986],[128.67888,37.56706],[128.68358,37.56341],[128.6835,37.55715],[128.68776,37.55432],[128.69405,37.54125],[128.69901,37.53665],[128.7071,37.53219],[128.71716,37.53101],[128.71978,37.52871],[128.72289,37.53489],[128.73708,37.5473],[128.74237,37.54589],[128.74979,37.54659],[128.76201,37.5415],[128.76703,37.54363],[128.78093,37.54349],[128.79296,37.53717],[128.79203,37.53276],[128.79815,37.52745],[128.79762,37.51845],[128.81169,37.50993],[128.81375,37.5033],[128.82077,37.50713],[128.83049,37.51009],[128.83393,37.51315],[128.84311,37.51257],[128.84907,37.51555],[128.84815,37.52144],[128.85425,37.5242],[128.85367,37.52989],[128.85551,37.53729],[128.85993,37.54242],[128.85916,37.54778],[128.86203,37.55363],[128.85918,37.5559],[128.85879,37.56122],[128.8627,37.56507],[128.86195,37.57046],[128.86379,37.57522],[128.86856,37.57907],[128.87354,37.58967],[128.87771,37.58849],[128.88249,37.59244],[128.88879,37.59223],[128.89025,37.58855],[128.89776,37.58669],[128.90139,37.5715],[128.90573,37.5671],[128.90447,37.55547],[128.90574,37.55262],[128.91446,37.55193],[128.91622,37.54801],[128.92549,37.54664],[128.93438,37.53814],[128.94046,37.53814],[128.94394,37.54069],[128.94925,37.53967],[128.95513,37.54144],[128.96123,37.54875],[128.96278,37.54316],[128.96831,37.53962],[128.97338,37.53374],[128.98764,37.53387],[128.99459,37.54109],[128.99856,37.54281],[129.01976,37.53863],[129.02577,37.54543],[129.03573,37.5478],[129.0471,37.54666],[129.0503,37.55393],[129.04837,37.55717],[129.05059,37.5671],[129.05103,37.5764],[129.05669,37.58235],[129.05964,37.58995],[129.05501,37.5947],[129.05568,37.59711],[129.06874,37.5989],[129.07445,37.60454],[129.17413,37.69411],[129.27575,37.78253],[129.23973,37.81792],[129.2172,37.82783],[129.19922,37.8548],[129.18617,37.866],[129.1721,37.87945],[129.14051,37.89923],[129.11476,37.9331],[129.07146,37.9726],[129.04404,38.01591],[128.99743,38.05622],[128.86787,37.96094],[128.80343,37.91301],[128.79315,37.91221],[128.78301,37.91469],[128.77314,37.91106],[128.75999,37.91007],[128.75695,37.91232],[128.7466,37.9092],[128.74466,37.90421],[128.73638,37.90341],[128.73241,37.89988],[128.72705,37.90267],[128.7192,37.90279],[128.70881,37.89729],[128.70217,37.89841],[128.68283,37.88991],[128.67634,37.88982],[128.66708,37.88573],[128.66483,37.8905],[128.65976,37.89177],[128.64777,37.89093],[128.64294,37.89489],[128.6348,37.88762],[128.62848,37.88499],[128.62356,37.88052],[128.62351,37.87496],[128.62077,37.87235],[128.60118,37.87071],[128.5977,37.86596],[128.59197,37.8656],[128.58802,37.86203],[128.58606,37.84514],[128.58161,37.83773],[128.5823,37.83242],[128.58036,37.828],[128.58274,37.82139],[128.59192,37.81604],[128.59996,37.80882],[128.59815,37.80438],[128.60094,37.80174],[128.60159,37.79377],[128.59979,37.79161],[128.60141,37.78133],[128.59879,37.7745],[128.60244,37.76935],[128.6104,37.76621],[128.6147,37.77058],[128.6196,37.76928],[128.62562,37.77055],[128.63143,37.77436],[128.63496,37.78128],[128.63898,37.78244],[128.64309,37.77732],[128.6557,37.77143],[128.66738,37.7698],[128.67085,37.76688],[128.67984,37.77303],[128.68485,37.77305],[128.69097,37.76972],[128.69837,37.77133],[128.7089,37.76805],[128.71806,37.75607],[128.72236,37.75513],[128.72536,37.7495],[128.73188,37.7477],[128.73966,37.74163],[128.7438,37.74143],[128.74567,37.72677],[128.74455,37.72344],[128.74848,37.71995],[128.74783,37.7141],[128.75494,37.70755],[128.75456,37.69965],[128.75858,37.69417],[128.76071,37.68284],[128.76395,37.6807],[128.76511,37.67352],[128.75247,37.66978],[128.74576,37.66503],[128.74367,37.65883],[128.73347,37.6549],[128.73177,37.64978],[128.73377,37.64684],[128.72863,37.63793],[128.73602,37.62768],[128.7371,37.61403],[128.73552,37.60909],[128.72302,37.61132],[128.71665,37.60427],[128.71635,37.59338],[128.71207,37.58864],[128.707,37.58892],[128.69892,37.59352],[128.69197,37.59204],[128.6841,37.59383],[128.68153,37.57976],[128.68143,37.57383],[128.67896,37.56986]]]},"properties":{"osm_id":2537817,"name":"강릉시","sgg_code":"51150","mois_admin":"5115000000","admin_level":6,"code_source":"osm"}},
{"type":"Feature","geometry":{"type":"Polygon","coordinates":[[[128.97338,37.53374],[128.9692,37.53038],[128.96846,37.5227],[128.96098,37.51258],[128.96514,37.50541],[128.97251,37.50572],[128.97468,37.50273],[128.97002,37.49473],[128.97251,37.49164],[128.98046,37.49361],[128.98679,37.49312],[128.98966,37.48451],[128.9857,37.48277],[128.9881,37.47932],[128.98471,37.47041],[128.97737,37.46862],[128.96898,37.46076],[128.96416,37.45917],[128.96434,37.45475],[128.95762,37.44664],[128.95856,37.44425],[128.97093,37.43847],[128.97589,37.43302],[128.98463,37.43393],[128.99318,37.43059],[128.99942,37.42987],[129.00444,37.4268],[129.0102,37.43593],[129.02505,37.4432],[129.02923,37.44699],[129.03556,37.44953],[129.0363,37.45227],[129.0482,37.45695],[129.06565,37.46038],[129.07406,37.45628],[129.0833,37.46042],[129.09585,37.46343],[129.1074,37.4558],[129.11616,37.46066],[129.12317,37.45698],[129.12791,37.45681],[129.13309,37.45314],[129.14176,37.4665],[129.148,37.46506],[129.15517,37.47419],[129.16026,37.47609],[129.22293,37.51193],[129.36998,37.59414],[129.36693,37.62579],[129.33752,37.67895],[129.30817,37.71413],[129.27575,37.78253],[129.17413,37.69411],[129.07445,37.60454],[129.06874,37.5989],[129.05568,37.59711],[129.05501,37.5947],[129.05964,37.58995],[129.05669,37.58235],[129.05103,37.5764],[129.05059,37.5671],[129.04837,37.55717],[129.0503,37.55393],[129.0471,37.54666],[129.03573,37.5478],[129.02577,37.54543],[129.01976,37.53863],[128.99856,37.54281],[128.99459,37.54109],[128.98764,37.53387],[128.97338,37.53374]]]},"properties":{"osm_id":2537816,"name":"동해시","sgg_code":"51170","mois_admin":"5117000000","admin_level":6,"code_source":"osm"}},
{"type":"Feature","geometry":{"type":"Polygon","coordinates":[[[129.09566,37.10031],[129.08815,37.11492],[129.09195,37.11947],[129.08906,37.12357],[129.09537,37.13846],[129.09345,37.14216],[129.0887,37.14394],[129.08857,37.15821],[129.08475,37.16035],[129.07193,37.16019],[129.07453,37.16596],[129.07183,37.16992],[129.05841,37.17131],[129.05128,37.16994],[129.03655,37.17589],[129.0304,37.17452],[129.01655,37.18142],[129.01134,37.18653],[129.00827,37.19375],[129.00901,37.19851],[129.00132,37.20331],[128.99876,37.20781],[129.00118,37.21503],[128.99998,37.21792],[129.01049,37.22082],[129.00438,37.22706],[129.00792,37.23264],[129.00499,37.23511],[128.99319,37.23526],[128.98997,37.24079],[128.99395,37.24462],[129.00177,37.24466],[129.00162,37.25056],[129.0065,37.25059],[129.00993,37.25956],[129.00559,37.26425],[129.00799,37.26939],[129.01513,37.27418],[129.00385,37.28837],[129.00561,37.29215],[129.01843,37.30351],[129.01102,37.31167],[129.00637,37.313],[129.0028,37.31792],[128.99844,37.31899],[128.998,37.32456],[129.01428,37.33839],[129.01036,37.33966],[129.00831,37.34554],[129.00236,37.34374],[128.99932,37.3385],[128.98926,37.33528],[128.97811,37.33641],[128.97103,37.33442],[128.97008,37.33658],[128.96617,37.33025],[128.958,37.32231],[128.95097,37.30779],[128.94328,37.30553],[128.94231,37.29765],[128.94645,37.29023],[128.94154,37.28889],[128.93959,37.28389],[128.94104,37.27937],[128.93396,37.27312],[128.9305,37.27449],[128.92433,37.27254],[128.92755,37.27011],[128.9322,37.25723],[128.93538,37.24536],[128.9296,37.24072],[128.92389,37.24275],[128.91811,37.24005],[128.91707,37.22553],[128.90797,37.21655],[128.91607,37.21185],[128.91608,37.20669],[128.91151,37.19689],[128.91299,37.19483],[128.91281,37.18574],[128.91486,37.18078],[128.91185,37.17726],[128.91592,37.16939],[128.91775,37.16233],[128.91695,37.15792],[128.91194,37.14926],[128.90053,37.14708],[128.894,37.14623],[128.88818,37.14107],[128.88698,37.13449],[128.88924,37.12471],[128.87615,37.11459],[128.87046,37.11363],[128.86817,37.10725],[128.87555,37.10807],[128.8788,37.10447],[128.88741,37.10171],[128.88856,37.09171],[128.88157,37.08096],[128.8756,37.07847],[128.87641,37.07202],[128.88531,37.06586],[128.88662,37.06249],[128.89162,37.06204],[128.89876,37.06666],[128.90498,37.06597],[128.9103,37.06831],[128.91687,37.07861],[128.91501,37.08368],[128.9232,37.09212],[128.93209,37.09087],[128.9457,37.09384],[128.95344,37.08496],[128.95482,37.07959],[128.95927,37.07758],[128.97551,37.08114],[128.98417,37.08469],[129.00063,37.08036],[129.01389,37.07855],[129.02085,37.07654],[129.02435,37.07835],[129.03241,37.07492],[129.03669,37.07618],[129.04188,37.07104],[129.05322,37.07037],[129.05708,37.06496],[129.06398,37.06807],[129.06742,37.07619],[129.0656,37.07875],[129.07087,37.08501],[129.07001,37.08738],[129.07686,37.09292],[129.0912,37.09715],[129.09566,37.10031]]]},"properties":{"osm_id":2537819,"name":"태백시","sgg_code":"51190","mois_admin":"5119000000","admin_level":6,"code_source":"osm"}},
{"type":"Feature","geometry":{"type":"Polygon","coordinates":[[[128.44231,38.20372],[128.43845,38.19256],[128.42651,38.18915],[128.42114,38.17669],[128.43319,38.16861],[128.43903,38.16258],[128.43792,38.15487],[128.44306,38.1496],[128.46596,38.13692],[128.46424,38.12867],[128.46486,38.11921],[128.46724,38.11901],[128.48128,38.13068],[128.49129,38.13649],[128.50048,38.13495],[128.50881,38.13653],[128.51588,38.13553],[128.52507,38.13816],[128.52987,38.13609],[128.53146,38.14194],[128.53545,38.14504],[128.53506,38.14855],[128.54587,38.14926],[128.56136,38.14894],[128.56971,38.15381],[128.56984,38.16189],[128.58406,38.16162],[128.60473,38.15904],[128.63208,38.16927],[128.85957,38.25083],[128.82445,38.32376],[128.60977,38.2409],[128.58487,38.23112],[128.57432,38.22179],[128.56819,38.22014],[128.56123,38.22095],[128.55553,38.21802],[128.54526,38.21646],[128.54011,38.21753],[128.5337,38.21581],[128.52921,38.21126],[128.52207,38.20755],[128.51399,38.20774],[128.50685,38.2039],[128.49924,38.20221],[128.49776,38.19793],[128.4903,38.19399],[128.48455,38.18797],[128.4772,38.18889],[128.47711,38.1928],[128.46663,38.19862],[128.46261,38.19694],[128.45199,38.19901],[128.44231,38.20372]]]},"properties":{"osm_id":2517798,"name":"속초시","sgg_code":"51210","mois_admin":"5121000000","admin_level":6,"code_source":"osm"}},
{"type":"Feature","geometry":{"type":"Polygon","coordinates":[[[128.90797,37.21655],[128.91707,37.22553],[128.91811,37.24005],[128.92389,37.24275],[128.9296,37.24072],[128.93538,37.24536],[128.9322,37.25723],[128.92755,37.27011],[128.92433,37.27254],[128.9305,37.27449],[128.93396,37.27312],[128.94104,37.27937],[128.93959,37.28389],[128.94154,37.28889],[128.94645,37.29023],[128.94231,37.29765],[128.94328,37.30553],[128.95097,37.30779],[128.958,37.32231],[128.96617,37.33025],[128.97008,37.33658],[128.97103,37.33442],[128.97811,37.33641],[128.98926,37.33528],[128.99932,37.3385],[129.00236,37.34374],[129.00831,37.34554],[129.01036,37.33966],[129.01428,37.33839],[128.998,37.32456],[128.99844,37.31899],[129.0028,37.31792],[129.00637,37.313],[129.01102,37.31167],[129.01843,37.30351],[129.00561,37.29215],[129.00385,37.28837],[129.01513,37.27418],[129.00799,37.26939],[129.00559,37.26425],[129.00993,37.25956],[129.0065,37.25059],[129.00162,37.25056],[129.00177,37.24466],[128.99395,37.24462],[128.98997,37.24079],[128.99319,37.23526],[129.00499,37.23511],[129.00792,37.23264],[129.00438,37.22706],[129.01049,37.22082],[128.99998,37.21792],[129.00118,37.21503],[128.99876,37.20781],[129.00132,37.20331],[129.00901,37.19851],[129.00827,37.19375],[129.01134,37.18653],[129.01655,37.18142],[129.0304,37.17452],[129.03655,37.17589],[129.05128,37.16994],[129.05841,37.17131],[129.07183,37.16992],[129.07453,37.16596],[129.07193,37.16019],[129.08475,37.16035],[129.08857,37.15821],[129.0887,37.14394],[129.09345,37.14216],[129.09537,37.13846],[129.08906,37.12357],[129.09195,37.11947],[129.08815,37.11492],[129.09566,37.10031],[129.10458,37.09772],[129.10778,37.0935],[129.11807,37.09274],[129.12669,37.08893],[129.12719,37.08444],[129.13355,37.08175],[129.13947,37.08227],[129.14427,37.07658],[129.14805,37.07613],[129.16169,37.06888],[129.16618,37.06922],[129.1704,37.06036],[129.17571,37.0578],[129.18503,37.04658],[129.18541,37.04172],[129.19475,37.04063],[129.20505,37.04497],[129.2138,37.04303],[129.22531,37.04456],[129.23359,37.0404],[129.23821,37.04079],[129.23267,37.04422],[129.23177,37.05426],[129.22954,37.05474],[129.23307,37.06388],[129.23086,37.0689],[129.22538,37.07372],[129.23086,37.07662],[129.23725,37.08381],[129.24046,37.08504],[129.24903,37.09615],[129.25316,37.09679],[129.25907,37.10105],[129.26566,37.10215],[129.27024,37.10692],[129.27124,37.11638],[129.27674,37.11855],[129.282,37.1161],[129.29459,37.11437],[129.29523,37.1203],[129.30387,37.12824],[129.30889,37.12794],[129.3118,37.13221],[129.31815,37.13295],[129.32483,37.14229],[129.33057,37.1405],[129.34461,37.14602],[129.3626,37.1456],[129.3718,37.14967],[129.62438,37.27104],[129.5957,37.32556],[129.57001,37.3617],[129.52665,37.40705],[129.50237,37.42771],[129.4852,37.45794],[129.45769,37.50525],[129.43123,37.52489],[129.38028,37.58734],[129.36998,37.59414],[129.22293,37.51193],[129.16026,37.47609],[129.15517,37.47419],[129.148,37.46506],[129.14176,37.4665],[129.13309,37.45314],[129.12791,37.45681],[129.12317,37.45698],[129.11616,37.46066],[129.1074,37.4558],[129.09585,37.46343],[129.0833,37.46042],[129.07406,37.45628],[129.06565,37.46038],[129.0482,37.45695],[129.0363,37.45227],[129.03556,37.44953],[129.02923,37.44699],[129.02505,37.4432],[129.0102,37.43593],[129.00444,37.4268],[128.99942,37.42987],[128.99318,37.43059],[128.98463,37.43393],[128.97589,37.43302],[128.97093,37.43847],[128.95856,37.44425],[128.95762,37.44664],[128.95508,37.44942],[128.94385,37.4493],[128.93872,37.45103],[128.93429,37.4476],[128.92756,37.44856],[128.92118,37.44531],[128.91874,37.44125],[128.91061,37.43634],[128.90407,37.43807],[128.89785,37.43029],[128.89859,37.42104],[128.89543,37.40956],[128.88954,37.40484],[128.88282,37.4044],[128.87072,37.4003],[128.86852,37.39102],[128.86537,37.39035],[128.86157,37.38228],[128.85791,37.38079],[128.8571,37.37647],[128.85157,37.36543],[128.85192,37.35863],[128.84905,37.35607],[128.84942,37.35142],[128.84603,37.33973],[128.84915,37.34147],[128.86686,37.33894],[128.86998,37.3294],[128.87836,37.32399],[128.87013,37.31901],[128.85847,37.30423],[128.8598,37.29808],[128.87234,37.29016],[128.87169,37.28445],[128.8771,37.27869],[128.88874,37.27593],[128.88763,37.27306],[128.88207,37.27185],[128.87992,37.26492],[128.88681,37.26176],[128.8947,37.25349],[128.9008,37.24291],[128.89865,37.23595],[128.9044,37.22784],[128.90546,37.21792],[128.90797,37.21655]]]},"properties":{"osm_id":2537818,"name":"삼척시","sgg_code":"51230","mois_admin":"5123000000","admin_level":6,"code_source":"osm"}},
{"type":"Feature","geometry":{"type":"Polygon","coordinates":[[[127.99511,37.9412],[127.99292,37.9309],[127.98363,37.92342],[127.98448,37.91393],[127.98633,37.91231],[127.97964,37.90816],[127.97191,37.89999],[127.97001,37.89266],[127.9731,37.88699],[127.97278,37.88248],[127.95754,37.87378],[127.94822,37.8602],[127.94297,37.84773],[127.9456,37.84578],[127.94412,37.83835],[127.93705,37.83558],[127.93523,37.82851],[127.92927,37.82771],[127.92447,37.83832],[127.91848,37.84422],[127.90567,37.84941],[127.90882,37.85456],[127.90619,37.85686],[127.89604,37.85939],[127.89067,37.86312],[127.88075,37.86069],[127.8765,37.85642],[127.87881,37.85204],[127.87737,37.84754],[127.87272,37.84462],[127.87161,37.8375],[127.85465,37.83481],[127.84826,37.83563],[127.83227,37.84364],[127.82519,37.8437],[127.82235,37.84566],[127.81548,37.84099],[127.81363,37.83328],[127.82199,37.82463],[127.82761,37.82046],[127.82501,37.81569],[127.82716,37.80864],[127.82489,37.79826],[127.83733,37.79042],[127.84324,37.78969],[127.84667,37.78069],[127.85445,37.77352],[127.8574,37.76852],[127.85486,37.7634],[127.8406,37.75502],[127.84524,37.75217],[127.84481,37.74946],[127.83599,37.74567],[127.83341,37.7421],[127.82835,37.74088],[127.81628,37.74855],[127.80671,37.74633],[127.80631,37.74259],[127.80118,37.74109],[127.80009,37.73717],[127.79486,37.73501],[127.78749,37.73668],[127.78773,37.73886],[127.78181,37.74232],[127.77146,37.73772],[127.76403,37.73783],[127.75472,37.73246],[127.75127,37.7342],[127.75017,37.73885],[127.74645,37.74192],[127.73113,37.73538],[127.72586,37.7319],[127.72255,37.73335],[127.71527,37.728],[127.71075,37.72678],[127.70749,37.72123],[127.70099,37.71902],[127.70099,37.71655],[127.68735,37.71622],[127.67952,37.71137],[127.68414,37.70192],[127.67783,37.69515],[127.67033,37.69569],[127.65839,37.70005],[127.65103,37.69824],[127.65216,37.68592],[127.6495,37.68025],[127.64261,37.68034],[127.64132,37.68392],[127.64149,37.69463],[127.63815,37.6985],[127.62614,37.69481],[127.62335,37.69122],[127.6237,37.68397],[127.62109,37.6791],[127.61587,37.67649],[127.60789,37.6768],[127.60794,37.68766],[127.61033,37.69223],[127.61048,37.69842],[127.60693,37.7039],[127.59617,37.70319],[127.59371,37.70549],[127.59154,37.71299],[127.59458,37.71974],[127.58921,37.7254],[127.57366,37.73266],[127.56755,37.73269],[127.56426,37.72784],[127.55991,37.72858],[127.56186,37.72007],[127.55804,37.71391],[127.55863,37.70604],[127.55064,37.68704],[127.5508,37.67725],[127.54905,37.66861],[127.55282,37.66153],[127.54622,37.65786],[127.54385,37.65173],[127.53565,37.65069],[127.53794,37.64148],[127.54725,37.63771],[127.54826,37.63321],[127.55946,37.62849],[127.56468,37.63316],[127.57142,37.632],[127.58065,37.6334],[127.58349,37.63559],[127.58326,37.64013],[127.60031,37.64786],[127.60219,37.65154],[127.60903,37.64988],[127.61332,37.64566],[127.6155,37.64703],[127.6218,37.64283],[127.6219,37.63957],[127.62644,37.64308],[127.63089,37.63936],[127.63439,37.63975],[127.63411,37.63557],[127.63943,37.63264],[127.64699,37.63274],[127.64985,37.62415],[127.65339,37.62231],[127.66171,37.62432],[127.66473,37.62024],[127.67943,37.60941],[127.68338,37.60823],[127.69168,37.60134],[127.69619,37.60079],[127.70084,37.59612],[127.69743,37.59185],[127.70789,37.58635],[127.72313,37.59063],[127.72682,37.58906],[127.7447,37.58788],[127.75411,37.59206],[127.75798,37.58681],[127.76128,37.58759],[127.76657,37.58267],[127.78444,37.57812],[127.79008,37.58061],[127.7929,37.58529],[127.79998,37.58277],[127.80408,37.57931],[127.80563,37.57409],[127.80909,37.57377],[127.81413,37.56415],[127.82704,37.56061],[127.83232,37.56157],[127.83951,37.55922],[127.84039,37.55679],[127.8481,37.55226],[127.85458,37.55382],[127.85955,37.55772],[127.8713,37.55625],[127.87241,37.56217],[127.87874,37.56626],[127.8847,37.57253],[127.88427,37.57534],[127.88902,37.5769],[127.88882,37.58003],[127.89379,37.58509],[127.89504,37.59831],[127.90752,37.59842],[127.92261,37.6057],[127.927,37.60416],[127.93319,37.60982],[127.94524,37.60878],[127.95122,37.61114],[127.95236,37.6178],[127.95652,37.6195],[127.95974,37.62612],[127.96749,37.62694],[127.97121,37.63808],[127.97708,37.63624],[127.97928,37.63185],[127.99784,37.62685],[128.01215,37.62624],[128.01421,37.62369],[128.01385,37.61609],[128.02012,37.61317],[128.03145,37.62271],[128.04842,37.62779],[128.04999,37.63104],[128.06628,37.63643],[128.06662,37.64013],[128.07556,37.64424],[128.07864,37.64859],[128.093,37.65299],[128.10408,37.64978],[128.11412,37.65454],[128.1081,37.65624],[128.10559,37.65941],[128.11247,37.66488],[128.11168,37.67149],[128.11872,37.67862],[128.12539,37.67749],[128.1359,37.68016],[128.13997,37.67447],[128.14617,37.67249],[128.15256,37.65914],[128.15424,37.66169],[128.1641,37.6647],[128.16591,37.65929],[128.18128,37.65348],[128.18577,37.64964],[128.18651,37.64441],[128.19956,37.65167],[128.20872,37.64907],[128.21526,37.64382],[128.22854,37.62875],[128.23583,37.62522],[128.2539,37.62737],[128.26631,37.63353],[128.27034,37.63266],[128.27151,37.6369],[128.27551,37.63916],[128.27339,37.64627],[128.27386,37.65601],[128.27883,37.66396],[128.27658,37.66888],[128.28444,37.67453],[128.28876,37.68013],[128.29507,37.6835],[128.29717,37.68708],[128.30445,37.6912],[128.30977,37.70138],[128.31334,37.70316],[128.32139,37.69082],[128.32337,37.69004],[128.3369,37.69555],[128.34616,37.6956],[128.35748,37.69919],[128.36498,37.69779],[128.36915,37.6939],[128.37672,37.69149],[128.39552,37.69181],[128.40443,37.68833],[128.40852,37.69079],[128.41549,37.68798],[128.42486,37.69141],[128.43523,37.69239],[128.43593,37.69527],[128.44395,37.70073],[128.44614,37.71249],[128.4448,37.71733],[128.45438,37.72887],[128.45781,37.73081],[128.46229,37.72854],[128.46822,37.72944],[128.47113,37.73279],[128.4787,37.73466],[128.51307,37.73037],[128.51795,37.73192],[128.52222,37.72971],[128.52803,37.73299],[128.52406,37.74263],[128.52711,37.75281],[128.52406,37.75535],[128.52395,37.76401],[128.53323,37.77096],[128.5332,37.77979],[128.53959,37.78322],[128.54293,37.78958],[128.54376,37.80023],[128.55638,37.80946],[128.56966,37.80741],[128.57818,37.81816],[128.58274,37.82139],[128.58036,37.828],[128.5823,37.83242],[128.58161,37.83773],[128.58606,37.84514],[128.58802,37.86203],[128.57376,37.86464],[128.57214,37.87052],[128.56774,37.8754],[128.56007,37.87539],[128.55525,37.88172],[128.54407,37.8872],[128.53975,37.89114],[128.52998,37.88885],[128.52613,37.88296],[128.51883,37.88081],[128.51077,37.88053],[128.50593,37.88687],[128.49867,37.88612],[128.49719,37.88376],[128.49393,37.88777],[128.48142,37.893],[128.47536,37.88529],[128.47214,37.88626],[128.46632,37.88096],[128.44767,37.87348],[128.44423,37.86489],[128.43578,37.86451],[128.43171,37.8667],[128.42838,37.8751],[128.42153,37.88288],[128.41227,37.88467],[128.41319,37.88205],[128.4089,37.87125],[128.40272,37.86716],[128.40059,37.86124],[128.39715,37.8623],[128.3904,37.85885],[128.3824,37.85862],[128.37818,37.85234],[128.36614,37.84705],[128.36281,37.83863],[128.36516,37.83356],[128.35356,37.83072],[128.34681,37.82625],[128.33453,37.82869],[128.32835,37.83388],[128.32012,37.8307],[128.31114,37.8415],[128.30743,37.84368],[128.30512,37.85761],[128.29759,37.86731],[128.29337,37.86977],[128.28752,37.86486],[128.28097,37.86612],[128.27561,37.86444],[128.27308,37.86071],[128.26922,37.86139],[128.26136,37.85638],[128.26081,37.84959],[128.25611,37.8435],[128.2561,37.83962],[128.24754,37.83607],[128.24701,37.83269],[128.2426,37.83209],[128.23869,37.82524],[128.23471,37.82217],[128.22851,37.82188],[128.21952,37.81785],[128.21549,37.81314],[128.20866,37.81268],[128.2015,37.81623],[128.19626,37.82204],[128.19276,37.82289],[128.18661,37.82998],[128.18011,37.83501],[128.18114,37.8428],[128.17819,37.84637],[128.1687,37.85125],[128.17169,37.85696],[128.16805,37.8653],[128.169,37.87176],[128.17392,37.87641],[128.17426,37.88492],[128.16423,37.88707],[128.16074,37.89523],[128.14962,37.89531],[128.14495,37.89286],[128.13317,37.89423],[128.13107,37.89836],[128.12603,37.89512],[128.10598,37.90006],[128.09715,37.89683],[128.08261,37.90171],[128.07722,37.9067],[128.06362,37.91123],[128.05582,37.91765],[128.05304,37.91733],[128.04973,37.92197],[128.04549,37.92252],[128.03452,37.93676],[128.03411,37.94082],[128.03011,37.94446],[128.02534,37.94486],[128.01614,37.94269],[128.01272,37.93832],[128.00122,37.93727],[127.99511,37.9412]]]},"properties":{"osm_id":2526324,"name":"홍천군","sgg_code":"51720","mois_admin":"5172000000","admin_level":6,"code_source":"osm"}},
{"type":"Feature","geometry":{"type":"Polygon","coordinates":[[[128.26514,37.40838],[128.25831,37.42319],[128.25409,37.42796],[128.25773,37.4385],[128.24898,37.44083],[128.24628,37.44599],[128.24496,37.45396],[128.24667,37.46622],[128.24466,37.46885],[128.24363,37.47998],[128.25537,37.48186],[128.26666,37.48678],[128.26843,37.4926],[128.2748,37.49758],[128.27682,37.50252],[128.29006,37.50739],[128.29099,37.51124],[128.29756,37.51183],[128.29632,37.51784],[128.30082,37.52409],[128.30175,37.53189],[128.29958,37.5344],[128.30227,37.53796],[128.29389,37.545],[128.29602,37.55295],[128.29517,37.56528],[128.29089,37.57308],[128.28407,37.57985],[128.28476,37.58541],[128.28167,37.58648],[128.27899,37.59562],[128.28509,37.60325],[128.28081,37.60541],[128.28004,37.61467],[128.28367,37.61897],[128.2539,37.62737],[128.23583,37.62522],[128.22854,37.62875],[128.21526,37.64382],[128.20872,37.64907],[128.19956,37.65167],[128.18651,37.64441],[128.18577,37.64964],[128.18128,37.65348],[128.16591,37.65929],[128.1641,37.6647],[128.15424,37.66169],[128.15256,37.65914],[128.14617,37.67249],[128.13997,37.67447],[128.1359,37.68016],[128.12539,37.67749],[128.11872,37.67862],[128.11168,37.67149],[128.11247,37.66488],[128.10559,37.65941],[128.1081,37.65624],[128.11412,37.65454],[128.10408,37.64978],[128.093,37.65299],[128.07864,37.64859],[128.07556,37.64424],[128.06662,37.64013],[128.06628,37.63643],[128.04999,37.63104],[128.04842,37.62779],[128.03145,37.62271],[128.02012,37.61317],[128.01385,37.61609],[128.01421,37.62369],[128.01215,37.62624],[127.99784,37.62685],[127.97928,37.63185],[127.97708,37.63624],[127.97121,37.63808],[127.96749,37.62694],[127.95974,37.62612],[127.95652,37.6195],[127.95236,37.6178],[127.95122,37.61114],[127.94524,37.60878],[127.93319,37.60982],[127.927,37.60416],[127.92261,37.6057],[127.90752,37.59842],[127.89504,37.59831],[127.89379,37.58509],[127.88882,37.58003],[127.88902,37.5769],[127.88427,37.57534],[127.8847,37.57253],[127.87874,37.56626],[127.87241,37.56217],[127.8713,37.55625],[127.85955,37.55772],[127.85458,37.55382],[127.8481,37.55226],[127.84514,37.54773],[127.84603,37.54447],[127.84202,37.5389],[127.83363,37.53921],[127.82827,37.53664],[127.82204,37.53845],[127.81006,37.53806],[127.80623,37.53492],[127.80647,37.53117],[127.79634,37.52858],[127.7964,37.52311],[127.78879,37.51855],[127.7837,37.51214],[127.78112,37.51306],[127.77485,37.50666],[127.76466,37.50266],[127.75991,37.50331],[127.76019,37.49222],[127.77469,37.49175],[127.77607,37.48854],[127.78019,37.48865],[127.78217,37.48168],[127.78958,37.4748],[127.79979,37.47238],[127.79943,37.46556],[127.79647,37.46372],[127.79938,37.45177],[127.79839,37.44259],[127.80041,37.43863],[127.8105,37.44139],[127.81344,37.44527],[127.81983,37.44658],[127.83068,37.43838],[127.8345,37.434],[127.83968,37.43415],[127.84112,37.42866],[127.8449,37.42381],[127.84567,37.41928],[127.85127,37.40858],[127.84764,37.40079],[127.85099,37.39533],[127.8565,37.39865],[127.868,37.39963],[127.86808,37.40416],[127.87126,37.41565],[127.86394,37.42533],[127.86509,37.43196],[127.86339,37.43625],[127.8657,37.43964],[127.86565,37.44695],[127.87093,37.45341],[127.87465,37.45501],[127.87699,37.46692],[127.88452,37.4702],[127.88895,37.46619],[127.89503,37.46968],[127.89587,37.47235],[127.90611,37.47327],[127.90969,37.48644],[127.91913,37.49287],[127.91875,37.49797],[127.92915,37.50691],[127.93967,37.50115],[127.93289,37.48705],[127.93846,37.48251],[127.93697,37.47629],[127.93934,37.4748],[127.94162,37.46689],[127.94858,37.45838],[127.9493,37.45444],[127.95466,37.45555],[127.95728,37.45332],[127.96817,37.45187],[127.97427,37.45763],[127.98271,37.46019],[127.99423,37.45616],[128.00262,37.45684],[128.00712,37.45288],[128.00677,37.45011],[128.01202,37.44977],[128.01424,37.44525],[128.02741,37.44859],[128.03331,37.44646],[128.03852,37.4471],[128.04272,37.44332],[128.05378,37.44371],[128.05893,37.44513],[128.06257,37.43972],[128.06217,37.43577],[128.08424,37.42673],[128.08393,37.42388],[128.08858,37.41429],[128.09605,37.41024],[128.09745,37.40632],[128.08841,37.40128],[128.07874,37.3999],[128.0719,37.39178],[128.07631,37.38462],[128.07447,37.37965],[128.07679,37.37374],[128.07268,37.36742],[128.06437,37.36448],[128.05705,37.36413],[128.04965,37.36601],[128.04616,37.36341],[128.0458,37.35926],[128.03919,37.35596],[128.03686,37.34661],[128.03939,37.34469],[128.03775,37.3376],[128.03367,37.33248],[128.03714,37.32763],[128.03838,37.32167],[128.04831,37.31104],[128.05198,37.30846],[128.06811,37.3085],[128.07365,37.30439],[128.08342,37.30175],[128.09368,37.30053],[128.10452,37.30091],[128.10857,37.29878],[128.11541,37.30409],[128.11209,37.31068],[128.1141,37.31864],[128.11819,37.3241],[128.12991,37.32955],[128.13414,37.32638],[128.14504,37.32288],[128.15117,37.32712],[128.15684,37.32336],[128.1651,37.32145],[128.17138,37.32446],[128.16737,37.33602],[128.16804,37.33864],[128.17417,37.33689],[128.18276,37.33858],[128.18438,37.34199],[128.18236,37.35456],[128.18479,37.35864],[128.18153,37.36278],[128.17792,37.3759],[128.1801,37.37761],[128.18001,37.38763],[128.18744,37.39282],[128.19346,37.39032],[128.20061,37.39097],[128.20811,37.39499],[128.21576,37.39286],[128.22032,37.3942],[128.22926,37.38969],[128.23618,37.38794],[128.2447,37.39562],[128.25379,37.39324],[128.26054,37.40649],[128.26514,37.40838]]]},"properties":{"osm_id":2529083,"name":"횡성군","sgg_code":"51730","mois_admin":"5173000000","admin_level":6,"code_source":"osm"}},
{"type":"Feature","geometry":{"type":"Polygon","coordinates":[[[128.2078,37.24882],[128.21024,37.24579],[128.21465,37.24607],[128.21478,37.24184],[128.22012,37.24019],[128.2285,37.22803],[128.23446,37.22734],[128.23742,37.22932],[128.24431,37.22654],[128.25093,37.22958],[128.25798,37.22124],[128.25979,37.21641],[128.2684,37.20792],[128.27286,37.20986],[128.28395,37.21018],[128.28818,37.21507],[128.30794,37.21711],[128.31404,37.22269],[128.32606,37.21724],[128.3334,37.21579],[128.32639,37.19729],[128.32176,37.19555],[128.31339,37.19678],[128.31299,37.19114],[128.30766,37.186],[128.30264,37.18662],[128.29562,37.18329],[128.29807,37.17166],[128.28968,37.17015],[128.28111,37.1734],[128.27072,37.16636],[128.27038,37.16177],[128.26444,37.16042],[128.2662,37.15603],[128.27059,37.15423],[128.27329,37.14763],[128.27993,37.14246],[128.28469,37.14315],[128.29267,37.1393],[128.29831,37.13418],[128.30636,37.13753],[128.30948,37.14315],[128.31672,37.14756],[128.32444,37.14796],[128.32784,37.15301],[128.33067,37.15034],[128.3355,37.15725],[128.34201,37.15621],[128.3508,37.15757],[128.35972,37.15022],[128.36535,37.15764],[128.37816,37.15174],[128.37865,37.15452],[128.38435,37.15812],[128.38876,37.15462],[128.3928,37.1548],[128.39637,37.14857],[128.40087,37.14688],[128.40366,37.13962],[128.40179,37.13481],[128.396,37.12859],[128.40729,37.12638],[128.41104,37.12213],[128.41847,37.11981],[128.42216,37.11016],[128.42306,37.10325],[128.43012,37.10367],[128.43058,37.10675],[128.43614,37.11199],[128.4448,37.10627],[128.45084,37.11236],[128.45805,37.11028],[128.47781,37.11015],[128.491,37.12382],[128.49658,37.12576],[128.50667,37.11544],[128.51076,37.11395],[128.51391,37.10511],[128.51843,37.10189],[128.52184,37.10309],[128.53414,37.09811],[128.53683,37.09014],[128.54975,37.08619],[128.55668,37.08723],[128.5617,37.09024],[128.57051,37.08649],[128.57441,37.08132],[128.58173,37.08167],[128.5931,37.07839],[128.59398,37.08086],[128.60162,37.08306],[128.60069,37.07955],[128.6061,37.07671],[128.62264,37.0874],[128.62828,37.08133],[128.62821,37.07516],[128.63353,37.07232],[128.64267,37.07076],[128.6521,37.06544],[128.6574,37.06117],[128.67565,37.05885],[128.68373,37.05144],[128.68907,37.05305],[128.7004,37.04083],[128.7091,37.03936],[128.71152,37.0419],[128.71867,37.04375],[128.73583,37.03975],[128.74908,37.02886],[128.75376,37.02783],[128.75455,37.03196],[128.76218,37.03616],[128.76142,37.04444],[128.75302,37.05372],[128.75258,37.05786],[128.75718,37.07001],[128.76475,37.06355],[128.76839,37.06781],[128.77134,37.07635],[128.77777,37.07883],[128.77769,37.08273],[128.77359,37.08751],[128.78028,37.09234],[128.78581,37.08785],[128.79942,37.08694],[128.80153,37.08435],[128.79997,37.07897],[128.80787,37.076],[128.81257,37.07871],[128.81943,37.07703],[128.82938,37.07846],[128.83208,37.07508],[128.83167,37.0674],[128.83595,37.06594],[128.84384,37.05723],[128.84687,37.05161],[128.86595,37.04794],[128.87248,37.04395],[128.87684,37.04608],[128.87854,37.05326],[128.88734,37.05036],[128.89642,37.04452],[128.89807,37.0576],[128.91042,37.06613],[128.9103,37.06831],[128.90498,37.06597],[128.89876,37.06666],[128.89162,37.06204],[128.88662,37.06249],[128.88531,37.06586],[128.87641,37.07202],[128.8756,37.07847],[128.88157,37.08096],[128.88856,37.09171],[128.88741,37.10171],[128.8788,37.10447],[128.87555,37.10807],[128.86817,37.10725],[128.87046,37.11363],[128.87615,37.11459],[128.88924,37.12471],[128.88698,37.13449],[128.88818,37.14107],[128.894,37.14623],[128.90053,37.14708],[128.89317,37.15209],[128.89079,37.16227],[128.88485,37.16884],[128.87202,37.16731],[128.86521,37.16953],[128.86235,37.16834],[128.8455,37.16648],[128.84001,37.16857],[128.83349,37.17573],[128.82809,37.17488],[128.82034,37.17616],[128.81516,37.18525],[128.80936,37.19059],[128.80239,37.1922],[128.79703,37.19601],[128.78456,37.19815],[128.77423,37.20256],[128.76775,37.20336],[128.76267,37.20868],[128.75024,37.21211],[128.73979,37.20605],[128.73189,37.19766],[128.72575,37.19842],[128.71505,37.19502],[128.70968,37.19079],[128.69918,37.19001],[128.69439,37.18457],[128.68251,37.18492],[128.67676,37.18707],[128.65528,37.18585],[128.6465,37.18183],[128.64207,37.1824],[128.63552,37.18778],[128.63348,37.19662],[128.62914,37.19604],[128.62298,37.20081],[128.62226,37.20422],[128.61754,37.20599],[128.62207,37.21173],[128.61926,37.21863],[128.60437,37.21828],[128.60023,37.21278],[128.59776,37.21522],[128.58621,37.22115],[128.57922,37.22003],[128.57735,37.22227],[128.57582,37.23651],[128.57686,37.24463],[128.56588,37.25326],[128.56492,37.26061],[128.56826,37.27088],[128.57602,37.26836],[128.579,37.27116],[128.57474,37.27972],[128.56453,37.27927],[128.55643,37.28852],[128.54647,37.28853],[128.53593,37.28388],[128.52902,37.29248],[128.51982,37.28762],[128.51293,37.2874],[128.50088,37.28929],[128.50008,37.29579],[128.49669,37.3034],[128.49297,37.30232],[128.47993,37.30287],[128.47307,37.30623],[128.46471,37.30668],[128.46115,37.31126],[128.46471,37.31935],[128.46303,37.32418],[128.45401,37.3321],[128.45282,37.33569],[128.43561,37.33956],[128.42971,37.33982],[128.42504,37.34295],[128.41899,37.34337],[128.41396,37.33939],[128.41121,37.33409],[128.41196,37.33038],[128.40469,37.32085],[128.40735,37.3113],[128.41076,37.30873],[128.40663,37.30542],[128.40846,37.29429],[128.39715,37.29727],[128.38271,37.28895],[128.37121,37.29162],[128.36897,37.2963],[128.36382,37.29911],[128.35759,37.30857],[128.34313,37.31171],[128.33038,37.32261],[128.32482,37.32087],[128.32428,37.32945],[128.32115,37.33921],[128.32165,37.34736],[128.31648,37.35349],[128.31977,37.36122],[128.32025,37.36666],[128.32721,37.37611],[128.31942,37.37965],[128.31676,37.37826],[128.30701,37.38683],[128.29751,37.3887],[128.29341,37.39678],[128.29433,37.40101],[128.28417,37.40515],[128.27146,37.40896],[128.26514,37.40838],[128.26054,37.40649],[128.25379,37.39324],[128.2447,37.39562],[128.23618,37.38794],[128.22926,37.38969],[128.22032,37.3942],[128.21576,37.39286],[128.20811,37.39499],[128.20061,37.39097],[128.19346,37.39032],[128.18744,37.39282],[128.18001,37.38763],[128.1801,37.37761],[128.17792,37.3759],[128.18153,37.36278],[128.18479,37.35864],[128.18236,37.35456],[128.18438,37.34199],[128.18276,37.33858],[128.17417,37.33689],[128.16804,37.33864],[128.16737,37.33602],[128.17138,37.32446],[128.1651,37.32145],[128.15684,37.32336],[128.15117,37.32712],[128.14504,37.32288],[128.13414,37.32638],[128.12991,37.32955],[128.11819,37.3241],[128.1141,37.31864],[128.11209,37.31068],[128.11541,37.30409],[128.10857,37.29878],[128.10716,37.29276],[128.11042,37.27924],[128.1142,37.2783],[128.11555,37.27248],[128.12141,37.27222],[128.12384,37.27463],[128.13137,37.27448],[128.14256,37.27104],[128.16341,37.27392],[128.17328,37.27921],[128.17783,37.27952],[128.17837,37.29141],[128.19025,37.29346],[128.19736,37.29684],[128.20143,37.29124],[128.20657,37.28783],[128.21412,37.28815],[128.21846,37.27856],[128.21074,37.27507],[128.21307,37.26206],[128.2078,37.24882]]]},"properties":{"osm_id":2537820,"name":"영월군","sgg_code":"51750","mois_admin":"5175000000","admin_level":6,"code_source":"osm"}},
{"type":"Feature","geometry":{"type":"Polygon","coordinates":[[[128.58274,37.82139],[128.57818,37.81816],[128.56966,37.80741],[128.55638,37.80946],[128.54376,37.80023],[128.54293,37.78958],[128.53959,37.78322],[128.5332,37.77979],[128.53323,37.77096],[128.52395,37.76401],[128.52406,37.75535],[128.52711,37.75281],[128.52406,37.74263],[128.52803,37.73299],[128.52222,37.72971],[128.51795,37.73192],[128.51307,37.73037],[128.4787,37.73466],[128.47113,37.73279],[128.46822,37.72944],[128.46229,37.72854],[128.45781,37.73081],[128.45438,37.72887],[128.4448,37.71733],[128.44614,37.71249],[128.44395,37.70073],[128.43593,37.69527],[128.43523,37.69239],[128.42486,37.69141],[128.41549,37.68798],[128.40852,37.69079],[128.40443,37.68833],[128.39552,37.69181],[128.37672,37.69149],[128.36915,37.6939],[128.36498,37.69779],[128.35748,37.69919],[128.34616,37.6956],[128.3369,37.69555],[128.32337,37.69004],[128.32139,37.69082],[128.31334,37.70316],[128.30977,37.70138],[128.30445,37.6912],[128.29717,37.68708],[128.29507,37.6835],[128.28876,37.68013],[128.28444,37.67453],[128.27658,37.66888],[128.27883,37.66396],[128.27386,37.65601],[128.27339,37.64627],[128.27551,37.63916],[128.27151,37.6369],[128.27034,37.63266],[128.26631,37.63353],[128.2539,37.62737],[128.28367,37.61897],[128.28004,37.61467],[128.28081,37.60541],[128.28509,37.60325],[128.27899,37.59562],[128.28167,37.58648],[128.28476,37.58541],[128.28407,37.57985],[128.29089,37.57308],[128.29517,37.56528],[128.29602,37.55295],[128.29389,37.545],[128.30227,37.53796],[128.29958,37.5344],[128.30175,37.53189],[128.30082,37.52409],[128.29632,37.51784],[128.29756,37.51183],[128.29099,37.51124],[128.29006,37.50739],[128.27682,37.50252],[128.2748,37.49758],[128.26843,37.4926],[128.26666,37.48678],[128.25537,37.48186],[128.24363,37.47998],[128.24466,37.46885],[128.24667,37.46622],[128.24496,37.45396],[128.24628,37.44599],[128.24898,37.44083],[128.25773,37.4385],[128.25409,37.42796],[128.25831,37.42319],[128.26514,37.40838],[128.27146,37.40896],[128.28417,37.40515],[128.29433,37.40101],[128.29341,37.39678],[128.29751,37.3887],[128.30701,37.38683],[128.31676,37.37826],[128.31942,37.37965],[128.32721,37.37611],[128.32025,37.36666],[128.31977,37.36122],[128.31648,37.35349],[128.32165,37.34736],[128.32115,37.33921],[128.32428,37.32945],[128.32482,37.32087],[128.33038,37.32261],[128.34313,37.31171],[128.35759,37.30857],[128.36382,37.29911],[128.36897,37.2963],[128.37121,37.29162],[128.38271,37.28895],[128.39715,37.29727],[128.40846,37.29429],[128.40663,37.30542],[128.41076,37.30873],[128.40735,37.3113],[128.40469,37.32085],[128.41196,37.33038],[128.41121,37.33409],[128.41396,37.33939],[128.41899,37.34337],[128.42504,37.34295],[128.42971,37.33982],[128.43561,37.33956],[128.45282,37.33569],[128.45401,37.3321],[128.46303,37.32418],[128.46471,37.31935],[128.46115,37.31126],[128.46471,37.30668],[128.47307,37.30623],[128.47993,37.30287],[128.49297,37.30232],[128.49669,37.3034],[128.50008,37.29579],[128.50088,37.28929],[128.51293,37.2874],[128.51982,37.28762],[128.52902,37.29248],[128.53593,37.28388],[128.54647,37.28853],[128.55643,37.28852],[128.56453,37.27927],[128.57474,37.27972],[128.579,37.27116],[128.57602,37.26836],[128.58203,37.26672],[128.58427,37.27421],[128.59609,37.28008],[128.59635,37.28262],[128.58637,37.29337],[128.58303,37.29395],[128.5803,37.3004],[128.58461,37.30656],[128.57358,37.32438],[128.57096,37.3252],[128.56659,37.33958],[128.56621,37.34531],[128.5567,37.35283],[128.54725,37.35498],[128.55251,37.36105],[128.55308,37.36966],[128.5447,37.38193],[128.53888,37.39969],[128.52993,37.39966],[128.51972,37.40374],[128.51393,37.4041],[128.50809,37.4109],[128.50671,37.41873],[128.51353,37.42284],[128.5139,37.42828],[128.51842,37.43284],[128.51786,37.44055],[128.51303,37.44997],[128.51321,37.4551],[128.52201,37.4603],[128.5238,37.46362],[128.55219,37.45645],[128.56343,37.46137],[128.56128,37.46618],[128.56151,37.47333],[128.55794,37.4811],[128.55659,37.48903],[128.5655,37.50035],[128.57005,37.4977],[128.57211,37.49023],[128.57534,37.48919],[128.58335,37.49086],[128.57533,37.49375],[128.57723,37.49808],[128.57717,37.51113],[128.57949,37.51738],[128.58117,37.52804],[128.58451,37.53722],[128.58939,37.54049],[128.58701,37.54803],[128.5896,37.56028],[128.60091,37.56959],[128.61547,37.57551],[128.62517,37.57317],[128.62483,37.56555],[128.62688,37.55506],[128.63207,37.54894],[128.63161,37.54462],[128.63462,37.53971],[128.6419,37.54149],[128.6416,37.54519],[128.64511,37.55313],[128.65442,37.55585],[128.66999,37.55757],[128.67387,37.55592],[128.67254,37.55996],[128.66787,37.56135],[128.66732,37.56873],[128.67896,37.56986],[128.68143,37.57383],[128.68153,37.57976],[128.6841,37.59383],[128.69197,37.59204],[128.69892,37.59352],[128.707,37.58892],[128.71207,37.58864],[128.71635,37.59338],[128.71665,37.60427],[128.72302,37.61132],[128.73552,37.60909],[128.7371,37.61403],[128.73602,37.62768],[128.72863,37.63793],[128.73377,37.64684],[128.73177,37.64978],[128.73347,37.6549],[128.74367,37.65883],[128.74576,37.66503],[128.75247,37.66978],[128.76511,37.67352],[128.76395,37.6807],[128.76071,37.68284],[128.75858,37.69417],[128.75456,37.69965],[128.75494,37.70755],[128.74783,37.7141],[128.74848,37.71995],[128.74455,37.72344],[128.74567,37.72677],[128.7438,37.74143],[128.73966,37.74163],[128.73188,37.7477],[128.72536,37.7495],[128.72236,37.75513],[128.71806,37.75607],[128.7089,37.76805],[128.69837,37.77133],[128.69097,37.76972],[128.68485,37.77305],[128.67984,37.77303],[128.67085,37.76688],[128.66738,37.7698],[128.6557,37.77143],[128.64309,37.77732],[128.63898,37.78244],[128.63496,37.78128],[128.63143,37.77436],[128.62562,37.77055],[128.6196,37.76928],[128.6147,37.77058],[128.6104,37.76621],[128.60244,37.76935],[128.59879,37.7745],[128.60141,37.78133],[128.59979,37.79161],[128.60159,37.79377],[128.60094,37.80174],[128.59815,37.80438],[128.59996,37.80882],[128.59192,37.81604],[128.58274,37.82139]]]},"properties":{"osm_id":2529085,"name":"평창군","sgg_code":"51760","mois_admin":"5176000000","admin_level":6,"code_source":"osm"}},
{"type":"Feature","geometry":{"type":"Polygon","coordinates":[[[128.57602,37.26836],[128.56826,37.27088],[128.56492,37.26061],[128.56588,37.25326],[128.57686,37.24463],[128.57582,37.23651],[128.57735,37.22227],[128.57922,37.22003],[128.58621,37.22115],[128.59776,37.21522],[128.60023,37.21278],[128.60437,37.21828],[128.61926,37.21863],[128.62207,37.21173],[128.61754,37.20599],[128.62226,37.20422],[128.62298,37.20081],[128.62914,37.19604],[128.63348,37.19662],[128.63552,37.18778],[128.64207,37.1824],[128.6465,37.18183],[128.65528,37.18585],[128.67676,37.18707],[128.68251,37.18492],[128.69439,37.18457],[128.69918,37.19001],[128.70968,37.19079],[128.71505,37.19502],[128.72575,37.19842],[128.73189,37.19766],[128.73979,37.20605],[128.75024,37.21211],[128.76267,37.20868],[128.76775,37.20336],[128.77423,37.20256],[128.78456,37.19815],[128.79703,37.19601],[128.80239,37.1922],[128.80936,37.19059],[128.81516,37.18525],[128.82034,37.17616],[128.82809,37.17488],[128.83349,37.17573],[128.84001,37.16857],[128.8455,37.16648],[128.86235,37.16834],[128.86521,37.16953],[128.87202,37.16731],[128.88485,37.16884],[128.89079,37.16227],[128.89317,37.15209],[128.90053,37.14708],[128.91194,37.14926],[128.91695,37.15792],[128.91775,37.16233],[128.91592,37.16939],[128.91185,37.17726],[128.91486,37.18078],[128.91281,37.18574],[128.91299,37.19483],[128.91151,37.19689],[128.91608,37.20669],[128.91607,37.21185],[128.90797,37.21655],[128.90546,37.21792],[128.9044,37.22784],[128.89865,37.23595],[128.9008,37.24291],[128.8947,37.25349],[128.88681,37.26176],[128.87992,37.26492],[128.88207,37.27185],[128.88763,37.27306],[128.88874,37.27593],[128.8771,37.27869],[128.87169,37.28445],[128.87234,37.29016],[128.8598,37.29808],[128.85847,37.30423],[128.87013,37.31901],[128.87836,37.32399],[128.86998,37.3294],[128.86686,37.33894],[128.84915,37.34147],[128.84603,37.33973],[128.84942,37.35142],[128.84905,37.35607],[128.85192,37.35863],[128.85157,37.36543],[128.8571,37.37647],[128.85791,37.38079],[128.86157,37.38228],[128.86537,37.39035],[128.86852,37.39102],[128.87072,37.4003],[128.88282,37.4044],[128.88954,37.40484],[128.89543,37.40956],[128.89859,37.42104],[128.89785,37.43029],[128.90407,37.43807],[128.91061,37.43634],[128.91874,37.44125],[128.92118,37.44531],[128.92756,37.44856],[128.93429,37.4476],[128.93872,37.45103],[128.94385,37.4493],[128.95508,37.44942],[128.95762,37.44664],[128.96434,37.45475],[128.96416,37.45917],[128.96898,37.46076],[128.97737,37.46862],[128.98471,37.47041],[128.9881,37.47932],[128.9857,37.48277],[128.98966,37.48451],[128.98679,37.49312],[128.98046,37.49361],[128.97251,37.49164],[128.97002,37.49473],[128.97468,37.50273],[128.97251,37.50572],[128.96514,37.50541],[128.96098,37.51258],[128.96846,37.5227],[128.9692,37.53038],[128.97338,37.53374],[128.96831,37.53962],[128.96278,37.54316],[128.96123,37.54875],[128.95513,37.54144],[128.94925,37.53967],[128.94394,37.54069],[128.94046,37.53814],[128.93438,37.53814],[128.92549,37.54664],[128.91622,37.54801],[128.91446,37.55193],[128.90574,37.55262],[128.90447,37.55547],[128.90573,37.5671],[128.90139,37.5715],[128.89776,37.58669],[128.89025,37.58855],[128.88879,37.59223],[128.88249,37.59244],[128.87771,37.58849],[128.87354,37.58967],[128.86856,37.57907],[128.86379,37.57522],[128.86195,37.57046],[128.8627,37.56507],[128.85879,37.56122],[128.85918,37.5559],[128.86203,37.55363],[128.85916,37.54778],[128.85993,37.54242],[128.85551,37.53729],[128.85367,37.52989],[128.85425,37.5242],[128.84815,37.52144],[128.84907,37.51555],[128.84311,37.51257],[128.83393,37.51315],[128.83049,37.51009],[128.82077,37.50713],[128.81375,37.5033],[128.81169,37.50993],[128.79762,37.51845],[128.79815,37.52745],[128.79203,37.53276],[128.79296,37.53717],[128.78093,37.54349],[128.76703,37.54363],[128.76201,37.5415],[128.74979,37.54659],[128.74237,37.54589],[128.73708,37.5473],[128.72289,37.53489],[128.71978,37.52871],[128.71716,37.53101],[128.7071,37.53219],[128.69901,37.53665],[128.69405,37.54125],[128.68776,37.55432],[128.6835,37.55715],[128.68358,37.56341],[128.67888,37.56706],[128.67896,37.56986],[128.66732,37.56873],[128.66787,37.56135],[128.67254,37.55996],[128.67387,37.55592],[128.66999,37.55757],[128.65442,37.55585],[128.64511,37.55313],[128.6416,37.54519],[128.6419,37.54149],[128.63462,37.53971],[128.63161,37.54462],[128.63207,37.54894],[128.62688,37.55506],[128.62483,37.56555],[128.62517,37.57317],[128.61547,37.57551],[128.60091,37.56959],[128.5896,37.56028],[128.58701,37.54803],[128.58939,37.54049],[128.58451,37.53722],[128.58117,37.52804],[128.57949,37.51738],[128.57717,37.51113],[128.57723,37.49808],[128.57533,37.49375],[128.58335,37.49086],[128.57534,37.48919],[128.57211,37.49023],[128.57005,37.4977],[128.5655,37.50035],[128.55659,37.48903],[128.55794,37.4811],[128.56151,37.47333],[128.56128,37.46618],[128.56343,37.46137],[128.55219,37.45645],[128.5238,37.46362],[128.52201,37.4603],[128.51321,37.4551],[128.51303,37.44997],[128.51786,37.44055],[128.51842,37.43284],[128.5139,37.42828],[128.51353,37.42284],[128.50671,37.41873],[128.50809,37.4109],[128.51393,37.4041],[128.51972,37.40374],[128.52993,37.39966],[128.53888,37.39969],[128.5447,37.38193],[128.55308,37.36966],[128.55251,37.36105],[128.54725,37.35498],[128.5567,37.35283],[128.56621,37.34531],[128.56659,37.33958],[128.57096,37.3252],[128.57358,37.32438],[128.58461,37.30656],[128.5803,37.3004],[128.58303,37.29395],[128.58637,37.29337],[128.59635,37.28262],[128.59609,37.28008],[128.58427,37.27421],[128.58203,37.26672],[128.57602,37.26836]]]},"properties":{"osm_id":2529084,"name":"정선군","sgg_code":"51770","mois_admin":"5177000000","admin_level":6,"code_source":"osm"}},
{"type":"Feature","geometry":{"type":"Polygon","coordinates":[[[127.43053,38.11537],[127.44134,38.12434],[127.44724,38.11993],[127.44591,38.11712],[127.45384,38.11744],[127.45417,38.12057],[127.45899,38.12324],[127.46885,38.12522],[127.4718,38.12435],[127.48428,38.12522],[127.49529,38.13299],[127.49817,38.14171],[127.50182,38.14371],[127.5028,38.14849],[127.49499,38.15313],[127.4907,38.15919],[127.49713,38.16728],[127.50422,38.17351],[127.5048,38.18627],[127.50857,38.19915],[127.51706,38.19903],[127.52451,38.20062],[127.53162,38.2106],[127.53671,38.21062],[127.54242,38.21681],[127.53908,38.22203],[127.54315,38.23094],[127.55874,38.23254],[127.56651,38.23829],[127.57007,38.24897],[127.57856,38.25383],[127.579,38.25616],[127.58926,38.25743],[127.59111,38.26037],[127.59733,38.26266],[127.59858,38.26989],[127.59397,38.27792],[127.59943,38.28285],[127.6074,38.28473],[127.6085,38.28046],[127.61453,38.27503],[127.61832,38.27415],[127.61969,38.26946],[127.62708,38.26385],[127.63693,38.26121],[127.6398,38.26255],[127.64814,38.25983],[127.65987,38.26383],[127.67197,38.26385],[127.68099,38.2533],[127.68965,38.24938],[127.70463,38.24811],[127.71378,38.25164],[127.71221,38.25932],[127.72085,38.26499],[127.7233,38.27066],[127.73289,38.27866],[127.73744,38.27799],[127.75062,38.28334],[127.76041,38.28338],[127.78224,38.28806],[127.79584,38.278],[127.80155,38.27715],[127.80898,38.28708],[127.81646,38.28804],[127.83082,38.28614],[127.83882,38.2871],[127.84462,38.28379],[127.85228,38.28465],[127.86262,38.28322],[127.86699,38.28797],[127.87517,38.29212],[127.8774,38.29645],[127.88847,38.30877],[127.87477,38.31739],[127.85712,38.31139],[127.85395,38.31386],[127.84741,38.31455],[127.83534,38.30953],[127.82969,38.30586],[127.82167,38.30406],[127.82071,38.30655],[127.81084,38.3141],[127.80281,38.3182],[127.79673,38.32318],[127.78867,38.33741],[127.78463,38.34831],[127.7799,38.34812],[127.77608,38.34194],[127.77264,38.34084],[127.76926,38.33546],[127.76198,38.33736],[127.75254,38.33474],[127.74228,38.34084],[127.73584,38.34002],[127.73286,38.33701],[127.71672,38.32942],[127.71419,38.33497],[127.70256,38.33667],[127.6956,38.33378],[127.69167,38.32626],[127.68531,38.33066],[127.67934,38.32501],[127.66893,38.32292],[127.66391,38.32675],[127.6605,38.32457],[127.64396,38.32612],[127.63818,38.32275],[127.63182,38.3253],[127.61753,38.32468],[127.61625,38.33361],[127.57364,38.33355],[127.57043,38.33122],[127.54689,38.32444],[127.54358,38.32023],[127.53415,38.31687],[127.52466,38.30856],[127.50973,38.30364],[127.50556,38.30111],[127.48162,38.30686],[127.47646,38.31508],[127.45941,38.31733],[127.45083,38.3125],[127.42556,38.32333],[127.41694,38.325],[127.41154,38.32976],[127.40102,38.33201],[127.39631,38.33479],[127.38532,38.33703],[127.36291,38.32673],[127.36301,38.32439],[127.34869,38.32932],[127.33402,38.32106],[127.33061,38.31747],[127.32442,38.32007],[127.30615,38.31732],[127.30024,38.31313],[127.29532,38.31844],[127.28262,38.32257],[127.25077,38.32807],[127.24228,38.33245],[127.23459,38.33169],[127.22341,38.32824],[127.16828,38.30884],[127.15195,38.30522],[127.1473,38.31002],[127.13948,38.31492],[127.132,38.31248],[127.1283,38.30029],[127.12116,38.29943],[127.11046,38.29559],[127.10611,38.2875],[127.09594,38.281],[127.10454,38.27943],[127.10168,38.27339],[127.10983,38.27168],[127.10824,38.26801],[127.11181,38.26717],[127.10891,38.25611],[127.11157,38.24739],[127.1099,38.24184],[127.11442,38.23635],[127.1168,38.237],[127.12305,38.2328],[127.13509,38.23413],[127.13508,38.2365],[127.14323,38.23768],[127.14892,38.24234],[127.15779,38.23892],[127.16329,38.23848],[127.16291,38.23244],[127.1602,38.2254],[127.16027,38.2199],[127.16446,38.21597],[127.17117,38.21349],[127.17513,38.20548],[127.16962,38.19812],[127.18055,38.18613],[127.18922,38.18832],[127.18901,38.18108],[127.18586,38.17388],[127.1889,38.16243],[127.19895,38.15582],[127.21246,38.14351],[127.22227,38.1376],[127.22381,38.14703],[127.23126,38.14783],[127.23396,38.14564],[127.23709,38.15439],[127.25271,38.16246],[127.25616,38.16302],[127.26011,38.17038],[127.26435,38.17158],[127.26464,38.17801],[127.27011,38.18207],[127.28392,38.18259],[127.2885,38.1768],[127.29774,38.17628],[127.29619,38.17248],[127.289,38.16946],[127.28857,38.16456],[127.28401,38.15735],[127.28641,38.15264],[127.28195,38.14374],[127.27591,38.1389],[127.27581,38.12418],[127.28057,38.12514],[127.28311,38.12208],[127.28275,38.11649],[127.29255,38.11415],[127.30982,38.11803],[127.31627,38.09864],[127.32067,38.09468],[127.32872,38.09438],[127.33762,38.09007],[127.33927,38.10077],[127.34813,38.10483],[127.36594,38.10693],[127.37184,38.1105],[127.37221,38.11374],[127.37861,38.11843],[127.38389,38.1146],[127.40345,38.11296],[127.40552,38.10295],[127.41341,38.10201],[127.42174,38.10618],[127.43053,38.11537]]]},"properties":{"osm_id":2505634,"name":"철원군","sgg_code":"51780","mois_admin":"5178000000","admin_level":6,"code_source":"osm"}},
{"type":"Feature","geometry":{"type":"Polygon","coordinates":[[[127.86262,38.28322],[127.85228,38.28465],[127.84462,38.28379],[127.83882,38.2871],[127.83082,38.28614],[127.81646,38.28804],[127.80898,38.28708],[127.80155,38.27715],[127.79584,38.278],[127.78224,38.28806],[127.76041,38.28338],[127.75062,38.28334],[127.73744,38.27799],[127.73289,38.27866],[127.7233,38.27066],[127.72085,38.26499],[127.71221,38.25932],[127.71378,38.25164],[127.70463,38.24811],[127.68965,38.24938],[127.68099,38.2533],[127.67197,38.26385],[127.65987,38.26383],[127.64814,38.25983],[127.6398,38.26255],[127.63693,38.26121],[127.62708,38.26385],[127.61969,38.26946],[127.61832,38.27415],[127.61453,38.27503],[127.6085,38.28046],[127.6074,38.28473],[127.59943,38.28285],[127.59397,38.27792],[127.59858,38.26989],[127.59733,38.26266],[127.59111,38.26037],[127.58926,38.25743],[127.579,38.25616],[127.57856,38.25383],[127.57007,38.24897],[127.56651,38.23829],[127.55874,38.23254],[127.54315,38.23094],[127.53908,38.22203],[127.54242,38.21681],[127.53671,38.21062],[127.53162,38.2106],[127.52451,38.20062],[127.51706,38.19903],[127.50857,38.19915],[127.5048,38.18627],[127.50422,38.17351],[127.49713,38.16728],[127.4907,38.15919],[127.49499,38.15313],[127.5028,38.14849],[127.50182,38.14371],[127.49817,38.14171],[127.49529,38.13299],[127.48428,38.12522],[127.4718,38.12435],[127.46885,38.12522],[127.45899,38.12324],[127.45417,38.12057],[127.45384,38.11744],[127.44591,38.11712],[127.44724,38.11993],[127.44134,38.12434],[127.43053,38.11537],[127.4343,38.11063],[127.44045,38.10883],[127.44517,38.09747],[127.4448,38.08798],[127.44708,38.08073],[127.44448,38.07478],[127.44674,38.07122],[127.44458,38.05726],[127.44578,38.05112],[127.45291,38.04719],[127.45102,38.03809],[127.45753,38.01699],[127.46296,38.01172],[127.47156,38.00645],[127.48152,38.00623],[127.4974,38.00371],[127.50392,37.99795],[127.5089,38.00131],[127.51237,38.00021],[127.53109,38.00239],[127.54031,38.00116],[127.54476,38.01953],[127.55293,38.0198],[127.56385,38.02199],[127.56695,38.03192],[127.57406,38.03551],[127.57864,38.03977],[127.57398,38.04712],[127.57411,38.05091],[127.57957,38.05577],[127.57693,38.06157],[127.56973,38.0667],[127.5666,38.06644],[127.56417,38.07168],[127.5667,38.07929],[127.56609,38.08383],[127.57558,38.08481],[127.58566,38.0802],[127.59684,38.0799],[127.59817,38.07686],[127.60776,38.07167],[127.6054,38.06105],[127.61168,38.05652],[127.61803,38.05718],[127.62366,38.05155],[127.63289,38.05005],[127.6412,38.05198],[127.64614,38.05661],[127.65326,38.05213],[127.6489,38.04457],[127.6481,38.0334],[127.65076,38.02701],[127.66537,38.03039],[127.66956,38.03418],[127.67844,38.03589],[127.68158,38.03415],[127.69438,38.03557],[127.70022,38.0382],[127.70943,38.03233],[127.71353,38.02393],[127.72539,38.0251],[127.72925,38.03281],[127.73803,38.0383],[127.74756,38.0381],[127.7521,38.03504],[127.75901,38.03424],[127.76093,38.02985],[127.76958,38.02824],[127.77369,38.02177],[127.77382,38.01357],[127.77916,38.01366],[127.78785,37.99828],[127.78821,37.99429],[127.79464,37.99571],[127.80317,38.0005],[127.81324,38.00367],[127.82031,38.00388],[127.8271,38.00078],[127.83037,38.00838],[127.83357,38.0088],[127.83981,38.01383],[127.8474,38.01432],[127.84985,38.01671],[127.8581,38.01882],[127.85415,38.02641],[127.85559,38.02862],[127.85081,38.03085],[127.84919,38.03626],[127.8512,38.04555],[127.85516,38.05231],[127.85913,38.04998],[127.86725,38.05025],[127.879,38.04734],[127.88827,38.05017],[127.90267,38.0506],[127.9049,38.05344],[127.91364,38.05854],[127.90435,38.07013],[127.90375,38.0731],[127.90776,38.08043],[127.90111,38.09088],[127.88826,38.09351],[127.88763,38.10033],[127.88401,38.10945],[127.88783,38.1153],[127.88122,38.119],[127.8762,38.11911],[127.87505,38.12711],[127.87688,38.13376],[127.87381,38.1392],[127.87768,38.15316],[127.87596,38.1604],[127.88125,38.16949],[127.87741,38.1862],[127.8753,38.19124],[127.87816,38.19767],[127.86764,38.20519],[127.8596,38.20322],[127.85175,38.2089],[127.85434,38.21378],[127.85218,38.21703],[127.85266,38.23006],[127.85807,38.23412],[127.85773,38.24053],[127.85384,38.24569],[127.85529,38.25434],[127.85388,38.25901],[127.85854,38.26341],[127.86039,38.2734],[127.8638,38.27666],[127.86262,38.28322]]]},"properties":{"osm_id":2517797,"name":"화천군","sgg_code":"51790","mois_admin":"5179000000","admin_level":6,"code_source":"osm"}},
{"type":"Feature","geometry":{"type":"Polygon","coordinates":[[[128.02961,38.01465],[128.03598,38.01561],[128.04325,38.02006],[128.05287,38.01825],[128.05546,38.01533],[128.0604,38.01509],[128.0619,38.01894],[128.05912,38.02792],[128.05649,38.03029],[128.05898,38.03533],[128.06094,38.04727],[128.0691,38.04677],[128.07007,38.04365],[128.07762,38.03934],[128.08041,38.0342],[128.08777,38.0332],[128.09451,38.02837],[128.1032,38.02933],[128.11373,38.03702],[128.11297,38.04252],[128.11811,38.04756],[128.11444,38.05354],[128.11543,38.0628],[128.11155,38.07276],[128.10253,38.07603],[128.09715,38.08186],[128.08804,38.09581],[128.09014,38.10116],[128.09735,38.10104],[128.10495,38.10863],[128.10411,38.11502],[128.09814,38.12418],[128.10004,38.12981],[128.09351,38.13089],[128.09179,38.13605],[128.08778,38.13846],[128.09016,38.14179],[128.08915,38.14921],[128.08635,38.15222],[128.09697,38.16262],[128.09762,38.17504],[128.10351,38.17719],[128.10547,38.18488],[128.09994,38.18903],[128.099,38.1923],[128.1054,38.19749],[128.10715,38.20126],[128.11487,38.20512],[128.12144,38.21343],[128.11724,38.21819],[128.11669,38.22505],[128.11992,38.23291],[128.1247,38.23735],[128.12425,38.24089],[128.1296,38.24389],[128.13583,38.24436],[128.13699,38.24663],[128.14548,38.25014],[128.14691,38.25404],[128.15531,38.25649],[128.16103,38.26199],[128.15923,38.26687],[128.16462,38.27504],[128.17239,38.28144],[128.16825,38.28892],[128.17133,38.29971],[128.16779,38.30236],[128.16815,38.31],[128.17068,38.31565],[128.16491,38.32061],[128.16188,38.32079],[128.1549,38.32933],[128.1513,38.32591],[128.14466,38.32446],[128.13457,38.32552],[128.12785,38.32848],[128.12347,38.32632],[128.11299,38.3277],[128.09063,38.31439],[128.08673,38.3182],[128.06734,38.30841],[128.0547,38.30628],[128.0396,38.30823],[128.03068,38.31127],[128.03338,38.31507],[128.02315,38.31619],[128.00206,38.31447],[127.98646,38.31603],[127.98558,38.32052],[127.97887,38.32074],[127.96749,38.31898],[127.95826,38.31564],[127.95284,38.31589],[127.93875,38.32116],[127.90012,38.32503],[127.89674,38.33023],[127.88223,38.33092],[127.87477,38.31739],[127.88847,38.30877],[127.8774,38.29645],[127.87517,38.29212],[127.86699,38.28797],[127.86262,38.28322],[127.8638,38.27666],[127.86039,38.2734],[127.85854,38.26341],[127.85388,38.25901],[127.85529,38.25434],[127.85384,38.24569],[127.85773,38.24053],[127.85807,38.23412],[127.85266,38.23006],[127.85218,38.21703],[127.85434,38.21378],[127.85175,38.2089],[127.8596,38.20322],[127.86764,38.20519],[127.87816,38.19767],[127.8753,38.19124],[127.87741,38.1862],[127.88125,38.16949],[127.87596,38.1604],[127.87768,38.15316],[127.87381,38.1392],[127.87688,38.13376],[127.87505,38.12711],[127.8762,38.11911],[127.88122,38.119],[127.88783,38.1153],[127.88401,38.10945],[127.88763,38.10033],[127.88826,38.09351],[127.90111,38.09088],[127.90776,38.08043],[127.90375,38.0731],[127.90435,38.07013],[127.91364,38.05854],[127.9049,38.05344],[127.90267,38.0506],[127.90404,38.04617],[127.90186,38.03822],[127.90407,38.03033],[127.91515,38.02217],[127.93137,38.01789],[127.93447,38.01382],[127.94333,38.01672],[127.94714,38.02258],[127.94701,38.03133],[127.95175,38.0382],[127.95543,38.03868],[127.96902,38.0309],[127.97778,38.02957],[127.98543,38.02686],[127.98713,38.0201],[127.98382,38.0103],[127.98938,38.0038],[127.99333,38.00162],[128.00065,38.00528],[128.00591,38.01374],[128.01296,38.01901],[128.02494,38.01953],[128.02961,38.01465]]]},"properties":{"osm_id":2505637,"name":"양구군","sgg_code":"51800","mois_admin":"5180000000","admin_level":6,"code_source":"osm"}},
{"type":"Feature","geometry":{"type":"Polygon","coordinates":[[[128.08673,38.3182],[128.09063,38.31439],[128.11299,38.3277],[128.12347,38.32632],[128.12785,38.32848],[128.13457,38.32552],[128.14466,38.32446],[128.1513,38.32591],[128.1549,38.32933],[128.16188,38.32079],[128.16491,38.32061],[128.17068,38.31565],[128.16815,38.31],[128.16779,38.30236],[128.17133,38.29971],[128.16825,38.28892],[128.17239,38.28144],[128.16462,38.27504],[128.15923,38.26687],[128.16103,38.26199],[128.15531,38.25649],[128.14691,38.25404],[128.14548,38.25014],[128.13699,38.24663],[128.13583,38.24436],[128.1296,38.24389],[128.12425,38.24089],[128.1247,38.23735],[128.11992,38.23291],[128.11669,38.22505],[128.11724,38.21819],[128.12144,38.21343],[128.11487,38.20512],[128.10715,38.20126],[128.1054,38.19749],[128.099,38.1923],[128.09994,38.18903],[128.10547,38.18488],[128.10351,38.17719],[128.09762,38.17504],[128.09697,38.16262],[128.08635,38.15222],[128.08915,38.14921],[128.09016,38.14179],[128.08778,38.13846],[128.09179,38.13605],[128.09351,38.13089],[128.10004,38.12981],[128.09814,38.12418],[128.10411,38.11502],[128.10495,38.10863],[128.09735,38.10104],[128.09014,38.10116],[128.08804,38.09581],[128.09715,38.08186],[128.10253,38.07603],[128.11155,38.07276],[128.11543,38.0628],[128.11444,38.05354],[128.11811,38.04756],[128.11297,38.04252],[128.11373,38.03702],[128.1032,38.02933],[128.09451,38.02837],[128.08777,38.0332],[128.08041,38.0342],[128.07762,38.03934],[128.07007,38.04365],[128.0691,38.04677],[128.06094,38.04727],[128.05898,38.03533],[128.05649,38.03029],[128.05912,38.02792],[128.0619,38.01894],[128.0604,38.01509],[128.05546,38.01533],[128.05287,38.01825],[128.04325,38.02006],[128.03598,38.01561],[128.02961,38.01465],[128.01959,38.00737],[128.01878,38.00057],[128.0153,37.99664],[128.00343,37.99563],[127.9996,37.99138],[127.99156,37.99104],[127.98402,37.98876],[127.98179,37.9835],[127.98475,37.98004],[127.98397,37.96377],[127.97751,37.95707],[127.98728,37.95182],[127.98964,37.94521],[127.99511,37.9412],[128.00122,37.93727],[128.01272,37.93832],[128.01614,37.94269],[128.02534,37.94486],[128.03011,37.94446],[128.03411,37.94082],[128.03452,37.93676],[128.04549,37.92252],[128.04973,37.92197],[128.05304,37.91733],[128.05582,37.91765],[128.06362,37.91123],[128.07722,37.9067],[128.08261,37.90171],[128.09715,37.89683],[128.10598,37.90006],[128.12603,37.89512],[128.13107,37.89836],[128.13317,37.89423],[128.14495,37.89286],[128.14962,37.89531],[128.16074,37.89523],[128.16423,37.88707],[128.17426,37.88492],[128.17392,37.87641],[128.169,37.87176],[128.16805,37.8653],[128.17169,37.85696],[128.1687,37.85125],[128.17819,37.84637],[128.18114,37.8428],[128.18011,37.83501],[128.18661,37.82998],[128.19276,37.82289],[128.19626,37.82204],[128.2015,37.81623],[128.20866,37.81268],[128.21549,37.81314],[128.21952,37.81785],[128.22851,37.82188],[128.23471,37.82217],[128.23869,37.82524],[128.2426,37.83209],[128.24701,37.83269],[128.24754,37.83607],[128.2561,37.83962],[128.25611,37.8435],[128.26081,37.84959],[128.26136,37.85638],[128.26922,37.86139],[128.27308,37.86071],[128.27561,37.86444],[128.28097,37.86612],[128.28752,37.86486],[128.29337,37.86977],[128.29759,37.86731],[128.30512,37.85761],[128.30743,37.84368],[128.31114,37.8415],[128.32012,37.8307],[128.32835,37.83388],[128.33453,37.82869],[128.34681,37.82625],[128.35356,37.83072],[128.36516,37.83356],[128.36281,37.83863],[128.36614,37.84705],[128.37818,37.85234],[128.3824,37.85862],[128.3904,37.85885],[128.39715,37.8623],[128.40059,37.86124],[128.40272,37.86716],[128.4089,37.87125],[128.41319,37.88205],[128.41227,37.88467],[128.42153,37.88288],[128.42838,37.8751],[128.43171,37.8667],[128.43578,37.86451],[128.44423,37.86489],[128.44767,37.87348],[128.46632,37.88096],[128.47214,37.88626],[128.47536,37.88529],[128.48142,37.893],[128.47354,37.90111],[128.47486,37.90952],[128.47513,37.92547],[128.47266,37.92643],[128.46357,37.93565],[128.46754,37.94029],[128.46636,37.94923],[128.47284,37.95347],[128.47197,37.9593],[128.4773,37.96296],[128.48825,37.96127],[128.49686,37.96743],[128.49601,37.97375],[128.49789,37.97628],[128.49567,37.98374],[128.50004,37.98483],[128.49939,37.98903],[128.50218,37.99492],[128.50796,37.99857],[128.51286,38.00483],[128.51357,38.01295],[128.50812,38.01226],[128.50256,38.01733],[128.50425,38.02018],[128.49981,38.02484],[128.49864,38.03422],[128.50081,38.03807],[128.49624,38.04071],[128.49342,38.04861],[128.48617,38.05394],[128.47656,38.04817],[128.46659,38.05078],[128.46324,38.04915],[128.46011,38.05337],[128.45199,38.05628],[128.44038,38.0579],[128.43502,38.05237],[128.42561,38.04873],[128.41526,38.06191],[128.41307,38.06942],[128.40886,38.07665],[128.41092,38.07932],[128.40425,38.09607],[128.41028,38.09897],[128.41065,38.11092],[128.41631,38.11074],[128.42772,38.10799],[128.43323,38.10928],[128.44042,38.11407],[128.45007,38.11516],[128.45829,38.12128],[128.46486,38.11921],[128.46424,38.12867],[128.46596,38.13692],[128.44306,38.1496],[128.43792,38.15487],[128.43903,38.16258],[128.43319,38.16861],[128.42114,38.17669],[128.42651,38.18915],[128.43845,38.19256],[128.44231,38.20372],[128.43774,38.21408],[128.44074,38.22293],[128.43724,38.23029],[128.43972,38.24127],[128.43294,38.24242],[128.42482,38.25316],[128.41759,38.25428],[128.40388,38.24257],[128.39417,38.23959],[128.39281,38.24389],[128.38836,38.24804],[128.37976,38.24394],[128.37206,38.24265],[128.36846,38.23585],[128.36465,38.24203],[128.36568,38.24703],[128.36326,38.25533],[128.36007,38.2589],[128.35929,38.26569],[128.35579,38.26658],[128.34026,38.26475],[128.33708,38.26312],[128.32621,38.26645],[128.31923,38.26607],[128.31777,38.27027],[128.31992,38.28012],[128.31881,38.28773],[128.32146,38.29092],[128.32045,38.30025],[128.31488,38.3028],[128.31445,38.31002],[128.30861,38.32106],[128.31211,38.33058],[128.30904,38.33328],[128.30087,38.3336],[128.28746,38.34009],[128.28211,38.34],[128.27375,38.33546],[128.26794,38.34015],[128.2676,38.34778],[128.26452,38.35161],[128.26896,38.35637],[128.27254,38.36569],[128.27224,38.37182],[128.26957,38.37615],[128.26201,38.37647],[128.25766,38.37275],[128.24852,38.37078],[128.23867,38.37629],[128.23368,38.37238],[128.23012,38.37653],[128.22964,38.38203],[128.23361,38.38733],[128.22687,38.38809],[128.22932,38.39684],[128.22733,38.39247],[128.22253,38.38943],[128.21564,38.37921],[128.2108,38.36891],[128.2061,38.37545],[128.20528,38.3815],[128.19819,38.38017],[128.19499,38.37695],[128.19026,38.36792],[128.1843,38.35999],[128.17639,38.36373],[128.16058,38.34812],[128.15763,38.34312],[128.15343,38.34428],[128.15016,38.34161],[128.14106,38.34398],[128.13839,38.34684],[128.13297,38.34461],[128.12825,38.34792],[128.12234,38.34786],[128.11898,38.34299],[128.11065,38.34077],[128.10709,38.33359],[128.09774,38.32483],[128.08673,38.3182]]]},"properties":{"osm_id":2505636,"name":"인제군","sgg_code":"51810","mois_admin":"5181000000","admin_level":6,"code_source":"osm"}},
{"type":"Feature","geometry":{"type":"Polygon","coordinates":[[[128.82445,38.32376],[128.73742,38.46835],[128.71651,38.49606],[128.70714,38.51121],[128.67644,38.56969],[128.65598,38.61772],[128.52795,38.61669],[128.35886,38.61532],[128.35206,38.61173],[128.34243,38.61016],[128.33709,38.60169],[128.33421,38.60191],[128.32125,38.59723],[128.31634,38.59379],[128.3095,38.59356],[128.30948,38.58929],[128.31356,38.58656],[128.31492,38.57477],[128.31212,38.57009],[128.31226,38.553],[128.31069,38.53714],[128.31374,38.52138],[128.3132,38.51236],[128.30439,38.50261],[128.30575,38.49852],[128.30157,38.49183],[128.3014,38.4862],[128.30672,38.47858],[128.30189,38.47586],[128.29886,38.47107],[128.2947,38.45831],[128.29105,38.45479],[128.28563,38.445],[128.28493,38.43946],[128.27992,38.43383],[128.27196,38.43143],[128.26067,38.42165],[128.2458,38.41498],[128.24325,38.41088],[128.24591,38.40675],[128.24338,38.40268],[128.23473,38.40171],[128.22932,38.39684],[128.22687,38.38809],[128.23361,38.38733],[128.22964,38.38203],[128.23012,38.37653],[128.23368,38.37238],[128.23867,38.37629],[128.24852,38.37078],[128.25766,38.37275],[128.26201,38.37647],[128.26957,38.37615],[128.27224,38.37182],[128.27254,38.36569],[128.26896,38.35637],[128.26452,38.35161],[128.2676,38.34778],[128.26794,38.34015],[128.27375,38.33546],[128.28211,38.34],[128.28746,38.34009],[128.30087,38.3336],[128.30904,38.33328],[128.31211,38.33058],[128.30861,38.32106],[128.31445,38.31002],[128.31488,38.3028],[128.32045,38.30025],[128.32146,38.29092],[128.31881,38.28773],[128.31992,38.28012],[128.31777,38.27027],[128.31923,38.26607],[128.32621,38.26645],[128.33708,38.26312],[128.34026,38.26475],[128.35579,38.26658],[128.35929,38.26569],[128.36007,38.2589],[128.36326,38.25533],[128.36568,38.24703],[128.36465,38.24203],[128.36846,38.23585],[128.37206,38.24265],[128.37976,38.24394],[128.38836,38.24804],[128.39281,38.24389],[128.39417,38.23959],[128.40388,38.24257],[128.41759,38.25428],[128.42482,38.25316],[128.43294,38.24242],[128.43972,38.24127],[128.43724,38.23029],[128.44074,38.22293],[128.43774,38.21408],[128.44231,38.20372],[128.45199,38.19901],[128.46261,38.19694],[128.46663,38.19862],[128.47711,38.1928],[128.4772,38.18889],[128.48455,38.18797],[128.4903,38.19399],[128.49776,38.19793],[128.49924,38.20221],[128.50685,38.2039],[128.51399,38.20774],[128.52207,38.20755],[128.52921,38.21126],[128.5337,38.21581],[128.54011,38.21753],[128.54526,38.21646],[128.55553,38.21802],[128.56123,38.22095],[128.56819,38.22014],[128.57432,38.22179],[128.58487,38.23112],[128.60977,38.2409],[128.82445,38.32376]]]},"properties":{"osm_id":2505635,"name":"고성군","sgg_code":"51820","mois_admin":"5182000000","admin_level":6,"code_source":"osm"}},
{"type":"Feature","geometry":{"type":"Polygon","coordinates":[[[128.46486,38.11921],[128.45829,38.12128],[128.45007,38.11516],[128.44042,38.11407],[128.43323,38.10928],[128.42772,38.10799],[128.41631,38.11074],[128.41065,38.11092],[128.41028,38.09897],[128.40425,38.09607],[128.41092,38.07932],[128.40886,38.07665],[128.41307,38.06942],[128.41526,38.06191],[128.42561,38.04873],[128.43502,38.05237],[128.44038,38.0579],[128.45199,38.05628],[128.46011,38.05337],[128.46324,38.04915],[128.46659,38.05078],[128.47656,38.04817],[128.48617,38.05394],[128.49342,38.04861],[128.49624,38.04071],[128.50081,38.03807],[128.49864,38.03422],[128.49981,38.02484],[128.50425,38.02018],[128.50256,38.01733],[128.50812,38.01226],[128.51357,38.01295],[128.51286,38.00483],[128.50796,37.99857],[128.50218,37.99492],[128.49939,37.98903],[128.50004,37.98483],[128.49567,37.98374],[128.49789,37.97628],[128.49601,37.97375],[128.49686,37.96743],[128.48825,37.96127],[128.4773,37.96296],[128.47197,37.9593],[128.47284,37.95347],[128.46636,37.94923],[128.46754,37.94029],[128.46357,37.93565],[128.47266,37.92643],[128.47513,37.92547],[128.47486,37.90952],[128.47354,37.90111],[128.48142,37.893],[128.49393,37.88777],[128.49719,37.88376],[128.49867,37.88612],[128.50593,37.88687],[128.51077,37.88053],[128.51883,37.88081],[128.52613,37.88296],[128.52998,37.88885],[128.53975,37.89114],[128.54407,37.8872],[128.55525,37.88172],[128.56007,37.87539],[128.56774,37.8754],[128.57214,37.87052],[128.57376,37.86464],[128.58802,37.86203],[128.59197,37.8656],[128.5977,37.86596],[128.60118,37.87071],[128.62077,37.87235],[128.62351,37.87496],[128.62356,37.88052],[128.62848,37.88499],[128.6348,37.88762],[128.64294,37.89489],[128.64777,37.89093],[128.65976,37.89177],[128.66483,37.8905],[128.66708,37.88573],[128.67634,37.88982],[128.68283,37.88991],[128.70217,37.89841],[128.70881,37.89729],[128.7192,37.90279],[128.72705,37.90267],[128.73241,37.89988],[128.73638,37.90341],[128.74466,37.90421],[128.7466,37.9092],[128.75695,37.91232],[128.75999,37.91007],[128.77314,37.91106],[128.78301,37.91469],[128.79315,37.91221],[128.80343,37.91301],[128.86787,37.96094],[128.99743,38.05622],[128.99769,38.0681],[128.96987,38.10237],[128.94207,38.13834],[128.903,38.17076],[128.89023,38.19043],[128.86929,38.21445],[128.85957,38.25083],[128.63208,38.16927],[128.60473,38.15904],[128.58406,38.16162],[128.56984,38.16189],[128.56971,38.15381],[128.56136,38.14894],[128.54587,38.14926],[128.53506,38.14855],[128.53545,38.14504],[128.53146,38.14194],[128.52987,38.13609],[128.52507,38.13816],[128.51588,38.13553],[128.50881,38.13653],[128.50048,38.13495],[128.49129,38.13649],[128.48128,38.13068],[128.46724,38.11901],[128.46486,38.11921]]]},"properties":{"osm_id":2517799,"name":"양양군","sgg_code":"51830","mois_admin":"5183000000","admin_level":6,"code_source":"osm"}},
{"type":"Feature","geometry":{"type":"Polygon","coordinates":[[[127.06509,35.79098],[127.06461,35.78639],[127.07086,35.78263],[127.07347,35.77376],[127.06415,35.76961],[127.06119,35.76543],[127.0535,35.76376],[127.05076,35.75515],[127.05836,35.75214],[127.06321,35.7531],[127.0704,35.74747],[127.07036,35.74216],[127.08091,35.73387],[127.08514,35.72857],[127.0856,35.73164],[127.09448,35.73791],[127.09572,35.74529],[127.101,35.75101],[127.11628,35.74975],[127.12435,35.75372],[127.12568,35.75759],[127.13083,35.75651],[127.13731,35.76138],[127.14581,35.76003],[127.14641,35.76487],[127.1495,35.76685],[127.1489,35.77402],[127.15332,35.77925],[127.1616,35.78325],[127.17164,35.78015],[127.1761,35.77409],[127.17906,35.77375],[127.18713,35.77952],[127.1952,35.77444],[127.19825,35.77496],[127.20187,35.78555],[127.21192,35.79418],[127.21784,35.8023],[127.22813,35.80853],[127.23106,35.81985],[127.23425,35.82222],[127.22701,35.82223],[127.21938,35.8198],[127.21385,35.82228],[127.20787,35.82935],[127.20994,35.83297],[127.21014,35.84094],[127.20572,35.84443],[127.20026,35.85654],[127.19641,35.86047],[127.18988,35.8594],[127.18546,35.85451],[127.1685,35.8537],[127.16711,35.8589],[127.16042,35.87064],[127.15114,35.87933],[127.15104,35.88229],[127.14563,35.89333],[127.14066,35.89828],[127.13364,35.90132],[127.11866,35.90122],[127.10759,35.89752],[127.08884,35.89368],[127.07845,35.89796],[127.06227,35.89865],[127.0519,35.89273],[127.04618,35.89327],[127.03831,35.89781],[127.0275,35.89796],[127.00069,35.89321],[127.00155,35.8893],[126.99784,35.88418],[127.00743,35.87541],[127.00642,35.86605],[127.01304,35.86353],[127.01572,35.85871],[127.019,35.86282],[127.02675,35.86762],[127.02816,35.8617],[127.02676,35.85671],[127.03412,35.85047],[127.0448,35.85323],[127.04948,35.85247],[127.05566,35.83964],[127.05859,35.83962],[127.05847,35.83303],[127.05149,35.83324],[127.05113,35.82719],[127.05581,35.82556],[127.06749,35.82494],[127.06574,35.82111],[127.06824,35.80752],[127.06455,35.80008],[127.06509,35.79098]]]},"properties":{"osm_id":7619919,"name":"전주시","sgg_code":"52110","mois_admin":"5211000000","admin_level":6,"code_source":"osm"}},
{"type":"Feature","geometry":{"type":"Polygon","coordinates":[[[126.52081,35.72896],[126.48869,35.74693],[126.46208,35.79651],[126.48128,35.81096],[126.47967,35.81279],[126.48635,35.81703],[126.55812,35.84787],[126.59702,35.85144],[126.63218,35.85832],[126.65442,35.86109],[126.67736,35.85958],[126.67649,35.86986],[126.69076,35.8709],[126.71494,35.87376],[126.75717,35.87954],[126.76826,35.87596],[126.7904,35.87778],[126.79036,35.89572],[126.81803,35.90383],[126.82356,35.90489],[126.83773,35.91213],[126.8432,35.91767],[126.85141,35.91691],[126.85659,35.91886],[126.85912,35.91728],[126.87866,35.93449],[126.88183,35.93946],[126.883,35.94799],[126.89367,35.95513],[126.89006,35.95975],[126.88509,35.96082],[126.89979,35.97098],[126.90298,35.97213],[126.90229,35.97837],[126.90948,35.98129],[126.90822,35.98707],[126.91277,35.99018],[126.91514,35.99671],[126.91389,36.00558],[126.90094,36.00812],[126.89628,36.0138],[126.89022,36.01778],[126.8843,36.02585],[126.87906,36.02996],[126.87043,36.03311],[126.87414,36.04243],[126.86854,36.04586],[126.86505,36.06071],[126.84054,36.05296],[126.8211,36.04992],[126.80832,36.03574],[126.80277,36.03352],[126.76971,36.02964],[126.76166,36.02602],[126.74805,36.02575],[126.74156,36.01195],[126.74354,36.00564],[126.73976,35.99856],[126.73187,35.99384],[126.72311,35.99425],[126.70852,35.99967],[126.69891,36.00023],[126.68758,35.99911],[126.67951,35.99467],[126.6679,35.99379],[126.64743,35.99427],[126.63551,35.99045],[126.6222,35.98986],[126.61224,35.98444],[126.59952,35.98384],[126.58115,35.98648],[126.56656,36.00009],[126.56707,36.03494],[126.57033,36.04771],[126.57995,36.06075],[126.51351,36.08809],[126.37636,36.14757],[126.03172,36.16241],[125.52337,36.27821],[125.71471,36.05746],[125.75088,36.01495],[125.78659,35.93298],[125.81028,35.87936],[125.83603,35.79721],[125.84461,35.72291],[125.84799,35.67823],[126.09901,35.70749],[126.36904,35.6863],[126.45264,35.66162],[126.50911,35.69606],[126.52081,35.72896]]]},"properties":{"osm_id":7619922,"name":"군산시","sgg_code":"52130","mois_admin":"5213000000","admin_level":6,"code_source":"osm"}},
{"type":"Feature","geometry":{"type":"Polygon","coordinates":[[[127.00298,36.14951],[126.99803,36.14685],[126.97719,36.14852],[126.96303,36.15628],[126.95663,36.15657],[126.94446,36.15351],[126.93892,36.15077],[126.93081,36.14225],[126.91969,36.1363],[126.91109,36.13657],[126.9008,36.1424],[126.89525,36.14245],[126.8897,36.13962],[126.88221,36.13129],[126.87748,36.11714],[126.87381,36.11044],[126.87359,36.08683],[126.8712,36.07225],[126.87082,36.0674],[126.86505,36.06071],[126.86854,36.04586],[126.87414,36.04243],[126.87043,36.03311],[126.87906,36.02996],[126.8843,36.02585],[126.89022,36.01778],[126.89628,36.0138],[126.90094,36.00812],[126.91389,36.00558],[126.91514,35.99671],[126.91277,35.99018],[126.90822,35.98707],[126.90948,35.98129],[126.90229,35.97837],[126.90298,35.97213],[126.89979,35.97098],[126.88509,35.96082],[126.89006,35.95975],[126.89367,35.95513],[126.883,35.94799],[126.88183,35.93946],[126.87866,35.93449],[126.85912,35.91728],[126.85659,35.91886],[126.85141,35.91691],[126.85312,35.9096],[126.86081,35.90566],[126.87302,35.91153],[126.88356,35.91319],[126.89003,35.91218],[126.89156,35.91407],[126.90891,35.90337],[126.91944,35.90742],[126.93186,35.91079],[126.93213,35.91467],[126.94497,35.91147],[126.95095,35.90854],[126.95192,35.91305],[126.95664,35.91577],[126.95668,35.90862],[126.96203,35.90199],[126.97136,35.90021],[126.97311,35.89685],[126.97865,35.8991],[126.98837,35.89663],[126.99077,35.89206],[126.99526,35.89172],[126.99322,35.88822],[126.99453,35.88376],[126.99784,35.88418],[127.00155,35.8893],[127.00069,35.89321],[127.0275,35.89796],[127.03831,35.89781],[127.03863,35.90071],[127.03259,35.90602],[127.02891,35.91654],[127.03587,35.91853],[127.04076,35.9256],[127.05659,35.92134],[127.06677,35.91569],[127.07684,35.92216],[127.0801,35.92121],[127.09176,35.93036],[127.09451,35.94007],[127.09995,35.95021],[127.10221,35.95147],[127.1064,35.96079],[127.1041,35.96854],[127.10972,35.98812],[127.10746,35.99539],[127.12555,36.00536],[127.12551,36.01168],[127.12234,36.01415],[127.12115,36.02039],[127.1158,36.0241],[127.11824,36.02616],[127.1163,36.03049],[127.13164,36.04532],[127.13538,36.05289],[127.13972,36.05697],[127.13123,36.06334],[127.13106,36.06577],[127.12205,36.06303],[127.11812,36.06712],[127.10203,36.07578],[127.09442,36.07326],[127.09271,36.07599],[127.09038,36.0718],[127.08783,36.07556],[127.08226,36.07776],[127.07627,36.08443],[127.07171,36.08463],[127.07011,36.0876],[127.06045,36.09391],[127.06105,36.10548],[127.05781,36.10705],[127.05725,36.11604],[127.06106,36.11719],[127.06301,36.12522],[127.05611,36.12678],[127.05564,36.13012],[127.05071,36.13091],[127.05012,36.13416],[127.04476,36.13446],[127.04581,36.13774],[127.04364,36.14629],[127.03977,36.14157],[127.03971,36.13789],[127.01668,36.13538],[127.01679,36.13897],[127.01084,36.14341],[127.00475,36.14333],[127.00298,36.14951]]]},"properties":{"osm_id":7619924,"name":"익산시","sgg_code":"52140","mois_admin":"5214000000","admin_level":6,"code_source":"osm"}},
{"type":"Feature","geometry":{"type":"Polygon","coordinates":[[[127.0638,35.67744],[127.06064,35.67031],[127.05603,35.66873],[127.0488,35.67027],[127.04156,35.66618],[127.03475,35.66816],[127.02864,35.66644],[127.02178,35.66944],[127.0163,35.67629],[127.00467,35.68002],[127.0021,35.68614],[126.99537,35.6868],[126.99121,35.68993],[126.99303,35.69753],[126.98971,35.70518],[126.98104,35.7124],[126.98124,35.71452],[126.96766,35.72121],[126.95961,35.72362],[126.95034,35.72411],[126.94272,35.72226],[126.93245,35.72239],[126.92532,35.7366],[126.91665,35.74559],[126.91308,35.74464],[126.89638,35.75338],[126.88738,35.75419],[126.88347,35.75282],[126.88419,35.75767],[126.87731,35.75699],[126.87314,35.75851],[126.87502,35.75242],[126.88221,35.74837],[126.8818,35.74132],[126.87321,35.73209],[126.86728,35.72754],[126.85982,35.72781],[126.8522,35.72626],[126.84768,35.72814],[126.84263,35.72664],[126.8279,35.71897],[126.82747,35.71475],[126.82634,35.71201],[126.83477,35.70303],[126.83347,35.70086],[126.83932,35.70016],[126.84088,35.69411],[126.83796,35.69707],[126.83459,35.68703],[126.8288,35.68438],[126.8271,35.67999],[126.81878,35.68069],[126.81411,35.68276],[126.8088,35.68076],[126.80579,35.67579],[126.7985,35.68472],[126.78822,35.67507],[126.78346,35.6758],[126.77298,35.68358],[126.76815,35.67927],[126.76499,35.67318],[126.76312,35.66203],[126.75155,35.66774],[126.7501,35.66353],[126.744,35.66643],[126.74221,35.65847],[126.7356,35.6492],[126.73452,35.65108],[126.72683,35.6482],[126.72284,35.63202],[126.72066,35.6311],[126.72319,35.61776],[126.71996,35.6104],[126.72236,35.60102],[126.72218,35.59463],[126.72442,35.59183],[126.72425,35.58364],[126.71779,35.58379],[126.71558,35.57963],[126.71813,35.57327],[126.72789,35.57247],[126.73683,35.56839],[126.74191,35.57138],[126.74458,35.56911],[126.75709,35.57351],[126.76018,35.57199],[126.76937,35.56077],[126.76198,35.5551],[126.76623,35.54914],[126.76256,35.54533],[126.763,35.53814],[126.76114,35.53299],[126.76705,35.53005],[126.76771,35.527],[126.77399,35.52284],[126.76092,35.51693],[126.75984,35.51124],[126.76989,35.50884],[126.768,35.50233],[126.76842,35.49614],[126.76478,35.49345],[126.76677,35.48568],[126.7703,35.48222],[126.77288,35.46808],[126.7819,35.47063],[126.79235,35.46763],[126.81397,35.4688],[126.81532,35.47375],[126.81284,35.47614],[126.81388,35.48419],[126.81887,35.48654],[126.82837,35.4857],[126.83048,35.4808],[126.84285,35.47895],[126.84025,35.46867],[126.83791,35.46453],[126.84068,35.46109],[126.84257,35.4639],[126.85032,35.46573],[126.86324,35.46121],[126.86864,35.46204],[126.86517,35.46392],[126.86081,35.47423],[126.86255,35.48052],[126.87311,35.47967],[126.87706,35.48419],[126.88099,35.48368],[126.8895,35.47839],[126.89381,35.48086],[126.91354,35.47681],[126.92265,35.48289],[126.9277,35.47912],[126.93586,35.48196],[126.93589,35.48802],[126.94169,35.49089],[126.93551,35.4958],[126.93365,35.50717],[126.92981,35.50955],[126.9283,35.51888],[126.93196,35.52536],[126.93554,35.5238],[126.93938,35.52785],[126.94692,35.5289],[126.95148,35.53268],[126.9512,35.53822],[126.96098,35.54462],[126.96274,35.54928],[126.97007,35.55224],[126.97507,35.55613],[126.9812,35.55362],[126.98216,35.54813],[126.98795,35.54085],[126.99286,35.53696],[126.99597,35.54007],[127.00822,35.54197],[127.01914,35.54613],[127.02209,35.53626],[127.02851,35.5323],[127.03913,35.52874],[127.04001,35.52563],[127.04546,35.52146],[127.04961,35.52155],[127.05184,35.51804],[127.05087,35.51174],[127.05431,35.50937],[127.06131,35.51128],[127.06681,35.51631],[127.07445,35.5138],[127.07598,35.51023],[127.08291,35.50679],[127.08776,35.50804],[127.09174,35.50615],[127.1095,35.5093],[127.10792,35.51427],[127.10963,35.51944],[127.10242,35.52006],[127.0973,35.51852],[127.09554,35.51409],[127.0939,35.51874],[127.09915,35.52338],[127.09721,35.52687],[127.10556,35.5336],[127.11568,35.53239],[127.11624,35.53724],[127.10731,35.54216],[127.10378,35.54242],[127.09267,35.54801],[127.08393,35.55056],[127.08517,35.55601],[127.08905,35.56093],[127.09198,35.56961],[127.08888,35.57564],[127.08439,35.57894],[127.08313,35.58453],[127.08634,35.58681],[127.09648,35.58744],[127.10258,35.59021],[127.10482,35.59598],[127.10002,35.60448],[127.09125,35.61299],[127.09032,35.6162],[127.09297,35.62173],[127.08986,35.6272],[127.09358,35.63345],[127.08953,35.638],[127.08743,35.64679],[127.08959,35.65334],[127.07902,35.66228],[127.08197,35.66811],[127.0764,35.67281],[127.07419,35.67197],[127.06799,35.67657],[127.0638,35.67744]]]},"properties":{"osm_id":7621808,"name":"정읍시","sgg_code":"52180","mois_admin":"5218000000","admin_level":6,"code_source":"osm"}},
{"type":"Feature","geometry":{"type":"Polygon","coordinates":[[[127.38451,35.30328],[127.3886,35.30478],[127.39388,35.31069],[127.39987,35.31397],[127.40089,35.32481],[127.40848,35.32935],[127.40955,35.33293],[127.4156,35.33716],[127.4159,35.34105],[127.42035,35.34526],[127.42265,35.35097],[127.43035,35.35857],[127.44164,35.36445],[127.44291,35.36111],[127.45448,35.36033],[127.45872,35.36365],[127.47179,35.36664],[127.4806,35.36369],[127.48595,35.35843],[127.4957,35.36101],[127.50355,35.35795],[127.50845,35.35331],[127.51418,35.35162],[127.51614,35.34784],[127.5239,35.34496],[127.52967,35.33797],[127.53533,35.33464],[127.54195,35.33305],[127.54204,35.3285],[127.55049,35.32577],[127.56228,35.31941],[127.5678,35.31898],[127.57234,35.31126],[127.57754,35.30888],[127.58551,35.30901],[127.59453,35.31222],[127.60587,35.31933],[127.60697,35.32427],[127.61367,35.32819],[127.61503,35.33096],[127.62042,35.33233],[127.623,35.34335],[127.61591,35.34993],[127.61246,35.35556],[127.6106,35.36683],[127.62251,35.37278],[127.62564,35.37677],[127.62495,35.38191],[127.62696,35.38777],[127.63186,35.3918],[127.6392,35.40462],[127.64908,35.40777],[127.66178,35.41693],[127.66594,35.42816],[127.66545,35.4362],[127.67324,35.44333],[127.67019,35.44693],[127.663,35.44766],[127.65279,35.45085],[127.645,35.44959],[127.63652,35.45955],[127.63736,35.4706],[127.63646,35.47794],[127.65255,35.48531],[127.65049,35.48915],[127.65019,35.49782],[127.64466,35.49932],[127.64238,35.50505],[127.63253,35.51455],[127.63463,35.52073],[127.63139,35.52056],[127.62582,35.52528],[127.62594,35.53226],[127.62071,35.53397],[127.61946,35.53694],[127.61249,35.53551],[127.60633,35.54298],[127.59524,35.54755],[127.59093,35.55433],[127.58668,35.55461],[127.57966,35.54765],[127.57337,35.5453],[127.57188,35.53538],[127.56867,35.53322],[127.56793,35.52474],[127.57112,35.51812],[127.57914,35.51511],[127.58081,35.50751],[127.57793,35.49854],[127.57066,35.49134],[127.56355,35.48771],[127.55948,35.4803],[127.56179,35.4734],[127.55772,35.47044],[127.55285,35.4703],[127.54577,35.46719],[127.54203,35.46976],[127.53705,35.46938],[127.52454,35.4721],[127.51937,35.47715],[127.5139,35.47825],[127.5159,35.48065],[127.5251,35.48444],[127.52851,35.49174],[127.52712,35.49508],[127.5221,35.49531],[127.51251,35.49859],[127.51199,35.50633],[127.50431,35.51089],[127.50083,35.5151],[127.50078,35.52009],[127.49611,35.52071],[127.49047,35.52562],[127.49163,35.53247],[127.48195,35.53648],[127.47856,35.53615],[127.46893,35.54006],[127.4679,35.54371],[127.45646,35.54414],[127.4523,35.5387],[127.44568,35.54385],[127.44148,35.54413],[127.4385,35.55063],[127.43325,35.54808],[127.42376,35.54831],[127.41735,35.55206],[127.41201,35.5581],[127.40879,35.55821],[127.40627,35.55136],[127.40107,35.54526],[127.3908,35.54337],[127.37722,35.54561],[127.3628,35.55566],[127.3631,35.55833],[127.35955,35.55882],[127.35017,35.55107],[127.34427,35.55094],[127.34045,35.55382],[127.33438,35.55269],[127.33532,35.54619],[127.34412,35.54075],[127.34828,35.5405],[127.35068,35.53371],[127.34635,35.52585],[127.33905,35.52629],[127.33927,35.52315],[127.35249,35.5126],[127.35635,35.51113],[127.35519,35.50788],[127.35686,35.50082],[127.35266,35.4959],[127.34193,35.4946],[127.33279,35.49125],[127.32575,35.49412],[127.31116,35.4924],[127.30828,35.48713],[127.30864,35.47791],[127.31015,35.47172],[127.31427,35.46622],[127.31103,35.46302],[127.30647,35.45286],[127.29793,35.44473],[127.2965,35.4334],[127.29159,35.4265],[127.2881,35.4245],[127.27732,35.42423],[127.27542,35.42089],[127.26014,35.42697],[127.2574,35.42119],[127.2517,35.41732],[127.25061,35.40892],[127.24589,35.39828],[127.23718,35.40009],[127.23321,35.39749],[127.22607,35.39877],[127.21967,35.38489],[127.21181,35.37312],[127.21659,35.3716],[127.20717,35.36384],[127.20092,35.35649],[127.19308,35.3564],[127.18806,35.3488],[127.1871,35.34248],[127.19372,35.34012],[127.18677,35.33621],[127.18403,35.32879],[127.18726,35.32297],[127.20497,35.31556],[127.21627,35.3175],[127.21664,35.33012],[127.22142,35.3346],[127.22729,35.33461],[127.23782,35.32843],[127.25157,35.31773],[127.25381,35.31353],[127.26067,35.31185],[127.28588,35.31317],[127.29189,35.31233],[127.3058,35.30449],[127.30977,35.30379],[127.32193,35.30659],[127.33047,35.31134],[127.33041,35.31518],[127.33676,35.31452],[127.34038,35.31789],[127.3564,35.32155],[127.36777,35.31457],[127.37696,35.31108],[127.37876,35.3043],[127.38451,35.30328]]]},"properties":{"osm_id":7621810,"name":"남원시","sgg_code":"52190","mois_admin":"5219000000","admin_level":6,"code_source":"osm"}},
{"type":"Feature","geometry":{"type":"Polygon","coordinates":[[[126.99784,35.88418],[126.99453,35.88376],[126.99322,35.88822],[126.99526,35.89172],[126.99077,35.89206],[126.98837,35.89663],[126.97865,35.8991],[126.97311,35.89685],[126.97136,35.90021],[126.96203,35.90199],[126.95668,35.90862],[126.95664,35.91577],[126.95192,35.91305],[126.95095,35.90854],[126.94497,35.91147],[126.93213,35.91467],[126.93186,35.91079],[126.91944,35.90742],[126.90891,35.90337],[126.89156,35.91407],[126.89003,35.91218],[126.88356,35.91319],[126.87302,35.91153],[126.86081,35.90566],[126.85312,35.9096],[126.85141,35.91691],[126.8432,35.91767],[126.83773,35.91213],[126.82356,35.90489],[126.81803,35.90383],[126.79036,35.89572],[126.7904,35.87778],[126.76826,35.87596],[126.75717,35.87954],[126.71494,35.87376],[126.69076,35.8709],[126.67649,35.86986],[126.67736,35.85958],[126.65442,35.86109],[126.63218,35.85832],[126.59702,35.85144],[126.55812,35.84787],[126.48635,35.81703],[126.47967,35.81279],[126.48128,35.81096],[126.46208,35.79651],[126.48869,35.74693],[126.52081,35.72896],[126.53091,35.73864],[126.53744,35.75327],[126.56928,35.79401],[126.58988,35.80807],[126.59898,35.81266],[126.61254,35.81677],[126.64222,35.82162],[126.65867,35.81778],[126.68307,35.80556],[126.70436,35.80109],[126.6982,35.81287],[126.73528,35.80314],[126.76296,35.79664],[126.77102,35.77885],[126.77966,35.75702],[126.78405,35.75446],[126.79626,35.75321],[126.79666,35.74448],[126.79893,35.74264],[126.8067,35.74542],[126.80775,35.73846],[126.80654,35.73277],[126.80923,35.73086],[126.8052,35.72832],[126.80761,35.72622],[126.81365,35.72897],[126.81216,35.72302],[126.81712,35.72718],[126.81632,35.71977],[126.81306,35.71563],[126.81845,35.71458],[126.82248,35.71681],[126.82399,35.71279],[126.82747,35.71475],[126.8279,35.71897],[126.84263,35.72664],[126.84768,35.72814],[126.8522,35.72626],[126.85982,35.72781],[126.86728,35.72754],[126.87321,35.73209],[126.8818,35.74132],[126.88221,35.74837],[126.87502,35.75242],[126.87314,35.75851],[126.87731,35.75699],[126.88419,35.75767],[126.88347,35.75282],[126.88738,35.75419],[126.89638,35.75338],[126.91308,35.74464],[126.91665,35.74559],[126.92532,35.7366],[126.93245,35.72239],[126.94272,35.72226],[126.95034,35.72411],[126.95961,35.72362],[126.96766,35.72121],[126.98124,35.71452],[126.98104,35.7124],[126.98971,35.70518],[126.99303,35.69753],[126.99121,35.68993],[126.99537,35.6868],[127.0021,35.68614],[127.00467,35.68002],[127.0163,35.67629],[127.02178,35.66944],[127.02864,35.66644],[127.03475,35.66816],[127.04156,35.66618],[127.0488,35.67027],[127.05603,35.66873],[127.06064,35.67031],[127.0638,35.67744],[127.06987,35.68874],[127.06931,35.69453],[127.06152,35.70153],[127.06169,35.70443],[127.06993,35.71126],[127.07182,35.71714],[127.08684,35.7245],[127.08514,35.72857],[127.08091,35.73387],[127.07036,35.74216],[127.0704,35.74747],[127.06321,35.7531],[127.05836,35.75214],[127.05076,35.75515],[127.0535,35.76376],[127.06119,35.76543],[127.06415,35.76961],[127.07347,35.77376],[127.07086,35.78263],[127.06461,35.78639],[127.06509,35.79098],[127.0555,35.79146],[127.04807,35.79496],[127.04187,35.79547],[127.04276,35.79834],[127.0328,35.79848],[127.02836,35.80267],[127.02103,35.79946],[127.00567,35.80828],[126.99815,35.81519],[126.99833,35.81965],[126.99515,35.82806],[127.00132,35.83496],[127.00157,35.83877],[127.00954,35.84672],[127.00846,35.85768],[127.00642,35.86605],[127.00743,35.87541],[126.99784,35.88418]]]},"properties":{"osm_id":7619923,"name":"김제시","sgg_code":"52210","mois_admin":"5221000000","admin_level":6,"code_source":"osm"}},
{"type":"Feature","geometry":{"type":"MultiPolygon","coordinates":[[[[127.13106,36.06577],[127.13123,36.06334],[127.13972,36.05697],[127.13538,36.05289],[127.13164,36.04532],[127.1163,36.03049],[127.11824,36.02616],[127.1158,36.0241],[127.12115,36.02039],[127.12234,36.01415],[127.12551,36.01168],[127.12555,36.00536],[127.10746,35.99539],[127.10972,35.98812],[127.1041,35.96854],[127.1064,35.96079],[127.10221,35.95147],[127.09995,35.95021],[127.09451,35.94007],[127.09176,35.93036],[127.0801,35.92121],[127.07684,35.92216],[127.06677,35.91569],[127.05659,35.92134],[127.04076,35.9256],[127.03587,35.91853],[127.02891,35.91654],[127.03259,35.90602],[127.03863,35.90071],[127.03831,35.89781],[127.04618,35.89327],[127.0519,35.89273],[127.06227,35.89865],[127.07845,35.89796],[127.08884,35.89368],[127.10759,35.89752],[127.11866,35.90122],[127.13364,35.90132],[127.14066,35.89828],[127.14563,35.89333],[127.15104,35.88229],[127.15114,35.87933],[127.16042,35.87064],[127.16711,35.8589],[127.1685,35.8537],[127.18546,35.85451],[127.18988,35.8594],[127.19641,35.86047],[127.20026,35.85654],[127.20572,35.84443],[127.21014,35.84094],[127.20994,35.83297],[127.20787,35.82935],[127.21385,35.82228],[127.21938,35.8198],[127.22701,35.82223],[127.23425,35.82222],[127.23106,35.81985],[127.22813,35.80853],[127.21784,35.8023],[127.21192,35.79418],[127.20187,35.78555],[127.19825,35.77496],[127.1952,35.77444],[127.18713,35.77952],[127.17906,35.77375],[127.1761,35.77409],[127.17164,35.78015],[127.1616,35.78325],[127.15332,35.77925],[127.1489,35.77402],[127.1495,35.76685],[127.14641,35.76487],[127.14581,35.76003],[127.13731,35.76138],[127.13083,35.75651],[127.12568,35.75759],[127.12435,35.75372],[127.11628,35.74975],[127.101,35.75101],[127.09572,35.74529],[127.09448,35.73791],[127.0856,35.73164],[127.08514,35.72857],[127.08684,35.7245],[127.07182,35.71714],[127.06993,35.71126],[127.06169,35.70443],[127.06152,35.70153],[127.06931,35.69453],[127.06987,35.68874],[127.0638,35.67744],[127.06799,35.67657],[127.07419,35.67197],[127.0764,35.67281],[127.08197,35.66811],[127.07902,35.66228],[127.08959,35.65334],[127.08743,35.64679],[127.08953,35.638],[127.09358,35.63345],[127.08986,35.6272],[127.09297,35.62173],[127.10195,35.61778],[127.10512,35.61799],[127.11104,35.62329],[127.11409,35.6234],[127.11851,35.63257],[127.12739,35.63452],[127.13615,35.64614],[127.13246,35.6528],[127.12744,35.65663],[127.13143,35.6649],[127.1313,35.66964],[127.12649,35.67201],[127.12495,35.67846],[127.12529,35.68993],[127.12975,35.69132],[127.13499,35.69732],[127.1386,35.69836],[127.13722,35.70631],[127.13911,35.71767],[127.15156,35.72422],[127.16108,35.72408],[127.17018,35.73293],[127.17859,35.73732],[127.18589,35.73509],[127.1876,35.73063],[127.19743,35.72777],[127.19739,35.72551],[127.20572,35.72202],[127.20529,35.71366],[127.20816,35.7093],[127.22395,35.71059],[127.23593,35.70261],[127.24061,35.69777],[127.24176,35.69272],[127.23945,35.69049],[127.24189,35.68494],[127.25078,35.69073],[127.25713,35.69],[127.25932,35.69617],[127.2558,35.70129],[127.25625,35.70712],[127.25062,35.71795],[127.25129,35.72283],[127.25512,35.72506],[127.25665,35.72996],[127.25246,35.73452],[127.25335,35.7416],[127.2462,35.74817],[127.24481,35.75612],[127.24724,35.76031],[127.25139,35.76149],[127.25432,35.76639],[127.25975,35.76808],[127.26347,35.77171],[127.26501,35.77681],[127.27145,35.77761],[127.27512,35.78174],[127.27395,35.79041],[127.27591,35.78971],[127.28621,35.79291],[127.28725,35.79535],[127.29866,35.7981],[127.30308,35.80077],[127.29513,35.80794],[127.29844,35.8128],[127.29718,35.81734],[127.30575,35.82038],[127.31068,35.8252],[127.30872,35.83294],[127.31075,35.84112],[127.32143,35.84743],[127.321,35.8507],[127.32501,35.85693],[127.31898,35.86302],[127.3206,35.868],[127.32449,35.8715],[127.33329,35.87343],[127.33374,35.88203],[127.33144,35.88487],[127.33455,35.88762],[127.33227,35.89871],[127.33387,35.90194],[127.33301,35.90848],[127.34115,35.90846],[127.34761,35.91256],[127.35378,35.91315],[127.35031,35.9176],[127.35094,35.92204],[127.34791,35.92618],[127.35166,35.93314],[127.34739,35.93993],[127.35281,35.94952],[127.34432,35.95912],[127.34555,35.96851],[127.34204,35.97116],[127.34375,35.98086],[127.3499,35.98347],[127.35269,35.98908],[127.36534,35.98954],[127.36168,35.99421],[127.36342,36.00006],[127.36037,36.00546],[127.36052,36.01138],[127.36487,36.01827],[127.3701,36.02197],[127.37216,36.0202],[127.37764,36.02277],[127.37927,36.03033],[127.37472,36.0345],[127.37353,36.04352],[127.36766,36.04752],[127.36065,36.05539],[127.36079,36.06125],[127.36395,36.06794],[127.35929,36.0703],[127.36194,36.07554],[127.35687,36.08161],[127.35764,36.08725],[127.36022,36.08883],[127.35122,36.0938],[127.34792,36.09834],[127.3508,36.10512],[127.35527,36.10876],[127.3509,36.11624],[127.34476,36.11819],[127.33761,36.13074],[127.32354,36.1301],[127.32257,36.12543],[127.31849,36.12383],[127.31482,36.1186],[127.3106,36.12016],[127.30647,36.12528],[127.29667,36.1222],[127.29386,36.11222],[127.28451,36.11222],[127.27447,36.10643],[127.26357,36.10875],[127.25966,36.11285],[127.25636,36.10917],[127.25107,36.10959],[127.24617,36.10386],[127.24684,36.09459],[127.25688,36.0876],[127.25574,36.08453],[127.24962,36.08214],[127.24194,36.08559],[127.23508,36.09377],[127.22607,36.09908],[127.22045,36.09717],[127.21401,36.09817],[127.21213,36.10056],[127.20508,36.10035],[127.20383,36.09377],[127.20103,36.09241],[127.20167,36.08765],[127.19469,36.0858],[127.18803,36.09184],[127.18061,36.09475],[127.1779,36.09101],[127.17014,36.0859],[127.15881,36.08341],[127.15279,36.08577],[127.15145,36.08994],[127.14566,36.09041],[127.13774,36.08642],[127.13383,36.08185],[127.13414,36.07033],[127.13106,36.06577]]],[[[127.06509,35.79098],[127.06455,35.80008],[127.06824,35.80752],[127.06574,35.82111],[127.06749,35.82494],[127.05581,35.82556],[127.05113,35.82719],[127.05149,35.83324],[127.05847,35.83303],[127.05859,35.83962],[127.05566,35.83964],[127.04948,35.85247],[127.0448,35.85323],[127.03412,35.85047],[127.02676,35.85671],[127.02816,35.8617],[127.02675,35.86762],[127.019,35.86282],[127.01572,35.85871],[127.01304,35.86353],[127.00642,35.86605],[127.00846,35.85768],[127.00954,35.84672],[127.00157,35.83877],[127.00132,35.83496],[126.99515,35.82806],[126.99833,35.81965],[126.99815,35.81519],[127.00567,35.80828],[127.02103,35.79946],[127.02836,35.80267],[127.0328,35.79848],[127.04276,35.79834],[127.04187,35.79547],[127.04807,35.79496],[127.0555,35.79146],[127.06509,35.79098]]]]},"properties":{"osm_id":7621813,"name":"완주군","sgg_code":"52710","mois_admin":"5271000000","admin_level":6,"code_source":"osm"}},
{"type":"Feature","geometry":{"type":"Polygon","coordinates":[[[127.52442,35.98508],[127.51411,35.98337],[127.50671,35.97961],[127.49934,35.98738],[127.49441,35.98618],[127.48773,35.97826],[127.48518,35.97992],[127.47457,35.9815],[127.46837,35.98809],[127.46393,35.98394],[127.45675,35.98328],[127.4548,35.98726],[127.44861,35.99315],[127.44812,35.99892],[127.44415,36.00356],[127.44359,36.00806],[127.43724,36.00933],[127.43536,36.01357],[127.43676,36.02301],[127.4343,36.02434],[127.43456,36.0295],[127.41959,36.0227],[127.41341,36.01516],[127.40732,36.01422],[127.40122,36.00874],[127.39751,36.01025],[127.39185,36.01703],[127.38964,36.01621],[127.38387,36.02127],[127.37764,36.02277],[127.37216,36.0202],[127.3701,36.02197],[127.36487,36.01827],[127.36052,36.01138],[127.36037,36.00546],[127.36342,36.00006],[127.36168,35.99421],[127.36534,35.98954],[127.35269,35.98908],[127.3499,35.98347],[127.34375,35.98086],[127.34204,35.97116],[127.34555,35.96851],[127.34432,35.95912],[127.35281,35.94952],[127.34739,35.93993],[127.35166,35.93314],[127.34791,35.92618],[127.35094,35.92204],[127.35031,35.9176],[127.35378,35.91315],[127.34761,35.91256],[127.34115,35.90846],[127.33301,35.90848],[127.33387,35.90194],[127.33227,35.89871],[127.33455,35.88762],[127.33144,35.88487],[127.33374,35.88203],[127.33329,35.87343],[127.32449,35.8715],[127.3206,35.868],[127.31898,35.86302],[127.32501,35.85693],[127.321,35.8507],[127.32143,35.84743],[127.31075,35.84112],[127.30872,35.83294],[127.31068,35.8252],[127.30575,35.82038],[127.29718,35.81734],[127.29844,35.8128],[127.29513,35.80794],[127.30308,35.80077],[127.29866,35.7981],[127.28725,35.79535],[127.28621,35.79291],[127.27591,35.78971],[127.27395,35.79041],[127.27512,35.78174],[127.27145,35.77761],[127.27248,35.77403],[127.26607,35.76929],[127.26559,35.76245],[127.27426,35.7552],[127.27616,35.7497],[127.28115,35.74291],[127.28119,35.73718],[127.28756,35.73324],[127.29347,35.71781],[127.29083,35.71405],[127.29215,35.71],[127.29217,35.69083],[127.28807,35.68705],[127.29799,35.68278],[127.30621,35.68484],[127.31841,35.67667],[127.32192,35.67027],[127.32327,35.66374],[127.32793,35.66095],[127.33568,35.66508],[127.34665,35.66539],[127.35687,35.66915],[127.36204,35.66697],[127.36498,35.6603],[127.36767,35.66261],[127.37774,35.66446],[127.37931,35.66079],[127.37826,35.65415],[127.38759,35.65553],[127.39301,35.65116],[127.40014,35.65014],[127.4209,35.64063],[127.42824,35.64219],[127.43268,35.63453],[127.43043,35.62999],[127.43629,35.62214],[127.44195,35.61902],[127.4474,35.61999],[127.45385,35.6187],[127.46207,35.62221],[127.46872,35.62137],[127.47028,35.62684],[127.46642,35.63753],[127.47389,35.64711],[127.47407,35.65467],[127.47658,35.66115],[127.4642,35.66759],[127.45973,35.67293],[127.46687,35.68484],[127.46488,35.69304],[127.47689,35.70071],[127.47845,35.70621],[127.47605,35.71845],[127.48356,35.72243],[127.492,35.73447],[127.5021,35.74053],[127.50876,35.74693],[127.51998,35.75055],[127.52276,35.7564],[127.51911,35.7584],[127.51741,35.76745],[127.51285,35.77119],[127.51121,35.77945],[127.51336,35.78638],[127.51105,35.7909],[127.51386,35.80033],[127.51837,35.80298],[127.51941,35.80961],[127.52272,35.81306],[127.53314,35.8153],[127.54171,35.80935],[127.54997,35.80574],[127.55287,35.80819],[127.55983,35.79867],[127.56731,35.79758],[127.57101,35.79288],[127.57645,35.79533],[127.57866,35.79387],[127.58537,35.79777],[127.58556,35.8009],[127.59191,35.80285],[127.59108,35.80595],[127.59569,35.80819],[127.59838,35.8053],[127.60251,35.81172],[127.60244,35.81712],[127.60751,35.83111],[127.61996,35.83894],[127.61905,35.84085],[127.62455,35.84662],[127.61974,35.85354],[127.61769,35.85926],[127.61281,35.85846],[127.60529,35.86505],[127.59923,35.87229],[127.59791,35.87749],[127.60103,35.87971],[127.5931,35.88172],[127.59056,35.87831],[127.58242,35.87525],[127.57465,35.87891],[127.57557,35.88286],[127.58061,35.88892],[127.58485,35.89789],[127.58147,35.90579],[127.56884,35.91222],[127.56727,35.91827],[127.56314,35.92286],[127.55496,35.92241],[127.54857,35.93306],[127.55301,35.93748],[127.55488,35.94694],[127.55233,35.94746],[127.5467,35.95994],[127.53911,35.96554],[127.53385,35.97116],[127.53695,35.97816],[127.52731,35.97793],[127.52442,35.98508]]]},"properties":{"osm_id":7621812,"name":"진안군","sgg_code":"52720","mois_admin":"5272000000","admin_level":6,"code_source":"osm"}},
{"type":"Feature","geometry":{"type":"Polygon","coordinates":[[[127.69978,35.78817],[127.70653,35.79202],[127.70942,35.79139],[127.71939,35.79732],[127.72421,35.80589],[127.72526,35.81318],[127.72965,35.813],[127.73246,35.82091],[127.73947,35.82971],[127.73778,35.83439],[127.74445,35.84442],[127.75253,35.8414],[127.75666,35.83729],[127.77276,35.83958],[127.77917,35.84724],[127.78757,35.85263],[127.79205,35.85241],[127.80436,35.85869],[127.81435,35.85389],[127.81454,35.85679],[127.81944,35.85964],[127.81941,35.86253],[127.82656,35.86835],[127.83273,35.86892],[127.84175,35.86625],[127.84452,35.86933],[127.84433,35.87513],[127.84979,35.87697],[127.85367,35.88134],[127.85053,35.89028],[127.85708,35.89499],[127.85954,35.90649],[127.87071,35.90435],[127.87951,35.90985],[127.88506,35.90961],[127.88807,35.91495],[127.88253,35.91924],[127.88321,35.93001],[127.89568,35.93419],[127.89896,35.9376],[127.90859,35.9416],[127.91137,35.94918],[127.90395,35.95409],[127.89982,35.96297],[127.90038,35.96632],[127.89645,35.97158],[127.89635,35.97766],[127.88961,35.97966],[127.89415,35.98464],[127.88697,35.99127],[127.87549,35.99698],[127.87827,36.00102],[127.8757,36.00894],[127.87527,36.01594],[127.87677,36.02251],[127.86774,36.02377],[127.8606,36.03146],[127.85566,36.03293],[127.85281,36.03911],[127.84857,36.03973],[127.84196,36.03688],[127.8304,36.03523],[127.81979,36.0298],[127.8055,36.02596],[127.80108,36.02659],[127.79081,36.0188],[127.78756,36.01435],[127.78345,36.01644],[127.76998,36.01266],[127.76317,36.01259],[127.75727,36.01763],[127.76307,36.02174],[127.76189,36.02522],[127.75538,36.02415],[127.7462,36.02925],[127.73967,36.02529],[127.73709,36.03026],[127.73185,36.03262],[127.72759,36.03012],[127.73026,36.02148],[127.72803,36.01554],[127.72523,36.01476],[127.71673,36.01856],[127.71258,36.01886],[127.71754,36.02239],[127.72006,36.03051],[127.71669,36.0349],[127.71199,36.03591],[127.70362,36.03441],[127.69646,36.0411],[127.69461,36.05898],[127.69074,36.05803],[127.68902,36.06267],[127.68555,36.06219],[127.67717,36.0555],[127.66917,36.05115],[127.67181,36.04848],[127.67274,36.04163],[127.66441,36.03751],[127.65942,36.03963],[127.658,36.04761],[127.65444,36.05662],[127.64905,36.05799],[127.64809,36.06313],[127.6435,36.06739],[127.6383,36.06794],[127.62392,36.06727],[127.62055,36.06421],[127.61863,36.0496],[127.62084,36.03969],[127.62854,36.04204],[127.63145,36.03598],[127.63909,36.034],[127.64223,36.02842],[127.64629,36.02607],[127.65135,36.0268],[127.65844,36.0236],[127.65798,36.01992],[127.65112,36.01684],[127.64113,36.01875],[127.63528,36.02516],[127.63523,36.02941],[127.62999,36.03281],[127.62492,36.0245],[127.61923,36.02658],[127.61256,36.02651],[127.60975,36.02353],[127.6169,36.01856],[127.6191,36.00797],[127.61682,35.98904],[127.6075,35.9878],[127.60566,35.99146],[127.60901,36.00042],[127.60423,36.00729],[127.60645,36.01193],[127.60011,36.01178],[127.5963,36.01901],[127.59206,36.02051],[127.59124,36.02515],[127.58256,36.02723],[127.57453,36.0233],[127.56776,36.03047],[127.56247,36.03072],[127.55886,36.03339],[127.5522,36.03277],[127.54778,36.03821],[127.54098,36.03812],[127.53142,36.04084],[127.532,36.03457],[127.53688,36.03259],[127.53884,36.02588],[127.5361,36.02107],[127.5387,36.01055],[127.53216,36.00752],[127.53666,35.99645],[127.53364,35.99201],[127.52876,35.99014],[127.52442,35.98508],[127.52731,35.97793],[127.53695,35.97816],[127.53385,35.97116],[127.53911,35.96554],[127.5467,35.95994],[127.55233,35.94746],[127.55488,35.94694],[127.55301,35.93748],[127.54857,35.93306],[127.55496,35.92241],[127.56314,35.92286],[127.56727,35.91827],[127.56884,35.91222],[127.58147,35.90579],[127.58485,35.89789],[127.58061,35.88892],[127.57557,35.88286],[127.57465,35.87891],[127.58242,35.87525],[127.59056,35.87831],[127.5931,35.88172],[127.60103,35.87971],[127.59791,35.87749],[127.59923,35.87229],[127.60529,35.86505],[127.61281,35.85846],[127.61769,35.85926],[127.61974,35.85354],[127.62455,35.84662],[127.61905,35.84085],[127.61996,35.83894],[127.62272,35.83132],[127.62091,35.82472],[127.63105,35.81246],[127.63426,35.81853],[127.64666,35.8122],[127.65491,35.81175],[127.66351,35.81808],[127.66922,35.81372],[127.67077,35.80979],[127.6773,35.81026],[127.68234,35.80546],[127.68677,35.80392],[127.68821,35.79552],[127.69978,35.78817]]]},"properties":{"osm_id":7621811,"name":"무주군","sgg_code":"52730","mois_admin":"5273000000","admin_level":6,"code_source":"osm"}},
{"type":"Feature","geometry":{"type":"Polygon","coordinates":[[[127.69978,35.78817],[127.68821,35.79552],[127.68677,35.80392],[127.68234,35.80546],[127.6773,35.81026],[127.67077,35.80979],[127.66922,35.81372],[127.66351,35.81808],[127.65491,35.81175],[127.64666,35.8122],[127.63426,35.81853],[127.63105,35.81246],[127.62091,35.82472],[127.62272,35.83132],[127.61996,35.83894],[127.60751,35.83111],[127.60244,35.81712],[127.60251,35.81172],[127.59838,35.8053],[127.59569,35.80819],[127.59108,35.80595],[127.59191,35.80285],[127.58556,35.8009],[127.58537,35.79777],[127.57866,35.79387],[127.57645,35.79533],[127.57101,35.79288],[127.56731,35.79758],[127.55983,35.79867],[127.55287,35.80819],[127.54997,35.80574],[127.54171,35.80935],[127.53314,35.8153],[127.52272,35.81306],[127.51941,35.80961],[127.51837,35.80298],[127.51386,35.80033],[127.51105,35.7909],[127.51336,35.78638],[127.51121,35.77945],[127.51285,35.77119],[127.51741,35.76745],[127.51911,35.7584],[127.52276,35.7564],[127.51998,35.75055],[127.50876,35.74693],[127.5021,35.74053],[127.492,35.73447],[127.48356,35.72243],[127.47605,35.71845],[127.47845,35.70621],[127.47689,35.70071],[127.46488,35.69304],[127.46687,35.68484],[127.45973,35.67293],[127.4642,35.66759],[127.47658,35.66115],[127.47407,35.65467],[127.47389,35.64711],[127.46642,35.63753],[127.47028,35.62684],[127.46872,35.62137],[127.46207,35.62221],[127.45385,35.6187],[127.4474,35.61999],[127.44195,35.61902],[127.43629,35.62214],[127.42586,35.61462],[127.41125,35.61492],[127.39901,35.61282],[127.3904,35.61697],[127.38261,35.61458],[127.3772,35.60864],[127.37896,35.60035],[127.37633,35.59718],[127.37469,35.58929],[127.37757,35.58557],[127.37689,35.58015],[127.38155,35.57757],[127.36774,35.57161],[127.36446,35.5687],[127.36201,35.56205],[127.3631,35.55833],[127.3628,35.55566],[127.37722,35.54561],[127.3908,35.54337],[127.40107,35.54526],[127.40627,35.55136],[127.40879,35.55821],[127.41201,35.5581],[127.41735,35.55206],[127.42376,35.54831],[127.43325,35.54808],[127.4385,35.55063],[127.44148,35.54413],[127.44568,35.54385],[127.4523,35.5387],[127.45646,35.54414],[127.4679,35.54371],[127.46893,35.54006],[127.47856,35.53615],[127.48195,35.53648],[127.49163,35.53247],[127.49047,35.52562],[127.49611,35.52071],[127.50078,35.52009],[127.50083,35.5151],[127.50431,35.51089],[127.51199,35.50633],[127.51251,35.49859],[127.5221,35.49531],[127.52712,35.49508],[127.52851,35.49174],[127.5251,35.48444],[127.5159,35.48065],[127.5139,35.47825],[127.51937,35.47715],[127.52454,35.4721],[127.53705,35.46938],[127.54203,35.46976],[127.54577,35.46719],[127.55285,35.4703],[127.55772,35.47044],[127.56179,35.4734],[127.55948,35.4803],[127.56355,35.48771],[127.57066,35.49134],[127.57793,35.49854],[127.58081,35.50751],[127.57914,35.51511],[127.57112,35.51812],[127.56793,35.52474],[127.56867,35.53322],[127.57188,35.53538],[127.57337,35.5453],[127.57966,35.54765],[127.58668,35.55461],[127.58717,35.56486],[127.59066,35.56691],[127.59475,35.57408],[127.60301,35.57868],[127.6109,35.58638],[127.60761,35.59448],[127.61279,35.5987],[127.61238,35.60681],[127.6172,35.60974],[127.62092,35.61507],[127.62871,35.61845],[127.63532,35.61857],[127.62838,35.62498],[127.62408,35.63213],[127.62323,35.63962],[127.61983,35.64275],[127.62222,35.65092],[127.6296,35.65709],[127.6282,35.66248],[127.63854,35.66957],[127.64039,35.67282],[127.63925,35.67867],[127.64475,35.69867],[127.65185,35.7053],[127.65785,35.70667],[127.66093,35.71008],[127.65966,35.71579],[127.66342,35.72488],[127.66082,35.73872],[127.66312,35.74185],[127.66178,35.7592],[127.66557,35.76932],[127.66929,35.77154],[127.67908,35.7692],[127.68472,35.77774],[127.69398,35.78312],[127.69978,35.78817]]]},"properties":{"osm_id":7812364,"name":"장수군","sgg_code":"52740","mois_admin":"5274000000","admin_level":6,"code_source":"osm"}},
{"type":"Feature","geometry":{"type":"Polygon","coordinates":[[[127.27145,35.77761],[127.26501,35.77681],[127.26347,35.77171],[127.25975,35.76808],[127.25432,35.76639],[127.25139,35.76149],[127.24724,35.76031],[127.24481,35.75612],[127.2462,35.74817],[127.25335,35.7416],[127.25246,35.73452],[127.25665,35.72996],[127.25512,35.72506],[127.25129,35.72283],[127.25062,35.71795],[127.25625,35.70712],[127.2558,35.70129],[127.25932,35.69617],[127.25713,35.69],[127.25078,35.69073],[127.24189,35.68494],[127.23945,35.69049],[127.24176,35.69272],[127.24061,35.69777],[127.23593,35.70261],[127.22395,35.71059],[127.20816,35.7093],[127.20529,35.71366],[127.20572,35.72202],[127.19739,35.72551],[127.19743,35.72777],[127.1876,35.73063],[127.18589,35.73509],[127.17859,35.73732],[127.17018,35.73293],[127.16108,35.72408],[127.15156,35.72422],[127.13911,35.71767],[127.13722,35.70631],[127.1386,35.69836],[127.13499,35.69732],[127.12975,35.69132],[127.12529,35.68993],[127.12495,35.67846],[127.12649,35.67201],[127.1313,35.66964],[127.13143,35.6649],[127.12744,35.65663],[127.13246,35.6528],[127.13615,35.64614],[127.12739,35.63452],[127.11851,35.63257],[127.11409,35.6234],[127.11104,35.62329],[127.10512,35.61799],[127.10195,35.61778],[127.09297,35.62173],[127.09032,35.6162],[127.09125,35.61299],[127.10002,35.60448],[127.10482,35.59598],[127.10258,35.59021],[127.09648,35.58744],[127.08634,35.58681],[127.08313,35.58453],[127.08439,35.57894],[127.08888,35.57564],[127.09198,35.56961],[127.08905,35.56093],[127.08517,35.55601],[127.08393,35.55056],[127.09267,35.54801],[127.10378,35.54242],[127.10731,35.54216],[127.11624,35.53724],[127.11568,35.53239],[127.10556,35.5336],[127.09721,35.52687],[127.09915,35.52338],[127.0939,35.51874],[127.09554,35.51409],[127.0973,35.51852],[127.10242,35.52006],[127.10963,35.51944],[127.10792,35.51427],[127.1095,35.5093],[127.11593,35.50417],[127.12908,35.5037],[127.13048,35.49774],[127.13366,35.49381],[127.13412,35.4862],[127.14133,35.4774],[127.14006,35.4699],[127.14288,35.46825],[127.14419,35.46191],[127.15611,35.46079],[127.16496,35.46304],[127.17287,35.45979],[127.17788,35.46542],[127.17553,35.47303],[127.19443,35.48641],[127.19582,35.48908],[127.21013,35.49027],[127.21907,35.48813],[127.21865,35.48663],[127.22804,35.47912],[127.23017,35.47459],[127.23656,35.47702],[127.24462,35.48448],[127.24877,35.48431],[127.25535,35.47927],[127.25714,35.48119],[127.26363,35.47468],[127.26665,35.47604],[127.27144,35.47322],[127.2843,35.47894],[127.28874,35.47634],[127.29636,35.4764],[127.29842,35.47821],[127.30864,35.47791],[127.30828,35.48713],[127.31116,35.4924],[127.32575,35.49412],[127.33279,35.49125],[127.34193,35.4946],[127.35266,35.4959],[127.35686,35.50082],[127.35519,35.50788],[127.35635,35.51113],[127.35249,35.5126],[127.33927,35.52315],[127.33905,35.52629],[127.34635,35.52585],[127.35068,35.53371],[127.34828,35.5405],[127.34412,35.54075],[127.33532,35.54619],[127.33438,35.55269],[127.34045,35.55382],[127.34427,35.55094],[127.35017,35.55107],[127.35955,35.55882],[127.3631,35.55833],[127.36201,35.56205],[127.36446,35.5687],[127.36774,35.57161],[127.38155,35.57757],[127.37689,35.58015],[127.37757,35.58557],[127.37469,35.58929],[127.37633,35.59718],[127.37896,35.60035],[127.3772,35.60864],[127.38261,35.61458],[127.3904,35.61697],[127.39901,35.61282],[127.41125,35.61492],[127.42586,35.61462],[127.43629,35.62214],[127.43043,35.62999],[127.43268,35.63453],[127.42824,35.64219],[127.4209,35.64063],[127.40014,35.65014],[127.39301,35.65116],[127.38759,35.65553],[127.37826,35.65415],[127.37931,35.66079],[127.37774,35.66446],[127.36767,35.66261],[127.36498,35.6603],[127.36204,35.66697],[127.35687,35.66915],[127.34665,35.66539],[127.33568,35.66508],[127.32793,35.66095],[127.32327,35.66374],[127.32192,35.67027],[127.31841,35.67667],[127.30621,35.68484],[127.29799,35.68278],[127.28807,35.68705],[127.29217,35.69083],[127.29215,35.71],[127.29083,35.71405],[127.29347,35.71781],[127.28756,35.73324],[127.28119,35.73718],[127.28115,35.74291],[127.27616,35.7497],[127.27426,35.7552],[127.26559,35.76245],[127.26607,35.76929],[127.27248,35.77403],[127.27145,35.77761]]]},"properties":{"osm_id":7621807,"name":"임실군","sgg_code":"52750","mois_admin":"5275000000","admin_level":6,"code_source":"osm"}},
{"type":"Feature","geometry":{"type":"Polygon","coordinates":[[[127.18677,35.33621],[127.19372,35.34012],[127.1871,35.34248],[127.18806,35.3488],[127.19308,35.3564],[127.20092,35.35649],[127.20717,35.36384],[127.21659,35.3716],[127.21181,35.37312],[127.21967,35.38489],[127.22607,35.39877],[127.23321,35.39749],[127.23718,35.40009],[127.24589,35.39828],[127.25061,35.40892],[127.2517,35.41732],[127.2574,35.42119],[127.26014,35.42697],[127.27542,35.42089],[127.27732,35.42423],[127.2881,35.4245],[127.29159,35.4265],[127.2965,35.4334],[127.29793,35.44473],[127.30647,35.45286],[127.31103,35.46302],[127.31427,35.46622],[127.31015,35.47172],[127.30864,35.47791],[127.29842,35.47821],[127.29636,35.4764],[127.28874,35.47634],[127.2843,35.47894],[127.27144,35.47322],[127.26665,35.47604],[127.26363,35.47468],[127.25714,35.48119],[127.25535,35.47927],[127.24877,35.48431],[127.24462,35.48448],[127.23656,35.47702],[127.23017,35.47459],[127.22804,35.47912],[127.21865,35.48663],[127.21907,35.48813],[127.21013,35.49027],[127.19582,35.48908],[127.19443,35.48641],[127.17553,35.47303],[127.17788,35.46542],[127.17287,35.45979],[127.16496,35.46304],[127.15611,35.46079],[127.14419,35.46191],[127.14288,35.46825],[127.14006,35.4699],[127.14133,35.4774],[127.13412,35.4862],[127.13366,35.49381],[127.13048,35.49774],[127.12908,35.5037],[127.11593,35.50417],[127.1095,35.5093],[127.09174,35.50615],[127.08776,35.50804],[127.08291,35.50679],[127.07598,35.51023],[127.07445,35.5138],[127.06681,35.51631],[127.06131,35.51128],[127.05431,35.50937],[127.05087,35.51174],[127.05184,35.51804],[127.04961,35.52155],[127.04546,35.52146],[127.04001,35.52563],[127.03913,35.52874],[127.02851,35.5323],[127.02209,35.53626],[127.01914,35.54613],[127.00822,35.54197],[126.99597,35.54007],[126.99286,35.53696],[126.98795,35.54085],[126.98216,35.54813],[126.9812,35.55362],[126.97507,35.55613],[126.97007,35.55224],[126.96274,35.54928],[126.96098,35.54462],[126.9512,35.53822],[126.95148,35.53268],[126.94692,35.5289],[126.93938,35.52785],[126.93554,35.5238],[126.93196,35.52536],[126.9283,35.51888],[126.92981,35.50955],[126.93365,35.50717],[126.93551,35.4958],[126.94169,35.49089],[126.93589,35.48802],[126.93586,35.48196],[126.9277,35.47912],[126.92265,35.48289],[126.91354,35.47681],[126.89381,35.48086],[126.8895,35.47839],[126.88099,35.48368],[126.87706,35.48419],[126.87311,35.47967],[126.86255,35.48052],[126.86081,35.47423],[126.86517,35.46392],[126.86864,35.46204],[126.8811,35.45591],[126.88288,35.45236],[126.89677,35.44799],[126.89964,35.4427],[126.90511,35.44082],[126.89808,35.43605],[126.89761,35.43295],[126.90432,35.4297],[126.90187,35.42302],[126.90738,35.42023],[126.90825,35.41627],[126.91615,35.41584],[126.92078,35.41086],[126.91661,35.40492],[126.91945,35.40194],[126.93324,35.40609],[126.93293,35.39524],[126.94032,35.39615],[126.94129,35.39413],[126.95427,35.39664],[126.9631,35.39495],[126.97647,35.40074],[126.97598,35.40727],[126.97219,35.41304],[126.97029,35.41979],[126.97138,35.42767],[126.98163,35.42665],[126.98507,35.43006],[126.98337,35.43375],[126.98956,35.43909],[126.99455,35.4398],[127.00056,35.45396],[126.99802,35.4573],[126.99948,35.46214],[127.00303,35.46446],[127.00987,35.46169],[127.01429,35.45782],[127.02348,35.46397],[127.02748,35.46371],[127.03472,35.46657],[127.03652,35.45981],[127.03492,35.45699],[127.03499,35.44764],[127.04018,35.43179],[127.04461,35.43355],[127.05231,35.42652],[127.04514,35.40722],[127.04693,35.40219],[127.04171,35.39872],[127.03289,35.4005],[127.02702,35.39986],[127.02746,35.39468],[127.03046,35.39009],[127.03954,35.38401],[127.0391,35.38014],[127.04732,35.3772],[127.05055,35.37803],[127.05586,35.38454],[127.06196,35.37703],[127.06498,35.37595],[127.06359,35.3699],[127.07061,35.36551],[127.06522,35.35591],[127.0699,35.3514],[127.06717,35.34564],[127.07029,35.3398],[127.06238,35.33625],[127.05525,35.34106],[127.05233,35.34026],[127.05076,35.32915],[127.04309,35.32189],[127.04621,35.3186],[127.06178,35.31713],[127.06896,35.31144],[127.07185,35.31243],[127.08928,35.30669],[127.09679,35.3018],[127.10524,35.29923],[127.11685,35.29996],[127.12457,35.30344],[127.12998,35.30913],[127.14382,35.3084],[127.14673,35.31087],[127.14634,35.31529],[127.15169,35.31786],[127.16025,35.32725],[127.17115,35.33289],[127.17296,35.33047],[127.18677,35.33621]]]},"properties":{"osm_id":7621809,"name":"순창군","sgg_code":"52770","mois_admin":"5277000000","admin_level":6,"code_source":"osm"}},
{"type":"Feature","geometry":{"type":"Polygon","coordinates":[[[126.71813,35.57327],[126.70243,35.57447],[126.69805,35.56925],[126.69325,35.57118],[126.68662,35.5695],[126.67776,35.57195],[126.6591,35.571],[126.64892,35.58105],[126.63668,35.58359],[126.62971,35.58268],[126.61813,35.57869],[126.60859,35.57761],[126.60308,35.57529],[126.59566,35.57979],[126.59003,35.58097],[126.57736,35.57948],[126.55966,35.57921],[126.53643,35.57381],[126.52742,35.57583],[126.52004,35.57488],[126.51215,35.57123],[126.51107,35.56761],[126.50449,35.56217],[126.50333,35.55706],[126.48485,35.56407],[126.46079,35.56767],[126.44111,35.56447],[126.39771,35.55831],[126.38206,35.54459],[126.37788,35.53379],[126.36973,35.52304],[126.34381,35.50695],[126.2739,35.44455],[126.41151,35.44011],[126.42544,35.43322],[126.42878,35.43004],[126.44176,35.43233],[126.45336,35.42688],[126.46855,35.42515],[126.47603,35.42933],[126.47966,35.4265],[126.48088,35.42104],[126.48807,35.41276],[126.49288,35.40924],[126.48941,35.39779],[126.48972,35.39347],[126.48269,35.39055],[126.47738,35.38618],[126.48318,35.38389],[126.48328,35.38057],[126.49241,35.37399],[126.49664,35.37402],[126.49527,35.36267],[126.49615,35.3576],[126.49214,35.35411],[126.49648,35.34989],[126.49919,35.35426],[126.50824,35.36164],[126.51276,35.36203],[126.51315,35.35812],[126.52053,35.34835],[126.51751,35.33414],[126.514,35.32711],[126.52101,35.32512],[126.52438,35.31349],[126.52949,35.31257],[126.53232,35.30674],[126.53979,35.31064],[126.54403,35.31005],[126.54813,35.31347],[126.56129,35.31169],[126.56391,35.30907],[126.56834,35.31125],[126.57267,35.31006],[126.57866,35.3032],[126.58491,35.30079],[126.58797,35.30554],[126.58945,35.31751],[126.58333,35.31813],[126.5804,35.32389],[126.58354,35.32909],[126.58706,35.33081],[126.59461,35.32902],[126.59934,35.3306],[126.6045,35.33556],[126.60762,35.33208],[126.61553,35.32851],[126.61986,35.32402],[126.63143,35.32029],[126.6448,35.31978],[126.64879,35.32249],[126.64438,35.32738],[126.65153,35.32564],[126.65589,35.33236],[126.65915,35.33397],[126.66026,35.34321],[126.66415,35.34609],[126.6669,35.35183],[126.68052,35.34601],[126.68406,35.34175],[126.69185,35.35196],[126.69891,35.34868],[126.70484,35.36548],[126.70981,35.36436],[126.7196,35.36506],[126.73076,35.37588],[126.73217,35.38305],[126.7317,35.39293],[126.72709,35.39667],[126.72125,35.39731],[126.72282,35.39999],[126.737,35.40322],[126.74198,35.40847],[126.74493,35.40862],[126.7474,35.41391],[126.75442,35.41563],[126.75532,35.41904],[126.75184,35.42265],[126.75218,35.43477],[126.74535,35.44055],[126.73841,35.44894],[126.7412,35.45214],[126.74931,35.45065],[126.75648,35.45745],[126.75778,35.46129],[126.76364,35.46582],[126.77288,35.46808],[126.7703,35.48222],[126.76677,35.48568],[126.76478,35.49345],[126.76842,35.49614],[126.768,35.50233],[126.76989,35.50884],[126.75984,35.51124],[126.76092,35.51693],[126.77399,35.52284],[126.76771,35.527],[126.76705,35.53005],[126.76114,35.53299],[126.763,35.53814],[126.76256,35.54533],[126.76623,35.54914],[126.76198,35.5551],[126.76937,35.56077],[126.76018,35.57199],[126.75709,35.57351],[126.74458,35.56911],[126.74191,35.57138],[126.73683,35.56839],[126.72789,35.57247],[126.71813,35.57327]]]},"properties":{"osm_id":7624186,"name":"고창군","sgg_code":"52790","mois_admin":"5279000000","admin_level":6,"code_source":"osm"}},
{"type":"Feature","geometry":{"type":"Polygon","coordinates":[[[126.2739,35.44455],[126.34381,35.50695],[126.36973,35.52304],[126.37788,35.53379],[126.38206,35.54459],[126.39771,35.55831],[126.44111,35.56447],[126.46079,35.56767],[126.48485,35.56407],[126.50333,35.55706],[126.50449,35.56217],[126.51107,35.56761],[126.51215,35.57123],[126.52004,35.57488],[126.52742,35.57583],[126.53643,35.57381],[126.55966,35.57921],[126.57736,35.57948],[126.59003,35.58097],[126.59566,35.57979],[126.60308,35.57529],[126.60859,35.57761],[126.61813,35.57869],[126.62971,35.58268],[126.63668,35.58359],[126.64892,35.58105],[126.6591,35.571],[126.67776,35.57195],[126.68662,35.5695],[126.69325,35.57118],[126.69805,35.56925],[126.70243,35.57447],[126.71813,35.57327],[126.71558,35.57963],[126.71779,35.58379],[126.72425,35.58364],[126.72442,35.59183],[126.72218,35.59463],[126.72236,35.60102],[126.71996,35.6104],[126.72319,35.61776],[126.72066,35.6311],[126.72284,35.63202],[126.72683,35.6482],[126.73452,35.65108],[126.7356,35.6492],[126.74221,35.65847],[126.744,35.66643],[126.7501,35.66353],[126.75155,35.66774],[126.76312,35.66203],[126.76499,35.67318],[126.76815,35.67927],[126.77298,35.68358],[126.78346,35.6758],[126.78822,35.67507],[126.7985,35.68472],[126.80579,35.67579],[126.8088,35.68076],[126.81411,35.68276],[126.81878,35.68069],[126.8271,35.67999],[126.8288,35.68438],[126.83459,35.68703],[126.83796,35.69707],[126.84088,35.69411],[126.83932,35.70016],[126.83347,35.70086],[126.83477,35.70303],[126.82634,35.71201],[126.82747,35.71475],[126.82399,35.71279],[126.82248,35.71681],[126.81845,35.71458],[126.81306,35.71563],[126.81632,35.71977],[126.81712,35.72718],[126.81216,35.72302],[126.81365,35.72897],[126.80761,35.72622],[126.8052,35.72832],[126.80923,35.73086],[126.80654,35.73277],[126.80775,35.73846],[126.8067,35.74542],[126.79893,35.74264],[126.79666,35.74448],[126.79626,35.75321],[126.78405,35.75446],[126.77966,35.75702],[126.77102,35.77885],[126.76296,35.79664],[126.73528,35.80314],[126.6982,35.81287],[126.70436,35.80109],[126.68307,35.80556],[126.65867,35.81778],[126.64222,35.82162],[126.61254,35.81677],[126.59898,35.81266],[126.58988,35.80807],[126.56928,35.79401],[126.53744,35.75327],[126.53091,35.73864],[126.52081,35.72896],[126.50911,35.69606],[126.45264,35.66162],[126.36904,35.6863],[126.09901,35.70749],[125.84799,35.67823],[125.80019,35.54755],[125.9583,35.50489],[126.2739,35.44455]]]},"properties":{"osm_id":7619921,"name":"부안군","sgg_code":"52800","mois_admin":"5280000000","admin_level":6,"code_source":"osm"}},
{"type":"Feature","geometry":{"type":"Polygon","coordinates":[[[126.56973,37.58443],[126.591,37.55444],[126.60226,37.55808],[126.61718,37.56467],[126.63863,37.57056],[126.66693,37.57241],[126.68358,37.57125],[126.70067,37.57187],[126.69927,37.57329],[126.68253,37.57718],[126.682,37.58374],[126.70766,37.57983],[126.71365,37.57757],[126.71704,37.58019],[126.71813,37.58748],[126.72529,37.59203],[126.71617,37.59961],[126.71547,37.6039],[126.70829,37.60493],[126.704,37.60277],[126.70554,37.61175],[126.69865,37.61744],[126.68368,37.6253],[126.68022,37.62963],[126.67529,37.63034],[126.67262,37.63394],[126.66138,37.63666],[126.65923,37.63863],[126.65116,37.63802],[126.65048,37.6333],[126.6468,37.62813],[126.63725,37.62782],[126.63796,37.62379],[126.62924,37.61154],[126.62533,37.60288],[126.61649,37.60335],[126.614,37.60634],[126.60886,37.60429],[126.60302,37.59863],[126.59138,37.59319],[126.56973,37.58443]]]},"properties":{"osm_id":15864779,"name":"검단구","sgg_code":null,"mois_admin":null,"admin_level":6,"code_source":null}},
{"type":"Feature","geometry":{"type":"Polygon","coordinates":[[[129.34819,35.54923],[129.33141,35.55042],[129.32543,35.54959],[129.31451,35.55075],[129.3071,35.55289],[129.30321,35.55139],[129.30331,35.54702],[129.29688,35.54489],[129.28035,35.55313],[129.27156,35.55326],[129.2658,35.55688],[129.2602,35.55161],[129.25629,35.55412],[129.2497,35.54447],[129.23897,35.53959],[129.23675,35.53601],[129.2458,35.53591],[129.24811,35.53313],[129.25714,35.53434],[129.26214,35.52903],[129.2645,35.53075],[129.275,35.52837],[129.27427,35.52356],[129.28209,35.51965],[129.28224,35.51688],[129.28857,35.5149],[129.28915,35.50928],[129.30296,35.4947],[129.3062,35.49759],[129.3105,35.49255],[129.31887,35.49111],[129.32009,35.48746],[129.32699,35.48923],[129.3392,35.47902],[129.33983,35.47374],[129.34848,35.4671],[129.35311,35.45641],[129.35749,35.45193],[129.36822,35.45046],[129.39671,35.44059],[129.39491,35.49128],[129.39251,35.5098],[129.383,35.52789],[129.37676,35.53792],[129.36923,35.53932],[129.36321,35.544],[129.34819,35.54923]]]},"properties":{"osm_id":8127814,"name":"남구","sgg_code":"31140","mois_admin":"3114000000","admin_level":6,"code_source":"manual"}},
{"type":"Feature","geometry":{"type":"Polygon","coordinates":[[[129.383,35.52789],[129.39251,35.5098],[129.39491,35.49128],[129.39671,35.44059],[129.60721,35.3377],[129.64073,35.36582],[129.66903,35.39998],[129.69084,35.47323],[129.70905,35.50792],[129.72062,35.54643],[129.48555,35.57133],[129.45107,35.57177],[129.44562,35.56769],[129.4407,35.56871],[129.43177,35.56743],[129.42043,35.56407],[129.4135,35.55897],[129.41354,35.55489],[129.40727,35.55037],[129.40875,35.54553],[129.40566,35.5419],[129.4068,35.53781],[129.40159,35.52957],[129.41062,35.52446],[129.40927,35.51695],[129.40347,35.52046],[129.39326,35.52234],[129.38767,35.52735],[129.383,35.52789]]]},"properties":{"osm_id":8127813,"name":"동구","sgg_code":"31170","mois_admin":"3117000000","admin_level":6,"code_source":"manual"}},
{"type":"Feature","geometry":{"type":"Polygon","coordinates":[[[129.48823,35.63349],[129.44201,35.65494],[129.43514,35.65245],[129.43275,35.65668],[129.42841,35.65559],[129.41096,35.66383],[129.4031,35.66306],[129.40068,35.6672],[129.38155,35.67113],[129.37265,35.66927],[129.36414,35.67675],[129.36404,35.67891],[129.35358,35.6794],[129.34835,35.67685],[129.3399,35.66964],[129.33411,35.66976],[129.32864,35.66261],[129.32987,35.65877],[129.31874,35.65659],[129.31118,35.66051],[129.30443,35.65696],[129.30292,35.64771],[129.29837,35.64758],[129.29655,35.64345],[129.29841,35.63237],[129.29501,35.62561],[129.29507,35.6179],[129.30058,35.61399],[129.29975,35.60951],[129.29634,35.60749],[129.29074,35.59275],[129.30384,35.59382],[129.30737,35.58903],[129.31022,35.58901],[129.3226,35.59737],[129.33166,35.59883],[129.33451,35.59356],[129.34174,35.59622],[129.34843,35.59535],[129.34867,35.58172],[129.3522,35.57485],[129.35327,35.56031],[129.34932,35.55798],[129.34819,35.54923],[129.36321,35.544],[129.36923,35.53932],[129.37676,35.53792],[129.383,35.52789],[129.38767,35.52735],[129.39326,35.52234],[129.40347,35.52046],[129.40927,35.51695],[129.41062,35.52446],[129.40159,35.52957],[129.4068,35.53781],[129.40566,35.5419],[129.40875,35.54553],[129.40727,35.55037],[129.41354,35.55489],[129.4135,35.55897],[129.42043,35.56407],[129.43177,35.56743],[129.4407,35.56871],[129.44562,35.56769],[129.45107,35.57177],[129.48555,35.57133],[129.72062,35.54643],[129.7197,35.58976],[129.7121,35.62718],[129.48823,35.63349]]]},"properties":{"osm_id":8127817,"name":"북구","sgg_code":"31200","mois_admin":"3120000000","admin_level":6,"code_source":"manual"}},
{"type":"Feature","geometry":{"type":"Polygon","coordinates":[[[126.68799,37.47114],[126.68427,37.4736],[126.69101,37.47946],[126.69264,37.48538],[126.69925,37.48523],[126.69764,37.49016],[126.69224,37.49247],[126.69352,37.49754],[126.68845,37.50525],[126.6866,37.51217],[126.6833,37.51455],[126.68615,37.52175],[126.68989,37.52358],[126.68671,37.53078],[126.68294,37.53124],[126.68366,37.53551],[126.69152,37.53555],[126.69274,37.54127],[126.70538,37.54139],[126.71161,37.55284],[126.70773,37.55627],[126.70199,37.55608],[126.69949,37.5589],[126.70316,37.56496],[126.69854,37.56896],[126.70067,37.57187],[126.68358,37.57125],[126.66693,37.57241],[126.63863,37.57056],[126.61718,37.56467],[126.60226,37.55808],[126.591,37.55444],[126.56973,37.58443],[126.55342,37.59597],[126.55168,37.59151],[126.54511,37.59147],[126.52973,37.56188],[126.54118,37.54889],[126.56287,37.55091],[126.57616,37.54571],[126.58501,37.53483],[126.58896,37.52394],[126.59262,37.50222],[126.59533,37.48957],[126.62595,37.49448],[126.63558,37.49868],[126.6606,37.48526],[126.67437,37.47576],[126.68579,37.47158],[126.68799,37.47114]]]},"properties":{"osm_id":19416425,"name":"서해구","sgg_code":null,"mois_admin":null,"admin_level":6,"code_source":null}},
{"type":"Feature","geometry":{"type":"Polygon","coordinates":[[[126.53335,37.33154],[126.554,37.44018],[126.57311,37.46905],[126.59064,37.48784],[126.58487,37.4945],[126.58448,37.5013],[126.59262,37.50222],[126.58896,37.52394],[126.58501,37.53483],[126.57616,37.54571],[126.56287,37.55091],[126.54118,37.54889],[126.52973,37.56188],[126.48848,37.56838],[126.48332,37.52464],[126.47408,37.51252],[126.46824,37.50773],[126.45302,37.50622],[126.40713,37.50641],[126.34055,37.48492],[126.3265,37.4666],[126.31733,37.44631],[126.31685,37.39688],[126.3236,37.37274],[126.34821,37.3459],[126.38824,37.33212],[126.51946,37.33144],[126.53335,37.33154]]]},"properties":{"osm_id":13349474,"name":"영종구","sgg_code":null,"mois_admin":null,"admin_level":6,"code_source":null}},
{"type":"Feature","geometry":{"type":"Polygon","coordinates":[[[128.99479,35.52775],[129.00599,35.52889],[129.0097,35.52763],[129.00909,35.52411],[129.01286,35.52273],[129.02047,35.52375],[129.02701,35.52672],[129.03313,35.52547],[129.04409,35.52915],[129.05605,35.53183],[129.05665,35.52679],[129.052,35.52433],[129.05101,35.51972],[129.05279,35.5142],[129.06152,35.50947],[129.07141,35.50582],[129.08678,35.50184],[129.09072,35.49809],[129.10197,35.49789],[129.10725,35.49502],[129.10957,35.48657],[129.10983,35.47982],[129.11699,35.47619],[129.12174,35.46594],[129.1297,35.45857],[129.13564,35.45638],[129.13956,35.44908],[129.1458,35.44403],[129.15183,35.44207],[129.16079,35.43515],[129.16815,35.43172],[129.17244,35.43333],[129.17845,35.43214],[129.18523,35.43494],[129.18978,35.43466],[129.19707,35.43914],[129.20042,35.43585],[129.20265,35.42962],[129.20051,35.42354],[129.20317,35.42095],[129.21084,35.41895],[129.2177,35.41315],[129.21889,35.40714],[129.21101,35.40132],[129.20969,35.39612],[129.20294,35.38788],[129.20308,35.38496],[129.20838,35.38107],[129.21849,35.37881],[129.23098,35.38219],[129.23606,35.37929],[129.23723,35.38297],[129.24294,35.38629],[129.25111,35.3859],[129.25115,35.38922],[129.25556,35.38506],[129.26217,35.38513],[129.26565,35.38744],[129.26816,35.37948],[129.27754,35.37161],[129.27943,35.36622],[129.2837,35.36587],[129.28091,35.35621],[129.28389,35.35309],[129.28319,35.34338],[129.28076,35.34109],[129.28865,35.34021],[129.30312,35.33575],[129.30642,35.33246],[129.31045,35.32339],[129.31589,35.31712],[129.48895,35.18617],[129.52538,35.20537],[129.55908,35.23767],[129.59245,35.28433],[129.60721,35.3377],[129.39671,35.44059],[129.36822,35.45046],[129.35749,35.45193],[129.35311,35.45641],[129.34848,35.4671],[129.33983,35.47374],[129.3392,35.47902],[129.32699,35.48923],[129.32009,35.48746],[129.31887,35.49111],[129.3105,35.49255],[129.3062,35.49759],[129.30296,35.4947],[129.28915,35.50928],[129.28857,35.5149],[129.28224,35.51688],[129.28209,35.51965],[129.27427,35.52356],[129.275,35.52837],[129.2645,35.53075],[129.26214,35.52903],[129.25714,35.53434],[129.24811,35.53313],[129.2458,35.53591],[129.23675,35.53601],[129.23897,35.53959],[129.2497,35.54447],[129.25629,35.55412],[129.2602,35.55161],[129.2658,35.55688],[129.25926,35.56095],[129.25695,35.56678],[129.25936,35.57771],[129.25572,35.57988],[129.25302,35.58969],[129.26665,35.5849],[129.27082,35.58707],[129.28201,35.58386],[129.28111,35.58087],[129.28621,35.57772],[129.29111,35.57831],[129.29449,35.57604],[129.29235,35.58177],[129.29413,35.58515],[129.29074,35.59275],[129.29634,35.60749],[129.29975,35.60951],[129.30058,35.61399],[129.29507,35.6179],[129.29501,35.62561],[129.29841,35.63237],[129.29655,35.64345],[129.2832,35.65113],[129.28082,35.64945],[129.27598,35.65269],[129.26908,35.65074],[129.26002,35.65478],[129.25518,35.66009],[129.25409,35.6663],[129.25981,35.67299],[129.26084,35.67933],[129.2587,35.68351],[129.2623,35.68568],[129.26265,35.69188],[129.25867,35.69904],[129.24642,35.70191],[129.23979,35.70503],[129.23423,35.70493],[129.23303,35.70996],[129.22503,35.71131],[129.22108,35.71605],[129.21767,35.71588],[129.20649,35.72266],[129.19928,35.71507],[129.18686,35.71947],[129.18119,35.72296],[129.17851,35.71716],[129.17027,35.71256],[129.16626,35.71515],[129.161,35.71409],[129.15307,35.72216],[129.14755,35.72421],[129.13895,35.72081],[129.13985,35.71811],[129.13542,35.71144],[129.12901,35.71488],[129.12615,35.70852],[129.11957,35.70679],[129.10279,35.70659],[129.09689,35.70279],[129.08425,35.69784],[129.07691,35.69279],[129.06997,35.68181],[129.07259,35.67736],[129.06729,35.67151],[129.06898,35.67003],[129.06708,35.66218],[129.0682,35.65845],[129.07362,35.65536],[129.07637,35.65043],[129.08165,35.64645],[129.08144,35.64269],[129.07605,35.64005],[129.0732,35.64338],[129.0663,35.64434],[129.06062,35.64746],[129.05294,35.64778],[129.0472,35.65016],[129.04024,35.63595],[129.03579,35.63188],[129.02747,35.63569],[129.02103,35.63478],[129.01871,35.62915],[129.00307,35.62051],[129.00747,35.61607],[129.02026,35.61537],[129.02324,35.61302],[129.02337,35.60196],[129.0255,35.59911],[129.02318,35.59067],[129.01944,35.58355],[129.01241,35.58208],[128.99451,35.56662],[128.98773,35.56466],[128.98129,35.56582],[128.97074,35.56107],[128.97417,35.55304],[128.98275,35.54703],[128.98958,35.55093],[128.99724,35.544],[128.99882,35.53788],[128.99633,35.53537],[128.99479,35.52775]]]},"properties":{"osm_id":8127815,"name":"울주군","sgg_code":"31710","mois_admin":"3171000000","admin_level":6,"code_source":"manual"}},
{"type":"Feature","geometry":{"type":"Polygon","coordinates":[[[126.59262,37.50222],[126.58448,37.5013],[126.58487,37.4945],[126.59064,37.48784],[126.57311,37.46905],[126.554,37.44018],[126.5965,37.43056],[126.60934,37.42832],[126.63132,37.42839],[126.63253,37.42998],[126.62905,37.4483],[126.63898,37.4634],[126.64404,37.46625],[126.64188,37.46929],[126.64986,37.46931],[126.65373,37.47354],[126.65214,37.4754],[126.65509,37.48407],[126.67437,37.47576],[126.6606,37.48526],[126.63558,37.49868],[126.62595,37.49448],[126.59533,37.48957],[126.59262,37.50222]]]},"properties":{"osm_id":14550622,"name":"제물포구","sgg_code":null,"mois_admin":null,"admin_level":6,"code_source":null}},
{"type":"Feature","geometry":{"type":"Polygon","coordinates":[[[129.2658,35.55688],[129.27156,35.55326],[129.28035,35.55313],[129.29688,35.54489],[129.30331,35.54702],[129.30321,35.55139],[129.3071,35.55289],[129.31451,35.55075],[129.32543,35.54959],[129.33141,35.55042],[129.34819,35.54923],[129.34932,35.55798],[129.35327,35.56031],[129.3522,35.57485],[129.34867,35.58172],[129.34843,35.59535],[129.34174,35.59622],[129.33451,35.59356],[129.33166,35.59883],[129.3226,35.59737],[129.31022,35.58901],[129.30737,35.58903],[129.30384,35.59382],[129.29074,35.59275],[129.29413,35.58515],[129.29235,35.58177],[129.29449,35.57604],[129.29111,35.57831],[129.28621,35.57772],[129.28111,35.58087],[129.28201,35.58386],[129.27082,35.58707],[129.26665,35.5849],[129.25302,35.58969],[129.25572,35.57988],[129.25936,35.57771],[129.25695,35.56678],[129.25926,35.56095],[129.2658,35.55688]]]},"properties":{"osm_id":8127816,"name":"중구","sgg_code":"31110","mois_admin":"3111000000","admin_level":6,"code_source":"manual"}}
]}